{
"type": "FeatureCollection",
"name": "buurtwegenmaarkedallocal",
"crs": { "type": "name", "properties": { "name": "urn:ogc:def:crs:EPSG::31370" } },
"features": [
{ "type": "Feature", "properties": { "ID": 7678.0, "NR": "0", "TYPE": "inc", "LENGTH": 101.404, "GEMID": "066", "PLANID": "https://geodiensten.oost-vlaanderen.be/Bijlagen/detail/066-D-001.sid", "CEVI_OID": 7667, "GEMEENTE": "Etikhove", "DETAILPLAN": "066-D-001", "TYPE_LABEL": "type inconnu" }, "geometry": { "type": "MultiLineString", "coordinates": [ [ [ 97305.17790000140667, 167643.573100000619888 ], [ 97310.592200003564358, 167648.600699998438358 ], [ 97337.663699999451637, 167663.296599999070168 ], [ 97393.353500001132488, 167693.204100001603365 ] ] ] } },
{ "type": "Feature", "properties": { "ID": 7679.0, "NR": "103", "TYPE": "s", "LENGTH": 109.824, "GEMID": "066", "PLANID": "https://geodiensten.oost-vlaanderen.be/Bijlagen/detail/066-D-001.sid", "CEVI_OID": 7668, "GEMEENTE": "Etikhove", "DETAILPLAN": "066-D-001", "TYPE_LABEL": "sentier" }, "geometry": { "type": "MultiLineString", "coordinates": [ [ [ 97512.081200003623962, 167509.762800000607967 ], [ 97514.401600003242493, 167512.212099999189377 ], [ 97519.429099999368191, 167513.630199998617172 ], [ 97530.128799997270107, 167523.169599998742342 ], [ 97545.340400002896786, 167549.338700000196695 ], [ 97573.958800002932549, 167598.196199998259544 ] ] ] } },
{ "type": "Feature", "properties": { "ID": 7680.0, "NR": "106", "TYPE": "s", "LENGTH": 187.897, "GEMID": "066", "PLANID": "https://geodiensten.oost-vlaanderen.be/Bijlagen/detail/066-D-001.sid", "CEVI_OID": 7669, "GEMEENTE": "Etikhove", "DETAILPLAN": "066-D-001", "TYPE_LABEL": "sentier" }, "geometry": { "type": "MultiLineString", "coordinates": [ [ [ 98514.884999997913837, 167387.16780000180006 ], [ 98505.990099996328354, 167379.304200001060963 ], [ 98491.423100002110004, 167360.096400000154972 ], [ 98464.867299996316433, 167324.258900001645088 ], [ 98445.659400001168251, 167298.734400000423193 ], [ 98412.915899999439716, 167254.259899999946356 ], [ 98401.184900000691414, 167237.888099998235703 ] ] ] } },
{ "type": "Feature", "properties": { "ID": 7681.0, "NR": "107", "TYPE": "c", "LENGTH": 487.98, "GEMID": "066", "PLANID": "https://geodiensten.oost-vlaanderen.be/Bijlagen/detail/066-D-001.sid", "CEVI_OID": 7670, "GEMEENTE": "Etikhove", "DETAILPLAN": "066-D-001", "TYPE_LABEL": "chemin" }, "geometry": { "type": "MultiLineString", "coordinates": [ [ [ 98276.398400001227856, 167227.961899999529123 ], [ 98285.164399996399879, 167246.396299999207258 ], [ 98282.070500001311302, 167263.02589999884367 ], [ 98268.405900001525879, 167290.355200000107288 ], [ 98261.315800003707409, 167298.734400000423193 ], [ 98244.170500002801418, 167312.012299999594688 ], [ 98219.806199997663498, 167332.122499998658895 ], [ 98191.316699996590614, 167355.971200000494719 ], [ 98191.703500002622604, 167371.698399998247623 ], [ 98189.898699998855591, 167404.570900000631809 ], [ 98193.637100003659725, 167423.005300000309944 ], [ 98201.629699997603893, 167460.5185999982059 ], [ 98210.266699999570847, 167474.183200001716614 ], [ 98225.349399998784065, 167497.903000000864267 ], [ 98233.98650000244379, 167538.123399998992682 ], [ 98246.490900002419949, 167595.875799998641014 ], [ 98249.713699996471405, 167611.86089999973774 ], [ 98249.455899998545647, 167620.884700000286102 ], [ 98247.264399997889996, 167630.939800001680851 ], [ 98242.494699999690056, 167643.701999999582767 ], [ 98236.951499998569489, 167658.655799999833107 ] ], [ [ 98189.898699998855591, 167353.135200001299381 ], [ 98191.316699996590614, 167355.971200000494719 ] ] ] } },
{ "type": "Feature", "properties": { "ID": 7682.0, "NR": "108", "TYPE": "s", "LENGTH": 391.381, "GEMID": "066", "PLANID": "https://geodiensten.oost-vlaanderen.be/Bijlagen/detail/066-D-001.sid", "CEVI_OID": 7671, "GEMEENTE": "Etikhove", "DETAILPLAN": "066-D-001", "TYPE_LABEL": "sentier" }, "geometry": { "type": "MultiLineString", "coordinates": [ [ [ 98094.761900000274181, 167452.139299999922514 ], [ 98103.656800001859665, 167438.861400000751019 ], [ 98125.700699999928474, 167407.149099998176098 ], [ 98145.681999996304512, 167377.886199999600649 ], [ 98146.971100002527237, 167375.952500000596046 ], [ 98147.744599997997284, 167372.987500000745058 ], [ 98189.898699998855591, 167353.135200001299381 ], [ 98179.456900000572205, 167341.662000000476837 ], [ 98169.788500003516674, 167328.255199998617172 ], [ 98162.698299996554852, 167310.852099999785423 ], [ 98155.86599999666214, 167294.738200001418591 ], [ 98150.967399999499321, 167270.3739 ], [ 98146.45549999922514, 167249.747999999672174 ], [ 98138.462899997830391, 167220.614000000059605 ], [ 98162.569399997591972, 167195.218400001525879 ], [ 98185.902400001883507, 167171.111900001764297 ], [ 98211.169100001454353, 167145.071699999272823 ] ] ] } },
{ "type": "Feature", "properties": { "ID": 7683.0, "NR": "109", "TYPE": "c", "LENGTH": 203.892, "GEMID": "066", "PLANID": "https://geodiensten.oost-vlaanderen.be/Bijlagen/detail/066-D-001.sid", "CEVI_OID": 7672, "GEMEENTE": "Etikhove", "DETAILPLAN": "066-D-001", "TYPE_LABEL": "chemin" }, "geometry": { "type": "MultiLineString", "coordinates": [ [ [ 97973.456000000238419, 167386.136500000953674 ], [ 97975.64750000089407, 167399.156599998474121 ], [ 97980.417199999094009, 167422.231800001114607 ], [ 97984.800200000405312, 167455.619899999350309 ], [ 97987.249600000679493, 167478.566199999302626 ], [ 97991.632600001990795, 167498.418600000441074 ], [ 97996.402300000190735, 167524.974399998784065 ], [ 98008.133199997246265, 167545.8581000007689 ], [ 98011.355999998748302, 167551.787999998778105 ], [ 98019.47749999910593, 167583.113600000739098 ] ] ] } },
{ "type": "Feature", "properties": { "ID": 7685.0, "NR": "110", "TYPE": "cs", "LENGTH": 325.237, "GEMID": "066", "PLANID": "https://geodiensten.oost-vlaanderen.be/Bijlagen/detail/066-D-001.sid", "CEVI_OID": 7673, "GEMEENTE": "Etikhove", "DETAILPLAN": "066-D-001", "TYPE_LABEL": "chemin & sentier" }, "geometry": { "type": "MultiLineString", "coordinates": [ [ [ 97811.671899996697903, 167797.493700001388788 ], [ 97819.019799999892712, 167804.841600000858307 ], [ 97831.266400001943111, 167812.447399999946356 ], [ 97845.060000002384186, 167825.596400000154972 ], [ 97857.693300001323223, 167836.425000000745058 ], [ 97867.361699998378754, 167841.581500001251698 ], [ 97878.319200001657009, 167846.480099998414516 ], [ 97888.374300003051758, 167855.503899998962879 ], [ 97897.913800001144409, 167866.332499999552965 ], [ 97917.250500001013279, 167885.153599999845028 ], [ 97926.78999999910593, 167893.403900001198053 ], [ 97937.360699996352196, 167898.044799998402596 ], [ 97953.4746999964118, 167903.201200000941753 ], [ 97971.135600000619888, 167909.13120000064373 ], [ 97987.120600000023842, 167912.353999998420477 ], [ 97995.628799997270107, 167911.58049999922514 ], [ 98003.492399998009205, 167908.099899999797344 ], [ 98015.223399996757507, 167898.302600000053644 ], [ 98022.055699996650219, 167890.310100000351667 ], [ 98037.396200001239777, 167883.993400000035763 ], [ 98051.834299996495247, 167881.801899999380112 ], [ 98088.316299997270107, 167877.805599998682737 ] ] ] } },
{ "type": "Feature", "properties": { "ID": 7686.0, "NR": "111", "TYPE": "c", "LENGTH": 429.411, "GEMID": "066", "PLANID": "https://geodiensten.oost-vlaanderen.be/Bijlagen/detail/066-D-001.sid", "CEVI_OID": 7674, "GEMEENTE": "Etikhove", "DETAILPLAN": "066-D-001", "TYPE_LABEL": "chemin" }, "geometry": { "type": "MultiLineString", "coordinates": [ [ [ 97683.01799999922514, 167706.095300000160933 ], [ 97729.684000000357628, 167700.552099999040365 ], [ 97743.090899996459484, 167701.325599998235703 ], [ 97751.470100000500679, 167704.032699998468161 ], [ 97756.626599997282028, 167708.415699999779463 ], [ 97766.423900000751019, 167728.52589999884367 ], [ 97782.537799999117851, 167760.36710000038147 ], [ 97792.335100002586842, 167775.191899999976158 ], [ 97805.612999998033047, 167790.661299999803305 ], [ 97811.671899996697903, 167797.493700001388788 ], [ 97816.95719999819994, 167811.158300001174212 ], [ 97827.270199999213219, 167831.913100000470877 ], [ 97835.391599997878075, 167850.991999998688698 ], [ 97845.962399996817112, 167876.645399998873472 ], [ 97861.689599998295307, 167912.482900001108646 ], [ 97877.287900000810623, 167945.870999999344349 ], [ 97897.527000002563, 167996.533300001174212 ], [ 97908.742399998009205, 168025.667300000786781 ] ] ] } },
{ "type": "Feature", "properties": { "ID": 7687.0, "NR": "112", "TYPE": "s", "LENGTH": 171.67, "GEMID": "066", "PLANID": "https://geodiensten.oost-vlaanderen.be/Bijlagen/detail/066-D-001.sid", "CEVI_OID": 7675, "GEMEENTE": "Etikhove", "DETAILPLAN": "066-D-001", "TYPE_LABEL": "sentier" }, "geometry": { "type": "MultiLineString", "coordinates": [ [ [ 97516.206299997866154, 167635.709499999880791 ], [ 97537.734600000083447, 167666.648299999535084 ], [ 97559.520599998533726, 167699.263000000268221 ], [ 97553.461800001561642, 167716.150400001555681 ], [ 97547.016199998557568, 167737.936500001698732 ], [ 97541.215199999511242, 167758.304499998688698 ], [ 97545.340400002896786, 167763.332100000232458 ], [ 97561.841099999845028, 167783.957899998873472 ] ] ] } },
{ "type": "Feature", "properties": { "ID": 7688.0, "NR": "113", "TYPE": "c", "LENGTH": 37.57, "GEMID": "066", "PLANID": "https://geodiensten.oost-vlaanderen.be/Bijlagen/detail/066-D-001.sid", "CEVI_OID": 7676, "GEMEENTE": "Etikhove", "DETAILPLAN": "066-D-001", "TYPE_LABEL": "chemin" }, "geometry": { "type": "MultiLineString", "coordinates": [ [ [ 97463.610399998724461, 167715.376899998635054 ], [ 97452.781800001859665, 167723.240499999374151 ], [ 97433.187200002372265, 167737.420800000429153 ] ] ] } },
{ "type": "Feature", "properties": { "ID": 7689.0, "NR": "114", "TYPE": "s", "LENGTH": 21.844, "GEMID": "066", "PLANID": "https://geodiensten.oost-vlaanderen.be/Bijlagen/detail/066-D-001.sid", "CEVI_OID": 7677, "GEMEENTE": "Etikhove", "DETAILPLAN": "066-D-001", "TYPE_LABEL": "sentier" }, "geometry": { "type": "MultiLineString", "coordinates": [ [ [ 97411.401100002229214, 167278.237500000745058 ], [ 97422.487499997019768, 167297.058600001037121 ] ] ] } },
{ "type": "Feature", "properties": { "ID": 7684.0, "NR": "11", "TYPE": "c", "LENGTH": 641.7, "GEMID": "066", "PLANID": "https://geodiensten.oost-vlaanderen.be/Bijlagen/detail/066-D-001.sid", "CEVI_OID": 7678, "GEMEENTE": "Etikhove", "DETAILPLAN": "066-D-001", "TYPE_LABEL": "chemin" }, "geometry": { "type": "MultiLineString", "coordinates": [ [ [ 97392.96679999679327, 167633.904800001531839 ], [ 97413.850500002503395, 167653.241500001400709 ], [ 97449.17230000346899, 167687.789799999445677 ], [ 97453.039599999785423, 167699.907499998807907 ], [ 97463.610399998724461, 167715.376899998635054 ], [ 97488.361400000751019, 167748.636100001633167 ], [ 97520.847099997103214, 167790.274599999189377 ], [ 97529.35530000180006, 167802.134500000625849 ], [ 97551.270300000905991, 167833.073300000280142 ], [ 97586.978799998760223, 167882.962099999189377 ], [ 97610.827500000596046, 167915.447799999266863 ], [ 97647.696199998259544, 167965.852299999445677 ], [ 97653.626199997961521, 167975.907400000840425 ], [ 97670.126900002360344, 168035.335700001567602 ], [ 97687.529899999499321, 168094.892900001257658 ], [ 97718.855499997735023, 168151.356199998408556 ], [ 97730.586400002241135, 168169.403799999505281 ] ] ] } },
{ "type": "Feature", "properties": { "ID": 7690.0, "NR": "12", "TYPE": "c", "LENGTH": 347.461, "GEMID": "066", "PLANID": "https://geodiensten.oost-vlaanderen.be/Bijlagen/detail/066-D-001.sid", "CEVI_OID": 7679, "GEMEENTE": "Etikhove", "DETAILPLAN": "066-D-001", "TYPE_LABEL": "chemin" }, "geometry": { "type": "MultiLineString", "coordinates": [ [ [ 97751.985799998044968, 167524.716600000858307 ], [ 97727.234700001776218, 167537.478799998760223 ], [ 97697.327200002968311, 167546.373700000345707 ], [ 97659.427199997007847, 167555.913199998438358 ], [ 97629.261900000274181, 167568.675500001758337 ], [ 97614.95269999653101, 167574.476500000804663 ], [ 97595.100299999117851, 167586.207400001585484 ], [ 97573.958800002932549, 167598.196199998259544 ], [ 97559.005000002682209, 167608.251299999654293 ], [ 97551.141400001943111, 167613.536699999123812 ], [ 97516.206299997866154, 167635.709499999880791 ], [ 97488.877099998295307, 167656.077599998563528 ], [ 97466.962099999189377, 167673.609600000083447 ], [ 97449.17230000346899, 167687.789799999445677 ] ] ] } },
{ "type": "Feature", "properties": { "ID": 7692.0, "NR": "27", "TYPE": "c", "LENGTH": 346.346, "GEMID": "066", "PLANID": "https://geodiensten.oost-vlaanderen.be/Bijlagen/detail/066-D-001.sid", "CEVI_OID": 7680, "GEMEENTE": "Etikhove", "DETAILPLAN": "066-D-001", "TYPE_LABEL": "chemin" }, "geometry": { "type": "MultiLineString", "coordinates": [ [ [ 97512.081200003623962, 167509.762800000607967 ], [ 97498.287600003182888, 167477.663800001144409 ], [ 97479.079800002276897, 167429.579799998551607 ], [ 97459.356299996376038, 167378.917500000447035 ], [ 97445.047100000083447, 167341.919799998402596 ], [ 97431.124600000679493, 167307.887200001627207 ], [ 97438.601499997079372, 167293.449000000953674 ], [ 97469.282499998807907, 167278.881999999284744 ], [ 97540.441699996590614, 167245.493900001049042 ] ] ] } },
{ "type": "Feature", "properties": { "ID": 7691.0, "NR": "2", "TYPE": "c", "LENGTH": 709.198, "GEMID": "066", "PLANID": "https://geodiensten.oost-vlaanderen.be/Bijlagen/detail/066-D-001.sid", "CEVI_OID": 7681, "GEMEENTE": "Etikhove", "DETAILPLAN": "066-D-001", "TYPE_LABEL": "chemin" }, "geometry": { "type": "MultiLineString", "coordinates": [ [ [ 98680.020900003612041, 167832.428700000047684 ], [ 98662.102099999785423, 167819.795400001108646 ], [ 98638.253499999642372, 167806.775299999862909 ], [ 98627.424900002777576, 167797.364799998700619 ], [ 98622.526199996471405, 167786.149399999529123 ], [ 98624.846699997782707, 167731.104200001806021 ], [ 98624.846699997782707, 167663.167700000107288 ], [ 98625.748999997973442, 167620.111200001090765 ], [ 98629.745300002396107, 167563.519000001251698 ], [ 98629.745300002396107, 167538.38120000064373 ], [ 98624.331000000238419, 167529.357400000095367 ], [ 98611.82660000026226, 167522.653999999165535 ], [ 98577.66499999910593, 167515.950599998235703 ], [ 98561.937799997627735, 167511.051899999380112 ], [ 98552.913900002837181, 167503.317200001329184 ], [ 98548.015299998223782, 167498.031899999827147 ], [ 98543.245600000023842, 167491.070599999278784 ], [ 98537.702399998903275, 167479.984200000762939 ], [ 98534.092799998819828, 167460.26069999858737 ], [ 98529.580899998545647, 167435.638599999248981 ], [ 98525.197899997234344, 167416.6886 ], [ 98517.978900000452995, 167403.668499998748302 ], [ 98515.787399999797344, 167396.578400000929832 ], [ 98514.884999997913837, 167387.16780000180006 ], [ 98515.271700002253056, 167373.116500001400709 ], [ 98517.978900000452995, 167363.319200001657009 ], [ 98536.41330000013113, 167331.478000000119209 ], [ 98539.507100000977516, 167319.747000001370907 ], [ 98540.409500002861023, 167302.730700001120567 ], [ 98543.5033999979496, 167262.252399999648333 ], [ 98544.405799999833107, 167219.711599998176098 ] ] ] } },
{ "type": "Feature", "properties": { "ID": 7694.0, "NR": "30", "TYPE": "c", "LENGTH": 174.142, "GEMID": "066", "PLANID": "https://geodiensten.oost-vlaanderen.be/Bijlagen/detail/066-D-001.sid", "CEVI_OID": 7682, "GEMEENTE": "Etikhove", "DETAILPLAN": "066-D-001", "TYPE_LABEL": "chemin" }, "geometry": { "type": "MultiLineString", "coordinates": [ [ [ 97451.105899997055531, 167974.102600000798702 ], [ 97460.387599997222424, 167959.019999999552965 ], [ 97470.184900000691414, 167941.230200000107288 ], [ 97480.111100003123283, 167923.182500001043081 ], [ 97489.134900003671646, 167907.068599998950958 ], [ 97496.998499996960163, 167894.048500001430511 ], [ 97509.76070000231266, 167876.129799999296665 ], [ 97522.523000001907349, 167861.433800000697374 ], [ 97536.316500000655651, 167848.026999998837709 ], [ 97551.270300000905991, 167833.073300000280142 ] ] ] } },
{ "type": "Feature", "properties": { "ID": 7695.0, "NR": "31", "TYPE": "c", "LENGTH": 296.555, "GEMID": "066", "PLANID": "https://geodiensten.oost-vlaanderen.be/Bijlagen/detail/066-D-001.sid", "CEVI_OID": 7683, "GEMEENTE": "Etikhove", "DETAILPLAN": "066-D-001", "TYPE_LABEL": "chemin" }, "geometry": { "type": "MultiLineString", "coordinates": [ [ [ 97413.850500002503395, 167653.241500001400709 ], [ 97393.353500001132488, 167693.204100001603365 ], [ 97384.845299996435642, 167705.966400001198053 ], [ 97362.414700001478195, 167737.678700000047684 ], [ 97343.722499996423721, 167765.265700001269579 ], [ 97330.573499999940395, 167783.571199998259544 ], [ 97317.037799999117851, 167797.751499999314547 ], [ 97297.701099999248981, 167818.248399998992682 ], [ 97275.528200000524521, 167841.323600001633167 ], [ 97232.729599997401237, 167885.927099999040365 ] ] ] } },
{ "type": "Feature", "properties": { "ID": 7693.0, "NR": "3", "TYPE": "c", "LENGTH": 583.092, "GEMID": "066", "PLANID": "https://geodiensten.oost-vlaanderen.be/Bijlagen/detail/066-D-001.sid", "CEVI_OID": 7684, "GEMEENTE": "Etikhove", "DETAILPLAN": "066-D-001", "TYPE_LABEL": "chemin" }, "geometry": { "type": "MultiLineString", "coordinates": [ [ [ 97305.17790000140667, 167643.573100000619888 ], [ 97347.976599998772144, 167649.116300001740456 ], [ 97363.832699999213219, 167647.9560999982059 ], [ 97379.688900001347065, 167644.346599999815226 ], [ 97392.96679999679327, 167633.904800001531839 ], [ 97416.557599999010563, 167610.442800000309944 ], [ 97471.087200000882149, 167552.561500001698732 ], [ 97512.081200003623962, 167509.762800000607967 ], [ 97525.359099999070168, 167489.910399999469519 ], [ 97543.020000003278255, 167461.807700000703335 ], [ 97561.712099999189377, 167429.450899999588728 ], [ 97585.947499997913837, 167387.038899999111891 ], [ 97603.866300001740456, 167354.553199999034405 ], [ 97624.363200001418591, 167318.973600000143051 ], [ 97630.550999999046326, 167312.528000000864267 ], [ 97648.85639999806881, 167280.171100001782179 ], [ 97674.123099997639656, 167235.567699998617172 ] ] ] } },
{ "type": "Feature", "properties": { "ID": 7696.0, "NR": "4", "TYPE": "c", "LENGTH": 1230.502, "GEMID": "066", "PLANID": "https://geodiensten.oost-vlaanderen.be/Bijlagen/detail/066-D-001.sid", "CEVI_OID": 7685, "GEMEENTE": "Etikhove", "DETAILPLAN": "066-D-001", "TYPE_LABEL": "chemin" }, "geometry": { "type": "MultiLineString", "coordinates": [ [ [ 98624.846699997782707, 167731.104200001806021 ], [ 98558.586099997162819, 167731.877599999308586 ], [ 98506.892499998211861, 167730.201799999922514 ], [ 98490.649599999189377, 167730.072900000959635 ], [ 98469.508100003004074, 167733.037799999117851 ], [ 98435.862199999392033, 167739.096700001507998 ], [ 98425.806999996304512, 167739.483399998396635 ], [ 98418.845799997448921, 167736.389499999582767 ], [ 98408.146099999547005, 167725.045299999415874 ], [ 98380.816899999976158, 167690.239199999719858 ], [ 98362.898199997842312, 167684.438099998980761 ], [ 98326.80290000140667, 167673.222800001502037 ], [ 98307.594999998807907, 167669.226599998772144 ], [ 98281.812700003385544, 167666.390500001609325 ], [ 98246.877700001001358, 167662.52309999987483 ], [ 98239.529700003564358, 167660.46059999987483 ], [ 98236.951499998569489, 167658.655799999833107 ], [ 98215.809900000691414, 167642.284000001847744 ], [ 98195.055200003087521, 167624.494199998676777 ], [ 98180.61710000038147, 167612.376499999314547 ], [ 98160.506800003349781, 167583.500300001353025 ], [ 98144.779600001871586, 167564.679200001060963 ], [ 98140.525499999523163, 167564.808100000023842 ], [ 98121.575499996542931, 167569.320000000298023 ], [ 98103.914599999785423, 167569.448899999260902 ], [ 98082.386399999260902, 167574.089699998497963 ], [ 98056.861900001764297, 167581.695500001311302 ], [ 98045.259800001978874, 167583.629200000315905 ], [ 98028.243500001728535, 167583.113600000739098 ], [ 98019.47749999910593, 167583.113600000739098 ], [ 98004.265900000929832, 167588.398899998515844 ], [ 97984.542400002479553, 167598.067299999296665 ], [ 97956.439699999988079, 167613.278900001198053 ], [ 97939.681199997663498, 167617.017299998551607 ], [ 97914.80120000243187, 167616.372800000011921 ], [ 97882.186499997973442, 167609.927200000733137 ], [ 97856.2753000035882, 167599.743200000375509 ], [ 97844.673299998044968, 167589.81700000166893 ], [ 97831.7820999994874, 167574.476500000804663 ], [ 97813.605499997735023, 167547.018300000578165 ], [ 97801.358900003135204, 167537.349899999797344 ], [ 97790.14360000193119, 167530.130899999290705 ], [ 97776.607900001108646, 167523.298500001430511 ], [ 97766.552799999713898, 167522.525100000202656 ], [ 97751.985799998044968, 167524.716600000858307 ], [ 97742.446299999952316, 167505.508699998259544 ], [ 97709.058200001716614, 167448.658700000494719 ], [ 97685.725199997425079, 167408.180399999022484 ], [ 97652.981600001454353, 167351.330400001257658 ], [ 97630.550999999046326, 167312.528000000864267 ] ] ] } },
{ "type": "Feature", "properties": { "ID": 7697.0, "NR": "58bis", "TYPE": "c", "LENGTH": 113.12, "GEMID": "066", "PLANID": "https://geodiensten.oost-vlaanderen.be/Bijlagen/detail/066-D-001.sid", "CEVI_OID": 7686, "GEMEENTE": "Etikhove", "DETAILPLAN": "066-D-001", "TYPE_LABEL": "chemin" }, "geometry": { "type": "MultiLineString", "coordinates": [ [ [ 98046.677799999713898, 167469.026700001209974 ], [ 98056.475100003182888, 167481.144400000572205 ], [ 98058.4087999984622, 167486.300900001078844 ], [ 98058.537699997425079, 167508.989399999380112 ], [ 98064.467600002884865, 167526.521299999207258 ], [ 98076.585299998521805, 167558.104699999094009 ], [ 98082.386399999260902, 167574.089699998497963 ] ] ] } },
{ "type": "Feature", "properties": { "ID": 7698.0, "NR": "72", "TYPE": "s", "LENGTH": 333.89, "GEMID": "066", "PLANID": "https://geodiensten.oost-vlaanderen.be/Bijlagen/detail/066-D-001.sid", "CEVI_OID": 7687, "GEMEENTE": "Etikhove", "DETAILPLAN": "066-D-001", "TYPE_LABEL": "sentier" }, "geometry": { "type": "MultiLineString", "coordinates": [ [ [ 97211.845899999141693, 167364.866099998354912 ], [ 97228.862199999392033, 167387.55460000038147 ], [ 97256.965000003576279, 167425.454599998891354 ], [ 97261.605800002813339, 167434.736200001090765 ], [ 97277.719700001180172, 167467.866500001400709 ], [ 97289.192900002002716, 167492.10190000012517 ], [ 97309.045299999415874, 167514.274700000882149 ], [ 97332.12049999833107, 167539.670299999415874 ], [ 97342.562299996614456, 167552.045899998396635 ], [ 97380.84910000115633, 167555.397599998861551 ], [ 97396.705200001597404, 167579.504000000655651 ], [ 97416.557599999010563, 167610.442800000309944 ] ] ] } },
{ "type": "Feature", "properties": { "ID": 7699.0, "NR": "73", "TYPE": "s", "LENGTH": 184.262, "GEMID": "066", "PLANID": "https://geodiensten.oost-vlaanderen.be/Bijlagen/detail/066-D-001.sid", "CEVI_OID": 7688, "GEMEENTE": "Etikhove", "DETAILPLAN": "066-D-001", "TYPE_LABEL": "sentier" }, "geometry": { "type": "MultiLineString", "coordinates": [ [ [ 97225.768299996852875, 167349.267799999564886 ], [ 97254.902400001883507, 167341.14640000090003 ], [ 97299.634700000286102, 167329.157600000500679 ], [ 97317.037799999117851, 167324.774599999189377 ] ], [ [ 97351.843999996781349, 167316.395300000905991 ], [ 97380.591300003230572, 167308.918400000780821 ], [ 97422.487499997019768, 167297.058600001037121 ], [ 97438.601499997079372, 167293.449000000953674 ] ] ] } },
{ "type": "Feature", "properties": { "ID": 7700.0, "NR": "74", "TYPE": "s", "LENGTH": 242.517, "GEMID": "066", "PLANID": "https://geodiensten.oost-vlaanderen.be/Bijlagen/detail/066-D-001.sid", "CEVI_OID": 7689, "GEMEENTE": "Etikhove", "DETAILPLAN": "066-D-001", "TYPE_LABEL": "sentier" }, "geometry": { "type": "MultiLineString", "coordinates": [ [ [ 97445.047100000083447, 167341.919799998402596 ], [ 97435.894400000572205, 167379.046399999409914 ], [ 97424.55009999871254, 167433.318199999630451 ], [ 97416.299800001084805, 167473.925400000065565 ], [ 97409.080700002610683, 167511.438700001686811 ], [ 97401.732799999415874, 167555.6554000005126 ], [ 97396.705200001597404, 167579.504000000655651 ] ] ] } },
{ "type": "Feature", "properties": { "ID": 7701.0, "NR": "75", "TYPE": "s", "LENGTH": 406.009, "GEMID": "066", "PLANID": "https://geodiensten.oost-vlaanderen.be/Bijlagen/detail/066-D-001.sid", "CEVI_OID": 7690, "GEMEENTE": "Etikhove", "DETAILPLAN": "066-D-001", "TYPE_LABEL": "sentier" }, "geometry": { "type": "MultiLineString", "coordinates": [ [ [ 97529.35530000180006, 167802.134500000625849 ], [ 97561.841099999845028, 167783.957899998873472 ], [ 97584.916199997067451, 167772.227000001817942 ], [ 97602.319300003349781, 167762.043000001460314 ], [ 97614.82379999756813, 167754.179299999028444 ], [ 97619.464599996805191, 167749.280699998140335 ], [ 97622.429499998688698, 167742.835099998861551 ], [ 97627.586000002920628, 167731.619800001382828 ], [ 97638.285700000822544, 167727.236800000071526 ], [ 97665.228200003504753, 167722.596000000834465 ], [ 97683.01799999922514, 167709.575899999588728 ], [ 97683.01799999922514, 167706.095300000160933 ], [ 97681.600000001490116, 167701.71229999884963 ], [ 97681.857799999415874, 167695.911299999803305 ], [ 97685.33839999884367, 167690.754799999296665 ], [ 97693.201999999582767, 167688.563299998641014 ], [ 97728.652800001204014, 167680.957499999552965 ], [ 97753.145999997854233, 167675.02760000154376 ], [ 97775.189900003373623, 167642.155099999159575 ], [ 97822.500399999320507, 167617.919700000435114 ], [ 97856.2753000035882, 167599.743200000375509 ] ] ] } },
{ "type": "Feature", "properties": { "ID": 7702.0, "NR": "76", "TYPE": "s", "LENGTH": 697.134, "GEMID": "066", "PLANID": "https://geodiensten.oost-vlaanderen.be/Bijlagen/detail/066-D-001.sid", "CEVI_OID": 7691, "GEMEENTE": "Etikhove", "DETAILPLAN": "066-D-001", "TYPE_LABEL": "sentier" }, "geometry": { "type": "MultiLineString", "coordinates": [ [ [ 97914.543399997055531, 167325.805900000035763 ], [ 97939.165500000119209, 167349.396699998527765 ], [ 97973.456000000238419, 167386.136500000953674 ], [ 98004.781499996781349, 167393.613400001078844 ], [ 98014.063199996948242, 167398.383099999278784 ], [ 98045.646499998867512, 167420.942699998617172 ], [ 98074.651699997484684, 167440.9239999987185 ], [ 98093.988399997353554, 167453.815200001001358 ], [ 98094.761900000274181, 167452.139299999922514 ], [ 98103.270099997520447, 167455.49100000038743 ], [ 98192.992600001394749, 167493.004299998283386 ], [ 98207.817400000989437, 167500.481199998408556 ], [ 98207.559600003063679, 167502.157000001519918 ], [ 98210.008900001645088, 167503.575100000947714 ], [ 98225.349399998784065, 167497.903000000864267 ], [ 98246.490900002419949, 167489.910399999469519 ], [ 98272.015399999916553, 167485.398499999195337 ], [ 98331.701499998569489, 167475.988000001758337 ], [ 98331.959399998188019, 167472.507399998605251 ], [ 98373.726700000464916, 167480.24210000038147 ], [ 98423.099899999797344, 167488.750199999660254 ], [ 98470.281599998474121, 167497.645100001245737 ], [ 98494.645900003612041, 167500.739000000059605 ], [ 98543.245600000023842, 167491.070599999278784 ] ] ] } },
{ "type": "Feature", "properties": { "ID": 7703.0, "NR": "77", "TYPE": "s", "LENGTH": 210.986, "GEMID": "066", "PLANID": "https://geodiensten.oost-vlaanderen.be/Bijlagen/detail/066-D-001.sid", "CEVI_OID": 7692, "GEMEENTE": "Etikhove", "DETAILPLAN": "066-D-001", "TYPE_LABEL": "sentier" }, "geometry": { "type": "MultiLineString", "coordinates": [ [ [ 98093.988399997353554, 167453.815200001001358 ], [ 98100.17620000243187, 167470.831500001251698 ], [ 98112.035999998450279, 167502.285900000482798 ], [ 98119.899700000882149, 167519.560100000351667 ], [ 98133.177599996328354, 167546.373700000345707 ], [ 98139.365299999713898, 167559.909499999135733 ], [ 98139.880999997258186, 167562.100999999791384 ], [ 98150.838500000536442, 167551.401299998164177 ], [ 98199.180299997329712, 167508.731499999761581 ], [ 98207.559600003063679, 167502.157000001519918 ] ], [ [ 98139.880999997258186, 167562.100999999791384 ], [ 98140.525499999523163, 167564.808100000023842 ] ] ] } },
{ "type": "Feature", "properties": { "ID": 7704.0, "NR": "78", "TYPE": "s", "LENGTH": 303.87, "GEMID": "066", "PLANID": "https://geodiensten.oost-vlaanderen.be/Bijlagen/detail/066-D-001.sid", "CEVI_OID": 7693, "GEMEENTE": "Etikhove", "DETAILPLAN": "066-D-001", "TYPE_LABEL": "sentier" }, "geometry": { "type": "MultiLineString", "coordinates": [ [ [ 98412.400200001895428, 167183.874099999666214 ], [ 98417.427799999713898, 167202.566300000995398 ], [ 98401.184900000691414, 167237.888099998235703 ], [ 98386.360100001096725, 167270.11600000038743 ], [ 98378.109700001776218, 167295.640500001609325 ], [ 98376.562799997627735, 167300.668099999427795 ], [ 98368.699199996888638, 167326.966099999845028 ], [ 98359.675399996340275, 167361.772199999541044 ], [ 98349.233499996364117, 167390.648400001227856 ], [ 98342.530100002884865, 167408.309300001710653 ], [ 98335.826700001955032, 167445.178100001066923 ], [ 98333.635200001299381, 167460.131799999624491 ], [ 98331.959399998188019, 167472.507399998605251 ] ] ] } },
{ "type": "Feature", "properties": { "ID": 7706.0, "NR": "100", "TYPE": "s", "LENGTH": 173.387, "GEMID": "066", "PLANID": "https://geodiensten.oost-vlaanderen.be/Bijlagen/detail/066-D-002.sid", "CEVI_OID": 7694, "GEMEENTE": "Etikhove", "DETAILPLAN": "066-D-002", "TYPE_LABEL": "sentier" }, "geometry": { "type": "MultiLineString", "coordinates": [ [ [ 96470.217100001871586, 168448.884300000965595 ], [ 96498.061999998986721, 168426.324799999594688 ], [ 96544.083499997854233, 168391.389699999243021 ], [ 96591.909699998795986, 168356.970300000160933 ], [ 96609.054899998009205, 168345.110399998724461 ] ] ] } },
{ "type": "Feature", "properties": { "ID": 7707.0, "NR": "101", "TYPE": "s", "LENGTH": 154.429, "GEMID": "066", "PLANID": "https://geodiensten.oost-vlaanderen.be/Bijlagen/detail/066-D-002.sid", "CEVI_OID": 7695, "GEMEENTE": "Etikhove", "DETAILPLAN": "066-D-002", "TYPE_LABEL": "sentier" }, "geometry": { "type": "MultiLineString", "coordinates": [ [ [ 95741.479400001466274, 167630.424100000411272 ], [ 95763.007700003683567, 167643.959899999201298 ], [ 95813.927799999713898, 167678.637099999934435 ], [ 95855.308399997651577, 167706.224199999123812 ], [ 95856.984300002455711, 167706.224199999123812 ], [ 95867.554999999701977, 167718.212999999523163 ] ] ] } },
{ "type": "Feature", "properties": { "ID": 7708.0, "NR": "10bis", "TYPE": "c", "LENGTH": 265.863, "GEMID": "066", "PLANID": "https://geodiensten.oost-vlaanderen.be/Bijlagen/detail/066-D-002.sid", "CEVI_OID": 7696, "GEMEENTE": "Etikhove", "DETAILPLAN": "066-D-002", "TYPE_LABEL": "chemin" }, "geometry": { "type": "MultiLineString", "coordinates": [ [ [ 96590.749499998986721, 168327.449499998241663 ], [ 96600.933499999344349, 168338.14919999986887 ], [ 96609.054899998009205, 168345.110399998724461 ], [ 96633.161399997770786, 168366.122999999672174 ], [ 96659.072700001299381, 168391.9054000005126 ], [ 96672.479500003159046, 168409.695199999958277 ], [ 96692.718599997460842, 168438.055700000375509 ], [ 96695.8125, 168442.309799998998642 ], [ 96710.121699996292591, 168459.97069999948144 ], [ 96712.184299997985363, 168462.162200000137091 ], [ 96719.016599997878075, 168469.896899998188019 ], [ 96728.298199996352196, 168476.729200001806021 ], [ 96739.126800000667572, 168485.237399999052286 ], [ 96764.13570000231266, 168502.253699999302626 ], [ 96778.831600002944469, 168512.437800001353025 ] ] ] } },
{ "type": "Feature", "properties": { "ID": 7709.0, "NR": "115", "TYPE": "s", "LENGTH": 107.804, "GEMID": "066", "PLANID": "https://geodiensten.oost-vlaanderen.be/Bijlagen/detail/066-D-002.sid", "CEVI_OID": 7697, "GEMEENTE": "Etikhove", "DETAILPLAN": "066-D-002", "TYPE_LABEL": "sentier" }, "geometry": { "type": "MultiLineString", "coordinates": [ [ [ 96931.8496999964118, 167428.161699999123812 ], [ 96976.711000002920628, 167423.263099998235703 ], [ 97009.712399996817112, 167419.00899999961257 ], [ 97036.010399997234344, 167415.915100000798702 ], [ 97037.943999998271465, 167418.106600001454353 ] ] ] } },
{ "type": "Feature", "properties": { "ID": 7710.0, "NR": "116", "TYPE": "s", "LENGTH": 521.108, "GEMID": "066", "PLANID": "https://geodiensten.oost-vlaanderen.be/Bijlagen/detail/066-D-002.sid", "CEVI_OID": 7698, "GEMEENTE": "Etikhove", "DETAILPLAN": "066-D-002", "TYPE_LABEL": "sentier" }, "geometry": { "type": "MultiLineString", "coordinates": [ [ [ 96616.531800001859665, 168609.637200001627207 ], [ 96639.478100001811981, 168593.136500000953674 ], [ 96653.142700001597404, 168583.725900001823902 ], [ 96661.393100000917912, 168578.053800001740456 ], [ 96686.144100002944469, 168561.295299999415874 ], [ 96716.180500000715256, 168541.442899998277426 ], [ 96748.021700002253056, 168518.883299998939037 ], [ 96755.885300002992153, 168513.211199998855591 ], [ 96764.13570000231266, 168502.253699999302626 ], [ 96775.222099997103214, 168488.073499999940395 ], [ 96799.457500003278255, 168456.361200001090765 ], [ 96817.63400000333786, 168432.770399998873472 ], [ 96841.869400002062321, 168401.315900001674891 ], [ 96860.303800001740456, 168376.95160000026226 ], [ 96877.449000000953674, 168354.778799999505281 ], [ 96892.531700000166893, 168335.313099998980761 ], [ 96906.325199998915195, 168316.878800000995398 ], [ 96931.720799997448921, 168284.26410000026226 ], [ 96935.459299996495247, 168280.525699999183416 ], [ 96943.322899997234344, 168276.400499999523163 ], [ 96951.057599999010563, 168272.404199998825788 ], [ 96955.311700001358986, 168265.700800001621246 ], [ 96958.663400001823902, 168256.677000001072884 ], [ 96961.499399997293949, 168244.946100000292063 ], [ 96966.01129999756813, 168235.535500001162291 ] ] ] } },
{ "type": "Feature", "properties": { "ID": 7711.0, "NR": "117", "TYPE": "cs", "LENGTH": 461.442, "GEMID": "066", "PLANID": "https://geodiensten.oost-vlaanderen.be/Bijlagen/detail/066-D-002.sid", "CEVI_OID": 7699, "GEMEENTE": "Etikhove", "DETAILPLAN": "066-D-002", "TYPE_LABEL": "chemin & sentier" }, "geometry": { "type": "MultiLineString", "coordinates": [ [ [ 96100.75620000064373, 167950.640700001269579 ], [ 96149.48480000346899, 167988.153999999165535 ], [ 96165.083200000226498, 167992.665899999439716 ], [ 96187.126999996602535, 168006.975099999457598 ], [ 96233.535199999809265, 168041.394499998539686 ], [ 96256.352600000798702, 168061.375799998641014 ], [ 96292.190099999308586, 168099.533700000494719 ], [ 96301.471699997782707, 168106.36600000038743 ], [ 96342.078900001943111, 168139.367400001734495 ], [ 96360.384300000965595, 168156.770500000566244 ], [ 96399.960199996829033, 168191.57660000026226 ], [ 96428.578599996864796, 168217.230000000447035 ], [ 96432.059199996292591, 168218.390299998223782 ], [ 96446.368400000035763, 168229.992300000041723 ], [ 96448.688799999654293, 168233.988600000739098 ], [ 96446.626199997961521, 168243.785900000482798 ] ] ] } },
{ "type": "Feature", "properties": { "ID": 7712.0, "NR": "118", "TYPE": "s", "LENGTH": 590.303, "GEMID": "066", "PLANID": "https://geodiensten.oost-vlaanderen.be/Bijlagen/detail/066-D-002.sid", "CEVI_OID": 7700, "GEMEENTE": "Etikhove", "DETAILPLAN": "066-D-002", "TYPE_LABEL": "sentier" }, "geometry": { "type": "MultiLineString", "coordinates": [ [ [ 96530.676600001752377, 168069.110500000417233 ], [ 96523.973200000822544, 168069.626200001686811 ], [ 96496.128300003707409, 168061.118000000715256 ], [ 96492.518799997866154, 168057.76630000025034 ], [ 96466.220799997448921, 168042.812600001692772 ], [ 96460.419799998402596, 168040.621100001037121 ], [ 96430.641199998557568, 168023.733600001782179 ], [ 96408.597300000488758, 168009.166600000113249 ], [ 96380.494499996304512, 167990.087699998170137 ], [ 96378.174099996685982, 167987.251600001007318 ], [ 96373.79110000282526, 167983.771000001579523 ], [ 96337.824799999594688, 167958.504299998283386 ], [ 96310.882200002670288, 167939.296500001102686 ], [ 96269.630500003695488, 167910.033500000834465 ], [ 96228.507700003683567, 167882.962099999189377 ], [ 96182.228399999439716, 167851.120900001376867 ], [ 96099.209299996495247, 167797.235800001770258 ] ], [ [ 96099.209299996495247, 167802.778999999165535 ], [ 96079.614699997007847, 167786.922899998724461 ], [ 96040.683399997651577, 167754.566100001335144 ], [ 96039.781000003218651, 167755.59739999845624 ] ] ] } },
{ "type": "Feature", "properties": { "ID": 7713.0, "NR": "119", "TYPE": "c", "LENGTH": 120.21, "GEMID": "066", "PLANID": "https://geodiensten.oost-vlaanderen.be/Bijlagen/detail/066-D-002.sid", "CEVI_OID": 7701, "GEMEENTE": "Etikhove", "DETAILPLAN": "066-D-002", "TYPE_LABEL": "chemin" }, "geometry": { "type": "MultiLineString", "coordinates": [ [ [ 96024.440499998629093, 167742.061599999666214 ], [ 96039.781000003218651, 167755.59739999845624 ], [ 95980.094899997115135, 167835.522599998861551 ] ] ] } },
{ "type": "Feature", "properties": { "ID": 7714.0, "NR": "120", "TYPE": "c", "LENGTH": 224.802, "GEMID": "066", "PLANID": "https://geodiensten.oost-vlaanderen.be/Bijlagen/detail/066-D-002.sid", "CEVI_OID": 7702, "GEMEENTE": "Etikhove", "DETAILPLAN": "066-D-002", "TYPE_LABEL": "chemin" }, "geometry": { "type": "MultiLineString", "coordinates": [ [ [ 96099.596000000834465, 167676.832299999892712 ], [ 96079.614699997007847, 167693.977600000798702 ], [ 96024.440499998629093, 167742.061599999666214 ], [ 95956.375200003385544, 167745.284400001168251 ], [ 95909.451300002634525, 167777.899099998176098 ] ] ] } },
{ "type": "Feature", "properties": { "ID": 7715.0, "NR": "13", "TYPE": "c", "LENGTH": 455.063, "GEMID": "066", "PLANID": "https://geodiensten.oost-vlaanderen.be/Bijlagen/detail/066-D-002.sid", "CEVI_OID": 7703, "GEMEENTE": "Etikhove", "DETAILPLAN": "066-D-002", "TYPE_LABEL": "chemin" }, "geometry": { "type": "MultiLineString", "coordinates": [ [ [ 97186.192500002682209, 168305.018899999558926 ], [ 97170.980899997055531, 168279.752199999988079 ], [ 97160.410099998116493, 168267.247800000011921 ], [ 97145.585299998521805, 168258.868500001728535 ], [ 97105.364799998700619, 168235.922200001776218 ], [ 97076.488600000739098, 168218.905900001525879 ], [ 97027.244400002062321, 168192.092300001531839 ], [ 97002.62219999730587, 168178.298700001090765 ], [ 96966.01129999756813, 168235.535500001162291 ], [ 96958.534500002861023, 168232.054900001734495 ], [ 96924.88849999755621, 168202.147399999201298 ], [ 96904.391599997878075, 168186.033399999141693 ], [ 96878.48030000180006, 168167.856899999082088 ], [ 96844.70549999922514, 168145.039500001817942 ], [ 96837.22860000282526, 168141.301100000739098 ] ] ] } },
{ "type": "Feature", "properties": { "ID": 7716.0, "NR": "14", "TYPE": "c", "LENGTH": 1061.836, "GEMID": "066", "PLANID": "https://geodiensten.oost-vlaanderen.be/Bijlagen/detail/066-D-002.sid", "CEVI_OID": 7704, "GEMEENTE": "Etikhove", "DETAILPLAN": "066-D-002", "TYPE_LABEL": "chemin" }, "geometry": { "type": "MultiLineString", "coordinates": [ [ [ 96096.631099998950958, 167521.364900000393391 ], [ 96111.198100000619888, 167529.615200001746416 ], [ 96140.074299998581409, 167552.561500001698732 ], [ 96158.766500003635883, 167568.159800000488758 ], [ 96205.56139999628067, 167605.415300000458956 ], [ 96233.019599996507168, 167627.459199998527765 ], [ 96251.325099997222424, 167642.928599998354912 ], [ 96277.107400000095367, 167663.425500001758337 ], [ 96315.26519999653101, 167690.625900000333786 ], [ 96373.146600000560284, 167732.135400000959635 ], [ 96397.381999999284744, 167747.991599999368191 ], [ 96431.156800001859665, 167771.711300000548363 ], [ 96448.688799999654293, 167783.957899998873472 ], [ 96468.670100003480911, 167797.106899999082088 ], [ 96474.729000002145767, 167801.8766999989748 ], [ 96477.049400001764297, 167804.3260000012815 ], [ 96480.91669999808073, 167812.705200001597404 ], [ 96491.745300002396107, 167859.500199999660254 ], [ 96502.058200001716614, 167908.357700001448393 ], [ 96506.699100002646446, 167953.863499999046326 ], [ 96509.663999997079372, 167981.321699999272823 ], [ 96514.433799996972084, 168017.803700000047684 ], [ 96520.36370000243187, 168054.156800001859665 ], [ 96523.586499996483326, 168061.762600000947714 ], [ 96530.676600001752377, 168069.110500000417233 ], [ 96539.184799998998642, 168075.556099999696016 ], [ 96565.353900000452995, 168093.603799998760223 ], [ 96592.940999999642372, 168113.198300000280142 ], [ 96616.145099997520447, 168129.312300000339746 ], [ 96627.747100003063679, 168140.785399999469519 ], [ 96637.544399999082088, 168151.227299999445677 ], [ 96649.146499998867512, 168156.641600001603365 ], [ 96669.12780000269413, 168166.825599998235703 ], [ 96730.231899999082088, 168203.049800001084805 ] ], [ [ 96038.105200000107288, 167471.605000000447035 ], [ 96050.609600000083447, 167480.628800000995398 ], [ 96097.017800003290176, 167514.919300001114607 ] ] ] } },
{ "type": "Feature", "properties": { "ID": 7717.0, "NR": "15", "TYPE": "c", "LENGTH": 435.437, "GEMID": "066", "PLANID": "https://geodiensten.oost-vlaanderen.be/Bijlagen/detail/066-D-002.sid", "CEVI_OID": 7705, "GEMEENTE": "Etikhove", "DETAILPLAN": "066-D-002", "TYPE_LABEL": "chemin" }, "geometry": { "type": "MultiLineString", "coordinates": [ [ [ 96856.43639999628067, 167441.697500001639128 ], [ 96878.222499996423721, 167463.483500000089407 ], [ 96899.750699996948242, 167485.269600000232458 ], [ 96917.41160000115633, 167500.352299999445677 ], [ 96929.91610000282526, 167510.020599998533726 ], [ 96944.612000003457069, 167519.946800000965595 ], [ 96953.377999998629093, 167525.103300001472235 ], [ 96974.777300000190735, 167543.4087999984622 ], [ 97002.751199997961521, 167566.226100001484156 ], [ 97020.0253000035882, 167580.664200000464916 ], [ 97036.654899999499321, 167591.492800001055002 ], [ 97049.546099998056889, 167600.387699998915195 ], [ 97064.628799997270107, 167609.02479999884963 ], [ 97079.711400002241135, 167617.017299998551607 ], [ 97111.939300000667572, 167632.357799999415874 ], [ 97132.694099999964237, 167642.541799999773502 ], [ 97152.030900001525879, 167651.178899999707937 ], [ 97165.437700003385544, 167662.007500000298023 ], [ 97184.258799999952316, 167683.149000000208616 ], [ 97201.275100000202656, 167701.196600001305342 ] ] ] } },
{ "type": "Feature", "properties": { "ID": 7718.0, "NR": "16", "TYPE": "c", "LENGTH": 149.704, "GEMID": "066", "PLANID": "https://geodiensten.oost-vlaanderen.be/Bijlagen/detail/066-D-002.sid", "CEVI_OID": 7706, "GEMEENTE": "Etikhove", "DETAILPLAN": "066-D-002", "TYPE_LABEL": "chemin" }, "geometry": { "type": "MultiLineString", "coordinates": [ [ [ 97045.549800001084805, 167412.821299999952316 ], [ 97037.943999998271465, 167418.106600001454353 ], [ 97005.45830000191927, 167441.697500001639128 ], [ 96990.76240000128746, 167452.268199998885393 ], [ 96980.707299999892712, 167466.448499999940395 ], [ 96970.136500000953674, 167485.140700001269579 ], [ 96953.377999998629093, 167525.103300001472235 ] ] ] } },
{ "type": "Feature", "properties": { "ID": 7705.0, "NR": "1", "TYPE": "c", "LENGTH": 260.607, "GEMID": "066", "PLANID": "https://geodiensten.oost-vlaanderen.be/Bijlagen/detail/066-D-002.sid", "CEVI_OID": 7707, "GEMEENTE": "Etikhove", "DETAILPLAN": "066-D-002", "TYPE_LABEL": "chemin" }, "geometry": { "type": "MultiLineString", "coordinates": [ [ [ 95764.038999997079372, 167795.044300001114607 ], [ 95754.886200003325939, 167773.516100000590086 ], [ 95746.635899998247623, 167744.510999999940395 ], [ 95742.123999997973442, 167725.561000000685453 ], [ 95741.479400001466274, 167707.642200000584126 ], [ 95742.123999997973442, 167664.585700001567602 ], [ 95741.479400001466274, 167630.424100000411272 ], [ 95741.092699997127056, 167613.923500001430511 ], [ 95740.19030000269413, 167601.93470000103116 ], [ 95732.971199996769428, 167578.085999999195337 ], [ 95718.919900000095367, 167541.732900001108646 ] ] ] } },
{ "type": "Feature", "properties": { "ID": 7720.0, "NR": "31", "TYPE": "c", "LENGTH": 382.848, "GEMID": "066", "PLANID": "https://geodiensten.oost-vlaanderen.be/Bijlagen/detail/066-D-002.sid", "CEVI_OID": 7708, "GEMEENTE": "Etikhove", "DETAILPLAN": "066-D-002", "TYPE_LABEL": "chemin" }, "geometry": { "type": "MultiLineString", "coordinates": [ [ [ 97239.304099999368191, 167878.836899999529123 ], [ 97237.628200002014637, 167879.610399998724461 ], [ 97218.935999996960163, 167900.494100000709295 ], [ 97177.426500000059605, 167942.905999999493361 ], [ 97152.030900001525879, 167970.1064000017941 ], [ 97140.299900002777576, 167982.739700000733137 ], [ 97133.854299999773502, 167991.376800000667572 ], [ 97110.521300002932549, 168024.764899998903275 ], [ 97080.484899997711182, 168068.465999998152256 ], [ 97053.155599996447563, 168107.397300001233816 ], [ 97029.178099997341633, 168141.945599999278784 ], [ 97002.62219999730587, 168178.298700001090765 ] ] ] } },
{ "type": "Feature", "properties": { "ID": 7721.0, "NR": "32", "TYPE": "c", "LENGTH": 130.875, "GEMID": "066", "PLANID": "https://geodiensten.oost-vlaanderen.be/Bijlagen/detail/066-D-002.sid", "CEVI_OID": 7709, "GEMEENTE": "Etikhove", "DETAILPLAN": "066-D-002", "TYPE_LABEL": "chemin" }, "geometry": { "type": "MultiLineString", "coordinates": [ [ [ 97132.17849999666214, 167802.134500000625849 ], [ 97153.320000000298023, 167816.44370000064373 ], [ 97237.628200002014637, 167879.610399998724461 ] ] ] } },
{ "type": "Feature", "properties": { "ID": 7722.0, "NR": "33", "TYPE": "c", "LENGTH": 850.572, "GEMID": "066", "PLANID": "https://geodiensten.oost-vlaanderen.be/Bijlagen/detail/066-D-002.sid", "CEVI_OID": 7710, "GEMEENTE": "Etikhove", "DETAILPLAN": "066-D-002", "TYPE_LABEL": "chemin" }, "geometry": { "type": "MultiLineString", "coordinates": [ [ [ 96344.6570999994874, 168298.186599999666214 ], [ 96339.758500002324581, 168287.357999999076128 ], [ 96337.3091000020504, 168261.188900001347065 ], [ 96337.3091000020504, 168238.500500001013279 ], [ 96336.535700000822544, 168214.394000001251698 ], [ 96335.891099996864796, 168192.478999998420477 ], [ 96336.922399997711182, 168173.271200001239777 ], [ 96341.176500000059605, 168146.715399999171495 ], [ 96342.078900001943111, 168139.367400001734495 ], [ 96349.555699996650219, 168105.205800000578165 ], [ 96358.192800000309944, 168068.208200000226498 ], [ 96365.927500002086163, 168034.433299999684095 ], [ 96378.174099996685982, 167987.251600001007318 ], [ 96409.499700002372265, 167921.37779999896884 ], [ 96423.808899998664856, 167891.98589999973774 ], [ 96411.304399996995926, 167825.854200001806021 ], [ 96397.381999999284744, 167747.991599999368191 ], [ 96396.608499996364117, 167725.689899999648333 ], [ 96396.350699998438358, 167677.47690000012517 ], [ 96392.096600003540516, 167642.541799999773502 ], [ 96386.811200000345707, 167585.949599999934435 ], [ 96377.787399999797344, 167508.087000001221895 ], [ 96373.79110000282526, 167467.479800000786781 ] ] ] } },
{ "type": "Feature", "properties": { "ID": 7719.0, "NR": "3", "TYPE": "c", "LENGTH": 1346.525, "GEMID": "066", "PLANID": "https://geodiensten.oost-vlaanderen.be/Bijlagen/detail/066-D-002.sid", "CEVI_OID": 7711, "GEMEENTE": "Etikhove", "DETAILPLAN": "066-D-002", "TYPE_LABEL": "chemin" }, "geometry": { "type": "MultiLineString", "coordinates": [ [ [ 96330.218999996781349, 168323.066500000655651 ], [ 96333.828500002622604, 168311.722300000488758 ], [ 96344.6570999994874, 168298.186599999666214 ], [ 96370.052699998021126, 168280.654599998146296 ], [ 96424.711199998855591, 168244.043699998408556 ], [ 96433.477200001478195, 168241.336500000208616 ], [ 96446.626199997961521, 168243.785900000482798 ], [ 96471.50620000064373, 168255.903499998152256 ], [ 96509.406199999153614, 168280.654599998146296 ], [ 96547.177299998700619, 168308.241700001060963 ], [ 96567.287600003182888, 168322.550900001078844 ], [ 96590.749499998986721, 168327.449499998241663 ], [ 96605.058700002729893, 168317.652199998497963 ], [ 96670.545800000429153, 168265.05629999935627 ], [ 96701.613499999046326, 168235.793299999088049 ], [ 96721.079199999570847, 168215.940900001674891 ], [ 96730.231899999082088, 168203.049800001084805 ], [ 96741.318300001323223, 168187.322500001639128 ], [ 96760.526100002229214, 168161.798000000417233 ], [ 96771.354699999094009, 168146.844300001859665 ], [ 96781.796599999070168, 168132.535100001841784 ], [ 96790.304700002074242, 168126.734099999070168 ], [ 96801.004399999976158, 168129.441199999302626 ], [ 96837.22860000282526, 168141.301100000739098 ], [ 96849.733000002801418, 168132.535100001841784 ], [ 96871.776900000870228, 168113.456199999898672 ], [ 96905.16499999910593, 168085.869100000709295 ], [ 96925.017399996519089, 168069.497299998998642 ], [ 96946.030000001192093, 168047.84010000154376 ], [ 96961.37049999833107, 168031.855099998414516 ], [ 96988.828699998557568, 167999.756099998950958 ], [ 97012.161700002849102, 167972.555700000375509 ], [ 97022.732500001788139, 167956.183899998664856 ], [ 97043.616200000047684, 167926.534200001507998 ], [ 97071.074299998581409, 167883.993400000035763 ], [ 97094.794100001454353, 167850.218499999493361 ], [ 97104.591399997472763, 167837.327399998903275 ], [ 97132.17849999666214, 167802.134500000625849 ], [ 97168.918300002813339, 167746.831399999558926 ], [ 97201.275100000202656, 167701.196600001305342 ], [ 97242.140100002288818, 167673.222800001502037 ], [ 97270.371799997985363, 167656.206500001251698 ], [ 97282.876199997961521, 167650.276500001549721 ], [ 97306.724899999797344, 167646.280299998819828 ] ] ] } },
{ "type": "Feature", "properties": { "ID": 7723.0, "NR": "58ter", "TYPE": "c", "LENGTH": 338.701, "GEMID": "066", "PLANID": "https://geodiensten.oost-vlaanderen.be/Bijlagen/detail/066-D-002.sid", "CEVI_OID": 7712, "GEMEENTE": "Etikhove", "DETAILPLAN": "066-D-002", "TYPE_LABEL": "chemin" }, "geometry": { "type": "MultiLineString", "coordinates": [ [ [ 95867.554999999701977, 167718.212999999523163 ], [ 95875.031900003552437, 167735.229299999773502 ], [ 95901.587700001895428, 167772.871500000357628 ], [ 95909.451300002634525, 167777.899099998176098 ], [ 95980.094899997115135, 167835.522599998861551 ], [ 95978.676899999380112, 167838.48759999871254 ], [ 95981.64190000295639, 167848.542700000107288 ], [ 96014.514300003647804, 167877.805599998682737 ], [ 96100.885099999606609, 167954.894799999892712 ] ] ] } },
{ "type": "Feature", "properties": { "ID": 7724.0, "NR": "67", "TYPE": "s", "LENGTH": 457.296, "GEMID": "066", "PLANID": "https://geodiensten.oost-vlaanderen.be/Bijlagen/detail/066-D-002.sid", "CEVI_OID": 7713, "GEMEENTE": "Etikhove", "DETAILPLAN": "066-D-002", "TYPE_LABEL": "sentier" }, "geometry": { "type": "MultiLineString", "coordinates": [ [ [ 96714.117899999022484, 167542.377500001341105 ], [ 96669.643399998545647, 167588.914599999785423 ], [ 96638.060099996626377, 167621.400299999862909 ], [ 96597.324000000953674, 167664.327899999916553 ], [ 96570.381399996578693, 167691.270500000566244 ], [ 96544.985799998044968, 167717.310600001364946 ], [ 96528.614100001752377, 167734.584800001233816 ], [ 96502.573899999260902, 167761.527300000190735 ], [ 96468.670100003480911, 167797.106899999082088 ] ], [ [ 96423.808899998664856, 167891.98589999973774 ], [ 96428.707500003278255, 167884.895799998193979 ], [ 96448.946599997580051, 167849.316199999302626 ], [ 96466.091899998486042, 167817.475000001490116 ], [ 96474.729000002145767, 167801.8766999989748 ] ] ] } },
{ "type": "Feature", "properties": { "ID": 7725.0, "NR": "68", "TYPE": "s", "LENGTH": 9.296, "GEMID": "066", "PLANID": "https://geodiensten.oost-vlaanderen.be/Bijlagen/detail/066-D-002.sid", "CEVI_OID": 7714, "GEMEENTE": "Etikhove", "DETAILPLAN": "066-D-002", "TYPE_LABEL": "sentier" }, "geometry": { "type": "MultiLineString", "coordinates": [ [ [ 96177.716499999165535, 167380.206599999219179 ], [ 96186.998099997639656, 167380.722199998795986 ] ] ] } },
{ "type": "Feature", "properties": { "ID": 7727.0, "NR": "9999", "TYPE": "gra", "LENGTH": 701.215, "GEMID": "066", "PLANID": "https://geodiensten.oost-vlaanderen.be/Bijlagen/detail/066-D-002.sid", "CEVI_OID": 7715, "GEMEENTE": "Etikhove", "DETAILPLAN": "066-D-002", "TYPE_LABEL": "grande route" }, "geometry": { "type": "MultiLineString", "coordinates": [ [ [ 96093.795000001788139, 167383.945000000298023 ], [ 96097.017800003290176, 167514.919300001114607 ], [ 96096.631099998950958, 167521.364900000393391 ], [ 96096.888899996876717, 167600.516600001603365 ], [ 96099.596000000834465, 167676.832299999892712 ], [ 96099.209299996495247, 167797.235800001770258 ], [ 96099.209299996495247, 167802.778999999165535 ], [ 96101.01410000026226, 167908.486600000411272 ], [ 96100.75620000064373, 167950.640700001269579 ], [ 96100.885099999606609, 167954.894799999892712 ], [ 96103.07660000026226, 168052.738800000399351 ], [ 96104.881399996578693, 168084.966699998825788 ] ] ] } },
{ "type": "Feature", "properties": { "ID": 7726.0, "NR": "99", "TYPE": "s", "LENGTH": 459.982, "GEMID": "066", "PLANID": "https://geodiensten.oost-vlaanderen.be/Bijlagen/detail/066-D-002.sid", "CEVI_OID": 7716, "GEMEENTE": "Etikhove", "DETAILPLAN": "066-D-002", "TYPE_LABEL": "sentier" }, "geometry": { "type": "MultiLineString", "coordinates": [ [ [ 96477.049400001764297, 167804.3260000012815 ], [ 96481.30349999666214, 167803.9391999989748 ], [ 96540.731700003147125, 167845.448800001293421 ], [ 96576.05349999666214, 167870.973299998790026 ], [ 96618.981100000441074, 167901.267599999904633 ], [ 96652.755999997258186, 167924.600600000470877 ], [ 96671.319300003349781, 167937.878499999642372 ], [ 96687.690999999642372, 167964.434300001710653 ], [ 96721.208099998533726, 168019.221700001507998 ], [ 96745.701300002634525, 168057.895199999213219 ], [ 96766.198299996554852, 168089.736400000751019 ], [ 96790.304700002074242, 168126.734099999070168 ] ] ] } },
{ "type": "Feature", "properties": { "ID": 7729.0, "NR": "115", "TYPE": "s", "LENGTH": 60.81, "GEMID": "066", "PLANID": "https://geodiensten.oost-vlaanderen.be/Bijlagen/detail/066-D-003.sid", "CEVI_OID": 7717, "GEMEENTE": "Etikhove", "DETAILPLAN": "066-D-003", "TYPE_LABEL": "sentier" }, "geometry": { "type": "MultiLineString", "coordinates": [ [ [ 96853.471500001847744, 167442.213100001215935 ], [ 96873.32379999756813, 167438.60359999909997 ], [ 96913.286499999463558, 167431.25560000166297 ] ] ] } },
{ "type": "Feature", "properties": { "ID": 7730.0, "NR": "121", "TYPE": "c", "LENGTH": 384.023, "GEMID": "066", "PLANID": "https://geodiensten.oost-vlaanderen.be/Bijlagen/detail/066-D-003.sid", "CEVI_OID": 7718, "GEMEENTE": "Etikhove", "DETAILPLAN": "066-D-003", "TYPE_LABEL": "chemin" }, "geometry": { "type": "MultiLineString", "coordinates": [ [ [ 96082.193000003695488, 167255.5489999987185 ], [ 96096.244300000369549, 167243.173500001430511 ], [ 96148.840300001204014, 167284.425200000405312 ], [ 96164.180799998342991, 167297.574200000613928 ], [ 96201.822999998927116, 167338.954900000244379 ], [ 96210.460100002586842, 167348.494300000369549 ], [ 96246.813199996948242, 167378.788600001484156 ], [ 96256.868299998342991, 167387.425700001418591 ], [ 96276.204999998211861, 167403.410700000822544 ], [ 96300.053700000047684, 167422.747400000691414 ], [ 96344.528200000524521, 167452.655000001192093 ], [ 96377.787399999797344, 167473.925400000065565 ] ] ] } },
{ "type": "Feature", "properties": { "ID": 7731.0, "NR": "122", "TYPE": "s", "LENGTH": 180.445, "GEMID": "066", "PLANID": "https://geodiensten.oost-vlaanderen.be/Bijlagen/detail/066-D-003.sid", "CEVI_OID": 7719, "GEMEENTE": "Etikhove", "DETAILPLAN": "066-D-003", "TYPE_LABEL": "sentier" }, "geometry": { "type": "MultiLineString", "coordinates": [ [ [ 96086.962700001895428, 166910.323600001633167 ], [ 96083.095299996435642, 166914.190900001674891 ], [ 96069.817400000989437, 166926.4375 ], [ 96048.160300001502037, 166945.516499999910593 ], [ 96033.851099997758865, 166959.825699999928474 ], [ 96012.064999997615814, 166980.064800001680851 ], [ 95984.864600002765656, 167005.718199998140335 ], [ 95954.957099996507168, 167033.305300001055002 ] ] ] } },
{ "type": "Feature", "properties": { "ID": 7732.0, "NR": "123", "TYPE": "s", "LENGTH": 207.35, "GEMID": "066", "PLANID": "https://geodiensten.oost-vlaanderen.be/Bijlagen/detail/066-D-003.sid", "CEVI_OID": 7720, "GEMEENTE": "Etikhove", "DETAILPLAN": "066-D-003", "TYPE_LABEL": "sentier" }, "geometry": { "type": "MultiLineString", "coordinates": [ [ [ 96425.355800002813339, 166588.817899998277426 ], [ 96453.974200002849102, 166648.246199999004602 ], [ 96475.631399996578693, 166692.462900001555681 ], [ 96496.386100001633167, 166736.937399998307228 ], [ 96514.820500001311302, 166775.868700001388788 ] ] ] } },
{ "type": "Feature", "properties": { "ID": 7733.0, "NR": "14", "TYPE": "c", "LENGTH": 475.25, "GEMID": "066", "PLANID": "https://geodiensten.oost-vlaanderen.be/Bijlagen/detail/066-D-003.sid", "CEVI_OID": 7721, "GEMEENTE": "Etikhove", "DETAILPLAN": "066-D-003", "TYPE_LABEL": "chemin" }, "geometry": { "type": "MultiLineString", "coordinates": [ [ [ 95713.3766999989748, 167398.125300001353025 ], [ 95721.498099997639656, 167396.449499998241663 ], [ 95729.877400003373623, 167392.453200001269579 ], [ 95737.8699000030756, 167385.363099999725819 ], [ 95739.932499997317791, 167383.171599999070168 ], [ 95750.632100000977516, 167372.342999998480082 ], [ 95757.593400001525879, 167367.057599999010563 ], [ 95769.968900002539158, 167363.319200001657009 ], [ 95782.344400003552437, 167358.936200000345707 ], [ 95788.78999999910593, 167354.939899999648333 ], [ 95798.973999999463558, 167345.400499999523163 ], [ 95801.552299998700619, 167342.951099999248981 ], [ 95811.220600001513958, 167334.185100000351667 ], [ 95826.947899997234344, 167331.864700000733137 ], [ 95848.347199998795986, 167327.868500001728535 ], [ 95869.48870000243187, 167323.87220000103116 ], [ 95875.805399999022484, 167329.802099999040365 ], [ 95895.915600001811981, 167351.974899999797344 ], [ 95909.322400003671646, 167365.381799999624491 ], [ 95931.752999998629093, 167386.394400000572205 ], [ 95946.062200002372265, 167400.187899999320507 ], [ 95962.820699997246265, 167412.821299999952316 ], [ 95994.017399996519089, 167437.314500000327826 ], [ 96031.143899999558926, 167468.124400001019239 ], [ 96063.887500002980232, 167494.293400000780821 ], [ 96086.318099997937679, 167511.309799998998642 ], [ 96095.728699997067451, 167512.598900001496077 ] ] ] } },
{ "type": "Feature", "properties": { "ID": 7734.0, "NR": "15", "TYPE": "c", "LENGTH": 1872.905, "GEMID": "066", "PLANID": "https://geodiensten.oost-vlaanderen.be/Bijlagen/detail/066-D-003.sid", "CEVI_OID": 7722, "GEMEENTE": "Etikhove", "DETAILPLAN": "066-D-003", "TYPE_LABEL": "chemin" }, "geometry": { "type": "MultiLineString", "coordinates": [ [ [ 96372.115299999713898, 166394.419100001454353 ], [ 96361.67339999973774, 166423.037500001490116 ], [ 96345.817299999296665, 166458.745999999344349 ], [ 96321.581900000572205, 166510.826299998909235 ], [ 96309.851000003516674, 166535.706300001591444 ], [ 96290.385300002992153, 166582.887899998575449 ], [ 96281.103699997067451, 166591.524999998509884 ], [ 96257.383900001645088, 166602.35359999909997 ], [ 96238.176100000739098, 166612.795499999076128 ], [ 96226.187299996614456, 166619.756700001657009 ], [ 96212.393700003623962, 166632.905699998140335 ], [ 96204.659000001847744, 166643.089699998497963 ], [ 96196.537600003182888, 166656.883200000971556 ], [ 96192.283500000834465, 166665.004700001329184 ], [ 96187.771600000560284, 166679.313900001347065 ], [ 96177.974299997091293, 166688.724399998784065 ], [ 96165.340999998152256, 166696.459100000560284 ], [ 96155.672600001096725, 166704.580600000917912 ], [ 96133.886500000953674, 166726.108800001442432 ], [ 96111.584799997508526, 166750.473099999129772 ], [ 96106.815099999308586, 166759.110199999064207 ], [ 96097.791299998760223, 166779.220400001853704 ], [ 96085.544699996709824, 166794.045299999415874 ], [ 96071.75110000371933, 166809.6435999982059 ], [ 96062.598399996757507, 166810.545899998396635 ], [ 96056.152800001204014, 166810.288100000470877 ], [ 96042.488200001418591, 166809.6435999982059 ], [ 96029.081299997866154, 166810.932700000703335 ], [ 96019.413000002503395, 166819.311900001019239 ], [ 96016.190200001001358, 166824.468400001525879 ], [ 96015.158900000154972, 166836.714999999850988 ], [ 96014.127599999308586, 166852.957899998873472 ], [ 96017.9949000030756, 166861.981699999421835 ], [ 96027.792199999094009, 166874.357200000435114 ], [ 96036.815999999642372, 166882.994300000369549 ], [ 96056.023900002241135, 166896.014400001615286 ], [ 96086.962700001895428, 166910.323600001633167 ], [ 96112.358300000429153, 166922.441300000995398 ], [ 96133.370899997651577, 166932.496399998664856 ], [ 96166.6300999969244, 166953.12220000103116 ], [ 96197.697800002992153, 166972.71680000051856 ], [ 96217.034599997103214, 166987.2837999984622 ], [ 96220.644100002944469, 166989.604299999773502 ], [ 96242.5591000020504, 167008.167500000447035 ], [ 96283.681900002062321, 167040.653299998492002 ], [ 96311.913500003516674, 167066.951299998909235 ], [ 96355.098999999463558, 167114.906399998813868 ], [ 96394.288099996745586, 167154.740100000053644 ], [ 96419.296999998390675, 167182.198300000280142 ], [ 96464.802799999713898, 167224.481300000101328 ], [ 96506.699100002646446, 167262.123500000685453 ], [ 96513.660300001502037, 167266.377599999308586 ], [ 96535.704199999570847, 167278.366399999707937 ], [ 96560.970899999141693, 167289.968400001525879 ], [ 96598.226400002837181, 167305.051100000739098 ], [ 96637.673299998044968, 167324.387800000607967 ], [ 96681.761100001633167, 167346.818500000983477 ], [ 96718.243100002408028, 167365.1239 ], [ 96746.087999999523163, 167378.530699998140335 ], [ 96764.909100003540516, 167389.488200001418591 ], [ 96800.488799996674061, 167409.340599998831749 ], [ 96819.438799999654293, 167420.813799999654293 ], [ 96852.440200001001358, 167441.05290000140667 ], [ 96853.471500001847744, 167442.213100001215935 ], [ 96882.992200002074242, 167473.409699998795986 ] ], [ [ 96448.302100002765656, 166375.469099998474121 ], [ 96467.896700002253056, 166389.262600000947714 ], [ 96477.178300000727177, 166393.774500001221895 ], [ 96485.686499997973442, 166396.868400000035763 ], [ 96492.905500002205372, 166398.157499998807907 ], [ 96513.015699997544289, 166394.290199998766184 ], [ 96545.888199999928474, 166387.071100000292063 ], [ 96561.357600003480911, 166382.81700000166893 ], [ 96570.639300003647804, 166379.078600000590086 ], [ 96578.502899996936321, 166370.441500000655651 ], [ 96595.261399999260902, 166345.174800001084805 ] ] ] } },
{ "type": "Feature", "properties": { "ID": 7735.0, "NR": "16", "TYPE": "c", "LENGTH": 407.22, "GEMID": "066", "PLANID": "https://geodiensten.oost-vlaanderen.be/Bijlagen/detail/066-D-003.sid", "CEVI_OID": 7723, "GEMEENTE": "Etikhove", "DETAILPLAN": "066-D-003", "TYPE_LABEL": "chemin" }, "geometry": { "type": "MultiLineString", "coordinates": [ [ [ 97038.846400000154972, 167416.946400001645088 ], [ 97096.985600002110004, 167370.022599998861551 ], [ 97117.869300000369549, 167353.521899998188019 ], [ 97130.244800001382828, 167341.533100001513958 ], [ 97134.49889999628067, 167336.763399999588728 ], [ 97137.334899999201298, 167333.411699999123812 ], [ 97138.366200000047684, 167328.89979999884963 ], [ 97135.916900001466274, 167318.586800001561642 ], [ 97129.213500000536442, 167304.27760000154376 ], [ 97127.537699997425079, 167296.929699998348951 ], [ 97126.635300002992153, 167289.195000000298023 ], [ 97127.537699997425079, 167282.749400001019239 ], [ 97130.244800001382828, 167275.659200001507998 ], [ 97134.241099998354912, 167270.3739 ], [ 97152.675399996340275, 167255.033399999141693 ], [ 97160.023400001227856, 167246.911899998784065 ], [ 97163.117299996316433, 167240.98200000077486 ], [ 97165.566600002348423, 167234.278599999845028 ], [ 97164.793099999427795, 167226.41499999910593 ], [ 97163.375100001692772, 167219.711599998176098 ], [ 97158.089699998497963, 167210.429900001734495 ], [ 97148.550300002098083, 167193.026900000870228 ], [ 97144.29619999974966, 167184.131999999284744 ], [ 97144.03830000013113, 167178.846599999815226 ], [ 97144.29619999974966, 167175.1081000007689 ], [ 97151.644100002944469, 167168.404699999839067 ], [ 97183.22749999910593, 167144.684999998658895 ], [ 97218.291500002145767, 167111.296900000423193 ] ] ] } },
{ "type": "Feature", "properties": { "ID": 7728.0, "NR": "1", "TYPE": "c", "LENGTH": 332.365, "GEMID": "066", "PLANID": "https://geodiensten.oost-vlaanderen.be/Bijlagen/detail/066-D-003.sid", "CEVI_OID": 7724, "GEMEENTE": "Etikhove", "DETAILPLAN": "066-D-003", "TYPE_LABEL": "chemin" }, "geometry": { "type": "MultiLineString", "coordinates": [ [ [ 95689.399099998176098, 167325.677000001072884 ], [ 95691.203900001943111, 167327.997400000691414 ], [ 95700.098800003528595, 167341.404199998825788 ], [ 95708.993699997663498, 167357.776000000536442 ], [ 95713.3766999989748, 167371.053899999707937 ], [ 95714.407999999821186, 167377.75730000063777 ], [ 95715.439300000667572, 167384.84739999845624 ], [ 95713.3766999989748, 167398.125300001353025 ], [ 95705.384199999272823, 167411.78999999910593 ], [ 95694.426700003445148, 167433.5760000012815 ], [ 95689.01240000128746, 167451.881499998271465 ], [ 95687.723300002515316, 167463.870299998670816 ], [ 95686.305200003087521, 167474.183200001716614 ], [ 95694.684500001370907, 167496.227099999785423 ], [ 95717.115099996328354, 167540.70160000026226 ] ], [ [ 95579.695299997925758, 167219.711599998176098 ], [ 95601.997000001370907, 167244.978300001472235 ], [ 95615.91950000077486, 167262.252399999648333 ], [ 95625.329999998211861, 167275.014699999243021 ], [ 95634.611599996685982, 167284.683100000023842 ], [ 95645.1824000030756, 167292.288800001144409 ] ] ] } },
{ "type": "Feature", "properties": { "ID": 7736.0, "NR": "33", "TYPE": "c", "LENGTH": 366.15, "GEMID": "066", "PLANID": "https://geodiensten.oost-vlaanderen.be/Bijlagen/detail/066-D-003.sid", "CEVI_OID": 7725, "GEMEENTE": "Etikhove", "DETAILPLAN": "066-D-003", "TYPE_LABEL": "chemin" }, "geometry": { "type": "MultiLineString", "coordinates": [ [ [ 96378.303000003099442, 167475.859099999070168 ], [ 96377.787399999797344, 167473.925400000065565 ], [ 96366.056400001049042, 167414.497099999338388 ], [ 96363.478200003504753, 167404.828699998557568 ], [ 96361.157799996435642, 167398.383099999278784 ], [ 96352.262900002300739, 167362.674600001424551 ], [ 96344.270400002598763, 167328.6418999992311 ], [ 96340.660800002515316, 167314.46169999986887 ], [ 96340.531900003552437, 167309.434099998325109 ], [ 96345.172799997031689, 167268.311299998313189 ], [ 96349.040100000798702, 167238.145899999886751 ], [ 96349.942500002682209, 167229.508900001645088 ], [ 96352.520700000226498, 167197.02309999987483 ], [ 96354.58330000191927, 167171.240800000727177 ], [ 96353.938699997961521, 167147.907800000160933 ], [ 96354.58330000191927, 167129.602299999445677 ], [ 96355.098999999463558, 167114.906399998813868 ] ] ] } },
{ "type": "Feature", "properties": { "ID": 7737.0, "NR": "34", "TYPE": "c", "LENGTH": 149.582, "GEMID": "066", "PLANID": "https://geodiensten.oost-vlaanderen.be/Bijlagen/detail/066-D-003.sid", "CEVI_OID": 7726, "GEMEENTE": "Etikhove", "DETAILPLAN": "066-D-003", "TYPE_LABEL": "chemin" }, "geometry": { "type": "MultiLineString", "coordinates": [ [ [ 95911.642800003290176, 166960.341299999505281 ], [ 95924.662900000810623, 166949.125999998301268 ], [ 95969.781999997794628, 166906.069499999284744 ], [ 95977.645599998533726, 166898.463700000196695 ], [ 95986.927199997007847, 166885.1858000010252 ], [ 95994.661899998784065, 166872.552499998360872 ], [ 96001.623199999332428, 166861.981699999421835 ], [ 96014.127599999308586, 166852.957899998873472 ] ] ] } },
{ "type": "Feature", "properties": { "ID": 7738.0, "NR": "35", "TYPE": "c", "LENGTH": 802.881, "GEMID": "066", "PLANID": "https://geodiensten.oost-vlaanderen.be/Bijlagen/detail/066-D-003.sid", "CEVI_OID": 7727, "GEMEENTE": "Etikhove", "DETAILPLAN": "066-D-003", "TYPE_LABEL": "chemin" }, "geometry": { "type": "MultiLineString", "coordinates": [ [ [ 96217.034599997103214, 166987.2837999984622 ], [ 96263.571699999272823, 166928.886900000274181 ], [ 96281.36150000244379, 166905.682799998670816 ], [ 96290.90089999884367, 166896.530000001192093 ], [ 96329.445500001311302, 166861.466099999845028 ], [ 96349.297899998724461, 166842.773899998515844 ], [ 96357.548299998044968, 166812.866399999707937 ], [ 96357.548299998044968, 166808.741200000047684 ], [ 96369.666000001132488, 166750.8597999997437 ], [ 96379.850000001490116, 166701.615600001066923 ], [ 96388.100299999117851, 166681.118599999696016 ], [ 96401.120399996638298, 166645.539000000804663 ], [ 96415.300700001418591, 166612.15089999884367 ], [ 96425.355800002813339, 166588.817899998277426 ], [ 96433.477200001478195, 166571.028099998831749 ], [ 96439.407200001180172, 166554.785199999809265 ], [ 96445.079300001263618, 166531.323300000280142 ], [ 96434.250699996948242, 166517.400800000876188 ], [ 96414.398299999535084, 166493.036499999463558 ], [ 96401.120399996638298, 166471.894999999552965 ], [ 96389.260499998927116, 166452.687199998646975 ], [ 96370.181599996984005, 166430.772199999541044 ], [ 96361.67339999973774, 166423.037500001490116 ] ], [ [ 96492.905500002205372, 166398.157499998807907 ], [ 96486.459899999201298, 166416.849700000137091 ], [ 96474.342200003564358, 166450.108899999409914 ], [ 96466.73650000244379, 166471.894999999552965 ], [ 96460.548699997365475, 166489.942600000649691 ], [ 96452.298299998044968, 166514.564800001680851 ], [ 96446.7550999969244, 166530.420899998396635 ], [ 96445.079300001263618, 166531.323300000280142 ] ] ] } },
{ "type": "Feature", "properties": { "ID": 7739.0, "NR": "36", "TYPE": "c", "LENGTH": 862.269, "GEMID": "066", "PLANID": "https://geodiensten.oost-vlaanderen.be/Bijlagen/detail/066-D-003.sid", "CEVI_OID": 7728, "GEMEENTE": "Etikhove", "DETAILPLAN": "066-D-003", "TYPE_LABEL": "chemin" }, "geometry": { "type": "MultiLineString", "coordinates": [ [ [ 96914.317800000309944, 166929.14469999819994 ], [ 96942.420500002801418, 166908.389899998903275 ], [ 96963.175300002098083, 166892.66270000115037 ], [ 96986.1216000020504, 166877.70890000090003 ], [ 97019.509700000286102, 166858.5011 ], [ 97065.788999997079372, 166831.558499999344349 ], [ 97087.703900001943111, 166819.311900001019239 ], [ 97056.3783999979496, 166791.467000000178814 ], [ 97043.229400001466274, 166780.2516999989748 ], [ 96999.915100000798702, 166742.609499998390675 ], [ 96966.913699999451637, 166752.149000000208616 ], [ 96953.377999998629093, 166756.403000000864267 ], [ 96910.450400002300739, 166772.77479999884963 ], [ 96867.651699997484684, 166788.502099998295307 ], [ 96827.173500001430511, 166803.842500001192093 ], [ 96791.336000002920628, 166819.311900001019239 ], [ 96775.866599999368191, 166827.175599999725819 ], [ 96764.006800003349781, 166834.265700001269579 ], [ 96746.99040000140667, 166842.644999999552965 ], [ 96745.185699999332428, 166844.191899999976158 ], [ 96734.099200002849102, 166860.563700001686811 ], [ 96725.462200000882149, 166872.9391999989748 ] ], [ [ 97256.578199997544289, 166975.939599998295307 ], [ 97233.889799997210503, 166954.798099998384714 ], [ 97198.181199997663498, 166922.441300000995398 ], [ 97169.562899999320507, 166896.401099998503923 ], [ 97138.237300001084805, 166868.556200001388788 ], [ 97096.727799996733665, 166827.691199999302626 ], [ 97087.703900001943111, 166819.311900001019239 ] ] ] } },
{ "type": "Feature", "properties": { "ID": 7740.0, "NR": "37", "TYPE": "c", "LENGTH": 282.048, "GEMID": "066", "PLANID": "https://geodiensten.oost-vlaanderen.be/Bijlagen/detail/066-D-003.sid", "CEVI_OID": 7729, "GEMEENTE": "Etikhove", "DETAILPLAN": "066-D-003", "TYPE_LABEL": "chemin" }, "geometry": { "type": "MultiLineString", "coordinates": [ [ [ 95693.137500002980232, 167122.769999999552965 ], [ 95729.103900000452995, 167159.380899999290705 ], [ 95784.793700002133846, 167215.586399998515844 ], [ 95767.261799998581409, 167246.1385000012815 ], [ 95760.558300003409386, 167259.674199998378754 ], [ 95754.499499998986721, 167275.917100001126528 ], [ 95748.182800002396107, 167287.3902000002563 ], [ 95740.576999999582767, 167296.929699998348951 ], [ 95735.0337999984622, 167302.472899999469519 ], [ 95723.947400003671646, 167310.207600001245737 ], [ 95709.767099998891354, 167318.586800001561642 ], [ 95691.203900001943111, 167327.997400000691414 ] ] ] } },
{ "type": "Feature", "properties": { "ID": 7741.0, "NR": "38", "TYPE": "c", "LENGTH": 361.341, "GEMID": "066", "PLANID": "https://geodiensten.oost-vlaanderen.be/Bijlagen/detail/066-D-003.sid", "CEVI_OID": 7730, "GEMEENTE": "Etikhove", "DETAILPLAN": "066-D-003", "TYPE_LABEL": "chemin" }, "geometry": { "type": "MultiLineString", "coordinates": [ [ [ 96973.101499997079372, 166305.341099999845028 ], [ 97005.716099999845028, 166343.112199999392033 ], [ 97043.229400001466274, 166386.942200001329184 ], [ 97067.335900001227856, 166413.111299999058247 ], [ 97089.766500003635883, 166437.733399998396635 ], [ 97118.513800002634525, 166469.574599999934435 ], [ 97138.624099999666214, 166492.64979999884963 ], [ 97163.375100001692772, 166521.397100001573563 ], [ 97200.759499996900558, 166566.129399999976158 ], [ 97210.298900000751019, 166577.860399998724461 ] ] ] } },
{ "type": "Feature", "properties": { "ID": 7742.0, "NR": "67", "TYPE": "s", "LENGTH": 921.075, "GEMID": "066", "PLANID": "https://geodiensten.oost-vlaanderen.be/Bijlagen/detail/066-D-003.sid", "CEVI_OID": 7731, "GEMEENTE": "Etikhove", "DETAILPLAN": "066-D-003", "TYPE_LABEL": "sentier" }, "geometry": { "type": "MultiLineString", "coordinates": [ [ [ 97138.237300001084805, 166868.556200001388788 ], [ 97122.638999998569489, 166880.02930000051856 ], [ 97083.965499997138977, 166907.487500000745058 ], [ 97043.229400001466274, 166935.719200000166893 ], [ 97036.912799999117851, 166939.328699998557568 ], [ 97008.294399999082088, 166955.958299998193979 ], [ 96987.926299996674061, 166967.044700000435114 ], [ 96966.398100003600121, 166984.576699998229742 ], [ 96946.287900000810623, 167002.882199998944998 ], [ 96938.810999996960163, 167009.843400001525879 ], [ 96926.048699997365475, 167021.83219999819994 ], [ 96908.516699999570847, 167038.332899998873472 ], [ 96888.406499996781349, 167059.345499999821186 ], [ 96886.215000003576279, 167057.927400000393391 ], [ 96860.690499998629093, 167091.444499999284744 ], [ 96835.681599996984005, 167125.734999999403954 ], [ 96823.692900002002716, 167141.462200000882149 ], [ 96819.052000001072884, 167148.681200001388788 ], [ 96798.941799998283386, 167176.010499998927116 ], [ 96790.949299998581409, 167186.452399998903275 ], [ 96786.050700001418591, 167184.260899998247623 ], [ 96784.116999998688698, 167188.385999999940395 ], [ 96784.761500000953674, 167193.284699998795986 ], [ 96792.754100002348423, 167214.039500001817942 ], [ 96796.105800002813339, 167227.059500001370907 ], [ 96799.715300001204014, 167253.22859999909997 ], [ 96799.844200000166893, 167261.092199999839067 ], [ 96814.798000000417233, 167268.955800000578165 ], [ 96814.024499997496605, 167275.014699999243021 ], [ 96853.858199998736382, 167295.898400001227856 ], [ 96837.615299999713898, 167335.603199999779463 ], [ 96818.923100002110004, 167372.085200000554323 ], [ 96800.488799996674061, 167409.340599998831749 ] ], [ [ 96819.438799999654293, 167420.813799999654293 ], [ 96797.652699999511242, 167448.529800001531839 ], [ 96772.514899998903275, 167478.824000000953674 ], [ 96748.795199997723103, 167506.024399999529123 ], [ 96715.020300000905991, 167547.791799999773502 ] ] ] } },
{ "type": "Feature", "properties": { "ID": 7743.0, "NR": "68", "TYPE": "s", "LENGTH": 1038.124, "GEMID": "066", "PLANID": "https://geodiensten.oost-vlaanderen.be/Bijlagen/detail/066-D-003.sid", "CEVI_OID": 7732, "GEMEENTE": "Etikhove", "DETAILPLAN": "066-D-003", "TYPE_LABEL": "sentier" }, "geometry": { "type": "MultiLineString", "coordinates": [ [ [ 96764.909100003540516, 167389.488200001418591 ], [ 96757.432300001382828, 167389.746100001037121 ], [ 96725.719999998807907, 167385.749800000339746 ], [ 96702.129199996590614, 167382.784800000488758 ], [ 96666.8074000030756, 167378.401799999177456 ], [ 96643.087600000202656, 167375.179000001400709 ], [ 96624.911100000143051, 167377.112700000405312 ], [ 96604.156300000846386, 167378.530699998140335 ], [ 96595.003600001335144, 167379.304200001060963 ], [ 96580.307599999010563, 167383.300500001758337 ], [ 96559.681800000369549, 167387.941300000995398 ], [ 96533.126000002026558, 167394.515799999237061 ], [ 96506.054499998688698, 167401.863800000399351 ], [ 96469.056900002062321, 167411.403200000524521 ], [ 96439.278300002217293, 167389.488200001418591 ], [ 96402.151699997484684, 167395.160399999469519 ], [ 96372.501999996602535, 167399.6722999997437 ], [ 96361.157799996435642, 167398.383099999278784 ], [ 96329.703400000929832, 167395.160399999469519 ], [ 96282.392800003290176, 167389.875 ], [ 96256.868299998342991, 167387.425700001418591 ], [ 96183.90429999679327, 167382.913699999451637 ] ], [ [ 96175.267200000584126, 167382.011399999260902 ], [ 96141.363399997353554, 167379.561999998986721 ], [ 96094.568499997258186, 167375.823600001633167 ] ], [ [ 95784.793700002133846, 167215.586399998515844 ], [ 95800.778800003230572, 167229.508900001645088 ], [ 95818.3108000010252, 167245.7516999989748 ], [ 95833.006700001657009, 167260.318799998611212 ], [ 95853.374700002372265, 167282.104800000786781 ], [ 95862.656400002539158, 167293.964699998497963 ], [ 95874.000600002706051, 167309.047400001436472 ], [ 95876.192100003361702, 167316.395300000905991 ], [ 95932.010899998247623, 167329.931099999696016 ], [ 95965.398999996483326, 167338.56810000166297 ], [ 96012.709600001573563, 167349.912399999797344 ], [ 96071.62219999730587, 167365.25279999896884 ], [ 96094.568499997258186, 167370.796000000089407 ] ] ] } },
{ "type": "Feature", "properties": { "ID": 7744.0, "NR": "69", "TYPE": "s", "LENGTH": 490.201, "GEMID": "066", "PLANID": "https://geodiensten.oost-vlaanderen.be/Bijlagen/detail/066-D-003.sid", "CEVI_OID": 7733, "GEMEENTE": "Etikhove", "DETAILPLAN": "066-D-003", "TYPE_LABEL": "sentier" }, "geometry": { "type": "MultiLineString", "coordinates": [ [ [ 96220.644100002944469, 166989.604299999773502 ], [ 96182.744099996984005, 167025.054999999701977 ], [ 96138.269500002264977, 167067.080200001597404 ], [ 96119.061700001358986, 167084.483199998736382 ], [ 96104.752499997615814, 167097.503299999982119 ], [ 96074.587200000882149, 167125.477099999785423 ], [ 96031.530699998140335, 167165.697599999606609 ] ], [ [ 95869.48870000243187, 167323.87220000103116 ], [ 95870.262199997901917, 167320.262699998915195 ], [ 95876.192100003361702, 167316.395300000905991 ], [ 95880.575099997222424, 167313.559300001710653 ], [ 95908.935699999332428, 167283.522900000214577 ], [ 95946.320100001990795, 167243.689100001007318 ], [ 95981.899700000882149, 167239.821800000965595 ], [ 96038.105200000107288, 167177.299600001424551 ] ] ] } },
{ "type": "Feature", "properties": { "ID": 7746.0, "NR": "70", "TYPE": "s", "LENGTH": 233.972, "GEMID": "066", "PLANID": "https://geodiensten.oost-vlaanderen.be/Bijlagen/detail/066-D-003.sid", "CEVI_OID": 7734, "GEMEENTE": "Etikhove", "DETAILPLAN": "066-D-003", "TYPE_LABEL": "sentier" }, "geometry": { "type": "MultiLineString", "coordinates": [ [ [ 95979.965999998152256, 167076.619600001722574 ], [ 95966.945900000631809, 167090.413199998438358 ], [ 95929.045900002121925, 167130.762499999254942 ], [ 95897.849299997091293, 167162.99040000140667 ], [ 95887.278499998152256, 167174.463599998503923 ], [ 95857.113200001418591, 167205.144600000232458 ], [ 95818.3108000010252, 167245.7516999989748 ] ] ] } },
{ "type": "Feature", "properties": { "ID": 7747.0, "NR": "71", "TYPE": "s", "LENGTH": 427.366, "GEMID": "066", "PLANID": "https://geodiensten.oost-vlaanderen.be/Bijlagen/detail/066-D-003.sid", "CEVI_OID": 7735, "GEMEENTE": "Etikhove", "DETAILPLAN": "066-D-003", "TYPE_LABEL": "sentier" }, "geometry": { "type": "MultiLineString", "coordinates": [ [ [ 96791.336000002920628, 166819.311900001019239 ], [ 96786.566299997270107, 166817.893899999558926 ], [ 96751.63120000064373, 166813.124200001358986 ], [ 96709.348200000822544, 166806.9364 ], [ 96673.76860000193119, 166800.104100000113249 ], [ 96655.334200002253056, 166797.010200001299381 ], [ 96635.223999999463558, 166794.432000000029802 ], [ 96595.132500000298023, 166788.759899999946356 ], [ 96582.112400002777576, 166786.568399999290705 ], [ 96565.482799999415874, 166784.119100000709295 ], [ 96514.820500001311302, 166775.868700001388788 ], [ 96481.04559999704361, 166770.970100000500679 ], [ 96425.097999997437, 166762.719700001180172 ], [ 96369.666000001132488, 166750.8597999997437 ] ] ] } },
{ "type": "Feature", "properties": { "ID": 7748.0, "NR": "72", "TYPE": "s", "LENGTH": 1436.563, "GEMID": "066", "PLANID": "https://geodiensten.oost-vlaanderen.be/Bijlagen/detail/066-D-003.sid", "CEVI_OID": 7736, "GEMEENTE": "Etikhove", "DETAILPLAN": "066-D-003", "TYPE_LABEL": "sentier" }, "geometry": { "type": "MultiLineString", "coordinates": [ [ [ 96824.466300003230572, 166379.852099999785423 ], [ 96798.039399996399879, 166403.571800000965595 ], [ 96764.651299998164177, 166432.447999998927116 ], [ 96759.494800001382828, 166427.807199999690056 ], [ 96708.961499996483326, 166470.348099999129772 ], [ 96670.545800000429153, 166502.962699998170137 ], [ 96669.772299997508526, 166515.725000001490116 ], [ 96665.518200002610683, 166526.166799999773502 ], [ 96660.361800000071526, 166540.733800001442432 ], [ 96657.654600001871586, 166549.886599998921156 ], [ 96648.759700000286102, 166566.645100001245737 ], [ 96635.481799997389317, 166587.399900000542402 ], [ 96631.743400000035763, 166593.845400001853704 ], [ 96626.844700001180172, 166602.224700000137091 ], [ 96620.39919999986887, 166617.178399998694658 ], [ 96616.145099997520447, 166628.651599999517202 ], [ 96612.793399997055531, 166641.671700000762939 ], [ 96609.570600003004074, 166662.426399998366833 ], [ 96607.250200003385544, 166672.99720000103116 ], [ 96606.605599999427795, 166685.888399999588728 ], [ 96596.163800001144409, 166722.370400000363588 ], [ 96593.456600002944469, 166735.777199998497963 ], [ 96587.526699997484684, 166760.399300001561642 ], [ 96582.112400002777576, 166786.568399999290705 ], [ 96578.116099998354912, 166800.104100000113249 ], [ 96577.084799997508526, 166805.260600000619888 ], [ 96577.084799997508526, 166825.241900000721216 ], [ 96583.014799997210503, 166840.066700000315905 ], [ 96591.394000001251698, 166865.204500000923872 ], [ 96596.808300003409386, 166880.802799999713898 ], [ 96609.183799996972084, 166897.561299998313189 ], [ 96634.450499996542931, 166931.207299999892712 ], [ 96645.536899998784065, 166945.774300001561642 ], [ 96667.194099999964237, 166972.330099999904633 ], [ 96708.703699998557568, 167025.054999999701977 ], [ 96731.520999997854233, 167056.638300001621246 ], [ 96753.693800002336502, 167085.772399999201298 ], [ 96766.327200002968311, 167098.663499999791384 ], [ 96778.57379999756813, 167109.749899998307228 ], [ 96819.052000001072884, 167148.681200001388788 ] ], [ [ 97187.481600001454353, 167328.384100001305342 ], [ 97190.188699997961521, 167333.282800000160933 ], [ 97210.814599998295307, 167364.737199999392033 ], [ 97217.131300002336502, 167373.245400000363588 ], [ 97235.307800002396107, 167397.867499999701977 ], [ 97256.836099997162819, 167427.903900001198053 ] ], [ [ 96823.692900002002716, 167141.462200000882149 ], [ 96874.355099998414516, 167174.721400000154972 ], [ 96929.400399997830391, 167210.816700000315905 ], [ 96970.136500000953674, 167238.017000000923872 ], [ 96993.082800000905991, 167253.099700000137091 ], [ 97006.231799997389317, 167260.189800001680851 ], [ 97042.713799998164177, 167280.944600000977516 ], [ 97054.831500001251698, 167289.323899999260902 ], [ 97059.601199999451637, 167294.48030000180006 ], [ 97066.433499999344349, 167304.406500000506639 ], [ 97071.847800001502037, 167310.078699998557568 ], [ 97081.258400000631809, 167318.200100000947714 ], [ 97092.215899996459484, 167328.384100001305342 ], [ 97117.869300000369549, 167353.521899998188019 ] ] ] } },
{ "type": "Feature", "properties": { "ID": 7749.0, "NR": "73", "TYPE": "s", "LENGTH": 96.701, "GEMID": "066", "PLANID": "https://geodiensten.oost-vlaanderen.be/Bijlagen/detail/066-D-003.sid", "CEVI_OID": 7737, "GEMEENTE": "Etikhove", "DETAILPLAN": "066-D-003", "TYPE_LABEL": "sentier" }, "geometry": { "type": "MultiLineString", "coordinates": [ [ [ 97138.366200000047684, 167328.89979999884963 ], [ 97170.207400001585484, 167327.223900001496077 ], [ 97187.481600001454353, 167328.384100001305342 ], [ 97197.536700002849102, 167331.34910000115633 ], [ 97232.471799999475479, 167343.59569999948144 ] ] ] } },
{ "type": "Feature", "properties": { "ID": 7745.0, "NR": "7", "TYPE": "c", "LENGTH": 472.096, "GEMID": "066", "PLANID": "https://geodiensten.oost-vlaanderen.be/Bijlagen/detail/066-D-003.sid", "CEVI_OID": 7738, "GEMEENTE": "Etikhove", "DETAILPLAN": "066-D-003", "TYPE_LABEL": "chemin" }, "geometry": { "type": "MultiLineString", "coordinates": [ [ [ 97169.304999999701977, 166696.330200001597404 ], [ 97117.869300000369549, 166661.008400000631809 ], [ 97090.926700003445148, 166640.898200001567602 ], [ 97050.577399998903275, 166611.377399999648333 ], [ 97013.966499999165535, 166579.149500001221895 ], [ 96986.379399999976158, 166550.917899999767542 ], [ 96972.972599998116493, 166538.67119999974966 ], [ 96962.272900000214577, 166521.7837999984622 ], [ 96934.6858000010252, 166491.231699999421835 ], [ 96923.341600000858307, 166479.500799998641014 ], [ 96909.676899999380112, 166463.000100001692772 ], [ 96872.421499997377396, 166424.068799998611212 ], [ 96857.081000000238419, 166407.4391999989748 ], [ 96824.466300003230572, 166379.852099999785423 ], [ 96823.306100003421307, 166378.820799998939037 ] ] ] } },
{ "type": "Feature", "properties": { "ID": 7750.0, "NR": "87", "TYPE": "s", "LENGTH": 128.082, "GEMID": "066", "PLANID": "https://geodiensten.oost-vlaanderen.be/Bijlagen/detail/066-D-003.sid", "CEVI_OID": 7739, "GEMEENTE": "Etikhove", "DETAILPLAN": "066-D-003", "TYPE_LABEL": "sentier" }, "geometry": { "type": "MultiLineString", "coordinates": [ [ [ 97216.744499996304512, 166342.081000000238419 ], [ 97228.991099998354912, 166374.824499998241663 ], [ 97237.241499997675419, 166397.513000000268221 ], [ 97244.718400001525879, 166416.720800001174212 ], [ 97249.101400002837181, 166449.206500001251698 ], [ 97251.034999996423721, 166464.675900001078844 ] ] ] } },
{ "type": "Feature", "properties": { "ID": 7751.0, "NR": "9999", "TYPE": "gra", "LENGTH": 606.406, "GEMID": "066", "PLANID": "https://geodiensten.oost-vlaanderen.be/Bijlagen/detail/066-D-003.sid", "CEVI_OID": 7740, "GEMEENTE": "Etikhove", "DETAILPLAN": "066-D-003", "TYPE_LABEL": "grande route" }, "geometry": { "type": "MultiLineString", "coordinates": [ [ [ 96095.599799998104572, 167516.33729999884963 ], [ 96095.728699997067451, 167512.598900001496077 ], [ 96094.568499997258186, 167375.823600001633167 ], [ 96094.568499997258186, 167370.796000000089407 ], [ 96094.439599998295307, 167337.536800000816584 ], [ 96093.66610000282526, 167289.323899999260902 ], [ 96082.193000003695488, 167255.5489999987185 ], [ 96077.938900001347065, 167249.103399999439716 ], [ 96054.86370000243187, 167206.304800000041723 ], [ 96038.105200000107288, 167177.299600001424551 ], [ 96031.530699998140335, 167165.697599999606609 ], [ 96003.29900000244379, 167118.258099999278784 ], [ 95979.965999998152256, 167076.619600001722574 ], [ 95971.200000002980232, 167061.021299999207258 ], [ 95954.957099996507168, 167033.305300001055002 ], [ 95943.097300000488758, 167014.097500000149012 ], [ 95911.642800003290176, 166960.341299999505281 ], [ 95910.224799998104572, 166958.020899999886751 ] ] ] } },
{ "type": "Feature", "properties": { "ID": 7752.0, "NR": "0", "TYPE": "inc", "LENGTH": 67.067, "GEMID": "066", "PLANID": "https://geodiensten.oost-vlaanderen.be/Bijlagen/detail/066-D-004.sid", "CEVI_OID": 7741, "GEMEENTE": "Etikhove", "DETAILPLAN": "066-D-004", "TYPE_LABEL": "type inconnu" }, "geometry": { "type": "MultiLineString", "coordinates": [ [ [ 97664.841499999165535, 167101.112799998372793 ], [ 97691.010499998927116, 167140.430900000035763 ], [ 97699.518700003623962, 167158.349599998444319 ] ] ] } },
{ "type": "Feature", "properties": { "ID": 7754.0, "NR": "107", "TYPE": "c", "LENGTH": 109.54, "GEMID": "066", "PLANID": "https://geodiensten.oost-vlaanderen.be/Bijlagen/detail/066-D-004.sid", "CEVI_OID": 7742, "GEMEENTE": "Etikhove", "DETAILPLAN": "066-D-004", "TYPE_LABEL": "chemin" }, "geometry": { "type": "MultiLineString", "coordinates": [ [ [ 98218.903800003230572, 167137.465900000184774 ], [ 98252.936499997973442, 167172.143199998885393 ], [ 98281.425999999046326, 167226.028200000524521 ] ] ] } },
{ "type": "Feature", "properties": { "ID": 7755.0, "NR": "108", "TYPE": "s", "LENGTH": 175.761, "GEMID": "066", "PLANID": "https://geodiensten.oost-vlaanderen.be/Bijlagen/detail/066-D-004.sid", "CEVI_OID": 7743, "GEMEENTE": "Etikhove", "DETAILPLAN": "066-D-004", "TYPE_LABEL": "sentier" }, "geometry": { "type": "MultiLineString", "coordinates": [ [ [ 98325.513800002634525, 167001.979800000786781 ], [ 98304.887900002300739, 167028.535599999129772 ], [ 98283.101800002157688, 167057.540699999779463 ], [ 98271.499799996614456, 167074.814899999648333 ], [ 98256.932800002396107, 167098.276799999177456 ], [ 98238.111699998378754, 167117.871399998664856 ], [ 98218.903800003230572, 167137.465900000184774 ], [ 98216.970100000500679, 167139.528499998152256 ] ] ] } },
{ "type": "Feature", "properties": { "ID": 7753.0, "NR": "10", "TYPE": "c", "LENGTH": 585.609, "GEMID": "066", "PLANID": "https://geodiensten.oost-vlaanderen.be/Bijlagen/detail/066-D-004.sid", "CEVI_OID": 7744, "GEMEENTE": "Etikhove", "DETAILPLAN": "066-D-004", "TYPE_LABEL": "chemin" }, "geometry": { "type": "MultiLineString", "coordinates": [ [ [ 97216.228900000452995, 166731.394200000911951 ], [ 97224.60809999704361, 166720.050000000745058 ], [ 97284.938799999654293, 166668.098600000143051 ], [ 97324.77250000089407, 166631.48759999871254 ], [ 97348.363300003111362, 166610.475000001490116 ], [ 97359.320799998939037, 166601.580099999904633 ], [ 97426.999499998986721, 166561.230799999088049 ], [ 97411.916799999773502, 166514.4358000010252 ], [ 97388.712700001895428, 166447.144000001251698 ], [ 97373.630000002682209, 166401.767099998891354 ], [ 97366.02419999986887, 166382.043600000441074 ], [ 97340.757600001990795, 166316.169700000435114 ], [ 97321.291900001466274, 166266.409800000488758 ] ] ] } },
{ "type": "Feature", "properties": { "ID": 7756.0, "NR": "114", "TYPE": "s", "LENGTH": 262.539, "GEMID": "066", "PLANID": "https://geodiensten.oost-vlaanderen.be/Bijlagen/detail/066-D-004.sid", "CEVI_OID": 7745, "GEMEENTE": "Etikhove", "DETAILPLAN": "066-D-004", "TYPE_LABEL": "sentier" }, "geometry": { "type": "MultiLineString", "coordinates": [ [ [ 97242.913599997758865, 167081.647199999541044 ], [ 97247.941200003027916, 167088.221700001507998 ], [ 97253.613300003111362, 167095.054000001400709 ], [ 97259.543200001120567, 167101.241799999028444 ], [ 97271.145300000905991, 167109.363200001418591 ], [ 97289.321800000965595, 167122.641100000590086 ], [ 97304.533399999141693, 167134.629900000989437 ], [ 97310.979000002145767, 167140.302000001072884 ], [ 97330.702399998903275, 167163.506099998950958 ], [ 97343.078000001609325, 167179.877900000661612 ], [ 97371.05179999768734, 167220.614000000059605 ], [ 97399.541299998760223, 167260.318799998611212 ], [ 97397.478699997067451, 167261.478999998420477 ], [ 97408.822899997234344, 167278.624200001358986 ] ] ] } },
{ "type": "Feature", "properties": { "ID": 7757.0, "NR": "124", "TYPE": "s", "LENGTH": 139.487, "GEMID": "066", "PLANID": "https://geodiensten.oost-vlaanderen.be/Bijlagen/detail/066-D-004.sid", "CEVI_OID": 7746, "GEMEENTE": "Etikhove", "DETAILPLAN": "066-D-004", "TYPE_LABEL": "sentier" }, "geometry": { "type": "MultiLineString", "coordinates": [ [ [ 97541.601899996399879, 166966.142299998551607 ], [ 97653.88400000333786, 166883.381000000983477 ] ] ] } },
{ "type": "Feature", "properties": { "ID": 7758.0, "NR": "16", "TYPE": "c", "LENGTH": 332.732, "GEMID": "066", "PLANID": "https://geodiensten.oost-vlaanderen.be/Bijlagen/detail/066-D-004.sid", "CEVI_OID": 7747, "GEMEENTE": "Etikhove", "DETAILPLAN": "066-D-004", "TYPE_LABEL": "chemin" }, "geometry": { "type": "MultiLineString", "coordinates": [ [ [ 97354.164399996399879, 166903.491300001740456 ], [ 97327.479599997401237, 166921.538899999111891 ], [ 97306.209200002253056, 166939.328699998557568 ], [ 97281.071400001645088, 166958.407600000500679 ], [ 97270.629600003361702, 166971.041000001132488 ], [ 97266.633299998939037, 166979.162399999797344 ], [ 97272.305500000715256, 166989.475299999117851 ], [ 97280.298000000417233, 167000.303899999707937 ], [ 97282.102700002491474, 167007.909699998795986 ], [ 97273.33669999986887, 167040.782200001180172 ], [ 97262.637100003659725, 167059.603300001472235 ], [ 97242.913599997758865, 167081.647199999541044 ], [ 97221.385300002992153, 167104.851300001144409 ], [ 97204.369000002741814, 167122.641100000590086 ], [ 97174.332599997520447, 167150.872699998319149 ] ] ] } },
{ "type": "Feature", "properties": { "ID": 7759.0, "NR": "18", "TYPE": "c", "LENGTH": 249.787, "GEMID": "066", "PLANID": "https://geodiensten.oost-vlaanderen.be/Bijlagen/detail/066-D-004.sid", "CEVI_OID": 7748, "GEMEENTE": "Etikhove", "DETAILPLAN": "066-D-004", "TYPE_LABEL": "chemin" }, "geometry": { "type": "MultiLineString", "coordinates": [ [ [ 97426.999499998986721, 166561.230799999088049 ], [ 97432.284800000488758, 166567.547499999403954 ], [ 97452.523999996483326, 166607.1233000010252 ], [ 97461.547799997031689, 166645.410100001841784 ], [ 97464.770599998533726, 166655.078499998897314 ], [ 97476.372599996626377, 166678.927099999040365 ], [ 97487.587899997830391, 166701.486699998378754 ], [ 97496.611800000071526, 166738.484299998730421 ], [ 97508.858400002121925, 166794.947599999606609 ] ] ] } },
{ "type": "Feature", "properties": { "ID": 7760.0, "NR": "19", "TYPE": "c", "LENGTH": 432.555, "GEMID": "066", "PLANID": "https://geodiensten.oost-vlaanderen.be/Bijlagen/detail/066-D-004.sid", "CEVI_OID": 7749, "GEMEENTE": "Etikhove", "DETAILPLAN": "066-D-004", "TYPE_LABEL": "chemin" }, "geometry": { "type": "MultiLineString", "coordinates": [ [ [ 98201.371799997985363, 166557.879099998623133 ], [ 98223.286799997091293, 166548.726399999111891 ], [ 98248.6824000030756, 166534.546100001782179 ], [ 98269.952799998223782, 166517.529699999839067 ], [ 98299.473600000143051, 166491.747400000691414 ], [ 98362.898199997842312, 166436.831000000238419 ], [ 98408.790700003504753, 166397.513000000268221 ], [ 98451.976099997758865, 166359.870799999684095 ], [ 98458.808399997651577, 166351.878199998289347 ], [ 98492.45440000295639, 166313.849300000816584 ], [ 98507.666000001132488, 166296.575100000947714 ], [ 98526.35809999704361, 166276.593800000846386 ] ] ] } },
{ "type": "Feature", "properties": { "ID": 7762.0, "NR": "20", "TYPE": "c", "LENGTH": 259.594, "GEMID": "066", "PLANID": "https://geodiensten.oost-vlaanderen.be/Bijlagen/detail/066-D-004.sid", "CEVI_OID": 7750, "GEMEENTE": "Etikhove", "DETAILPLAN": "066-D-004", "TYPE_LABEL": "chemin" }, "geometry": { "type": "MultiLineString", "coordinates": [ [ [ 98021.282200001180172, 166154.256700001657009 ], [ 98045.388700000941753, 166211.364500001072884 ], [ 98074.135999999940395, 166277.496199999004602 ], [ 98096.695600003004074, 166327.385000001639128 ], [ 98105.977200001478195, 166346.850699998438358 ], [ 98127.505400002002716, 166391.067400000989437 ] ] ] } },
{ "type": "Feature", "properties": { "ID": 7763.0, "NR": "27", "TYPE": "c", "LENGTH": 52.379, "GEMID": "066", "PLANID": "https://geodiensten.oost-vlaanderen.be/Bijlagen/detail/066-D-004.sid", "CEVI_OID": 7751, "GEMEENTE": "Etikhove", "DETAILPLAN": "066-D-004", "TYPE_LABEL": "chemin" }, "geometry": { "type": "MultiLineString", "coordinates": [ [ [ 97534.38289999961853, 167243.044599998742342 ], [ 97568.67339999973774, 167220.871800001710653 ], [ 97578.728500001132488, 167215.199700001627207 ] ] ] } },
{ "type": "Feature", "properties": { "ID": 7761.0, "NR": "2", "TYPE": "c", "LENGTH": 979.582, "GEMID": "066", "PLANID": "https://geodiensten.oost-vlaanderen.be/Bijlagen/detail/066-D-004.sid", "CEVI_OID": 7752, "GEMEENTE": "Etikhove", "DETAILPLAN": "066-D-004", "TYPE_LABEL": "chemin" }, "geometry": { "type": "MultiLineString", "coordinates": [ [ [ 98530.483300000429153, 166278.398600000888109 ], [ 98531.256800003349781, 166295.414900001138449 ], [ 98542.343199998140335, 166333.572799999266863 ], [ 98559.488399997353554, 166379.852099999785423 ], [ 98568.254399999976158, 166402.798300001770258 ], [ 98564.516000002622604, 166430.385400000959635 ], [ 98554.847599998116493, 166502.060300000011921 ], [ 98549.304399996995926, 166529.518500000238419 ], [ 98547.499700002372265, 166563.035500001162291 ], [ 98549.304399996995926, 166620.272300001233816 ], [ 98549.046599999070168, 166680.731899999082088 ], [ 98546.081600002944469, 166748.152699999511242 ], [ 98543.761200003325939, 166804.358199998736382 ], [ 98540.925200000405312, 166870.23200000077486 ], [ 98540.796300001442432, 166890.084399998188019 ], [ 98531.256800003349781, 166929.015799999237061 ], [ 98528.549599997699261, 166943.067099999636412 ], [ 98526.100299999117851, 166976.842000000178814 ], [ 98526.61599999666214, 167006.749499998986721 ], [ 98532.030299998819828, 167032.274000000208616 ], [ 98541.827500000596046, 167069.013799998909235 ], [ 98549.304399996995926, 167101.757399998605251 ], [ 98549.304399996995926, 167135.016600001603365 ], [ 98548.015299998223782, 167192.640099998563528 ], [ 98546.468400001525879, 167245.7516999989748 ] ] ] } },
{ "type": "Feature", "properties": { "ID": 7765.0, "NR": "36", "TYPE": "c", "LENGTH": 278.706, "GEMID": "066", "PLANID": "https://geodiensten.oost-vlaanderen.be/Bijlagen/detail/066-D-004.sid", "CEVI_OID": 7753, "GEMEENTE": "Etikhove", "DETAILPLAN": "066-D-004", "TYPE_LABEL": "chemin" }, "geometry": { "type": "MultiLineString", "coordinates": [ [ [ 97060.503600001335144, 166793.916299998760223 ], [ 97095.954300001263618, 166827.304499998688698 ], [ 97124.70160000026226, 166854.504799999296665 ], [ 97139.6554000005126, 166868.040600001811981 ], [ 97165.824400000274181, 166893.307199999690056 ], [ 97214.553000003099442, 166937.523899998515844 ], [ 97256.965000003576279, 166977.486600000411272 ], [ 97266.633299998939037, 166979.162399999797344 ] ] ] } },
{ "type": "Feature", "properties": { "ID": 7766.0, "NR": "38", "TYPE": "c", "LENGTH": 196.233, "GEMID": "066", "PLANID": "https://geodiensten.oost-vlaanderen.be/Bijlagen/detail/066-D-004.sid", "CEVI_OID": 7754, "GEMEENTE": "Etikhove", "DETAILPLAN": "066-D-004", "TYPE_LABEL": "chemin" }, "geometry": { "type": "MultiLineString", "coordinates": [ [ [ 97159.120999999344349, 166517.529699999839067 ], [ 97214.424099996685982, 166584.306000001728535 ], [ 97256.449299998581409, 166635.612799998372793 ], [ 97284.938799999654293, 166668.098600000143051 ] ] ] } },
{ "type": "Feature", "properties": { "ID": 7764.0, "NR": "3", "TYPE": "c", "LENGTH": 158.002, "GEMID": "066", "PLANID": "https://geodiensten.oost-vlaanderen.be/Bijlagen/detail/066-D-004.sid", "CEVI_OID": 7755, "GEMEENTE": "Etikhove", "DETAILPLAN": "066-D-004", "TYPE_LABEL": "chemin" }, "geometry": { "type": "MultiLineString", "coordinates": [ [ [ 97601.288000002503395, 167360.998799998313189 ], [ 97628.875100001692772, 167315.492899999022484 ], [ 97671.931599996984005, 167236.21229999884963 ], [ 97671.673799999058247, 167221.645300000905991 ] ] ] } },
{ "type": "Feature", "properties": { "ID": 7768.0, "NR": "43", "TYPE": "c", "LENGTH": 257.999, "GEMID": "066", "PLANID": "https://geodiensten.oost-vlaanderen.be/Bijlagen/detail/066-D-004.sid", "CEVI_OID": 7756, "GEMEENTE": "Etikhove", "DETAILPLAN": "066-D-004", "TYPE_LABEL": "chemin" }, "geometry": { "type": "MultiLineString", "coordinates": [ [ [ 97829.203900001943111, 166151.033900000154972 ], [ 97820.051100000739098, 166154.256700001657009 ], [ 97789.241200000047684, 166164.182900000363588 ], [ 97750.696599997580051, 166177.460799999535084 ], [ 97725.816699996590614, 166185.711100000888109 ], [ 97689.721400000154972, 166203.114199999719858 ], [ 97600.514600001275539, 166247.201999999582767 ], [ 97595.22919999808073, 166239.467300001531839 ] ] ] } },
{ "type": "Feature", "properties": { "ID": 7769.0, "NR": "44", "TYPE": "c", "LENGTH": 1171.508, "GEMID": "066", "PLANID": "https://geodiensten.oost-vlaanderen.be/Bijlagen/detail/066-D-004.sid", "CEVI_OID": 7757, "GEMEENTE": "Etikhove", "DETAILPLAN": "066-D-004", "TYPE_LABEL": "chemin" }, "geometry": { "type": "MultiLineString", "coordinates": [ [ [ 98248.6824000030756, 166534.546100001782179 ], [ 98325.513800002634525, 166621.94819999858737 ], [ 98302.696400001645088, 166638.320000000298023 ], [ 98257.835100002586842, 166670.805700000375509 ], [ 98305.016800001263618, 166752.020100001245737 ], [ 98304.887900002300739, 166754.598299998790026 ], [ 98299.473600000143051, 166788.759899999946356 ], [ 98290.320900000631809, 166839.293200001120567 ], [ 98288.258299998939037, 166849.735100001096725 ], [ 98293.285899996757507, 166867.91160000115633 ], [ 98296.766500003635883, 166883.252099998295307 ], [ 98299.473600000143051, 166908.776599999517202 ], [ 98296.766500003635883, 166918.187199998646975 ], [ 98295.348399996757507, 166925.535199999809265 ], [ 98290.707599997520447, 166931.722899999469519 ], [ 98286.195699997246265, 166936.621599998325109 ], [ 98281.297100000083447, 166944.356300000101328 ], [ 98281.168200001120567, 166948.223600000143051 ], [ 98283.230700001120567, 166953.766800001263618 ], [ 98293.285899996757507, 166967.560400001704693 ], [ 98303.469899997115135, 166980.709300000220537 ], [ 98325.513800002634525, 167001.979800000786781 ] ], [ [ 98540.925200000405312, 166870.23200000077486 ], [ 98518.236699998378754, 166863.1418999992311 ], [ 98447.593099996447563, 166837.875199999660254 ], [ 98400.798199996352196, 166820.472100000828505 ], [ 98362.640299998223782, 166821.8902000002563 ], [ 98304.887900002300739, 166754.598299998790026 ] ], [ [ 98325.513800002634525, 166621.94819999858737 ], [ 98380.17230000346899, 166580.051899999380112 ], [ 98420.650600001215935, 166545.632500000298023 ], [ 98501.478200003504753, 166474.602099999785423 ], [ 98511.017700001597404, 166465.96510000154376 ], [ 98525.326899997889996, 166451.913699999451637 ], [ 98536.799999997019768, 166439.151399999856949 ], [ 98548.273100003600121, 166424.842199999839067 ], [ 98559.101700000464916, 166412.466699998825788 ], [ 98568.254399999976158, 166402.798300001770258 ] ] ] } },
{ "type": "Feature", "properties": { "ID": 7770.0, "NR": "45", "TYPE": "c", "LENGTH": 303.052, "GEMID": "066", "PLANID": "https://geodiensten.oost-vlaanderen.be/Bijlagen/detail/066-D-004.sid", "CEVI_OID": 7758, "GEMEENTE": "Etikhove", "DETAILPLAN": "066-D-004", "TYPE_LABEL": "chemin" }, "geometry": { "type": "MultiLineString", "coordinates": [ [ [ 97699.518700003623962, 167158.349599998444319 ], [ 97691.784000001847744, 167166.471099998801947 ], [ 97687.529899999499321, 167174.721400000154972 ], [ 97687.529899999499321, 167184.9054000005126 ], [ 97690.4949000030756, 167195.347300000488758 ], [ 97698.358499996364117, 167202.566300000995398 ], [ 97705.706500001251698, 167205.660199999809265 ], [ 97715.116999998688698, 167208.238400001078844 ], [ 97723.883000001311302, 167208.238400001078844 ], [ 97741.157200001180172, 167202.17960000038147 ], [ 97749.149700000882149, 167198.312199998646975 ], [ 97801.358900003135204, 167198.054400000721216 ], [ 97850.732100002467632, 167197.796599999070168 ], [ 97863.36540000140667, 167198.827899999916553 ], [ 97879.092699997127056, 167202.437399998307228 ], [ 97895.980099998414516, 167207.464999999850988 ], [ 97916.992700003087521, 167220.871800001710653 ], [ 97935.942699998617172, 167235.9543999992311 ] ] ] } },
{ "type": "Feature", "properties": { "ID": 7771.0, "NR": "46", "TYPE": "c", "LENGTH": 422.265, "GEMID": "066", "PLANID": "https://geodiensten.oost-vlaanderen.be/Bijlagen/detail/066-D-004.sid", "CEVI_OID": 7759, "GEMEENTE": "Etikhove", "DETAILPLAN": "066-D-004", "TYPE_LABEL": "chemin" }, "geometry": { "type": "MultiLineString", "coordinates": [ [ [ 97699.518700003623962, 167158.349599998444319 ], [ 97712.538800001144409, 167149.325800001621246 ], [ 97729.813000001013279, 167140.044199999421835 ], [ 97746.055799998342991, 167133.8564000017941 ], [ 97770.420100003480911, 167129.215599998831749 ], [ 97796.331399999558926, 167127.281899999827147 ], [ 97831.7820999994874, 167124.445900000631809 ], [ 97834.876000002026558, 167122.769999999552965 ], [ 97859.369199998676777, 167104.593499999493361 ], [ 97895.980099998414516, 167074.428100001066923 ], [ 97953.4746999964118, 167031.758400000631809 ], [ 97984.671300001442432, 167008.554299999028444 ] ], [ [ 97953.4746999964118, 167031.758400000631809 ], [ 97966.623700000345707, 167046.969900000840425 ], [ 98015.352300003170967, 167098.663499999791384 ] ] ] } },
{ "type": "Feature", "properties": { "ID": 7767.0, "NR": "4", "TYPE": "c", "LENGTH": 125.451, "GEMID": "066", "PLANID": "https://geodiensten.oost-vlaanderen.be/Bijlagen/detail/066-D-004.sid", "CEVI_OID": 7760, "GEMEENTE": "Etikhove", "DETAILPLAN": "066-D-004", "TYPE_LABEL": "chemin" }, "geometry": { "type": "MultiLineString", "coordinates": [ [ [ 97579.373000003397465, 167217.520100001245737 ], [ 97585.5608000010252, 167218.938099998980761 ], [ 97596.260499998927116, 167220.356100000441074 ], [ 97624.234300002455711, 167222.160900000482798 ], [ 97647.180600002408028, 167222.676500000059605 ], [ 97660.329599998891354, 167222.418699998408556 ], [ 97671.673799999058247, 167221.645300000905991 ], [ 97698.358499996364117, 167202.566300000995398 ] ] ] } },
{ "type": "Feature", "properties": { "ID": 7773.0, "NR": "53", "TYPE": "c", "LENGTH": 114.876, "GEMID": "066", "PLANID": "https://geodiensten.oost-vlaanderen.be/Bijlagen/detail/066-D-004.sid", "CEVI_OID": 7761, "GEMEENTE": "Etikhove", "DETAILPLAN": "066-D-004", "TYPE_LABEL": "chemin" }, "geometry": { "type": "MultiLineString", "coordinates": [ [ [ 97505.1199000030756, 166117.25899999961257 ], [ 97512.210100002586842, 166117.903599999845028 ], [ 97525.745800003409386, 166117.25899999961257 ], [ 97531.80460000038147, 166118.548099998384714 ], [ 97533.351599998772144, 166120.481800001114607 ], [ 97536.574400000274181, 166124.864799998700619 ], [ 97540.828500002622604, 166133.372999999672174 ], [ 97544.180200003087521, 166140.334199998527765 ], [ 97542.246500000357628, 166148.068900000303984 ], [ 97541.98870000243187, 166159.541999999433756 ], [ 97541.98870000243187, 166164.053899999707937 ], [ 97547.660800002515316, 166168.69480000063777 ], [ 97554.235299997031689, 166171.788600001484156 ], [ 97560.036300003528595, 166174.109099999070168 ], [ 97577.954999998211861, 166171.917599998414516 ] ] ] } },
{ "type": "Feature", "properties": { "ID": 7774.0, "NR": "5bis", "TYPE": "c", "LENGTH": 365.731, "GEMID": "066", "PLANID": "https://geodiensten.oost-vlaanderen.be/Bijlagen/detail/066-D-004.sid", "CEVI_OID": 7762, "GEMEENTE": "Etikhove", "DETAILPLAN": "066-D-004", "TYPE_LABEL": "chemin" }, "geometry": { "type": "MultiLineString", "coordinates": [ [ [ 97508.858400002121925, 166794.947599999606609 ], [ 97510.792000003159046, 166818.538499999791384 ], [ 97523.425399996340275, 166908.389899998903275 ], [ 97528.195100001990795, 166946.289900001138449 ], [ 97531.031199999153614, 166952.219900000840425 ], [ 97541.601899996399879, 166966.142299998551607 ], [ 97586.076499998569489, 167022.863499999046326 ], [ 97592.65089999884367, 167032.660700000822544 ], [ 97605.026500001549721, 167050.9662000015378 ], [ 97610.956399999558926, 167059.861099999397993 ], [ 97629.906400002539158, 167083.322999998927116 ], [ 97641.76630000025034, 167098.147900000214577 ], [ 97664.841499999165535, 167101.112799998372793 ] ] ] } },
{ "type": "Feature", "properties": { "ID": 7772.0, "NR": "5", "TYPE": "c", "LENGTH": 2228.317, "GEMID": "066", "PLANID": "https://geodiensten.oost-vlaanderen.be/Bijlagen/detail/066-D-004.sid", "CEVI_OID": 7763, "GEMEENTE": "Etikhove", "DETAILPLAN": "066-D-004", "TYPE_LABEL": "chemin" }, "geometry": { "type": "MultiLineString", "coordinates": [ [ [ 97260.832299999892712, 166782.443199999630451 ], [ 97303.373199999332428, 166833.879000000655651 ], [ 97324.77250000089407, 166819.56980000063777 ], [ 97359.707599997520447, 166803.842500001192093 ], [ 97372.598700001835823, 166798.557199999690056 ], [ 97397.220899999141693, 166792.111600000411272 ], [ 97433.187200002372265, 166792.36939999833703 ], [ 97470.442699998617172, 166795.850000001490116 ], [ 97492.615500003099442, 166796.752399999648333 ], [ 97508.858400002121925, 166794.947599999606609 ], [ 97531.933600001037121, 166796.752399999648333 ], [ 97565.063799999654293, 166801.780000001192093 ], [ 97610.698600001633167, 166813.897700000554323 ], [ 97629.13289999961853, 166811.061599999666214 ], [ 97635.320699997246265, 166809.514699999243021 ], [ 97648.211900003254414, 166808.483399998396635 ], [ 97672.318400003015995, 166806.420800000429153 ], [ 97700.807800002396107, 166800.748700000345707 ], [ 97715.761600002646446, 166794.947599999606609 ], [ 97766.939499996602535, 166772.9037000015378 ], [ 97783.697999998927116, 166766.844900000840425 ], [ 97801.487800002098083, 166762.590799998492002 ], [ 97808.835799999535084, 166762.333000000566244 ], [ 97820.824600003659725, 166761.946199998259544 ], [ 97843.255199998617172, 166759.754799999296665 ], [ 97869.166500002145767, 166757.305399999022484 ], [ 97900.491999998688698, 166754.727200001478195 ], [ 97919.699799999594688, 166755.88740000128746 ], [ 97921.246799997985363, 166761.946199998259544 ], [ 97943.161799997091293, 166809.6435999982059 ], [ 97961.338299997150898, 166848.188200000673532 ] ], [ [ 97630.293200001120567, 167319.10249999910593 ], [ 97628.875100001692772, 167315.492899999022484 ], [ 97600.514600001275539, 167260.963300000876188 ], [ 97581.177799999713898, 167223.83669999986887 ], [ 97579.373000003397465, 167217.520100001245737 ], [ 97578.728500001132488, 167215.199700001627207 ], [ 97571.380500003695488, 167187.61259999871254 ], [ 97550.110100001096725, 167142.364599999040365 ], [ 97539.668300002813339, 167121.738699998706579 ], [ 97495.064800001680851, 167067.337999999523163 ], [ 97462.192299999296665, 167031.758400000631809 ], [ 97407.147100001573563, 166966.657999999821186 ], [ 97354.164399996399879, 166903.491300001740456 ], [ 97343.851400002837181, 166890.084399998188019 ], [ 97303.373199999332428, 166833.879000000655651 ] ], [ [ 98127.505400002002716, 166391.067400000989437 ], [ 98153.030000001192093, 166440.440600000321865 ], [ 98172.237800002098083, 166479.629700001329184 ], [ 98182.163999997079372, 166504.122900001704693 ], [ 98185.773500002920628, 166522.686200000345707 ], [ 98195.441899999976158, 166547.952899999916553 ], [ 98201.371799997985363, 166557.879099998623133 ], [ 98196.473200000822544, 166573.2195999994874 ], [ 98192.73480000346899, 166579.923000000417233 ], [ 98187.965000003576279, 166585.723999999463558 ], [ 98178.296599999070168, 166588.560100000351667 ], [ 98163.987499997019768, 166591.653900001198053 ], [ 98154.447999998927116, 166594.618900001049042 ], [ 98139.107500001788139, 166604.545099999755621 ], [ 98117.06360000371933, 166618.467599999159575 ], [ 98099.531599998474121, 166631.616599999368191 ], [ 98092.441500000655651, 166639.093400001525879 ], [ 98088.574100002646446, 166646.956999998539686 ], [ 98087.54280000180006, 166658.301300000399351 ], [ 98088.960900001227856, 166673.641800001263618 ], [ 98089.605400003492832, 166692.849599998444319 ], [ 98086.124799996614456, 166701.357799999415874 ], [ 98079.679200001060963, 166707.803300000727177 ], [ 98054.670400001108646, 166719.147599998861551 ], [ 98010.969300001859665, 166736.937399998307228 ], [ 97978.225699998438358, 166751.246599998325109 ], [ 97931.817500002682209, 166756.918699998408556 ], [ 97919.699799999594688, 166755.88740000128746 ] ], [ [ 98105.977200001478195, 166346.850699998438358 ], [ 98111.778200000524521, 166341.307500001043081 ], [ 98148.002400003373623, 166311.915600001811981 ], [ 98199.95380000025034, 166272.855399999767542 ], [ 98247.908900000154972, 166233.924100000411272 ], [ 98309.786499999463558, 166178.234200000762939 ] ] ] } },
{ "type": "Feature", "properties": { "ID": 7776.0, "NR": "67", "TYPE": "s", "LENGTH": 148.363, "GEMID": "066", "PLANID": "https://geodiensten.oost-vlaanderen.be/Bijlagen/detail/066-D-004.sid", "CEVI_OID": 7764, "GEMEENTE": "Etikhove", "DETAILPLAN": "066-D-004", "TYPE_LABEL": "sentier" }, "geometry": { "type": "MultiLineString", "coordinates": [ [ [ 97260.832299999892712, 166782.443199999630451 ], [ 97233.374099999666214, 166801.393199998885393 ], [ 97139.6554000005126, 166868.040600001811981 ] ] ] } },
{ "type": "Feature", "properties": { "ID": 7775.0, "NR": "6", "TYPE": "c", "LENGTH": 500.03, "GEMID": "066", "PLANID": "https://geodiensten.oost-vlaanderen.be/Bijlagen/detail/066-D-004.sid", "CEVI_OID": 7765, "GEMEENTE": "Etikhove", "DETAILPLAN": "066-D-004", "TYPE_LABEL": "chemin" }, "geometry": { "type": "MultiLineString", "coordinates": [ [ [ 97808.835799999535084, 166762.333000000566244 ], [ 97826.496699996292591, 166748.7972999997437 ], [ 97848.411700002849102, 166731.909800000488758 ], [ 97882.96000000089407, 166699.552999999374151 ], [ 97899.84740000218153, 166685.372699998319149 ], [ 97914.414499998092651, 166658.43019999936223 ], [ 97953.216899998486042, 166592.298500001430511 ], [ 97987.894100002944469, 166531.71000000089407 ], [ 98032.368600003421307, 166453.976300001144409 ], [ 98055.057099997997284, 166439.02250000089407 ], [ 98127.505400002002716, 166391.067400000989437 ] ] ] } },
{ "type": "Feature", "properties": { "ID": 7778.0, "NR": "73", "TYPE": "s", "LENGTH": 33.981, "GEMID": "066", "PLANID": "https://geodiensten.oost-vlaanderen.be/Bijlagen/detail/066-D-004.sid", "CEVI_OID": 7766, "GEMEENTE": "Etikhove", "DETAILPLAN": "066-D-004", "TYPE_LABEL": "sentier" }, "geometry": { "type": "MultiLineString", "coordinates": [ [ [ 97317.037799999117851, 167325.548099998384714 ], [ 97349.652500003576279, 167316.008600000292063 ] ] ] } },
{ "type": "Feature", "properties": { "ID": 7779.0, "NR": "76", "TYPE": "s", "LENGTH": 143.744, "GEMID": "066", "PLANID": "https://geodiensten.oost-vlaanderen.be/Bijlagen/detail/066-D-004.sid", "CEVI_OID": 7767, "GEMEENTE": "Etikhove", "DETAILPLAN": "066-D-004", "TYPE_LABEL": "sentier" }, "geometry": { "type": "MultiLineString", "coordinates": [ [ [ 97850.732100002467632, 167197.796599999070168 ], [ 97873.162699997425079, 167249.490200001746416 ], [ 97900.620899997651577, 167311.109900001436472 ], [ 97916.348099999129772, 167323.356600001454353 ] ] ] } },
{ "type": "Feature", "properties": { "ID": 7780.0, "NR": "78", "TYPE": "s", "LENGTH": 238.238, "GEMID": "066", "PLANID": "https://geodiensten.oost-vlaanderen.be/Bijlagen/detail/066-D-004.sid", "CEVI_OID": 7768, "GEMEENTE": "Etikhove", "DETAILPLAN": "066-D-004", "TYPE_LABEL": "sentier" }, "geometry": { "type": "MultiLineString", "coordinates": [ [ [ 98325.513800002634525, 167001.979800000786781 ], [ 98368.957000002264977, 167044.262800000607967 ], [ 98398.735600002110004, 167099.050299998372793 ], [ 98404.794399999082088, 167119.676100000739098 ], [ 98408.146099999547005, 167135.145500000566244 ], [ 98415.880800001323223, 167179.233300000429153 ], [ 98419.877099998295307, 167205.144600000232458 ], [ 98418.587999999523163, 167211.97690000012517 ] ] ] } },
{ "type": "Feature", "properties": { "ID": 7781.0, "NR": "79", "TYPE": "s", "LENGTH": 550.271, "GEMID": "066", "PLANID": "https://geodiensten.oost-vlaanderen.be/Bijlagen/detail/066-D-004.sid", "CEVI_OID": 7769, "GEMEENTE": "Etikhove", "DETAILPLAN": "066-D-004", "TYPE_LABEL": "sentier" }, "geometry": { "type": "MultiLineString", "coordinates": [ [ [ 97984.671300001442432, 167008.554299999028444 ], [ 98003.621299996972084, 166984.576699998229742 ], [ 98016.512500002980232, 166968.204900000244379 ], [ 98026.5675999969244, 166954.927000001072884 ], [ 98040.876800000667572, 166927.597699999809265 ], [ 98058.795500002801418, 166894.596400000154972 ], [ 98082.128499999642372, 166853.473499998450279 ], [ 98091.539099998772144, 166836.714999999850988 ], [ 98121.962200000882149, 166807.06529999896884 ], [ 98127.118699997663498, 166800.877599999308586 ], [ 98183.839800000190735, 166742.609499998390675 ], [ 98257.835100002586842, 166670.805700000375509 ], [ 98238.369499996304512, 166649.277499999850988 ], [ 98220.064000003039837, 166627.620299998670816 ], [ 98208.333099998533726, 166607.252199999988079 ], [ 98192.73480000346899, 166579.923000000417233 ] ] ] } },
{ "type": "Feature", "properties": { "ID": 7777.0, "NR": "7", "TYPE": "c", "LENGTH": 175.948, "GEMID": "066", "PLANID": "https://geodiensten.oost-vlaanderen.be/Bijlagen/detail/066-D-004.sid", "CEVI_OID": 7770, "GEMEENTE": "Etikhove", "DETAILPLAN": "066-D-004", "TYPE_LABEL": "chemin" }, "geometry": { "type": "MultiLineString", "coordinates": [ [ [ 97260.832299999892712, 166782.443199999630451 ], [ 97216.228900000452995, 166731.394200000911951 ], [ 97198.439099997282028, 166717.858500000089407 ], [ 97164.277500003576279, 166692.076099999248981 ], [ 97129.85809999704361, 166666.293800000101328 ] ] ] } },
{ "type": "Feature", "properties": { "ID": 7782.0, "NR": "80", "TYPE": "s", "LENGTH": 331.419, "GEMID": "066", "PLANID": "https://geodiensten.oost-vlaanderen.be/Bijlagen/detail/066-D-004.sid", "CEVI_OID": 7771, "GEMEENTE": "Etikhove", "DETAILPLAN": "066-D-004", "TYPE_LABEL": "sentier" }, "geometry": { "type": "MultiLineString", "coordinates": [ [ [ 97692.170800000429153, 166943.453899998217821 ], [ 97696.424800001084805, 166930.433800000697374 ], [ 97700.936700001358986, 166916.769200000911951 ], [ 97716.406099997460842, 166874.099399998784065 ], [ 97724.914300002157688, 166852.055500000715256 ], [ 97734.840499997138977, 166833.621100001037121 ], [ 97748.376199997961521, 166816.604800000786781 ], [ 97754.04839999973774, 166805.518399998545647 ], [ 97766.939499996602535, 166772.9037000015378 ] ], [ [ 97698.358499996364117, 166960.98589999973774 ], [ 97694.104400001466274, 166982.385200001299381 ], [ 97686.885399997234344, 167014.484200000762939 ], [ 97677.088100001215935, 167051.481899999082088 ], [ 97671.673799999058247, 167073.138999998569489 ], [ 97664.841499999165535, 167101.112799998372793 ] ] ] } },
{ "type": "Feature", "properties": { "ID": 7783.0, "NR": "81", "TYPE": "s", "LENGTH": 912.718, "GEMID": "066", "PLANID": "https://geodiensten.oost-vlaanderen.be/Bijlagen/detail/066-D-004.sid", "CEVI_OID": 7772, "GEMEENTE": "Etikhove", "DETAILPLAN": "066-D-004", "TYPE_LABEL": "sentier" }, "geometry": { "type": "MultiLineString", "coordinates": [ [ [ 97635.320699997246265, 166809.514699999243021 ], [ 97642.152999997138977, 166787.857500001788139 ], [ 97657.493500001728535, 166745.187699999660254 ], [ 97668.966700002551079, 166715.666999999433756 ], [ 97679.537399999797344, 166684.986000001430511 ], [ 97685.983000002801418, 166669.516600001603365 ], [ 97696.553700000047684, 166669.774399999529123 ], [ 97697.45610000193119, 166657.398899998515844 ], [ 97697.198299996554852, 166641.929499998688698 ], [ 97699.389799997210503, 166630.843100000172853 ], [ 97702.48369999974966, 166621.045800000429153 ], [ 97706.995600000023842, 166610.475000001490116 ], [ 97712.023100003600121, 166601.064500000327826 ], [ 97712.796599999070168, 166593.200899999588728 ], [ 97713.570100001990795, 166574.122000001370907 ], [ 97713.570100001990795, 166568.063099998980761 ], [ 97708.800399996340275, 166557.879099998623133 ], [ 97695.393500000238419, 166539.444699998944998 ], [ 97683.533699996769428, 166525.393300000578165 ], [ 97674.896600000560284, 166515.467099998146296 ], [ 97665.614900000393391, 166507.21680000051856 ], [ 97658.009199999272823, 166497.290600001811981 ], [ 97648.985299997031689, 166485.688499998301268 ], [ 97637.383299998939037, 166473.313000001013279 ], [ 97620.495899997651577, 166456.16780000180006 ], [ 97609.151600003242493, 166441.858600001782179 ], [ 97599.483300000429153, 166426.646999999880791 ], [ 97592.135300002992153, 166410.017400000244379 ], [ 97588.912500001490116, 166398.415300000458956 ], [ 97581.822400003671646, 166364.640500001609325 ], [ 97578.2128000035882, 166343.370099999010563 ], [ 97572.927500002086163, 166320.939399998635054 ], [ 97568.415600001811981, 166291.676500000059605 ], [ 97562.614500001072884, 166277.238400001078844 ], [ 97560.036300003528595, 166271.695199999958277 ], [ 97561.325400002300739, 166268.730200000107288 ], [ 97581.306699998676777, 166258.804000001400709 ], [ 97587.623400002717972, 166252.745200000703335 ], [ 97595.22919999808073, 166239.467300001531839 ], [ 97570.478100001811981, 166200.14919999986887 ], [ 97555.524400003254414, 166175.140299998223782 ], [ 97554.235299997031689, 166171.788600001484156 ] ], [ [ 97629.13289999961853, 166811.061599999666214 ], [ 97644.473399996757507, 166829.36710000038147 ], [ 97650.661200001835823, 166841.22690000012517 ], [ 97658.009199999272823, 166852.055500000715256 ], [ 97661.876500003039837, 166856.696299999952316 ], [ 97663.29450000077486, 166863.1418999992311 ], [ 97662.392200000584126, 166866.622499998658895 ], [ 97660.329599998891354, 166871.263300001621246 ], [ 97656.20440000295639, 166876.935499999672174 ], [ 97653.7550999969244, 166880.41609999909997 ], [ 97653.88400000333786, 166883.381000000983477 ], [ 97655.688799999654293, 166887.248399998992682 ], [ 97662.778899997472763, 166897.30350000038743 ], [ 97670.642499998211861, 166906.069499999284744 ], [ 97678.2483000010252, 166916.382399998605251 ], [ 97683.146899998188019, 166923.085799999535084 ], [ 97688.174500003457069, 166932.109600000083447 ], [ 97692.170800000429153, 166943.453899998217821 ], [ 97695.264600001275539, 166956.602899998426437 ], [ 97698.358499996364117, 166960.98589999973774 ] ] ] } },
{ "type": "Feature", "properties": { "ID": 7784.0, "NR": "87", "TYPE": "s", "LENGTH": 725.163, "GEMID": "066", "PLANID": "https://geodiensten.oost-vlaanderen.be/Bijlagen/detail/066-D-004.sid", "CEVI_OID": 7773, "GEMEENTE": "Etikhove", "DETAILPLAN": "066-D-004", "TYPE_LABEL": "sentier" }, "geometry": { "type": "MultiLineString", "coordinates": [ [ [ 97256.707099996507168, 166466.867400001734495 ], [ 97261.863600000739098, 166504.638599999248981 ], [ 97265.344200000166893, 166521.654899999499321 ], [ 97267.664599999785423, 166538.155600000172853 ], [ 97272.305500000715256, 166566.774000000208616 ], [ 97275.786100000143051, 166591.653900001198053 ], [ 97279.911200001835823, 166622.850600000470877 ], [ 97284.938799999654293, 166668.098600000143051 ], [ 97303.373199999332428, 166693.107400000095367 ], [ 97345.269500002264977, 166756.274099998176098 ], [ 97372.598700001835823, 166798.557199999690056 ] ], [ [ 97359.707599997520447, 166803.842500001192093 ], [ 97376.852799996733665, 166824.726199999451637 ], [ 97403.795400001108646, 166859.145599998533726 ], [ 97451.363799996674061, 166918.831700000911951 ], [ 97472.891999997198582, 166947.192299999296665 ], [ 97491.970899999141693, 166970.39640000090003 ], [ 97531.031199999153614, 166952.219900000840425 ] ], [ [ 97214.295199997723103, 166317.329900000244379 ], [ 97225.639399997889996, 166351.23369999974966 ], [ 97237.885999999940395, 166388.747000001370907 ], [ 97249.23030000180006, 166419.170099999755621 ], [ 97249.616999998688698, 166420.330299999564886 ] ] ] } },
{ "type": "Feature", "properties": { "ID": 7785.0, "NR": "88", "TYPE": "s", "LENGTH": 134.263, "GEMID": "066", "PLANID": "https://geodiensten.oost-vlaanderen.be/Bijlagen/detail/066-D-004.sid", "CEVI_OID": 7774, "GEMEENTE": "Etikhove", "DETAILPLAN": "066-D-004", "TYPE_LABEL": "sentier" }, "geometry": { "type": "MultiLineString", "coordinates": [ [ [ 97287.516999997198582, 166290.51630000025034 ], [ 97279.266699999570847, 166316.427499998360872 ], [ 97264.957500003278255, 166361.675500001758337 ], [ 97255.546899996697903, 166397.6418999992311 ], [ 97249.23030000180006, 166419.170099999755621 ] ] ] } },
{ "type": "Feature", "properties": { "ID": 7786.0, "NR": "92", "TYPE": "s", "LENGTH": 162.67, "GEMID": "066", "PLANID": "https://geodiensten.oost-vlaanderen.be/Bijlagen/detail/066-D-004.sid", "CEVI_OID": 7775, "GEMEENTE": "Etikhove", "DETAILPLAN": "066-D-004", "TYPE_LABEL": "sentier" }, "geometry": { "type": "MultiLineString", "coordinates": [ [ [ 97541.98870000243187, 166159.541999999433756 ], [ 97527.03490000218153, 166161.991399999707937 ], [ 97477.274999998509884, 166170.499499998986721 ], [ 97470.82940000295639, 166170.112799998372793 ], [ 97457.680399999022484, 166167.147799998521805 ], [ 97452.910700000822544, 166167.147799998521805 ], [ 97448.656599998474121, 166169.210400000214577 ], [ 97418.104500003159046, 166183.648499999195337 ], [ 97387.294699996709824, 166197.570999998599291 ] ] ] } },
{ "type": "Feature", "properties": { "ID": 7787.0, "NR": "93", "TYPE": "s", "LENGTH": 131.49, "GEMID": "066", "PLANID": "https://geodiensten.oost-vlaanderen.be/Bijlagen/detail/066-D-004.sid", "CEVI_OID": 7776, "GEMEENTE": "Etikhove", "DETAILPLAN": "066-D-004", "TYPE_LABEL": "sentier" }, "geometry": { "type": "MultiLineString", "coordinates": [ [ [ 97691.010499998927116, 167140.430900000035763 ], [ 97675.154399998486042, 167151.13060000166297 ], [ 97651.047899998724461, 167169.693799998611212 ], [ 97585.5608000010252, 167218.938099998980761 ] ] ] } },
{ "type": "Feature", "properties": { "ID": 7788.0, "NR": "125", "TYPE": "s", "LENGTH": 114.324, "GEMID": "066", "PLANID": "https://geodiensten.oost-vlaanderen.be/Bijlagen/detail/066-D-005.sid", "CEVI_OID": 7777, "GEMEENTE": "Etikhove", "DETAILPLAN": "066-D-005", "TYPE_LABEL": "sentier" }, "geometry": { "type": "MultiLineString", "coordinates": [ [ [ 98639.929300002753735, 165784.795800000429153 ], [ 98604.607500001788139, 165792.530499998480082 ], [ 98528.678599998354912, 165811.093800000846386 ] ] ] } },
{ "type": "Feature", "properties": { "ID": 7789.0, "NR": "126", "TYPE": "s", "LENGTH": 293.427, "GEMID": "066", "PLANID": "https://geodiensten.oost-vlaanderen.be/Bijlagen/detail/066-D-005.sid", "CEVI_OID": 7778, "GEMEENTE": "Etikhove", "DETAILPLAN": "066-D-005", "TYPE_LABEL": "sentier" }, "geometry": { "type": "MultiLineString", "coordinates": [ [ [ 98606.670100003480911, 165832.622000001370907 ], [ 98604.607500001788139, 165792.530499998480082 ], [ 98602.931699998676777, 165767.779500000178814 ], [ 98539.765000000596046, 165738.774399999529123 ], [ 98554.718699999153614, 165681.021899998188019 ], [ 98552.140500001609325, 165639.383499998599291 ], [ 98548.788800001144409, 165581.888900000602007 ] ] ] } },
{ "type": "Feature", "properties": { "ID": 7790.0, "NR": "127", "TYPE": "s", "LENGTH": 295.093, "GEMID": "066", "PLANID": "https://geodiensten.oost-vlaanderen.be/Bijlagen/detail/066-D-005.sid", "CEVI_OID": 7779, "GEMEENTE": "Etikhove", "DETAILPLAN": "066-D-005", "TYPE_LABEL": "sentier" }, "geometry": { "type": "MultiLineString", "coordinates": [ [ [ 97779.701800003647804, 165116.775600001215935 ], [ 97789.112300001084805, 165120.25620000064373 ], [ 97804.066100001335144, 165155.578000001609325 ], [ 97826.496699996292591, 165207.91609999909997 ], [ 97841.70830000191927, 165242.851199999451637 ], [ 97841.1925999969244, 165248.007599998265505 ] ], [ [ 97829.07490000128746, 165244.011399999260902 ], [ 97828.946000002324581, 165269.922600001096725 ], [ 97828.301500000059605, 165316.588599998503923 ], [ 97827.399099998176098, 165348.816599998623133 ], [ 97833.586900003254414, 165371.891800001263618 ], [ 97838.227700002491474, 165389.037000000476837 ] ] ] } },
{ "type": "Feature", "properties": { "ID": 7791.0, "NR": "128", "TYPE": "s", "LENGTH": 471.932, "GEMID": "066", "PLANID": "https://geodiensten.oost-vlaanderen.be/Bijlagen/detail/066-D-005.sid", "CEVI_OID": 7780, "GEMEENTE": "Etikhove", "DETAILPLAN": "066-D-005", "TYPE_LABEL": "sentier" }, "geometry": { "type": "MultiLineString", "coordinates": [ [ [ 98070.397600002586842, 165304.728799998760223 ], [ 98053.510200001299381, 165258.191700000315905 ], [ 98038.040799997746944, 165218.615800000727177 ], [ 98018.188400000333786, 165167.051100000739098 ], [ 98031.466300003230572, 165164.086100000888109 ], [ 98014.44990000128746, 165091.766699999570847 ], [ 98046.677799999713898, 165085.449999999254942 ], [ 98046.29110000282526, 165084.160900000482798 ] ], [ [ 97983.253300003707409, 165486.236400000751019 ], [ 97967.783900000154972, 165438.152300000190735 ], [ 97964.045500002801418, 165403.475099999457598 ], [ 97963.529799997806549, 165401.025800000876188 ], [ 97962.111800000071526, 165394.580200001597404 ], [ 97953.4746999964118, 165365.961800001561642 ], [ 97945.482199996709824, 165340.566199999302626 ], [ 97940.583499997854233, 165321.874000001698732 ], [ 97943.80629999935627, 165289.774999998509884 ] ] ] } },
{ "type": "Feature", "properties": { "ID": 7792.0, "NR": "19", "TYPE": "c", "LENGTH": 40.278, "GEMID": "066", "PLANID": "https://geodiensten.oost-vlaanderen.be/Bijlagen/detail/066-D-005.sid", "CEVI_OID": 7781, "GEMEENTE": "Etikhove", "DETAILPLAN": "066-D-005", "TYPE_LABEL": "chemin" }, "geometry": { "type": "MultiLineString", "coordinates": [ [ [ 98528.162900000810623, 166269.245900001376867 ], [ 98522.104099996387959, 166276.722699999809265 ], [ 98511.79110000282526, 166289.356100000441074 ], [ 98502.380599997937679, 166300.18470000103116 ] ] ] } },
{ "type": "Feature", "properties": { "ID": 7794.0, "NR": "20", "TYPE": "c", "LENGTH": 1092.169, "GEMID": "066", "PLANID": "https://geodiensten.oost-vlaanderen.be/Bijlagen/detail/066-D-005.sid", "CEVI_OID": 7782, "GEMEENTE": "Etikhove", "DETAILPLAN": "066-D-005", "TYPE_LABEL": "chemin" }, "geometry": { "type": "MultiLineString", "coordinates": [ [ [ 98286.840300001204014, 165270.438299998641014 ], [ 98282.586199998855591, 165285.134199999272823 ], [ 98278.074299998581409, 165294.286899998784065 ], [ 98261.573600001633167, 165324.065499998629093 ], [ 98242.107900001108646, 165349.976799998432398 ], [ 98221.095299996435642, 165376.661499999463558 ], [ 98203.563299998641014, 165400.76799999922514 ], [ 98186.031300000846386, 165430.159800000488758 ], [ 98162.311599999666214, 165461.743200000375509 ], [ 98144.779600001871586, 165485.462900001555681 ], [ 98128.536700002849102, 165508.924899999052286 ], [ 98108.168700002133846, 165535.351700000464916 ], [ 98087.156099997460842, 165562.809900000691414 ], [ 98066.272399999201298, 165592.201799999922514 ], [ 98045.646499998867512, 165619.273200001567602 ], [ 98026.954300001263618, 165641.059300001710653 ], [ 98012.000600002706051, 165657.044399999082088 ], [ 97993.308399997651577, 165676.896800000220537 ], [ 97981.190700002014637, 165690.948100000619888 ], [ 97966.623700000345707, 165710.413800001144409 ], [ 97963.529799997806549, 165718.793000001460314 ], [ 97960.564800001680851, 165730.652899999171495 ], [ 97959.791400000452995, 165742.1261 ], [ 97961.725000001490116, 165763.138700000941753 ], [ 97965.850199997425079, 165811.609400000423193 ], [ 97966.623700000345707, 165834.42680000141263 ], [ 97960.95160000026226, 165847.833599999547005 ], [ 97969.201899997889996, 165876.451999999582767 ], [ 97976.420999996364117, 165898.624800000339746 ], [ 97985.573700003325939, 165918.348299998790026 ], [ 97997.433600001037121, 165939.747600000351667 ], [ 98017.285999998450279, 165974.811599999666214 ], [ 98037.396200001239777, 166009.230999998748302 ], [ 98054.283600002527237, 166036.431400001049042 ], [ 98055.314900003373623, 166043.134799998253584 ], [ 98035.849299997091293, 166054.994699999690056 ], [ 98003.105700001120567, 166072.913400001823902 ], [ 97982.479800000786781, 166080.905900001525879 ], [ 97994.726400002837181, 166105.657000001519918 ], [ 98026.69650000333786, 166176.816199999302626 ] ] ] } },
{ "type": "Feature", "properties": { "ID": 7795.0, "NR": "21", "TYPE": "c", "LENGTH": 767.215, "GEMID": "066", "PLANID": "https://geodiensten.oost-vlaanderen.be/Bijlagen/detail/066-D-005.sid", "CEVI_OID": 7783, "GEMEENTE": "Etikhove", "DETAILPLAN": "066-D-005", "TYPE_LABEL": "chemin" }, "geometry": { "type": "MultiLineString", "coordinates": [ [ [ 97960.95160000026226, 165847.833599999547005 ], [ 97943.677400000393391, 165851.3141999989748 ], [ 97922.278099998831749, 165855.568300001323223 ], [ 97909.258000001311302, 165850.282900001853704 ], [ 97901.652199998497963, 165844.095199998468161 ], [ 97889.405599996447563, 165834.555700000375509 ], [ 97871.100100003182888, 165822.695799998939037 ], [ 97859.369199998676777, 165815.863499999046326 ], [ 97853.310300000011921, 165811.351599998772144 ], [ 97845.962399996817112, 165804.390399999916553 ], [ 97834.23139999806881, 165792.272700000554323 ], [ 97819.664399996399879, 165773.967199999839067 ], [ 97800.585500001907349, 165747.282499998807907 ], [ 97787.694300003349781, 165730.395100001245737 ], [ 97770.420100003480911, 165702.163400001823902 ], [ 97759.075900003314018, 165682.053199999034405 ], [ 97745.282399997115135, 165652.274599999189377 ], [ 97730.070799998939037, 165617.210700001567602 ], [ 97715.890500001609325, 165581.373199999332428 ], [ 97695.393500000238419, 165531.742199998348951 ], [ 97691.784000001847744, 165520.397999998182058 ], [ 97692.041799999773502, 165514.339099999517202 ], [ 97691.912900000810623, 165499.256499998271465 ], [ 97696.553700000047684, 165481.724500000476837 ], [ 97706.093199998140335, 165462.258799999952316 ], [ 97711.765299998223782, 165452.332600001245737 ], [ 97717.824199996888638, 165430.288699999451637 ], [ 97721.691500000655651, 165405.021999999880791 ], [ 97729.813000001013279, 165364.1570999994874 ], [ 97734.969400003552437, 165333.605000000447035 ], [ 97740.383699998259544, 165299.830099999904633 ], [ 97744.895599998533726, 165285.263099998235703 ], [ 97753.274899996817112, 165266.184200000017881 ], [ 97765.90820000320673, 165242.206599999219179 ], [ 97774.416400000452995, 165225.448100000619888 ] ] ] } },
{ "type": "Feature", "properties": { "ID": 7796.0, "NR": "22", "TYPE": "c", "LENGTH": 139.615, "GEMID": "066", "PLANID": "https://geodiensten.oost-vlaanderen.be/Bijlagen/detail/066-D-005.sid", "CEVI_OID": 7784, "GEMEENTE": "Etikhove", "DETAILPLAN": "066-D-005", "TYPE_LABEL": "chemin" }, "geometry": { "type": "MultiLineString", "coordinates": [ [ [ 97773.25620000064373, 165100.403799999505281 ], [ 97779.830700002610683, 165113.552799999713898 ], [ 97779.701800003647804, 165116.775600001215935 ], [ 97774.029700003564358, 165121.932000000029802 ], [ 97709.57379999756813, 165150.550400000065565 ], [ 97686.627599999308586, 165160.992300000041723 ], [ 97669.611199997365475, 165167.695700000971556 ] ] ] } },
{ "type": "Feature", "properties": { "ID": 7793.0, "NR": "2", "TYPE": "c", "LENGTH": 1268.339, "GEMID": "066", "PLANID": "https://geodiensten.oost-vlaanderen.be/Bijlagen/detail/066-D-005.sid", "CEVI_OID": 7785, "GEMEENTE": "Etikhove", "DETAILPLAN": "066-D-005", "TYPE_LABEL": "chemin" }, "geometry": { "type": "MultiLineString", "coordinates": [ [ [ 98948.028200000524521, 165098.856800001114607 ], [ 98931.26969999819994, 165123.607900001108646 ], [ 98923.534999996423721, 165140.624200001358986 ], [ 98905.745200000703335, 165204.306600000709295 ], [ 98899.170699998736382, 165228.413100000470877 ], [ 98882.025399997830391, 165273.9189000017941 ], [ 98855.85639999806881, 165349.33219999819994 ], [ 98832.652300000190735, 165386.974399998784065 ], [ 98814.346799999475479, 165413.014600001275539 ], [ 98802.744800001382828, 165428.484000001102686 ], [ 98779.540700003504753, 165477.857099998742342 ], [ 98753.887199997901917, 165523.749699998646975 ], [ 98738.546700000762939, 165543.215399999171495 ], [ 98713.795699998736382, 165584.080400001257658 ], [ 98692.00959999859333, 165622.753899998962879 ], [ 98680.923199996352196, 165644.539900001138449 ], [ 98669.321199998259544, 165678.830400001257658 ], [ 98654.367399998009205, 165733.875700000673532 ], [ 98640.316100001335144, 165782.217599999159575 ], [ 98625.362300001084805, 165830.946199998259544 ], [ 98614.662600003182888, 165883.1554000005126 ], [ 98604.607500001788139, 165955.217000000178814 ], [ 98591.071800000965595, 166045.970899999141693 ], [ 98577.922799997031689, 166132.470600001513958 ], [ 98569.801399998366833, 166183.261799998581409 ], [ 98558.199299998581409, 166206.852600000798702 ], [ 98537.315600000321865, 166248.491099998354912 ], [ 98531.127899996936321, 166262.929200001060963 ], [ 98528.162900000810623, 166269.245900001376867 ], [ 98528.807499997317791, 166278.656399998813868 ] ] ] } },
{ "type": "Feature", "properties": { "ID": 7797.0, "NR": "43", "TYPE": "c", "LENGTH": 178.483, "GEMID": "066", "PLANID": "https://geodiensten.oost-vlaanderen.be/Bijlagen/detail/066-D-005.sid", "CEVI_OID": 7786, "GEMEENTE": "Etikhove", "DETAILPLAN": "066-D-005", "TYPE_LABEL": "chemin" }, "geometry": { "type": "MultiLineString", "coordinates": [ [ [ 97822.629399999976158, 166151.807300001382828 ], [ 97830.364100001752377, 166148.068900000303984 ], [ 97894.819899998605251, 166115.325300000607967 ], [ 97925.243000000715256, 166100.371599998325109 ], [ 97965.850199997425079, 166081.421599999070168 ], [ 97976.163199998438358, 166077.554200001060963 ], [ 97979.643799997866154, 166077.554200001060963 ], [ 97982.479800000786781, 166080.905900001525879 ] ] ] } },
{ "type": "Feature", "properties": { "ID": 7798.0, "NR": "47", "TYPE": "c", "LENGTH": 571.605, "GEMID": "066", "PLANID": "https://geodiensten.oost-vlaanderen.be/Bijlagen/detail/066-D-005.sid", "CEVI_OID": 7787, "GEMEENTE": "Etikhove", "DETAILPLAN": "066-D-005", "TYPE_LABEL": "chemin" }, "geometry": { "type": "MultiLineString", "coordinates": [ [ [ 98128.536700002849102, 165508.924899999052286 ], [ 98133.82209999859333, 165513.436799999326468 ], [ 98215.552100002765656, 165587.818799998611212 ], [ 98279.492299996316433, 165644.926699999719858 ], [ 98307.337200000882149, 165666.970600001513958 ], [ 98347.686599999666214, 165693.655299998819828 ], [ 98378.754299998283386, 165713.894400000572205 ], [ 98411.368900001049042, 165734.520300000905991 ], [ 98413.431500002741814, 165735.809399999678135 ], [ 98448.237700000405312, 165758.497800000011921 ], [ 98485.751000002026558, 165782.088700000196695 ], [ 98528.678599998354912, 165811.093800000846386 ], [ 98586.044200003147125, 165848.99379999935627 ] ] ] } },
{ "type": "Feature", "properties": { "ID": 7799.0, "NR": "48", "TYPE": "c", "LENGTH": 474.962, "GEMID": "066", "PLANID": "https://geodiensten.oost-vlaanderen.be/Bijlagen/detail/066-D-005.sid", "CEVI_OID": 7788, "GEMEENTE": "Etikhove", "DETAILPLAN": "066-D-005", "TYPE_LABEL": "chemin" }, "geometry": { "type": "MultiLineString", "coordinates": [ [ [ 97434.605200000107288, 165431.964600000530481 ], [ 97436.66780000180006, 165440.601700000464916 ], [ 97440.535199999809265, 165473.86089999973774 ], [ 97441.953199997544289, 165494.615699999034405 ], [ 97441.437600001692772, 165520.269099999219179 ], [ 97440.406300000846386, 165542.184099998325109 ], [ 97439.375, 165560.489500001072884 ], [ 97479.337600000202656, 165544.891199998557568 ], [ 97503.444099999964237, 165537.02760000154376 ], [ 97518.397799998521805, 165533.675900001078844 ], [ 97566.22410000115633, 165530.581999998539686 ], [ 97588.396899998188019, 165530.453099999576807 ], [ 97611.085299998521805, 165534.449400000274181 ], [ 97635.449600003659725, 165538.961300000548363 ], [ 97691.784000001847744, 165520.397999998182058 ] ], [ [ 97360.352099999785423, 165591.943999998271465 ], [ 97439.375, 165560.489500001072884 ] ] ] } },
{ "type": "Feature", "properties": { "ID": 7800.0, "NR": "49", "TYPE": "s", "LENGTH": 237.617, "GEMID": "066", "PLANID": "https://geodiensten.oost-vlaanderen.be/Bijlagen/detail/066-D-005.sid", "CEVI_OID": 7789, "GEMEENTE": "Etikhove", "DETAILPLAN": "066-D-005", "TYPE_LABEL": "sentier" }, "geometry": { "type": "MultiLineString", "coordinates": [ [ [ 97734.969400003552437, 165333.605000000447035 ], [ 97705.319700002670288, 165310.40089999884367 ], [ 97700.936700001358986, 165307.822700001299381 ], [ 97636.223099999129772, 165292.611099999397993 ], [ 97644.602300003170967, 165259.996399998664856 ], [ 97652.465999998152256, 165235.889899998903275 ], [ 97654.915299996733665, 165214.877300001680851 ], [ 97658.524800002574921, 165166.793299999088049 ] ] ] } },
{ "type": "Feature", "properties": { "ID": 7802.0, "NR": "50", "TYPE": "c", "LENGTH": 153.256, "GEMID": "066", "PLANID": "https://geodiensten.oost-vlaanderen.be/Bijlagen/detail/066-D-005.sid", "CEVI_OID": 7790, "GEMEENTE": "Etikhove", "DETAILPLAN": "066-D-005", "TYPE_LABEL": "chemin" }, "geometry": { "type": "MultiLineString", "coordinates": [ [ [ 98397.833200000226498, 165113.294900000095367 ], [ 98397.188699997961521, 165123.092199999839067 ], [ 98392.547799997031689, 165145.007199998944998 ], [ 98389.840700000524521, 165161.636799998581409 ], [ 98385.715499997138977, 165188.192600000649691 ], [ 98384.039700001478195, 165198.634500000625849 ], [ 98380.688000001013279, 165204.951099999248981 ], [ 98371.148500002920628, 165219.260299999266863 ], [ 98363.027099996805191, 165232.667199999094009 ], [ 98348.7179000005126, 165255.226700000464916 ] ] ] } },
{ "type": "Feature", "properties": { "ID": 7803.0, "NR": "51", "TYPE": "c", "LENGTH": 137.052, "GEMID": "066", "PLANID": "https://geodiensten.oost-vlaanderen.be/Bijlagen/detail/066-D-005.sid", "CEVI_OID": 7791, "GEMEENTE": "Etikhove", "DETAILPLAN": "066-D-005", "TYPE_LABEL": "chemin" }, "geometry": { "type": "MultiLineString", "coordinates": [ [ [ 98138.8496999964118, 165156.222500000149012 ], [ 98149.678300000727177, 165193.34910000115633 ], [ 98160.89360000193119, 165234.085200000554323 ], [ 98169.530699998140335, 165266.957699999213219 ], [ 98175.202799998223782, 165288.35700000077486 ] ] ] } },
{ "type": "Feature", "properties": { "ID": 7804.0, "NR": "53", "TYPE": "c", "LENGTH": 303.16, "GEMID": "066", "PLANID": "https://geodiensten.oost-vlaanderen.be/Bijlagen/detail/066-D-005.sid", "CEVI_OID": 7792, "GEMEENTE": "Etikhove", "DETAILPLAN": "066-D-005", "TYPE_LABEL": "chemin" }, "geometry": { "type": "MultiLineString", "coordinates": [ [ [ 97538.508000001311302, 166156.706000000238419 ], [ 97537.734600000083447, 166147.166499998420477 ], [ 97534.254000000655651, 166137.627000000327826 ], [ 97528.324000000953674, 166130.665800001472235 ], [ 97522.780799999833107, 166124.73589999973774 ], [ 97513.370300002396107, 166124.993700001388788 ], [ 97496.869599997997284, 166126.540600001811981 ], [ 97494.420299999415874, 166116.227699998766184 ], [ 97485.009700000286102, 166060.151099998503923 ], [ 97478.821900002658367, 166029.3412000015378 ], [ 97498.029799997806549, 166024.829300001263618 ], [ 97520.718199998140335, 166020.059599999338388 ], [ 97536.316500000655651, 166016.192299999296665 ], [ 97544.566899999976158, 166012.067099999636412 ], [ 97551.785899996757507, 166010.649099998176098 ] ], [ [ 97478.821900002658367, 166029.3412000015378 ], [ 97414.75280000269413, 166044.037200000137091 ] ] ] } },
{ "type": "Feature", "properties": { "ID": 7801.0, "NR": "5", "TYPE": "c", "LENGTH": 517.81, "GEMID": "066", "PLANID": "https://geodiensten.oost-vlaanderen.be/Bijlagen/detail/066-D-005.sid", "CEVI_OID": 7793, "GEMEENTE": "Etikhove", "DETAILPLAN": "066-D-005", "TYPE_LABEL": "chemin" }, "geometry": { "type": "MultiLineString", "coordinates": [ [ [ 98625.362300001084805, 165830.946199998259544 ], [ 98613.889200001955032, 165830.043800000101328 ], [ 98606.670100003480911, 165832.622000001370907 ], [ 98597.0016999989748, 165837.778499998152256 ], [ 98586.044200003147125, 165848.99379999935627 ], [ 98562.195600003004074, 165881.737399999052286 ], [ 98533.70610000193119, 165918.477200001478195 ], [ 98493.098899997770786, 165968.237100001424551 ], [ 98452.491800002753735, 166017.610300000756979 ], [ 98431.2212999984622, 166044.552799999713898 ], [ 98406.599200002849102, 166075.104899998754263 ], [ 98387.778099998831749, 166097.277699999511242 ], [ 98364.058399997651577, 166124.34910000115633 ], [ 98337.889300003647804, 166150.905000001192093 ], [ 98315.716499999165535, 166172.690999999642372 ], [ 98278.718800000846386, 166206.079100001603365 ] ] ] } },
{ "type": "Feature", "properties": { "ID": 7806.0, "NR": "81", "TYPE": "s", "LENGTH": 1154.55, "GEMID": "066", "PLANID": "https://geodiensten.oost-vlaanderen.be/Bijlagen/detail/066-D-005.sid", "CEVI_OID": 7794, "GEMEENTE": "Etikhove", "DETAILPLAN": "066-D-005", "TYPE_LABEL": "sentier" }, "geometry": { "type": "MultiLineString", "coordinates": [ [ [ 97581.564499996602535, 165127.604100000113249 ], [ 97577.052599996328354, 165136.756900001317263 ], [ 97567.642099998891354, 165150.034800000488758 ], [ 97558.231499999761581, 165160.863400001078844 ], [ 97552.301600001752377, 165170.660599999129772 ], [ 97548.821000002324581, 165186.903499998152256 ], [ 97547.273999996483326, 165191.0287000015378 ], [ 97534.38289999961853, 165203.404199998825788 ], [ 97520.202600002288818, 165232.925000000745058 ], [ 97512.210100002586842, 165249.941300000995398 ], [ 97513.112400002777576, 165260.254200000315905 ], [ 97511.694399997591972, 165268.246800001710653 ], [ 97506.666900001466274, 165278.301899999380112 ], [ 97505.1199000030756, 165293.642400000244379 ], [ 97500.092399999499321, 165310.658700000494719 ], [ 97497.385200001299381, 165318.651200000196695 ], [ 97495.967200003564358, 165328.706300001591444 ], [ 97492.357699997723103, 165337.214499998837709 ], [ 97481.786899998784065, 165352.554999999701977 ], [ 97476.759400002658367, 165359.903000000864267 ], [ 97472.376400001347065, 165371.762800000607967 ], [ 97469.798100002110004, 165376.145799998193979 ], [ 97461.547799997031689, 165382.075800001621246 ], [ 97454.715499997138977, 165388.2635000012815 ], [ 97448.269900001585484, 165397.674100000411272 ], [ 97440.792999997735023, 165410.049600001424551 ], [ 97435.249799996614456, 165421.909499999135733 ], [ 97434.605200000107288, 165431.964600000530481 ], [ 97431.769199997186661, 165439.312600001692772 ], [ 97428.417499996721745, 165447.562899999320507 ], [ 97421.714100003242493, 165453.106100000441074 ], [ 97411.401100002229214, 165459.938400000333786 ], [ 97405.471199996769428, 165468.188799999654293 ], [ 97396.962999999523163, 165483.787099998444319 ], [ 97390.130699999630451, 165499.385400000959635 ], [ 97387.552500002086163, 165514.468100000172853 ], [ 97381.880400002002716, 165532.515700001269579 ], [ 97381.235799998044968, 165541.668400000780821 ], [ 97379.560000002384186, 165547.856199998408556 ], [ 97374.274599999189377, 165553.399399999529123 ], [ 97365.637500002980232, 165559.844999998807907 ], [ 97363.317100003361702, 165567.192899998277426 ], [ 97359.836499996483326, 165588.978999998420477 ], [ 97360.352099999785423, 165591.943999998271465 ], [ 97363.317100003361702, 165602.256900001317263 ], [ 97369.762699998915195, 165611.667500000447035 ], [ 97382.138199999928474, 165624.6875 ], [ 97391.677699998021126, 165640.028000000864267 ], [ 97399.928000003099442, 165658.591299999505281 ], [ 97404.310999996960163, 165675.7364999987185 ], [ 97410.498800002038479, 165683.986900001764297 ], [ 97417.588899999856949, 165694.299800001084805 ], [ 97423.776699997484684, 165705.772999998182058 ], [ 97428.417499996721745, 165723.820599999278784 ], [ 97430.866800002753735, 165740.579100001603365 ], [ 97433.831799998879433, 165749.473999999463558 ], [ 97442.855599999427795, 165772.420299999415874 ], [ 97454.715499997138977, 165796.655699998140335 ], [ 97460.903200000524521, 165812.898600000888109 ], [ 97470.571599997580051, 165836.489399999380112 ], [ 97475.083499997854233, 165844.997600000351667 ], [ 97499.318899996578693, 165866.13910000026226 ], [ 97556.942400000989437, 165914.480999998748302 ], [ 97577.954999998211861, 165934.848999999463558 ], [ 97565.321699999272823, 165985.897999998182058 ], [ 97557.586999997496605, 166004.203499998897314 ], [ 97551.785899996757507, 166010.649099998176098 ], [ 97547.660800002515316, 166018.899399999529123 ], [ 97542.891000002622604, 166032.435100000351667 ], [ 97540.828500002622604, 166047.260000001639128 ], [ 97536.961099997162819, 166059.635499998927116 ], [ 97531.160099998116493, 166073.686900001019239 ], [ 97531.160099998116493, 166080.519200000911951 ], [ 97531.933600001037121, 166086.964800000190735 ], [ 97538.508000001311302, 166097.019900001585484 ], [ 97536.574400000274181, 166105.528000000864267 ], [ 97533.609399996697903, 166112.360399998724461 ], [ 97531.031199999153614, 166116.227699998766184 ], [ 97522.780799999833107, 166124.73589999973774 ] ] ] } },
{ "type": "Feature", "properties": { "ID": 7807.0, "NR": "82", "TYPE": "s", "LENGTH": 316.274, "GEMID": "066", "PLANID": "https://geodiensten.oost-vlaanderen.be/Bijlagen/detail/066-D-005.sid", "CEVI_OID": 7795, "GEMEENTE": "Etikhove", "DETAILPLAN": "066-D-005", "TYPE_LABEL": "sentier" }, "geometry": { "type": "MultiLineString", "coordinates": [ [ [ 97577.954999998211861, 165934.848999999463558 ], [ 97616.499600000679493, 165907.133000001311302 ], [ 97665.486000001430511, 165871.682300001382828 ], [ 97672.833999998867512, 165857.502000000327826 ], [ 97732.391199998557568, 165850.153999999165535 ], [ 97770.162299998104572, 165848.349300000816584 ], [ 97780.73309999704361, 165846.286699999123812 ], [ 97804.323899999260902, 165842.032600000500679 ], [ 97837.067500002682209, 165830.430500000715256 ], [ 97853.310300000011921, 165811.351599998772144 ] ] ] } },
{ "type": "Feature", "properties": { "ID": 7808.0, "NR": "83", "TYPE": "s", "LENGTH": 1009.806, "GEMID": "066", "PLANID": "https://geodiensten.oost-vlaanderen.be/Bijlagen/detail/066-D-005.sid", "CEVI_OID": 7796, "GEMEENTE": "Etikhove", "DETAILPLAN": "066-D-005", "TYPE_LABEL": "sentier" }, "geometry": { "type": "MultiLineString", "coordinates": [ [ [ 98413.431500002741814, 165735.809399999678135 ], [ 98423.615500003099442, 165721.629099998623133 ], [ 98459.195200003683567, 165670.708999998867512 ], [ 98488.973800003528595, 165646.086899999529123 ], [ 98538.73369999974966, 165604.061700001358986 ], [ 98548.788800001144409, 165581.888900000602007 ], [ 98572.250699996948242, 165527.874899998307228 ], [ 98601.771499998867512, 165460.583000000566244 ], [ 98625.362300001084805, 165406.053300000727177 ], [ 98649.082099996507168, 165349.461100000888109 ], [ 98672.672899998724461, 165296.220600001513958 ], [ 98681.567800000309944, 165274.950199998915195 ] ], [ [ 98054.283600002527237, 166036.431400001049042 ], [ 98095.793200001120567, 166001.625199999660254 ], [ 98145.553099997341633, 165959.600000001490116 ], [ 98197.117700003087521, 165916.285700000822544 ], [ 98226.251800000667572, 165889.085400000214577 ], [ 98244.170500002801418, 165873.61600000038743 ], [ 98294.832800000905991, 165832.235300000756979 ], [ 98344.721600003540516, 165790.983600001782179 ], [ 98411.368900001049042, 165734.520300000905991 ] ] ] } },
{ "type": "Feature", "properties": { "ID": 7809.0, "NR": "84", "TYPE": "s", "LENGTH": 396.382, "GEMID": "066", "PLANID": "https://geodiensten.oost-vlaanderen.be/Bijlagen/detail/066-D-005.sid", "CEVI_OID": 7797, "GEMEENTE": "Etikhove", "DETAILPLAN": "066-D-005", "TYPE_LABEL": "sentier" }, "geometry": { "type": "MultiLineString", "coordinates": [ [ [ 98644.054499998688698, 165266.828699998557568 ], [ 98599.193199999630451, 165288.48589999973774 ], [ 98530.096600003540516, 165323.421000000089407 ], [ 98479.692100003361702, 165348.687699999660254 ], [ 98468.734600000083447, 165348.945500001311302 ], [ 98447.722000002861023, 165343.660100001841784 ], [ 98402.731899999082088, 165332.44480000063777 ], [ 98345.623999997973442, 165319.553599998354912 ], [ 98282.843999996781349, 165303.568599998950958 ], [ 98278.074299998581409, 165294.286899998784065 ] ] ] } },
{ "type": "Feature", "properties": { "ID": 7810.0, "NR": "85", "TYPE": "s", "LENGTH": 225.661, "GEMID": "066", "PLANID": "https://geodiensten.oost-vlaanderen.be/Bijlagen/detail/066-D-005.sid", "CEVI_OID": 7798, "GEMEENTE": "Etikhove", "DETAILPLAN": "066-D-005", "TYPE_LABEL": "sentier" }, "geometry": { "type": "MultiLineString", "coordinates": [ [ [ 98032.884300000965595, 165306.017900001257658 ], [ 98037.911799997091293, 165318.393399998545647 ], [ 98051.189699999988079, 165365.446199998259544 ], [ 98062.920699998736382, 165394.451299998909235 ], [ 98070.010799996554852, 165411.596500001847744 ], [ 98092.828199997544289, 165450.141100000590086 ], [ 98128.536700002849102, 165508.924899999052286 ] ] ] } },
{ "type": "Feature", "properties": { "ID": 7811.0, "NR": "86", "TYPE": "s", "LENGTH": 922.177, "GEMID": "066", "PLANID": "https://geodiensten.oost-vlaanderen.be/Bijlagen/detail/066-D-005.sid", "CEVI_OID": 7799, "GEMEENTE": "Etikhove", "DETAILPLAN": "066-D-005", "TYPE_LABEL": "sentier" }, "geometry": { "type": "MultiLineString", "coordinates": [ [ [ 97729.813000001013279, 165364.1570999994874 ], [ 97763.45889999717474, 165371.891800001263618 ], [ 97838.227700002491474, 165389.037000000476837 ], [ 97841.57940000295639, 165389.810499999672174 ], [ 97851.247699998319149, 165425.003400001674891 ], [ 97869.939900003373623, 165444.469000000506639 ], [ 97875.998800002038479, 165453.234999999403954 ], [ 97887.85869999974966, 165474.505399998277426 ], [ 97892.112700000405312, 165487.267700001597404 ], [ 97901.781099997460842, 165518.206500001251698 ], [ 97956.826399996876717, 165496.936099998652935 ], [ 97983.253300003707409, 165486.236400000751019 ], [ 98088.960900001227856, 165502.737100001424551 ], [ 98128.536700002849102, 165508.924899999052286 ] ], [ [ 97692.041799999773502, 165514.339099999517202 ], [ 97707.769100002944469, 165516.143899999558926 ], [ 97746.055799998342991, 165518.980000000447035 ], [ 97789.885799996554852, 165522.331700000911951 ], [ 97800.714400000870228, 165518.077599998563528 ], [ 97811.929700002074242, 165515.499299999326468 ], [ 97818.762000001966953, 165513.952399998903275 ], [ 97835.133799999952316, 165504.284000001847744 ], [ 97841.837200000882149, 165500.674499999731779 ], [ 97864.267800003290176, 165494.873500000685453 ], [ 97892.112700000405312, 165487.267700001597404 ] ], [ [ 97901.781099997460842, 165518.206500001251698 ], [ 97908.097800001502037, 165559.329300001263618 ], [ 97910.675999999046326, 165576.603500001132488 ], [ 97914.80120000243187, 165582.920099999755621 ], [ 97924.598499998450279, 165629.844000000506639 ], [ 97934.524700000882149, 165657.302200000733137 ], [ 97950.896499998867512, 165702.163400001823902 ], [ 97960.564800001680851, 165730.652899999171495 ] ] ] } },
{ "type": "Feature", "properties": { "ID": 7805.0, "NR": "8", "TYPE": "c", "LENGTH": 1423.465, "GEMID": "066", "PLANID": "https://geodiensten.oost-vlaanderen.be/Bijlagen/detail/066-D-005.sid", "CEVI_OID": 7800, "GEMEENTE": "Etikhove", "DETAILPLAN": "066-D-005", "TYPE_LABEL": "chemin" }, "geometry": { "type": "MultiLineString", "coordinates": [ [ [ 97542.504299998283386, 165185.098700001835823 ], [ 97548.821000002324581, 165186.903499998152256 ], [ 97578.857400000095367, 165190.513000000268221 ], [ 97593.424400001764297, 165187.161299999803305 ], [ 97624.620999999344349, 165175.172499999403954 ], [ 97640.863899998366833, 165170.144999999552965 ], [ 97658.524800002574921, 165166.793299999088049 ], [ 97669.611199997365475, 165167.695700000971556 ], [ 97682.373499996960163, 165172.207600001245737 ], [ 97736.129600003361702, 165203.017499998211861 ], [ 97774.416400000452995, 165225.448100000619888 ], [ 97806.515399999916553, 165236.663400001823902 ], [ 97829.07490000128746, 165244.011399999260902 ], [ 97841.1925999969244, 165248.007599998265505 ], [ 97888.890000000596046, 165265.797499999403954 ], [ 97932.204300001263618, 165285.778799999505281 ], [ 97943.80629999935627, 165289.774999998509884 ], [ 97963.787600003182888, 165296.994100000709295 ], [ 97981.706399999558926, 165299.572299998253584 ], [ 98002.074400000274181, 165302.408399999141693 ], [ 98032.884300000965595, 165306.017900001257658 ], [ 98047.064599998295307, 165307.435899998992682 ], [ 98070.397600002586842, 165304.728799998760223 ], [ 98116.548000000417233, 165298.28319999948144 ], [ 98175.202799998223782, 165288.35700000077486 ], [ 98221.482100002467632, 165279.590999998152256 ], [ 98268.019199997186661, 165274.563400000333786 ], [ 98286.840300001204014, 165270.438299998641014 ], [ 98297.153200000524521, 165262.445700000971556 ], [ 98312.622599996626377, 165256.258000001311302 ], [ 98325.513800002634525, 165252.519499998539686 ], [ 98335.568899996578693, 165251.230399999767542 ], [ 98348.7179000005126, 165255.226700000464916 ], [ 98366.249899998307228, 165262.445700000971556 ], [ 98392.934600003063679, 165274.563400000333786 ], [ 98407.501599997282028, 165280.364500001072884 ], [ 98416.65429999679327, 165280.751200001686811 ], [ 98425.033600002527237, 165277.528400000184774 ], [ 98442.436599999666214, 165264.637200001627207 ], [ 98453.26519999653101, 165258.707299999892712 ], [ 98465.38289999961853, 165258.707299999892712 ], [ 98515.787399999797344, 165263.734900001436472 ], [ 98531.514600001275539, 165260.898800000548363 ], [ 98568.641199998557568, 165252.519499998539686 ], [ 98587.462300002574921, 165254.968899998813868 ], [ 98603.189499996602535, 165257.031500000506639 ], [ 98644.054499998688698, 165266.828699998557568 ], [ 98672.286200001835823, 165272.887600000947714 ], [ 98681.567800000309944, 165274.950199998915195 ], [ 98695.490299999713898, 165273.274300001561642 ], [ 98733.390299998223782, 165267.086599998176098 ], [ 98758.914800003170967, 165251.746100001037121 ] ], [ [ 98733.390299998223782, 165267.086599998176098 ], [ 98746.410400003194809, 165277.141699999570847 ] ], [ [ 98770.001199997961521, 165230.088899999856949 ], [ 98899.170699998736382, 165228.413100000470877 ] ] ] } },
{ "type": "Feature", "properties": { "ID": 7813.0, "NR": "94", "TYPE": "s", "LENGTH": 28.634, "GEMID": "066", "PLANID": "https://geodiensten.oost-vlaanderen.be/Bijlagen/detail/066-D-005.sid", "CEVI_OID": 7801, "GEMEENTE": "Etikhove", "DETAILPLAN": "066-D-005", "TYPE_LABEL": "sentier" }, "geometry": { "type": "MultiLineString", "coordinates": [ [ [ 98138.8496999964118, 165156.222500000149012 ], [ 98130.728200003504753, 165128.764299999922514 ] ] ] } },
{ "type": "Feature", "properties": { "ID": 7812.0, "NR": "9", "TYPE": "c", "LENGTH": 453.184, "GEMID": "066", "PLANID": "https://geodiensten.oost-vlaanderen.be/Bijlagen/detail/066-D-005.sid", "CEVI_OID": 7802, "GEMEENTE": "Etikhove", "DETAILPLAN": "066-D-005", "TYPE_LABEL": "chemin" }, "geometry": { "type": "MultiLineString", "coordinates": [ [ [ 98762.395400002598763, 165103.626600001007318 ], [ 98761.750799998641014, 165143.460299998521805 ], [ 98763.426700003445148, 165175.945999998599291 ], [ 98765.48929999768734, 165200.052499998360872 ], [ 98770.001199997961521, 165230.088899999856949 ], [ 98762.653200000524521, 165246.331799998879433 ], [ 98758.914800003170967, 165251.746100001037121 ], [ 98746.410400003194809, 165277.141699999570847 ], [ 98738.159999996423721, 165294.931499999016523 ], [ 98723.979699999094009, 165330.382199998944998 ], [ 98720.241300001740456, 165345.335900001227856 ], [ 98716.889600001275539, 165372.407400000840425 ], [ 98718.178700000047684, 165421.135999999940395 ], [ 98718.952200002968311, 165455.684300001710653 ], [ 98729.394000001251698, 165509.053800001740456 ], [ 98738.546700000762939, 165543.215399999171495 ] ] ] } },
{ "type": "Feature", "properties": { "ID": 7814.0, "NR": "10", "TYPE": "c", "LENGTH": 450.768, "GEMID": "066", "PLANID": "https://geodiensten.oost-vlaanderen.be/Bijlagen/detail/066-D-006.sid", "CEVI_OID": 7803, "GEMEENTE": "Etikhove", "DETAILPLAN": "066-D-006", "TYPE_LABEL": "chemin" }, "geometry": { "type": "MultiLineString", "coordinates": [ [ [ 97320.776199996471405, 165873.486999999731779 ], [ 97332.893899999558926, 165904.168000001460314 ], [ 97347.461000002920628, 165958.310899998992682 ], [ 97358.031700000166893, 165997.629000000655651 ], [ 97371.309600003063679, 166048.420200001448393 ], [ 97380.075599998235703, 166074.589200001209974 ], [ 97383.16950000077486, 166085.546700000762939 ], [ 97382.395999997854233, 166111.844700001180172 ], [ 97378.915399998426437, 166153.096400000154972 ], [ 97373.758900001645088, 166185.711100000888109 ], [ 97371.825300000607967, 166189.707400001585484 ], [ 97358.418399997055531, 166199.891399998217821 ], [ 97342.046700000762939, 166206.981499999761581 ], [ 97315.233000002801418, 166218.325800001621246 ], [ 97306.209200002253056, 166223.482200000435114 ], [ 97303.502099998295307, 166228.638700000941753 ], [ 97302.341899998486042, 166235.213199999183416 ], [ 97307.369400002062321, 166249.780200000852346 ], [ 97317.16669999808073, 166269.761500000953674 ] ] ] } },
{ "type": "Feature", "properties": { "ID": 7815.0, "NR": "129", "TYPE": "s", "LENGTH": 329.792, "GEMID": "066", "PLANID": "https://geodiensten.oost-vlaanderen.be/Bijlagen/detail/066-D-006.sid", "CEVI_OID": 7804, "GEMEENTE": "Etikhove", "DETAILPLAN": "066-D-006", "TYPE_LABEL": "sentier" }, "geometry": { "type": "MultiLineString", "coordinates": [ [ [ 96427.805100001394749, 166258.030499998480082 ], [ 96431.930299997329712, 166256.354699999094009 ], [ 96451.138099998235703, 166242.045499999076128 ], [ 96484.139499999582767, 166218.067899998277426 ], [ 96489.811599999666214, 166195.121700000017881 ], [ 96497.933100000023842, 166165.471999999135733 ], [ 96509.535099998116493, 166145.361699998378754 ], [ 96511.855499997735023, 166131.052600000053644 ], [ 96497.933100000023842, 166105.657000001519918 ], [ 96482.205899998545647, 166077.167500000447035 ], [ 96463.126900002360344, 166049.451499998569489 ], [ 96444.82150000333786, 166024.700399998575449 ], [ 96419.425899997353554, 165990.538800001144409 ] ] ] } },
{ "type": "Feature", "properties": { "ID": 7816.0, "NR": "130", "TYPE": "s", "LENGTH": 679.568, "GEMID": "066", "PLANID": "https://geodiensten.oost-vlaanderen.be/Bijlagen/detail/066-D-006.sid", "CEVI_OID": 7805, "GEMEENTE": "Etikhove", "DETAILPLAN": "066-D-006", "TYPE_LABEL": "sentier" }, "geometry": { "type": "MultiLineString", "coordinates": [ [ [ 96792.367299996316433, 166017.739199999719858 ], [ 96869.327600002288818, 165988.089499998837709 ], [ 96948.221500001847744, 165958.053100001066923 ], [ 97042.584899999201298, 165925.825199998915195 ], [ 97116.966899998486042, 165900.687399998307228 ] ], [ [ 96683.308100000023842, 166070.85080000013113 ], [ 96739.38459999859333, 166040.427700001746416 ], [ 96791.851700000464916, 166016.450100000947714 ] ], [ [ 96497.933100000023842, 166165.471999999135733 ], [ 96553.365099996328354, 166159.670899998396635 ], [ 96592.296400003135204, 166135.306600000709295 ], [ 96663.326700001955032, 166090.316500000655651 ], [ 96680.600900001823902, 166079.616799999028444 ], [ 96686.401900000870228, 166075.878400001674891 ] ] ] } },
{ "type": "Feature", "properties": { "ID": 7817.0, "NR": "131", "TYPE": "s", "LENGTH": 118.247, "GEMID": "066", "PLANID": "https://geodiensten.oost-vlaanderen.be/Bijlagen/detail/066-D-006.sid", "CEVI_OID": 7806, "GEMEENTE": "Etikhove", "DETAILPLAN": "066-D-006", "TYPE_LABEL": "sentier" }, "geometry": { "type": "MultiLineString", "coordinates": [ [ [ 96823.950699999928474, 165878.901299998164177 ], [ 96827.43129999935627, 165887.667300000786781 ], [ 96833.490099996328354, 165903.007800001651049 ], [ 96850.119699999690056, 165942.583700001239777 ], [ 96869.327600002288818, 165988.089499998837709 ] ] ] } },
{ "type": "Feature", "properties": { "ID": 7818.0, "NR": "132", "TYPE": "s", "LENGTH": 127.859, "GEMID": "066", "PLANID": "https://geodiensten.oost-vlaanderen.be/Bijlagen/detail/066-D-006.sid", "CEVI_OID": 7807, "GEMEENTE": "Etikhove", "DETAILPLAN": "066-D-006", "TYPE_LABEL": "sentier" }, "geometry": { "type": "MultiLineString", "coordinates": [ [ [ 96905.422899998724461, 165820.375399999320507 ], [ 96916.767099998891354, 165848.478199999779463 ], [ 96827.43129999935627, 165887.667300000786781 ] ] ] } },
{ "type": "Feature", "properties": { "ID": 7819.0, "NR": "15", "TYPE": "c", "LENGTH": 324.361, "GEMID": "066", "PLANID": "https://geodiensten.oost-vlaanderen.be/Bijlagen/detail/066-D-006.sid", "CEVI_OID": 7808, "GEMEENTE": "Etikhove", "DETAILPLAN": "066-D-006", "TYPE_LABEL": "chemin" }, "geometry": { "type": "MultiLineString", "coordinates": [ [ [ 96718.887699998915195, 166275.304699998348951 ], [ 96694.781199999153614, 166283.297200001776218 ], [ 96661.264200001955032, 166295.285999998450279 ], [ 96648.244099996984005, 166300.958099998533726 ], [ 96635.868600003421307, 166307.919399999082088 ], [ 96619.754600003361702, 166321.84180000051856 ], [ 96601.964800000190735, 166339.889499999582767 ], [ 96589.976000003516674, 166353.940799999982119 ], [ 96580.178700000047684, 166365.414000000804663 ] ], [ [ 96360.126500003039837, 166407.954799998551607 ], [ 96370.181599996984005, 166385.52419999986887 ], [ 96381.010200001299381, 166367.863299999386072 ], [ 96392.998999997973442, 166351.491500001400709 ], [ 96399.315700002014637, 166340.405099999159575 ], [ 96414.140500001609325, 166348.91330000013113 ], [ 96435.410899996757507, 166362.449000000953674 ], [ 96461.451099999248981, 166384.492899999022484 ] ] ] } },
{ "type": "Feature", "properties": { "ID": 7820.0, "NR": "17", "TYPE": "c", "LENGTH": 94.889, "GEMID": "066", "PLANID": "https://geodiensten.oost-vlaanderen.be/Bijlagen/detail/066-D-006.sid", "CEVI_OID": 7809, "GEMEENTE": "Etikhove", "DETAILPLAN": "066-D-006", "TYPE_LABEL": "chemin" }, "geometry": { "type": "MultiLineString", "coordinates": [ [ [ 96607.379100002348423, 165841.9037000015378 ], [ 96588.17119999974966, 165856.599599998444319 ], [ 96585.979699999094009, 165858.275499999523163 ], [ 96565.096100002527237, 165871.295499999076128 ], [ 96535.833099998533726, 165890.890099998563528 ], [ 96529.903200000524521, 165896.433299999684095 ] ] ] } },
{ "type": "Feature", "properties": { "ID": 7821.0, "NR": "38", "TYPE": "c", "LENGTH": 699.152, "GEMID": "066", "PLANID": "https://geodiensten.oost-vlaanderen.be/Bijlagen/detail/066-D-006.sid", "CEVI_OID": 7810, "GEMEENTE": "Etikhove", "DETAILPLAN": "066-D-006", "TYPE_LABEL": "chemin" }, "geometry": { "type": "MultiLineString", "coordinates": [ [ [ 96585.979699999094009, 165858.275499999523163 ], [ 96590.233800001442432, 165862.142799999564886 ], [ 96618.465499997138977, 165881.995200000703335 ], [ 96669.385600000619888, 165918.477200001478195 ], [ 96693.49210000038147, 165935.880300000309944 ], [ 96720.305699996650219, 165951.091899998486042 ], [ 96735.259499996900558, 165963.854100000113249 ], [ 96753.822700001299381, 165981.257199998944998 ], [ 96769.163199998438358, 165995.695300001651049 ], [ 96791.851700000464916, 166016.450100000947714 ], [ 96792.367299996316433, 166017.739199999719858 ], [ 96806.160899996757507, 166041.587900001555681 ], [ 96834.005800001323223, 166090.316500000655651 ], [ 96847.02589999884367, 166114.422899998724461 ], [ 96871.776900000870228, 166156.19029999896884 ], [ 96880.542900003492832, 166170.75730000063777 ], [ 96899.235100001096725, 166194.734900001436472 ], [ 96909.805799998342991, 166209.559799998998642 ], [ 96925.275200001895428, 166238.307100001722574 ], [ 96944.612000003457069, 166266.02309999987483 ], [ 96947.319099999964237, 166269.245900001376867 ], [ 96969.620899997651577, 166296.188400000333786 ], [ 96999.270499996840954, 166330.350000001490116 ], [ 97039.748800002038479, 166376.371500000357628 ] ] ] } },
{ "type": "Feature", "properties": { "ID": 7822.0, "NR": "39", "TYPE": "c", "LENGTH": 721.19, "GEMID": "066", "PLANID": "https://geodiensten.oost-vlaanderen.be/Bijlagen/detail/066-D-006.sid", "CEVI_OID": 7811, "GEMEENTE": "Etikhove", "DETAILPLAN": "066-D-006", "TYPE_LABEL": "chemin" }, "geometry": { "type": "MultiLineString", "coordinates": [ [ [ 95920.795500002801418, 165870.135299999266863 ], [ 95914.994499996304512, 165880.963899999856949 ], [ 95914.092100001871586, 165886.507100000977516 ], [ 95915.123400002717972, 165892.050299998372793 ], [ 95918.861900001764297, 165899.269400000572205 ], [ 95925.823100000619888, 165908.808800000697374 ], [ 95936.909500002861023, 165921.055399999022484 ], [ 95948.124799996614456, 165931.239500001072884 ], [ 95957.406499996781349, 165938.974199999123812 ], [ 95968.750699996948242, 165946.193199999630451 ], [ 95972.360200002789497, 165950.705099999904633 ], [ 96004.459200002253056, 165984.222199998795986 ], [ 96008.06870000064373, 165987.96059999987483 ], [ 96009.486800000071526, 165993.374899998307228 ], [ 96010.131300002336502, 166003.816700000315905 ], [ 96010.131300002336502, 166015.934399999678135 ], [ 96016.963600002229214, 166032.306200001388788 ], [ 96029.210299998521805, 166061.44029999896884 ], [ 96040.941200003027916, 166087.86710000038147 ], [ 96055.379299998283386, 166121.513099998235703 ], [ 96065.821199998259544, 166146.135200001299381 ], [ 96075.618500001728535, 166161.089000001549721 ], [ 96086.962700001895428, 166172.948800001293421 ], [ 96106.428300000727177, 166191.383200000971556 ], [ 96120.866499997675419, 166204.661100000143051 ], [ 96127.82769999653101, 166209.559799998998642 ], [ 96152.320900000631809, 166217.165500000119209 ], [ 96187.771600000560284, 166226.576099999248981 ], [ 96212.909400001168251, 166237.404699999839067 ], [ 96244.621699996292591, 166250.424800001084805 ], [ 96267.567900002002716, 166259.577500000596046 ], [ 96296.315200001001358, 166272.597600001841784 ], [ 96317.843500003218651, 166283.426100000739098 ], [ 96342.594499997794628, 166297.47749999910593 ], [ 96358.966300003230572, 166309.595199998468161 ], [ 96392.483300000429153, 166333.057100001722574 ], [ 96399.315700002014637, 166340.405099999159575 ] ] ] } },
{ "type": "Feature", "properties": { "ID": 7823.0, "NR": "40", "TYPE": "c", "LENGTH": 535.471, "GEMID": "066", "PLANID": "https://geodiensten.oost-vlaanderen.be/Bijlagen/detail/066-D-006.sid", "CEVI_OID": 7812, "GEMEENTE": "Etikhove", "DETAILPLAN": "066-D-006", "TYPE_LABEL": "chemin" }, "geometry": { "type": "MultiLineString", "coordinates": [ [ [ 96399.315700002014637, 166340.405099999159575 ], [ 96400.089100003242493, 166329.060899998992682 ], [ 96406.405799999833107, 166303.536400001496077 ], [ 96415.816299997270107, 166282.394900001585484 ], [ 96424.711199998855591, 166264.347199998795986 ], [ 96427.805100001394749, 166258.030499998480082 ], [ 96418.394599996507168, 166239.209399998188019 ], [ 96390.93639999628067, 166194.219300001859665 ], [ 96376.111599996685982, 166173.722300000488758 ], [ 96373.275499999523163, 166167.405600000172853 ], [ 96368.376900002360344, 166150.002599999308586 ], [ 96364.122800000011921, 166127.958700001239777 ], [ 96365.154100000858307, 166105.270199999213219 ], [ 96370.310500003397465, 166068.659299999475479 ], [ 96372.115299999713898, 166052.932100001722574 ], [ 96375.467000000178814, 166041.201099999248981 ], [ 96379.850000001490116, 166032.306200001388788 ], [ 96387.842500001192093, 166021.477600000798702 ], [ 96405.761200003325939, 166003.172200001776218 ], [ 96419.425899997353554, 165990.538800001144409 ], [ 96430.770099997520447, 165979.839200001209974 ], [ 96438.762599997222424, 165972.233399998396635 ], [ 96485.686499997973442, 165929.692499998956919 ], [ 96521.910599999129772, 165897.077899999916553 ], [ 96527.969499997794628, 165893.597300000488758 ] ] ] } },
{ "type": "Feature", "properties": { "ID": 7824.0, "NR": "53", "TYPE": "c", "LENGTH": 52.59, "GEMID": "066", "PLANID": "https://geodiensten.oost-vlaanderen.be/Bijlagen/detail/066-D-006.sid", "CEVI_OID": 7813, "GEMEENTE": "Etikhove", "DETAILPLAN": "066-D-006", "TYPE_LABEL": "chemin" }, "geometry": { "type": "MultiLineString", "coordinates": [ [ [ 97422.745399996638298, 166037.462699998170137 ], [ 97371.309600003063679, 166048.420200001448393 ] ] ] } },
{ "type": "Feature", "properties": { "ID": 7826.0, "NR": "72", "TYPE": "c", "LENGTH": 79.924, "GEMID": "066", "PLANID": "https://geodiensten.oost-vlaanderen.be/Bijlagen/detail/066-D-006.sid", "CEVI_OID": 7814, "GEMEENTE": "Etikhove", "DETAILPLAN": "066-D-006", "TYPE_LABEL": "chemin" }, "geometry": { "type": "MultiLineString", "coordinates": [ [ [ 96827.560199998319149, 166375.340199999511242 ], [ 96811.832999996840954, 166388.618099998682737 ], [ 96787.339800000190735, 166410.662000000476837 ], [ 96767.616300001740456, 166428.193900000303984 ] ] ] } },
{ "type": "Feature", "properties": { "ID": 7825.0, "NR": "7", "TYPE": "c", "LENGTH": 655.232, "GEMID": "066", "PLANID": "https://geodiensten.oost-vlaanderen.be/Bijlagen/detail/066-D-006.sid", "CEVI_OID": 7815, "GEMEENTE": "Etikhove", "DETAILPLAN": "066-D-006", "TYPE_LABEL": "chemin" }, "geometry": { "type": "MultiLineString", "coordinates": [ [ [ 96865.847000002861023, 166403.571800000965595 ], [ 96827.560199998319149, 166375.340199999511242 ], [ 96778.70269999653101, 166342.983300000429153 ], [ 96763.87780000269413, 166332.025800000876188 ], [ 96752.146899998188019, 166319.263599999248981 ], [ 96740.415899999439716, 166303.794199999421835 ], [ 96723.915200002491474, 166282.136999998241663 ], [ 96718.887699998915195, 166275.304699998348951 ], [ 96712.184299997985363, 166252.358399998396635 ], [ 96709.992799997329712, 166236.63120000064373 ], [ 96714.375799998641014, 166223.095499999821186 ], [ 96718.758799999952316, 166206.594799999147654 ], [ 96718.372000001370907, 166186.097800001502037 ], [ 96718.372000001370907, 166165.214099999517202 ], [ 96720.950300000607967, 166143.94370000064373 ], [ 96720.563500002026558, 166135.951200000941753 ], [ 96705.867600001394749, 166109.910999998450279 ], [ 96686.401900000870228, 166075.878400001674891 ], [ 96683.308100000023842, 166070.85080000013113 ], [ 96660.877400003373623, 166036.302499998360872 ], [ 96648.759700000286102, 166016.965700000524521 ], [ 96637.802199997007847, 166003.687800001353025 ], [ 96620.914800003170967, 165989.507500000298023 ], [ 96596.679399996995926, 165970.428599998354912 ], [ 96578.373999997973442, 165955.346000000834465 ], [ 96564.064800001680851, 165941.036800000816584 ], [ 96552.720499999821186, 165929.048000000417233 ], [ 96541.376299999654293, 165914.352000001817942 ], [ 96529.903200000524521, 165896.433299999684095 ], [ 96527.969499997794628, 165893.597300000488758 ], [ 96525.906900003552437, 165890.890099998563528 ] ] ] } },
{ "type": "Feature", "properties": { "ID": 7827.0, "NR": "87", "TYPE": "s", "LENGTH": 458.435, "GEMID": "066", "PLANID": "https://geodiensten.oost-vlaanderen.be/Bijlagen/detail/066-D-006.sid", "CEVI_OID": 7816, "GEMEENTE": "Etikhove", "DETAILPLAN": "066-D-006", "TYPE_LABEL": "sentier" }, "geometry": { "type": "MultiLineString", "coordinates": [ [ [ 97117.482500001788139, 165899.269400000572205 ], [ 97116.966899998486042, 165900.687399998307228 ], [ 97121.736599996685982, 165933.044199999421835 ], [ 97129.342399999499321, 165976.100699998438358 ], [ 97132.436300002038479, 165997.371199999004602 ], [ 97140.042099997401237, 166035.400100000202656 ], [ 97149.323700003325939, 166084.515399999916553 ], [ 97156.284999996423721, 166132.599500000476837 ], [ 97162.859499998390675, 166158.252900000661612 ], [ 97175.621699996292591, 166201.696100000292063 ], [ 97190.83330000191927, 166250.553700000047684 ], [ 97206.947200000286102, 166296.317299999296665 ], [ 97224.092500001192093, 166343.499000001698732 ] ] ] } },
{ "type": "Feature", "properties": { "ID": 7828.0, "NR": "88", "TYPE": "s", "LENGTH": 65.502, "GEMID": "066", "PLANID": "https://geodiensten.oost-vlaanderen.be/Bijlagen/detail/066-D-006.sid", "CEVI_OID": 7817, "GEMEENTE": "Etikhove", "DETAILPLAN": "066-D-006", "TYPE_LABEL": "sentier" }, "geometry": { "type": "MultiLineString", "coordinates": [ [ [ 97278.106499999761581, 166290.903000000864267 ], [ 97285.196599997580051, 166265.507399998605251 ], [ 97297.57209999859333, 166228.380899999290705 ] ] ] } },
{ "type": "Feature", "properties": { "ID": 7829.0, "NR": "89", "TYPE": "s", "LENGTH": 572.523, "GEMID": "066", "PLANID": "https://geodiensten.oost-vlaanderen.be/Bijlagen/detail/066-D-006.sid", "CEVI_OID": 7818, "GEMEENTE": "Etikhove", "DETAILPLAN": "066-D-006", "TYPE_LABEL": "sentier" }, "geometry": { "type": "MultiLineString", "coordinates": [ [ [ 97303.502099998295307, 166228.638700000941753 ], [ 97297.57209999859333, 166228.380899999290705 ], [ 97283.0050999969244, 166230.959100000560284 ], [ 97246.136399999260902, 166238.564899999648333 ], [ 97190.83330000191927, 166250.553700000047684 ], [ 97137.721699997782707, 166260.093100000172853 ], [ 97087.961800001561642, 166262.284600000828505 ], [ 97014.482100002467632, 166266.02309999987483 ], [ 96947.319099999964237, 166269.245900001376867 ] ], [ [ 96944.612000003457069, 166266.02309999987483 ], [ 96929.91610000282526, 166269.245900001376867 ], [ 96886.215000003576279, 166277.109499998390675 ], [ 96862.753100000321865, 166279.687699999660254 ], [ 96802.551299996674061, 166273.370999999344349 ], [ 96798.555100001394749, 166274.015599999576807 ], [ 96782.441100001335144, 166282.910500001162291 ], [ 96776.2533999979496, 166286.391100000590086 ], [ 96740.415899999439716, 166303.794199999421835 ] ] ] } },
{ "type": "Feature", "properties": { "ID": 7830.0, "NR": "90", "TYPE": "s", "LENGTH": 280.226, "GEMID": "066", "PLANID": "https://geodiensten.oost-vlaanderen.be/Bijlagen/detail/066-D-006.sid", "CEVI_OID": 7819, "GEMEENTE": "Etikhove", "DETAILPLAN": "066-D-006", "TYPE_LABEL": "sentier" }, "geometry": { "type": "MultiLineString", "coordinates": [ [ [ 96075.618500001728535, 166161.089000001549721 ], [ 96059.762299999594688, 166158.252900000661612 ], [ 96007.166400000452995, 166147.553199999034405 ], [ 95950.187399998307228, 166136.208999998867512 ], [ 95844.737700000405312, 166115.325300000607967 ], [ 95800.778800003230572, 166106.430399999022484 ] ] ] } },
{ "type": "Feature", "properties": { "ID": 7831.0, "NR": "92", "TYPE": "s", "LENGTH": 78.149, "GEMID": "066", "PLANID": "https://geodiensten.oost-vlaanderen.be/Bijlagen/detail/066-D-006.sid", "CEVI_OID": 7820, "GEMEENTE": "Etikhove", "DETAILPLAN": "066-D-006", "TYPE_LABEL": "sentier" }, "geometry": { "type": "MultiLineString", "coordinates": [ [ [ 97371.825300000607967, 166189.707400001585484 ], [ 97377.239600002765656, 166193.059099998325109 ], [ 97380.462300002574921, 166193.703600000590086 ], [ 97399.799099996685982, 166184.164200000464916 ], [ 97408.436200000345707, 166179.523299999535084 ], [ 97409.85419999808073, 166180.167899999767542 ], [ 97441.69539999961853, 166164.311799999326468 ] ] ] } },
{ "type": "Feature", "properties": { "ID": 7833.0, "NR": "105", "TYPE": "c", "LENGTH": 752.18, "GEMID": "066", "PLANID": "https://geodiensten.oost-vlaanderen.be/Bijlagen/detail/066-D-007.sid", "CEVI_OID": 7821, "GEMEENTE": "Etikhove", "DETAILPLAN": "066-D-007", "TYPE_LABEL": "chemin" }, "geometry": { "type": "MultiLineString", "coordinates": [ [ [ 96511.984399996697903, 165237.952500000596046 ], [ 96600.675700001418591, 165239.370600000023842 ], [ 96690.011500000953674, 165271.598499998450279 ], [ 96717.340700000524521, 165268.633499998599291 ], [ 96740.931599996984005, 165267.344399999827147 ], [ 96785.663900002837181, 165266.44200000166893 ], [ 96822.4037000015378, 165267.086599998176098 ], [ 96837.873099997639656, 165269.14919999986887 ], [ 96860.561599999666214, 165277.657299999147654 ], [ 96870.229999996721745, 165280.880100000649691 ], [ 96882.476599998772144, 165283.458299998193979 ], [ 96893.4341000020504, 165282.813799999654293 ], [ 96901.297700002789497, 165279.848799999803305 ], [ 96922.696999996900558, 165267.473299998790026 ], [ 96929.52929999679327, 165264.379399999976158 ], [ 96967.429399996995926, 165284.360700000077486 ], [ 97009.970200002193451, 165309.756299998611212 ], [ 97040.006599999964237, 165332.315900001674891 ], [ 97071.33219999819994, 165360.031899999827147 ], [ 97117.482500001788139, 165407.342500001192093 ], [ 97160.023400001227856, 165456.328899998217821 ], [ 97171.754399999976158, 165471.282600000500679 ] ] ] } },
{ "type": "Feature", "properties": { "ID": 7834.0, "NR": "105", "TYPE": "s", "LENGTH": 397.706, "GEMID": "066", "PLANID": "https://geodiensten.oost-vlaanderen.be/Bijlagen/detail/066-D-007.sid", "CEVI_OID": 7822, "GEMEENTE": "Etikhove", "DETAILPLAN": "066-D-007", "TYPE_LABEL": "sentier" }, "geometry": { "type": "MultiLineString", "coordinates": [ [ [ 97080.484899997711182, 165671.482500001788139 ], [ 97076.746500000357628, 165653.177000001072884 ], [ 97070.171999998390675, 165637.449799999594688 ], [ 97059.214500002563, 165626.105599999427795 ], [ 97049.546099998056889, 165617.468499999493361 ], [ 97044.776399999856949, 165609.862700000405312 ], [ 97044.776399999856949, 165603.0304000005126 ], [ 97047.612400002777576, 165597.487199999392033 ], [ 97052.897799998521805, 165593.104200001806021 ], [ 97065.531099997460842, 165583.30689999833703 ], [ 97076.230800002813339, 165572.864999998360872 ], [ 97079.711400002241135, 165566.032699998468161 ], [ 97081.258400000631809, 165553.91499999910593 ], [ 97084.610100001096725, 165541.926199998706579 ], [ 97091.184600003063679, 165530.324200000613928 ], [ 97099.306000001728535, 165520.397999998182058 ], [ 97109.361100003123283, 165512.018699999898672 ], [ 97127.15089999884367, 165500.932300001382828 ], [ 97150.483900003135204, 165487.783300001174212 ], [ 97171.754399999976158, 165471.282600000500679 ], [ 97188.770700000226498, 165457.618000000715256 ], [ 97221.256399996578693, 165430.546599999070168 ], [ 97235.694499999284744, 165420.104699999094009 ], [ 97248.585699997842312, 165413.787999998778105 ], [ 97261.605800002813339, 165411.209800001233816 ], [ 97268.695900000631809, 165410.307399999350309 ], [ 97279.008900001645088, 165411.983300000429153 ] ] ] } },
{ "type": "Feature", "properties": { "ID": 7832.0, "NR": "10", "TYPE": "c", "LENGTH": 642.994, "GEMID": "066", "PLANID": "https://geodiensten.oost-vlaanderen.be/Bijlagen/detail/066-D-007.sid", "CEVI_OID": 7823, "GEMEENTE": "Etikhove", "DETAILPLAN": "066-D-007", "TYPE_LABEL": "chemin" }, "geometry": { "type": "MultiLineString", "coordinates": [ [ [ 97367.313400000333786, 165306.146800000220537 ], [ 97347.332000002264977, 165320.069299999624491 ], [ 97329.80009999871254, 165342.757699999958277 ], [ 97302.084100000560284, 165380.142099998891354 ], [ 97293.575900003314018, 165390.84180000051856 ], [ 97282.489500001072884, 165407.600299999117851 ], [ 97279.008900001645088, 165411.983300000429153 ], [ 97284.552100002765656, 165420.878199998289347 ], [ 97286.485699996352196, 165427.839400000870228 ], [ 97291.255500003695488, 165444.726799998432398 ], [ 97289.579599998891354, 165483.52930000051856 ], [ 97287.645900003612041, 165512.534400001168251 ], [ 97285.583400003612041, 165542.570799998939037 ], [ 97285.583400003612041, 165565.646000001579523 ], [ 97286.485699996352196, 165592.201799999922514 ], [ 97286.614699997007847, 165607.284499999135733 ], [ 97286.872500002384186, 165608.573600001633167 ], [ 97290.48200000077486, 165624.171900000423193 ], [ 97291.513300001621246, 165628.425999999046326 ], [ 97294.736100003123283, 165642.090599998831749 ], [ 97297.829999998211861, 165657.044399999082088 ], [ 97294.478299997746944, 165684.373599998652935 ], [ 97290.353100001811981, 165720.597800001502037 ], [ 97288.290500000119209, 165737.485199999064207 ], [ 97289.837399996817112, 165765.201200000941753 ], [ 97292.802400000393391, 165781.959800001233816 ], [ 97298.990199998021126, 165806.581900000572205 ], [ 97307.75620000064373, 165830.817299999296665 ], [ 97316.522200003266335, 165856.083999998867512 ], [ 97333.538500003516674, 165904.554800000041723 ] ] ] } },
{ "type": "Feature", "properties": { "ID": 7835.0, "NR": "131", "TYPE": "s", "LENGTH": 138.865, "GEMID": "066", "PLANID": "https://geodiensten.oost-vlaanderen.be/Bijlagen/detail/066-D-007.sid", "CEVI_OID": 7824, "GEMEENTE": "Etikhove", "DETAILPLAN": "066-D-007", "TYPE_LABEL": "sentier" }, "geometry": { "type": "MultiLineString", "coordinates": [ [ [ 96833.232299998402596, 165886.378199998289347 ], [ 96832.45889999717474, 165885.089099999517202 ], [ 96816.215999998152256, 165843.321699999272823 ], [ 96795.332299999892712, 165789.952300000935793 ], [ 96782.312200002372265, 165757.208700001239777 ] ] ] } },
{ "type": "Feature", "properties": { "ID": 7836.0, "NR": "132", "TYPE": "s", "LENGTH": 497.509, "GEMID": "066", "PLANID": "https://geodiensten.oost-vlaanderen.be/Bijlagen/detail/066-D-007.sid", "CEVI_OID": 7825, "GEMEENTE": "Etikhove", "DETAILPLAN": "066-D-007", "TYPE_LABEL": "sentier" }, "geometry": { "type": "MultiLineString", "coordinates": [ [ [ 97040.135499998927116, 165532.644600000232458 ], [ 97004.684799998998642, 165556.879999998956919 ], [ 96961.757299996912479, 165587.689899999648333 ], [ 96933.009900003671646, 165602.77250000089407 ], [ 96882.089800000190735, 165642.993000000715256 ], [ 96897.688199996948242, 165667.486200001090765 ], [ 96903.23139999806881, 165678.959300000220537 ], [ 96903.747000001370907, 165696.749200001358986 ], [ 96903.618100002408028, 165706.288600001484156 ], [ 96905.036100000143051, 165733.231199998408556 ], [ 96904.520499996840954, 165820.891100000590086 ], [ 96915.735799998044968, 165848.220400001853704 ], [ 96832.45889999717474, 165885.089099999517202 ] ] ] } },
{ "type": "Feature", "properties": { "ID": 7837.0, "NR": "133", "TYPE": "s", "LENGTH": 469.427, "GEMID": "066", "PLANID": "https://geodiensten.oost-vlaanderen.be/Bijlagen/detail/066-D-007.sid", "CEVI_OID": 7826, "GEMEENTE": "Etikhove", "DETAILPLAN": "066-D-007", "TYPE_LABEL": "sentier" }, "geometry": { "type": "MultiLineString", "coordinates": [ [ [ 96694.910099998116493, 165697.909400001168251 ], [ 96724.8175999969244, 165667.486200001090765 ], [ 96725.848899997770786, 165617.468499999493361 ], [ 96726.364500001072884, 165600.194299999624491 ], [ 96743.638700000941753, 165575.185400001704693 ], [ 96738.482199996709824, 165567.450699999928474 ], [ 96765.295900002121925, 165517.43299999833107 ], [ 96774.964199997484684, 165498.998700000345707 ], [ 96777.026799999177456, 165491.521800000220537 ], [ 96779.991800002753735, 165490.232700001448393 ], [ 96791.851700000464916, 165450.141100000590086 ], [ 96799.715300001204014, 165423.456399999558926 ], [ 96812.090800002217293, 165377.306000001728535 ], [ 96817.891800001263618, 165355.391100000590086 ], [ 96819.567699998617172, 165353.973000001162291 ], [ 96848.959499999880791, 165311.561099998652935 ], [ 96870.229999996721745, 165280.880100000649691 ] ] ] } },
{ "type": "Feature", "properties": { "ID": 7838.0, "NR": "134", "TYPE": "s", "LENGTH": 367.334, "GEMID": "066", "PLANID": "https://geodiensten.oost-vlaanderen.be/Bijlagen/detail/066-D-007.sid", "CEVI_OID": 7827, "GEMEENTE": "Etikhove", "DETAILPLAN": "066-D-007", "TYPE_LABEL": "sentier" }, "geometry": { "type": "MultiLineString", "coordinates": [ [ [ 97268.695900000631809, 165410.307399999350309 ], [ 97267.406800001859665, 165406.955699998885393 ], [ 97250.777199998497963, 165379.110800001770258 ], [ 97248.199000000953674, 165376.919300001114607 ], [ 97242.655799999833107, 165372.536299999803305 ], [ 97221.256399996578693, 165352.168299999088049 ], [ 97185.547899998724461, 165319.553599998354912 ], [ 97139.139700002968311, 165279.977699998766184 ], [ 97107.943099997937679, 165253.293000001460314 ], [ 97082.547499999403954, 165230.991300001740456 ], [ 97053.026699997484684, 165262.574700001627207 ], [ 97029.564800001680851, 165287.583500001579523 ], [ 97009.970200002193451, 165309.756299998611212 ] ] ] } },
{ "type": "Feature", "properties": { "ID": 7839.0, "NR": "135", "TYPE": "s", "LENGTH": 227.266, "GEMID": "066", "PLANID": "https://geodiensten.oost-vlaanderen.be/Bijlagen/detail/066-D-007.sid", "CEVI_OID": 7828, "GEMEENTE": "Etikhove", "DETAILPLAN": "066-D-007", "TYPE_LABEL": "sentier" }, "geometry": { "type": "MultiLineString", "coordinates": [ [ [ 96922.696999996900558, 165267.473299998790026 ], [ 96920.247699998319149, 165252.390599999576807 ], [ 96946.158900000154972, 165221.322900000959635 ], [ 96979.160300001502037, 165180.586800001561642 ], [ 97002.751199997961521, 165190.255199998617172 ], [ 97033.818899996578693, 165126.959600001573563 ], [ 97033.818899996578693, 165120.900699999183416 ], [ 97030.725000001490116, 165104.142200000584126 ] ] ] } },
{ "type": "Feature", "properties": { "ID": 7840.0, "NR": "136", "TYPE": "s", "LENGTH": 208.268, "GEMID": "066", "PLANID": "https://geodiensten.oost-vlaanderen.be/Bijlagen/detail/066-D-007.sid", "CEVI_OID": 7829, "GEMEENTE": "Etikhove", "DETAILPLAN": "066-D-007", "TYPE_LABEL": "sentier" }, "geometry": { "type": "MultiLineString", "coordinates": [ [ [ 97183.35639999806881, 165181.360300000756979 ], [ 97120.705300003290176, 165192.962400000542402 ], [ 97084.610100001096725, 165229.186500001698732 ] ], [ [ 97082.547499999403954, 165230.991300001740456 ], [ 97084.610100001096725, 165229.186500001698732 ], [ 97080.484899997711182, 165226.737199999392033 ], [ 97064.628799997270107, 165218.873599998652935 ], [ 97041.166799999773502, 165207.787200000137091 ], [ 97002.751199997961521, 165190.255199998617172 ] ] ] } },
{ "type": "Feature", "properties": { "ID": 7841.0, "NR": "137", "TYPE": "s", "LENGTH": 99.244, "GEMID": "066", "PLANID": "https://geodiensten.oost-vlaanderen.be/Bijlagen/detail/066-D-007.sid", "CEVI_OID": 7830, "GEMEENTE": "Etikhove", "DETAILPLAN": "066-D-007", "TYPE_LABEL": "sentier" }, "geometry": { "type": "MultiLineString", "coordinates": [ [ [ 97307.885099999606609, 165297.638599999248981 ], [ 97284.552100002765656, 165328.577399998903275 ], [ 97269.211599998176098, 165348.171999998390675 ], [ 97248.199000000953674, 165376.919300001114607 ] ] ] } },
{ "type": "Feature", "properties": { "ID": 7842.0, "NR": "138", "TYPE": "s", "LENGTH": 80.417, "GEMID": "066", "PLANID": "https://geodiensten.oost-vlaanderen.be/Bijlagen/detail/066-D-007.sid", "CEVI_OID": 7831, "GEMEENTE": "Etikhove", "DETAILPLAN": "066-D-007", "TYPE_LABEL": "sentier" }, "geometry": { "type": "MultiLineString", "coordinates": [ [ [ 97286.872500002384186, 165608.573600001633167 ], [ 97366.539899997413158, 165619.531100001186132 ] ] ] } },
{ "type": "Feature", "properties": { "ID": 7844.0, "NR": "17", "TYPE": "c", "LENGTH": 539.245, "GEMID": "066", "PLANID": "https://geodiensten.oost-vlaanderen.be/Bijlagen/detail/066-D-007.sid", "CEVI_OID": 7832, "GEMEENTE": "Etikhove", "DETAILPLAN": "066-D-007", "TYPE_LABEL": "chemin" }, "geometry": { "type": "MultiLineString", "coordinates": [ [ [ 96584.561700001358986, 165858.275499999523163 ], [ 96625.684500001370907, 165826.305399999022484 ], [ 96649.53320000320673, 165809.675799999386072 ], [ 96672.866200000047684, 165795.753299999982119 ], [ 96696.843800000846386, 165784.537999998778105 ], [ 96734.099200002849102, 165771.904699999839067 ], [ 96772.901699997484684, 165759.0135000012815 ], [ 96782.312200002372265, 165757.208700001239777 ], [ 96833.490099996328354, 165743.544100001454353 ], [ 96859.014700002968311, 165736.453899998217821 ], [ 96873.065999999642372, 165729.621599998325109 ], [ 96882.605499997735023, 165721.500199999660254 ], [ 96890.984700001776218, 165713.120900001376867 ], [ 96903.618100002408028, 165706.288600001484156 ], [ 96932.107600003480911, 165704.999499998986721 ], [ 96950.026299998164177, 165702.679099999368191 ], [ 96975.550800003111362, 165696.491300001740456 ], [ 97009.067800000309944, 165689.659000001847744 ], [ 97038.975299999117851, 165682.311000000685453 ], [ 97065.273299999535084, 165676.510000001639128 ], [ 97080.484899997711182, 165671.482500001788139 ] ] ] } },
{ "type": "Feature", "properties": { "ID": 7845.0, "NR": "41", "TYPE": "c", "LENGTH": 548.797, "GEMID": "066", "PLANID": "https://geodiensten.oost-vlaanderen.be/Bijlagen/detail/066-D-007.sid", "CEVI_OID": 7833, "GEMEENTE": "Etikhove", "DETAILPLAN": "066-D-007", "TYPE_LABEL": "chemin" }, "geometry": { "type": "MultiLineString", "coordinates": [ [ [ 96772.901699997484684, 165759.0135000012815 ], [ 96766.069300003349781, 165740.321299999952316 ], [ 96762.459799997508526, 165734.520300000905991 ], [ 96756.529899999499321, 165729.105999998748302 ], [ 96751.244499996304512, 165727.430100001394749 ], [ 96737.321999996900558, 165729.363800000399351 ], [ 96727.524800002574921, 165730.137299999594688 ], [ 96721.723700001835823, 165729.879399999976158 ], [ 96716.309399999678135, 165726.012099999934435 ], [ 96694.910099998116493, 165697.909400001168251 ], [ 96664.229099996387959, 165658.204599998891354 ], [ 96611.117499999701977, 165591.428300000727177 ], [ 96573.346400000154972, 165543.730999998748302 ], [ 96529.774300001561642, 165496.678199999034405 ], [ 96494.710299998521805, 165458.133699998259544 ], [ 96441.340899996459484, 165405.279899999499321 ], [ 96406.534699998795986, 165370.602600000798702 ] ] ] } },
{ "type": "Feature", "properties": { "ID": 7847.0, "NR": "87", "TYPE": "s", "LENGTH": 462.839, "GEMID": "066", "PLANID": "https://geodiensten.oost-vlaanderen.be/Bijlagen/detail/066-D-007.sid", "CEVI_OID": 7834, "GEMEENTE": "Etikhove", "DETAILPLAN": "066-D-007", "TYPE_LABEL": "sentier" }, "geometry": { "type": "MultiLineString", "coordinates": [ [ [ 97122.767899997532368, 165906.746300000697374 ], [ 97121.349899999797344, 165880.7060999982059 ], [ 97119.287299998104572, 165842.419300001114607 ], [ 97118.384900003671646, 165817.53940000012517 ], [ 97113.228500001132488, 165782.475400000810623 ], [ 97106.138300001621246, 165738.387600000947714 ], [ 97104.333599999547005, 165722.789299998432398 ], [ 97095.180799998342991, 165670.837900001555681 ], [ 97142.362499997019768, 165650.083099998533726 ], [ 97175.621699996292591, 165635.644999999552965 ], [ 97194.958499997854233, 165636.934099998325109 ], [ 97235.307800002396107, 165641.574999999254942 ], [ 97286.614699997007847, 165607.284499999135733 ] ], [ [ 97080.484899997711182, 165671.482500001788139 ], [ 97090.024400003254414, 165672.771600000560284 ], [ 97093.118199996650219, 165672.642700001597404 ], [ 97095.180799998342991, 165670.837900001555681 ] ] ] } },
{ "type": "Feature", "properties": { "ID": 7848.0, "NR": "91", "TYPE": "s", "LENGTH": 448.404, "GEMID": "066", "PLANID": "https://geodiensten.oost-vlaanderen.be/Bijlagen/detail/066-D-007.sid", "CEVI_OID": 7835, "GEMEENTE": "Etikhove", "DETAILPLAN": "066-D-007", "TYPE_LABEL": "sentier" }, "geometry": { "type": "MultiLineString", "coordinates": [ [ [ 96740.931599996984005, 165267.344399999827147 ], [ 96751.115599997341633, 165279.719900000840425 ], [ 96783.085699997842312, 165315.557399999350309 ], [ 96819.567699998617172, 165353.973000001162291 ], [ 96839.935699999332428, 165374.341099999845028 ], [ 96865.975900001823902, 165399.607799999415874 ], [ 96907.098700001835823, 165441.117300000041723 ], [ 96935.717100001871586, 165463.290100000798702 ], [ 96965.753499999642372, 165483.400299999862909 ], [ 96999.786200001835823, 165505.831000000238419 ], [ 97040.135499998927116, 165532.644600000232458 ], [ 97046.9679000005126, 165536.254099998623133 ], [ 97081.258400000631809, 165553.91499999910593 ] ] ] } },
{ "type": "Feature", "properties": { "ID": 7849.0, "NR": "10", "TYPE": "c", "LENGTH": 829.369, "GEMID": "066", "PLANID": "https://geodiensten.oost-vlaanderen.be/Bijlagen/detail/066-D-008.sid", "CEVI_OID": 7836, "GEMEENTE": "Etikhove", "DETAILPLAN": "066-D-008", "TYPE_LABEL": "chemin" }, "geometry": { "type": "MultiLineString", "coordinates": [ [ [ 97128.182199999690056, 163999.756000000983477 ], [ 97125.088299997150898, 164020.7685999982059 ], [ 97126.635300002992153, 164035.33559999987483 ], [ 97132.565200001001358, 164052.094099998474121 ], [ 97141.202299997210503, 164077.489700000733137 ], [ 97150.870700001716614, 164099.404699999839067 ], [ 97157.058399997651577, 164111.780200000852346 ], [ 97166.597900003194809, 164123.253400001674891 ], [ 97182.711800001561642, 164135.24210000038147 ], [ 97209.009800001978874, 164154.192200001329184 ], [ 97218.420400001108646, 164164.247299998998642 ], [ 97226.670699998736382, 164180.103399999439716 ], [ 97247.683300003409386, 164217.874499998986721 ], [ 97261.347999997437, 164239.273899998515844 ], [ 97275.91499999910593, 164256.290199998766184 ], [ 97302.5996999964118, 164289.678300000727177 ], [ 97326.061599999666214, 164320.874899998307228 ], [ 97339.081699997186661, 164337.89130000025034 ], [ 97355.453500002622604, 164365.220600001513958 ], [ 97369.762699998915195, 164391.131799999624491 ], [ 97392.96679999679327, 164436.637600000947714 ], [ 97407.5337999984622, 164468.221000000834465 ], [ 97427.901799999177456, 164513.726799998432398 ], [ 97439.117200002074242, 164538.477800000458956 ], [ 97454.844400003552437, 164577.151299998164177 ], [ 97460.774300001561642, 164599.968699999153614 ], [ 97453.297399997711182, 164607.445599999278784 ], [ 97439.375, 164626.653400000184774 ], [ 97429.44879999756813, 164642.38060000166297 ], [ 97415.913099996745586, 164668.420800000429153 ], [ 97394.771499998867512, 164709.156899999827147 ] ] ] } },
{ "type": "Feature", "properties": { "ID": 7850.0, "NR": "128", "TYPE": "s", "LENGTH": 69.964, "GEMID": "066", "PLANID": "https://geodiensten.oost-vlaanderen.be/Bijlagen/detail/066-D-008.sid", "CEVI_OID": 7837, "GEMEENTE": "Etikhove", "DETAILPLAN": "066-D-008", "TYPE_LABEL": "sentier" }, "geometry": { "type": "MultiLineString", "coordinates": [ [ [ 98042.165899999439716, 165084.934399999678135 ], [ 98043.583999998867512, 165084.676600001752377 ], [ 98038.556400001049042, 165063.406100001186132 ], [ 98059.826800003647804, 165055.671399999409914 ], [ 98063.694200001657009, 165031.951699998229742 ] ] ] } },
{ "type": "Feature", "properties": { "ID": 7851.0, "NR": "140", "TYPE": "c", "LENGTH": 179.994, "GEMID": "066", "PLANID": "https://geodiensten.oost-vlaanderen.be/Bijlagen/detail/066-D-008.sid", "CEVI_OID": 7838, "GEMEENTE": "Etikhove", "DETAILPLAN": "066-D-008", "TYPE_LABEL": "chemin" }, "geometry": { "type": "MultiLineString", "coordinates": [ [ [ 97502.799500003457069, 164794.754200000315905 ], [ 97560.680900000035763, 164775.288600001484156 ], [ 97623.203000001609325, 164755.307300001382828 ], [ 97627.972699999809265, 164755.049400001764297 ], [ 97674.123099997639656, 164740.09569999948144 ] ] ] } },
{ "type": "Feature", "properties": { "ID": 7853.0, "NR": "141bis", "TYPE": "s", "LENGTH": 203.364, "GEMID": "066", "PLANID": "https://geodiensten.oost-vlaanderen.be/Bijlagen/detail/066-D-008.sid", "CEVI_OID": 7839, "GEMEENTE": "Etikhove", "DETAILPLAN": "066-D-008", "TYPE_LABEL": "sentier" }, "geometry": { "type": "MultiLineString", "coordinates": [ [ [ 97527.679499998688698, 164583.72580000013113 ], [ 97532.707000002264977, 164595.843499999493361 ], [ 97536.316500000655651, 164627.555799998342991 ], [ 97539.926100000739098, 164668.420800000429153 ], [ 97524.327799998223782, 164688.65989999845624 ], [ 97504.217500001192093, 164714.442299999296665 ], [ 97467.864500001072884, 164760.979400001466274 ] ] ] } },
{ "type": "Feature", "properties": { "ID": 7852.0, "NR": "141", "TYPE": "s", "LENGTH": 418.162, "GEMID": "066", "PLANID": "https://geodiensten.oost-vlaanderen.be/Bijlagen/detail/066-D-008.sid", "CEVI_OID": 7840, "GEMEENTE": "Etikhove", "DETAILPLAN": "066-D-008", "TYPE_LABEL": "sentier" }, "geometry": { "type": "MultiLineString", "coordinates": [ [ [ 98172.366700001060963, 164231.796999998390675 ], [ 98170.6908999979496, 164222.386399999260902 ], [ 98159.217699997127056, 164197.635400000959635 ], [ 98151.869800001382828, 164181.263599999248981 ], [ 98102.238799996674061, 164179.716699998825788 ], [ 98067.303700000047684, 164195.186099998652935 ], [ 98028.759099997580051, 164257.837099999189377 ], [ 97985.831500001251698, 164287.744600001722574 ], [ 97940.970299996435642, 164319.585799999535084 ], [ 97907.968900002539158, 164335.44200000166893 ] ], [ [ 98182.421800002455711, 164287.744600001722574 ], [ 98174.815999999642372, 164246.492899999022484 ], [ 98172.366700001060963, 164231.796999998390675 ], [ 98173.526900000870228, 164231.668099999427795 ] ] ] } },
{ "type": "Feature", "properties": { "ID": 7854.0, "NR": "22", "TYPE": "c", "LENGTH": 872.932, "GEMID": "066", "PLANID": "https://geodiensten.oost-vlaanderen.be/Bijlagen/detail/066-D-008.sid", "CEVI_OID": 7841, "GEMEENTE": "Etikhove", "DETAILPLAN": "066-D-008", "TYPE_LABEL": "chemin" }, "geometry": { "type": "MultiLineString", "coordinates": [ [ [ 98220.450800001621246, 164638.642200000584126 ], [ 98189.125200003385544, 164659.912599999457598 ], [ 98141.814599998295307, 164691.36710000038147 ], [ 98120.028599999845028, 164706.063000001013279 ], [ 98107.781999997794628, 164714.828999999910593 ], [ 98090.378899998962879, 164728.622499998658895 ], [ 98070.139799997210503, 164749.76410000026226 ], [ 98056.604000002145767, 164759.174600001424551 ], [ 98038.427500002086163, 164771.55009999871254 ], [ 98023.473700001835823, 164782.378699999302626 ], [ 98004.65259999781847, 164794.367499999701977 ], [ 97973.842699997127056, 164812.028400000184774 ], [ 97950.123000003397465, 164827.497800000011921 ], [ 97948.576099999248981, 164832.009700000286102 ], [ 97950.638599999248981, 164846.576699998229742 ], [ 97952.959100000560284, 164861.917199999094009 ], [ 97952.185599997639656, 164869.394099999219179 ], [ 97950.251900002360344, 164881.254000000655651 ], [ 97946.255599997937679, 164886.797200001776218 ], [ 97938.907700002193451, 164891.824700001627207 ], [ 97923.567199997603893, 164897.110100001096725 ], [ 97905.648500002920628, 164904.458000000566244 ], [ 97889.792300000786781, 164909.743400000035763 ], [ 97882.186499997973442, 164910.903599999845028 ], [ 97866.072599999606609, 164910.903599999845028 ], [ 97850.216499999165535, 164911.161499999463558 ], [ 97835.778300002217293, 164915.028799999505281 ], [ 97834.876000002026558, 164915.28660000115633 ], [ 97822.500399999320507, 164919.153999999165535 ], [ 97812.832099996507168, 164924.439399998635054 ], [ 97807.933399997651577, 164931.142799999564886 ], [ 97802.905900001525879, 164939.65089999884367 ], [ 97791.174900002777576, 164959.632199998944998 ], [ 97783.440200001001358, 164972.781199999153614 ], [ 97776.994599997997284, 164975.488400001078844 ], [ 97740.641500003635883, 164988.37950000166893 ], [ 97736.258500002324581, 164990.442099999636412 ], [ 97736.903099998831749, 164993.793800000101328 ], [ 97738.450000002980232, 165001.528499998152256 ], [ 97742.059600003063679, 165029.244500000029802 ], [ 97751.727899998426437, 165065.597600001841784 ], [ 97753.790500000119209, 165073.461199998855591 ], [ 97783.05349999666214, 165123.865699999034405 ], [ 97733.809199996292591, 165146.038499999791384 ], [ 97713.312299996614456, 165157.382699999958277 ], [ 97702.741499997675419, 165164.086100000888109 ] ] ] } },
{ "type": "Feature", "properties": { "ID": 7855.0, "NR": "23", "TYPE": "c", "LENGTH": 1241.759, "GEMID": "066", "PLANID": "https://geodiensten.oost-vlaanderen.be/Bijlagen/detail/066-D-008.sid", "CEVI_OID": 7842, "GEMEENTE": "Etikhove", "DETAILPLAN": "066-D-008", "TYPE_LABEL": "chemin" }, "geometry": { "type": "MultiLineString", "coordinates": [ [ [ 97736.258500002324581, 164990.442099999636412 ], [ 97725.429999999701977, 164980.644799999892712 ], [ 97717.953100003302097, 164971.49210000038147 ], [ 97712.023100003600121, 164963.628499999642372 ], [ 97704.675200000405312, 164949.061500001698732 ], [ 97702.354800000786781, 164942.873700000345707 ], [ 97699.647600002586842, 164933.721000000834465 ], [ 97698.229599997401237, 164920.3141999989748 ], [ 97697.8429000005126, 164905.102600000798702 ], [ 97698.100699998438358, 164866.94480000063777 ], [ 97698.229599997401237, 164849.026000000536442 ], [ 97696.811599999666214, 164832.009700000286102 ], [ 97694.748999997973442, 164811.641699999570847 ], [ 97690.752700001001358, 164794.496399998664856 ], [ 97685.5962999984622, 164770.647700000554323 ], [ 97676.701399996876717, 164747.1858000010252 ], [ 97674.123099997639656, 164740.09569999948144 ], [ 97673.09179999679327, 164738.548700001090765 ], [ 97659.813900001347065, 164711.864000000059605 ], [ 97649.501000002026558, 164690.593600001186132 ], [ 97634.676100000739098, 164659.912599999457598 ], [ 97619.593500003218651, 164629.618400000035763 ], [ 97602.577100001275539, 164593.52309999987483 ], [ 97591.361800000071526, 164569.545499999076128 ], [ 97589.557099997997284, 164564.131299998611212 ], [ 97589.685999996960163, 164559.3614999987185 ], [ 97594.068999998271465, 164548.661899998784065 ], [ 97592.779899999499321, 164534.481600001454353 ], [ 97588.267899997532368, 164518.883299998939037 ], [ 97585.818599998950958, 164510.375100001692772 ], [ 97586.592100001871586, 164505.218600001186132 ], [ 97592.779899999499321, 164496.452599998563528 ], [ 97605.928800001740456, 164480.854299999773502 ], [ 97629.777500003576279, 164450.173300001770258 ], [ 97636.223099999129772, 164442.051899999380112 ], [ 97646.4070999994874, 164433.157000001519918 ], [ 97658.138099998235703, 164424.906700000166893 ], [ 97672.962899997830391, 164416.140700001269579 ], [ 97687.272100001573563, 164408.276999998837709 ], [ 97698.616300001740456, 164402.862799998372793 ], [ 97706.995600000023842, 164398.995400000363588 ], [ 97715.116999998688698, 164392.549800001084805 ], [ 97717.050700001418591, 164387.135499998927116 ], [ 97716.921800002455711, 164380.045400001108646 ], [ 97707.382299996912479, 164349.751200001686811 ], [ 97699.905500002205372, 164317.781100001186132 ], [ 97691.010499998927116, 164281.55689999833703 ], [ 97690.752700001001358, 164249.586800001561642 ], [ 97691.655100002884865, 164235.27760000154376 ], [ 97694.362300001084805, 164212.202399998903275 ], [ 97692.170800000429153, 164200.987100001424551 ], [ 97681.471100002527237, 164159.219700001180172 ], [ 97678.377199999988079, 164138.335999999195337 ], [ 97695.006800003349781, 164131.503699999302626 ], [ 97738.321099996566772, 164118.354699999094009 ], [ 97767.326300002634525, 164109.073100000619888 ], [ 97807.675599999725819, 164093.474800001829863 ], [ 97871.744699999690056, 164070.657400000840425 ], [ 97905.003899998962879, 164058.539700001478195 ], [ 97920.859999999403954, 164050.418299999088049 ], [ 97945.095399998128414, 164036.753600001335144 ] ] ] } },
{ "type": "Feature", "properties": { "ID": 7856.0, "NR": "24", "TYPE": "c", "LENGTH": 136.484, "GEMID": "066", "PLANID": "https://geodiensten.oost-vlaanderen.be/Bijlagen/detail/066-D-008.sid", "CEVI_OID": 7843, "GEMEENTE": "Etikhove", "DETAILPLAN": "066-D-008", "TYPE_LABEL": "chemin" }, "geometry": { "type": "MultiLineString", "coordinates": [ [ [ 97460.774300001561642, 164599.968699999153614 ], [ 97478.177400000393391, 164596.616999998688698 ], [ 97497.127400003373623, 164592.620700001716614 ], [ 97514.401600003242493, 164587.979899998754263 ], [ 97527.679499998688698, 164583.72580000013113 ], [ 97543.535599999129772, 164577.409200001507998 ], [ 97569.575800001621246, 164563.873399998992682 ], [ 97575.119000002741814, 164560.392799999564886 ], [ 97589.685999996960163, 164559.3614999987185 ] ] ] } },
{ "type": "Feature", "properties": { "ID": 7857.0, "NR": "25", "TYPE": "c", "LENGTH": 544.4, "GEMID": "066", "PLANID": "https://geodiensten.oost-vlaanderen.be/Bijlagen/detail/066-D-008.sid", "CEVI_OID": 7844, "GEMEENTE": "Etikhove", "DETAILPLAN": "066-D-008", "TYPE_LABEL": "chemin" }, "geometry": { "type": "MultiLineString", "coordinates": [ [ [ 97678.377199999988079, 164138.335999999195337 ], [ 97669.740099996328354, 164118.612500000745058 ], [ 97663.552400000393391, 164099.404699999839067 ], [ 97657.880199998617172, 164079.810100000351667 ], [ 97655.688799999654293, 164076.58729999884963 ], [ 97652.336999997496605, 164075.813900001347065 ], [ 97634.547200001776218, 164080.454700000584126 ], [ 97566.739699997007847, 164101.33839999884367 ], [ 97546.113799996674061, 164104.818999998271465 ], [ 97517.366499997675419, 164108.041799999773502 ], [ 97494.033500000834465, 164112.940400000661612 ], [ 97474.825699999928474, 164117.065600000321865 ], [ 97463.481499999761581, 164118.612500000745058 ], [ 97455.231100000441074, 164119.385999999940395 ], [ 97444.14469999819994, 164117.581199999898672 ], [ 97428.159699998795986, 164114.358399998396635 ], [ 97418.362400002777576, 164112.166900001466274 ], [ 97411.659000001847744, 164108.299600001424551 ], [ 97398.896700002253056, 164094.506099998950958 ], [ 97389.357199996709824, 164086.126800000667572 ], [ 97381.751500003039837, 164081.486000001430511 ], [ 97376.723899997770786, 164081.74379999935627 ], [ 97358.547399997711182, 164086.126800000667572 ], [ 97346.042900003492832, 164089.349599998444319 ], [ 97330.315700002014637, 164092.056699998676777 ], [ 97321.93639999628067, 164093.216899998486042 ], [ 97292.673500001430511, 164111.522399999201298 ], [ 97284.681000001728535, 164117.065600000321865 ], [ 97265.730999998748302, 164131.632599998265505 ], [ 97254.773500002920628, 164141.429900001734495 ], [ 97242.011200003325939, 164149.809200000017881 ], [ 97218.420400001108646, 164164.247299998998642 ] ] ] } },
{ "type": "Feature", "properties": { "ID": 7858.0, "NR": "26bis", "TYPE": "c", "LENGTH": 102.208, "GEMID": "066", "PLANID": "https://geodiensten.oost-vlaanderen.be/Bijlagen/detail/066-D-008.sid", "CEVI_OID": 7845, "GEMEENTE": "Etikhove", "DETAILPLAN": "066-D-008", "TYPE_LABEL": "chemin" }, "geometry": { "type": "MultiLineString", "coordinates": [ [ [ 97312.783699996769428, 164649.470800001174212 ], [ 97318.197999998927116, 164653.209199998527765 ], [ 97338.952799998223782, 164673.061599999666214 ], [ 97353.519799999892712, 164685.050400000065565 ], [ 97368.989200003445148, 164696.523499999195337 ], [ 97383.29839999973774, 164704.644999999552965 ], [ 97394.771499998867512, 164709.156899999827147 ] ] ] } },
{ "type": "Feature", "properties": { "ID": 7859.0, "NR": "42", "TYPE": "c", "LENGTH": 425.027, "GEMID": "066", "PLANID": "https://geodiensten.oost-vlaanderen.be/Bijlagen/detail/066-D-008.sid", "CEVI_OID": 7846, "GEMEENTE": "Etikhove", "DETAILPLAN": "066-D-008", "TYPE_LABEL": "chemin" }, "geometry": { "type": "MultiLineString", "coordinates": [ [ [ 97673.09179999679327, 164738.548700001090765 ], [ 97730.328599996864796, 164727.978000000119209 ], [ 97710.862899996340275, 164670.999000001698732 ], [ 97696.553700000047684, 164634.130300000309944 ], [ 97685.209499999880791, 164597.132599998265505 ], [ 97705.577600002288818, 164553.947200000286102 ], [ 97727.621500000357628, 164507.152300000190735 ], [ 97742.059600003063679, 164479.951900001615286 ], [ 97733.035800002515316, 164436.122000001370907 ], [ 97730.586400002241135, 164432.641399998217821 ], [ 97722.980599999427795, 164392.291999999433756 ], [ 97720.531300000846386, 164389.069200001657009 ], [ 97717.050700001418591, 164387.135499998927116 ] ] ] } },
{ "type": "Feature", "properties": { "ID": 7860.0, "NR": "52", "TYPE": "c", "LENGTH": 242.035, "GEMID": "066", "PLANID": "https://geodiensten.oost-vlaanderen.be/Bijlagen/detail/066-D-008.sid", "CEVI_OID": 7847, "GEMEENTE": "Etikhove", "DETAILPLAN": "066-D-008", "TYPE_LABEL": "chemin" }, "geometry": { "type": "MultiLineString", "coordinates": [ [ [ 97733.035800002515316, 164436.122000001370907 ], [ 97788.467799998819828, 164434.446100000292063 ], [ 97862.720899999141693, 164432.89919999986887 ], [ 97906.808700002729893, 164432.254599999636412 ], [ 97955.279500000178814, 164427.74269999936223 ], [ 97973.327100001275539, 164420.265799999237061 ] ] ] } },
{ "type": "Feature", "properties": { "ID": 7861.0, "NR": "58.4°", "TYPE": "c", "LENGTH": 113.411, "GEMID": "066", "PLANID": "https://geodiensten.oost-vlaanderen.be/Bijlagen/detail/066-D-008.sid", "CEVI_OID": 7848, "GEMEENTE": "Etikhove", "DETAILPLAN": "066-D-008", "TYPE_LABEL": "chemin" }, "geometry": { "type": "MultiLineString", "coordinates": [ [ [ 97626.554700002074242, 163967.785900000482798 ], [ 97637.383299998939037, 164000.400499999523163 ], [ 97649.629900000989437, 164038.042700000107288 ], [ 97655.430900000035763, 164055.961500000208616 ], [ 97655.688799999654293, 164076.58729999884963 ] ] ] } },
{ "type": "Feature", "properties": { "ID": 7862.0, "NR": "81", "TYPE": "s", "LENGTH": 205.125, "GEMID": "066", "PLANID": "https://geodiensten.oost-vlaanderen.be/Bijlagen/detail/066-D-008.sid", "CEVI_OID": 7849, "GEMEENTE": "Etikhove", "DETAILPLAN": "066-D-008", "TYPE_LABEL": "sentier" }, "geometry": { "type": "MultiLineString", "coordinates": [ [ [ 97736.903099998831749, 164993.793800000101328 ], [ 97716.277199998497963, 165007.716299999505281 ], [ 97645.891500003635883, 165059.280999999493361 ], [ 97621.011500000953674, 165076.168400000780821 ], [ 97602.319300003349781, 165089.833000000566244 ], [ 97597.936300002038479, 165097.052099999040365 ], [ 97590.846199996769428, 165112.134700000286102 ], [ 97585.5608000010252, 165125.799400001764297 ] ] ] } },
{ "type": "Feature", "properties": { "ID": 7863.0, "NR": "94", "TYPE": "s", "LENGTH": 327.32, "GEMID": "066", "PLANID": "https://geodiensten.oost-vlaanderen.be/Bijlagen/detail/066-D-008.sid", "CEVI_OID": 7850, "GEMEENTE": "Etikhove", "DETAILPLAN": "066-D-008", "TYPE_LABEL": "sentier" }, "geometry": { "type": "MultiLineString", "coordinates": [ [ [ 97952.185599997639656, 164869.394099999219179 ], [ 98000.398500002920628, 164889.762099999934435 ], [ 98006.844099998474121, 164902.524399999529123 ], [ 98029.4037000015378, 164941.584600001573563 ], [ 98061.2449000030756, 164998.821400001645088 ], [ 98059.826800003647804, 165012.228199999779463 ], [ 98059.826800003647804, 165019.962900001555681 ], [ 98060.987000003457069, 165026.537399999797344 ], [ 98063.694200001657009, 165031.951699998229742 ], [ 98075.940800003707409, 165050.643899999558926 ], [ 98094.375200003385544, 165076.941899999976158 ], [ 98131.5016999989748, 165126.186099998652935 ] ] ] } },
{ "type": "Feature", "properties": { "ID": 7864.0, "NR": "95", "TYPE": "s", "LENGTH": 333.648, "GEMID": "066", "PLANID": "https://geodiensten.oost-vlaanderen.be/Bijlagen/detail/066-D-008.sid", "CEVI_OID": 7851, "GEMEENTE": "Etikhove", "DETAILPLAN": "066-D-008", "TYPE_LABEL": "sentier" }, "geometry": { "type": "MultiLineString", "coordinates": [ [ [ 98000.398500002920628, 164889.762099999934435 ], [ 98070.010799996554852, 164852.248799998313189 ], [ 98113.325199998915195, 164829.689300000667572 ], [ 98137.302699998021126, 164826.982099998742342 ], [ 98170.6908999979496, 164822.341299999505281 ], [ 98202.789899997413158, 164811.254900000989437 ], [ 98245.588500000536442, 164792.820500001311302 ], [ 98266.085500001907349, 164783.925599999725819 ], [ 98307.466099999845028, 164766.264699999243021 ] ] ] } },
{ "type": "Feature", "properties": { "ID": 7865.0, "NR": "96", "TYPE": "s", "LENGTH": 565.135, "GEMID": "066", "PLANID": "https://geodiensten.oost-vlaanderen.be/Bijlagen/detail/066-D-008.sid", "CEVI_OID": 7852, "GEMEENTE": "Etikhove", "DETAILPLAN": "066-D-008", "TYPE_LABEL": "sentier" }, "geometry": { "type": "MultiLineString", "coordinates": [ [ [ 98207.04389999806881, 164517.980900000780821 ], [ 98191.187799997627735, 164501.351300001144409 ], [ 98177.265399999916553, 164487.944499999284744 ], [ 98171.851099997758865, 164480.983199998736382 ], [ 98170.304099999368191, 164477.502599999308586 ], [ 98137.431599996984005, 164459.326099999248981 ], [ 98113.582999996840954, 164448.755300000309944 ], [ 98106.621799997985363, 164445.790300000458956 ], [ 98079.679200001060963, 164438.700199998915195 ], [ 98054.799300000071526, 164434.574999999254942 ], [ 98034.04450000077486, 164403.378400001674891 ], [ 98033.142099998891354, 164399.897799998521805 ], [ 97994.597499996423721, 164375.404599998146296 ], [ 97969.072999998927116, 164361.997800000011921 ], [ 97933.364500001072884, 164345.368200000375509 ], [ 97911.707299999892712, 164336.602200001478195 ], [ 97907.968900002539158, 164335.44200000166893 ], [ 97898.042700000107288, 164335.184099998325109 ], [ 97883.088899999856949, 164333.508299998939037 ], [ 97840.548100002110004, 164343.563400000333786 ], [ 97840.161300003528595, 164355.809999998658895 ], [ 97775.834399998188019, 164375.662399999797344 ], [ 97722.980599999427795, 164392.291999999433756 ] ] ] } },
{ "type": "Feature", "properties": { "ID": 7866.0, "NR": "97", "TYPE": "s", "LENGTH": 267.823, "GEMID": "066", "PLANID": "https://geodiensten.oost-vlaanderen.be/Bijlagen/detail/066-D-008.sid", "CEVI_OID": 7853, "GEMEENTE": "Etikhove", "DETAILPLAN": "066-D-008", "TYPE_LABEL": "sentier" }, "geometry": { "type": "MultiLineString", "coordinates": [ [ [ 97883.088899999856949, 164333.508299998939037 ], [ 97858.982400000095367, 164259.899700000882149 ], [ 97842.223899997770786, 164212.975900001823902 ], [ 97833.457900002598763, 164205.370099999010563 ], [ 97802.905900001525879, 164176.622800000011921 ], [ 97738.321099996566772, 164118.354699999094009 ] ] ] } },
{ "type": "Feature", "properties": { "ID": 7867.0, "NR": "98", "TYPE": "s", "LENGTH": 247.679, "GEMID": "066", "PLANID": "https://geodiensten.oost-vlaanderen.be/Bijlagen/detail/066-D-008.sid", "CEVI_OID": 7854, "GEMEENTE": "Etikhove", "DETAILPLAN": "066-D-008", "TYPE_LABEL": "sentier" }, "geometry": { "type": "MultiLineString", "coordinates": [ [ [ 97730.328599996864796, 164727.978000000119209 ], [ 97763.201099999248981, 164722.563700001686811 ], [ 97834.747100003063679, 164762.912999998778105 ], [ 97896.495700001716614, 164797.848099999129772 ], [ 97950.123000003397465, 164827.497800000011921 ] ] ] } },
{ "type": "Feature", "properties": { "ID": 7868.0, "NR": "0", "TYPE": "inc", "LENGTH": 34.845, "GEMID": "066", "PLANID": "https://geodiensten.oost-vlaanderen.be/Bijlagen/detail/066-D-009.sid", "CEVI_OID": 7855, "GEMEENTE": "Etikhove", "DETAILPLAN": "066-D-009", "TYPE_LABEL": "type inconnu" }, "geometry": { "type": "MultiLineString", "coordinates": [ [ [ 98902.393500000238419, 164169.919399999082088 ], [ 98905.100599996745586, 164172.368700001388788 ], [ 98931.26969999819994, 164183.97069999948144 ], [ 98933.718999996781349, 164184.744199998676777 ] ] ] } },
{ "type": "Feature", "properties": { "ID": 7869.0, "NR": "104", "TYPE": "s", "LENGTH": 122.294, "GEMID": "066", "PLANID": "https://geodiensten.oost-vlaanderen.be/Bijlagen/detail/066-D-009.sid", "CEVI_OID": 7856, "GEMEENTE": "Etikhove", "DETAILPLAN": "066-D-009", "TYPE_LABEL": "sentier" }, "geometry": { "type": "MultiLineString", "coordinates": [ [ [ 98713.537900000810623, 164270.470499999821186 ], [ 98718.178700000047684, 164268.150100000202656 ], [ 98722.948399998247623, 164266.603100001811981 ], [ 98726.815800003707409, 164266.603100001811981 ], [ 98730.811999998986721, 164268.021200001239777 ], [ 98733.132500000298023, 164271.75959999859333 ], [ 98739.707000002264977, 164286.32660000026226 ], [ 98739.707000002264977, 164290.193999998271465 ], [ 98757.625699996948242, 164313.655900001525879 ], [ 98788.693400003015995, 164353.102899998426437 ] ] ] } },
{ "type": "Feature", "properties": { "ID": 7870.0, "NR": "141", "TYPE": "s", "LENGTH": 209.772, "GEMID": "066", "PLANID": "https://geodiensten.oost-vlaanderen.be/Bijlagen/detail/066-D-009.sid", "CEVI_OID": 7857, "GEMEENTE": "Etikhove", "DETAILPLAN": "066-D-009", "TYPE_LABEL": "sentier" }, "geometry": { "type": "MultiLineString", "coordinates": [ [ [ 98157.799699999392033, 164181.779199998825788 ], [ 98175.460600003600121, 164230.765700001269579 ], [ 98213.231700003147125, 164222.257500000298023 ], [ 98226.122900001704693, 164270.083700001239777 ], [ 98252.678700000047684, 164285.295299999415874 ], [ 98286.066799998283386, 164305.147700000554323 ] ] ] } },
{ "type": "Feature", "properties": { "ID": 7871.0, "NR": "142", "TYPE": "s", "LENGTH": 325.155, "GEMID": "066", "PLANID": "https://geodiensten.oost-vlaanderen.be/Bijlagen/detail/066-D-009.sid", "CEVI_OID": 7858, "GEMEENTE": "Etikhove", "DETAILPLAN": "066-D-009", "TYPE_LABEL": "sentier" }, "geometry": { "type": "MultiLineString", "coordinates": [ [ [ 98537.315600000321865, 164718.954199999570847 ], [ 98566.062899999320507, 164771.55009999871254 ], [ 98593.778899997472763, 164821.052200000733137 ], [ 98601.255800001323223, 164833.814500000327826 ], [ 98619.561300002038479, 164862.432799998670816 ], [ 98628.198399998247623, 164876.741999998688698 ], [ 98644.054499998688698, 164883.187600001692772 ], [ 98696.005900003015995, 164881.125 ], [ 98735.839599996805191, 164879.320300001651049 ], [ 98769.743400000035763, 164876.484200000762939 ] ] ] } },
{ "type": "Feature", "properties": { "ID": 7872.0, "NR": "143", "TYPE": "s", "LENGTH": 613.763, "GEMID": "066", "PLANID": "https://geodiensten.oost-vlaanderen.be/Bijlagen/detail/066-D-009.sid", "CEVI_OID": 7859, "GEMEENTE": "Etikhove", "DETAILPLAN": "066-D-009", "TYPE_LABEL": "sentier" }, "geometry": { "type": "MultiLineString", "coordinates": [ [ [ 99019.445299997925758, 164477.889299999922514 ], [ 98998.174800001084805, 164498.257399998605251 ], [ 98986.701700001955032, 164510.890700001269579 ], [ 98970.458800002932549, 164531.645500000566244 ], [ 98971.748000003397465, 164533.579199999570847 ], [ 98971.619000002741814, 164534.739399999380112 ], [ 98967.622800000011921, 164540.927200000733137 ], [ 98989.537799999117851, 164570.576799999922514 ], [ 99017.253799997270107, 164608.992499999701977 ], [ 99043.16499999910593, 164644.829999998211861 ], [ 98998.303800001740456, 164690.593600001186132 ], [ 99004.104800000786781, 164759.045699998736382 ], [ 99003.847000002861023, 164761.366099998354912 ], [ 98988.377599999308586, 164788.308600001037121 ], [ 98972.52139999717474, 164816.153599999845028 ], [ 98958.598999999463558, 164842.709399998188019 ], [ 98939.648900002241135, 164878.417899999767542 ], [ 98919.925499998033047, 164919.540699999779463 ], [ 98905.616300001740456, 164941.9712999984622 ], [ 98891.95160000026226, 164947.12779999896884 ], [ 98848.508400000631809, 164962.597199998795986 ] ] ] } },
{ "type": "Feature", "properties": { "ID": 7873.0, "NR": "144", "TYPE": "s", "LENGTH": 295.246, "GEMID": "066", "PLANID": "https://geodiensten.oost-vlaanderen.be/Bijlagen/detail/066-D-009.sid", "CEVI_OID": 7860, "GEMEENTE": "Etikhove", "DETAILPLAN": "066-D-009", "TYPE_LABEL": "sentier" }, "geometry": { "type": "MultiLineString", "coordinates": [ [ [ 98831.10530000180006, 164801.715500000864267 ], [ 98854.567199997603893, 164821.954599998891354 ], [ 98897.623700000345707, 164860.370299998670816 ], [ 98911.67509999871254, 164897.883600000292063 ], [ 98919.925499998033047, 164919.540699999779463 ], [ 98937.199600003659725, 164963.370700001716614 ], [ 98941.582599997520447, 164976.390799999237061 ], [ 98949.446199998259544, 164996.887699998915195 ], [ 98971.232299998402596, 165053.350999999791384 ] ] ] } },
{ "type": "Feature", "properties": { "ID": 7874.0, "NR": "145", "TYPE": "s", "LENGTH": 172.191, "GEMID": "066", "PLANID": "https://geodiensten.oost-vlaanderen.be/Bijlagen/detail/066-D-009.sid", "CEVI_OID": 7861, "GEMEENTE": "Etikhove", "DETAILPLAN": "066-D-009", "TYPE_LABEL": "sentier" }, "geometry": { "type": "MultiLineString", "coordinates": [ [ [ 99043.16499999910593, 164644.829999998211861 ], [ 99069.205200001597404, 164680.022799998521805 ], [ 99105.171499997377396, 164715.3445999994874 ], [ 99112.390600003302097, 164724.497400000691414 ], [ 99125.668499998748302, 164753.115800000727177 ], [ 99142.555900000035763, 164783.538899999111891 ] ] ] } },
{ "type": "Feature", "properties": { "ID": 7875.0, "NR": "146", "TYPE": "s", "LENGTH": 307.36, "GEMID": "066", "PLANID": "https://geodiensten.oost-vlaanderen.be/Bijlagen/detail/066-D-009.sid", "CEVI_OID": 7862, "GEMEENTE": "Etikhove", "DETAILPLAN": "066-D-009", "TYPE_LABEL": "sentier" }, "geometry": { "type": "MultiLineString", "coordinates": [ [ [ 98875.450900003314018, 164402.089299999177456 ], [ 98901.362199999392033, 164356.970199998468161 ], [ 98915.542499996721745, 164331.445700000971556 ], [ 98878.931599996984005, 164308.757199998944998 ], [ 98868.231899999082088, 164314.042599998414516 ], [ 98831.878799997270107, 164290.580699998885393 ], [ 98831.49210000038147, 164287.615699999034405 ], [ 98816.022699996829033, 164276.65819999948144 ], [ 98800.424300000071526, 164228.058499999344349 ], [ 98796.685900002717972, 164215.811900001019239 ], [ 98788.306699998676777, 164178.169700000435114 ], [ 98788.693400003015995, 164174.689100001007318 ] ] ] } },
{ "type": "Feature", "properties": { "ID": 7876.0, "NR": "147", "TYPE": "s", "LENGTH": 301.939, "GEMID": "066", "PLANID": "https://geodiensten.oost-vlaanderen.be/Bijlagen/detail/066-D-009.sid", "CEVI_OID": 7863, "GEMEENTE": "Etikhove", "DETAILPLAN": "066-D-009", "TYPE_LABEL": "sentier" }, "geometry": { "type": "MultiLineString", "coordinates": [ [ [ 98286.066799998283386, 164305.147700000554323 ], [ 98304.243299998342991, 164303.858600001782179 ], [ 98309.013099998235703, 164300.377999998629093 ], [ 98322.677699998021126, 164293.80350000038743 ], [ 98347.170900002121925, 164280.267799999564886 ], [ 98382.234899997711182, 164261.188799999654293 ], [ 98421.42400000244379, 164239.789500001817942 ], [ 98467.058799996972084, 164215.68299999833107 ], [ 98495.161499999463558, 164200.858199998736382 ], [ 98512.951300002634525, 164191.447599999606609 ], [ 98528.807499997317791, 164183.197299998253584 ], [ 98540.667300000786781, 164179.329900000244379 ], [ 98551.109200000762939, 164176.493900001049042 ], [ 98556.523500002920628, 164176.622800000011921 ] ] ] } },
{ "type": "Feature", "properties": { "ID": 7878.0, "NR": "22", "TYPE": "c", "LENGTH": 523.543, "GEMID": "066", "PLANID": "https://geodiensten.oost-vlaanderen.be/Bijlagen/detail/066-D-009.sid", "CEVI_OID": 7864, "GEMEENTE": "Etikhove", "DETAILPLAN": "066-D-009", "TYPE_LABEL": "chemin" }, "geometry": { "type": "MultiLineString", "coordinates": [ [ [ 98537.702399998903275, 164252.2939000017941 ], [ 98531.643500000238419, 164276.013700000941753 ], [ 98525.068999998271465, 164295.221500001847744 ], [ 98513.853699997067451, 164308.757199998944998 ], [ 98504.829899996519089, 164315.976300001144409 ], [ 98490.0050999969244, 164325.000100001692772 ], [ 98475.824799999594688, 164333.637200001627207 ], [ 98461.515600003302097, 164343.950100000947714 ], [ 98450.8158999979496, 164351.942600000649691 ], [ 98436.24889999628067, 164365.736200001090765 ], [ 98420.650600001215935, 164380.174300000071526 ], [ 98405.825699999928474, 164394.096799999475479 ], [ 98380.30120000243187, 164418.589999999850988 ], [ 98373.211099997162819, 164426.840300001204014 ], [ 98353.100900001823902, 164445.919300001114607 ], [ 98334.279799997806549, 164465.256000000983477 ], [ 98328.865500003099442, 164476.4712999984622 ], [ 98317.005599997937679, 164500.83559999987483 ], [ 98304.372299998998642, 164528.809500001370907 ], [ 98292.254600003361702, 164557.170000001788139 ], [ 98287.355899997055531, 164570.447900000959635 ], [ 98283.488600000739098, 164585.272799998521805 ], [ 98282.71509999781847, 164601.902399998158216 ], [ 98277.6875, 164605.125199999660254 ], [ 98264.796400003135204, 164613.762200001627207 ], [ 98238.498400002717972, 164630.005100000649691 ], [ 98219.935099996626377, 164642.6385000012815 ] ] ] } },
{ "type": "Feature", "properties": { "ID": 7879.0, "NR": "23", "TYPE": "c", "LENGTH": 142.42, "GEMID": "066", "PLANID": "https://geodiensten.oost-vlaanderen.be/Bijlagen/detail/066-D-009.sid", "CEVI_OID": 7865, "GEMEENTE": "Etikhove", "DETAILPLAN": "066-D-009", "TYPE_LABEL": "chemin" }, "geometry": { "type": "MultiLineString", "coordinates": [ [ [ 98619.947999998927116, 163949.867199998348951 ], [ 98580.501000002026558, 163940.843299999833107 ], [ 98530.612199999392033, 163931.303899999707937 ], [ 98480.207800000905991, 163922.537900000810623 ] ] ] } },
{ "type": "Feature", "properties": { "ID": 7880.0, "NR": "26", "TYPE": "c", "LENGTH": 623.584, "GEMID": "066", "PLANID": "https://geodiensten.oost-vlaanderen.be/Bijlagen/detail/066-D-009.sid", "CEVI_OID": 7866, "GEMEENTE": "Etikhove", "DETAILPLAN": "066-D-009", "TYPE_LABEL": "chemin" }, "geometry": { "type": "MultiLineString", "coordinates": [ [ [ 99008.616700001060963, 163955.539299998432398 ], [ 99079.389200001955032, 163977.583200000226498 ], [ 99100.659599997103214, 163984.415500000119209 ], [ 99112.648400001227856, 163989.05629999935627 ], [ 99119.996399998664856, 163995.244100000709295 ], [ 99125.281700000166893, 164005.170299999415874 ], [ 99143.716099999845028, 164044.488299999386072 ], [ 99158.0253000035882, 164074.6537000015378 ], [ 99171.689900003373623, 164099.791400000452995 ], [ 99174.139300003647804, 164103.143100000917912 ], [ 99191.929099999368191, 164131.632599998265505 ], [ 99216.035599999129772, 164164.63399999961257 ], [ 99221.063100002706051, 164169.145899999886751 ], [ 99248.521300002932549, 164184.486400000751019 ], [ 99292.22240000218153, 164209.237399999052286 ], [ 99339.661799997091293, 164238.887099999934435 ], [ 99391.355400003492832, 164271.243900001049042 ], [ 99446.013999998569489, 164305.792300000786781 ], [ 99460.838799998164177, 164315.331700000911951 ] ], [ [ 98642.765399999916553, 163974.875999998301268 ], [ 98641.605200000107288, 163975.262800000607967 ], [ 98622.139499999582767, 163981.708299998193979 ] ] ] } },
{ "type": "Feature", "properties": { "ID": 7877.0, "NR": "2", "TYPE": "c", "LENGTH": 1340.159, "GEMID": "066", "PLANID": "https://geodiensten.oost-vlaanderen.be/Bijlagen/detail/066-D-009.sid", "CEVI_OID": 7867, "GEMEENTE": "Etikhove", "DETAILPLAN": "066-D-009", "TYPE_LABEL": "chemin" }, "geometry": { "type": "MultiLineString", "coordinates": [ [ [ 98928.175800003111362, 165130.311299998313189 ], [ 98949.704099997878075, 165091.508900001645088 ], [ 98975.486400000751019, 165056.315999999642372 ], [ 98988.377599999308586, 165039.428599998354912 ], [ 99026.27759999781847, 164999.852699998766184 ], [ 99032.078599996864796, 164990.313200000673532 ], [ 99051.157499998807907, 164948.674800001084805 ], [ 99072.428000003099442, 164905.360399998724461 ], [ 99090.346699997782707, 164874.550500001758337 ], [ 99106.589599996805191, 164837.681800000369549 ], [ 99116.129000000655651, 164814.090999998152256 ], [ 99142.555900000035763, 164783.538899999111891 ], [ 99188.190600000321865, 164739.193300001323223 ], [ 99253.03320000320673, 164679.249400001019239 ], [ 99267.213500000536442, 164668.034099999815226 ], [ 99305.887000001966953, 164646.376899998635054 ], [ 99320.067299999296665, 164640.060199998319149 ], [ 99358.740800000727177, 164631.294199999421835 ], [ 99362.60809999704361, 164628.458200000226498 ], [ 99366.733300000429153, 164613.891199998557568 ], [ 99371.760899998247623, 164577.151299998164177 ], [ 99380.397900000214577, 164529.969700001180172 ], [ 99382.07379999756813, 164520.559099998325109 ], [ 99390.066299997270107, 164486.010800000280142 ], [ 99396.254100002348423, 164466.416200000792742 ], [ 99415.461900003254414, 164417.687600001692772 ], [ 99440.857500001788139, 164360.708599999547005 ], [ 99460.838799998164177, 164315.331700000911951 ], [ 99491.133100003004074, 164261.575599998235703 ], [ 99527.744000002741814, 164196.990800000727177 ], [ 99546.951800003647804, 164176.622800000011921 ], [ 99588.203500002622604, 164134.597600001841784 ], [ 99621.07599999755621, 164097.471000000834465 ], [ 99629.326399996876717, 164084.966600000858307 ], [ 99644.022299997508526, 164053.769999999552965 ], [ 99645.182499997317791, 164051.191700000315905 ] ] ] } },
{ "type": "Feature", "properties": { "ID": 7881.0, "NR": "50", "TYPE": "c", "LENGTH": 648.594, "GEMID": "066", "PLANID": "https://geodiensten.oost-vlaanderen.be/Bijlagen/detail/066-D-009.sid", "CEVI_OID": 7868, "GEMEENTE": "Etikhove", "DETAILPLAN": "066-D-009", "TYPE_LABEL": "chemin" }, "geometry": { "type": "MultiLineString", "coordinates": [ [ [ 98399.637999996542931, 165114.584100000560284 ], [ 98398.735600002110004, 165109.298700001090765 ], [ 98409.177400000393391, 165069.078200001269579 ], [ 98418.587999999523163, 165034.401000000536442 ], [ 98420.521700002253056, 165023.959199998527765 ], [ 98419.619300000369549, 165016.740100000053644 ], [ 98416.65429999679327, 165006.169399999082088 ], [ 98410.466600000858307, 164997.274399999529123 ], [ 98393.707999996840954, 164973.039099998772144 ], [ 98381.074699997901917, 164955.120299998670816 ], [ 98360.964500002563, 164944.291799999773502 ], [ 98313.653899997472763, 164917.220300000160933 ], [ 98309.915500000119209, 164917.349199999123812 ], [ 98297.797799997031689, 164895.94990000128746 ], [ 98299.73139999806881, 164892.727099999785423 ], [ 98331.056999996304512, 164871.327799998223782 ], [ 98353.100900001823902, 164845.416499998420477 ], [ 98376.949500001966953, 164814.993400000035763 ], [ 98381.332500003278255, 164806.743000000715256 ], [ 98383.652900002896786, 164800.55519999936223 ], [ 98384.94200000166893, 164788.437600001692772 ], [ 98382.105999998748302, 164774.901799999177456 ], [ 98379.914499998092651, 164764.975600000470877 ], [ 98377.980800002813339, 164748.217099998146296 ], [ 98377.980800002813339, 164741.900400001555681 ], [ 98378.496500000357628, 164737.130699999630451 ], [ 98380.043399997055531, 164734.681400001049042 ], [ 98381.074699997901917, 164727.720199998468161 ], [ 98380.816899999976158, 164711.606199998408556 ], [ 98379.269900001585484, 164706.836500000208616 ], [ 98368.441399998962879, 164689.949000000953674 ], [ 98355.292400002479553, 164672.932700000703335 ], [ 98347.686599999666214, 164662.748700000345707 ], [ 98340.983199998736382, 164656.432000000029802 ], [ 98312.751500003039837, 164632.71229999884963 ], [ 98295.993000000715256, 164616.598299998790026 ], [ 98282.71509999781847, 164601.902399998158216 ] ] ] } },
{ "type": "Feature", "properties": { "ID": 7882.0, "NR": "54", "TYPE": "c", "LENGTH": 705.532, "GEMID": "066", "PLANID": "https://geodiensten.oost-vlaanderen.be/Bijlagen/detail/066-D-009.sid", "CEVI_OID": 7869, "GEMEENTE": "Etikhove", "DETAILPLAN": "066-D-009", "TYPE_LABEL": "chemin" }, "geometry": { "type": "MultiLineString", "coordinates": [ [ [ 98539.765000000596046, 164240.820799998939037 ], [ 98553.300700001418591, 164237.855799999088049 ], [ 98590.298299998044968, 164227.156199999153614 ], [ 98621.237099997699261, 164218.13230000063777 ], [ 98641.605200000107288, 164212.073499999940395 ], [ 98683.759300000965595, 164199.955800000578165 ], [ 98692.783100001513958, 164196.604100000113249 ], [ 98695.748099997639656, 164194.670400001108646 ], [ 98713.666799999773502, 164182.294900000095367 ], [ 98730.940999999642372, 164170.434999998658895 ], [ 98747.828400000929832, 164165.794199999421835 ], [ 98772.192699998617172, 164159.6064000017941 ], [ 98779.282799996435642, 164158.317299999296665 ], [ 98782.634499996900558, 164158.833000000566244 ], [ 98786.373000003397465, 164168.243500001728535 ], [ 98788.693400003015995, 164174.689100001007318 ], [ 98825.562100000679493, 164162.571400001645088 ], [ 98839.613499999046326, 164157.285999998450279 ], [ 98845.67230000346899, 164157.1570999994874 ], [ 98861.528499998152256, 164159.735399998724461 ], [ 98874.548600003123283, 164162.829199999570847 ], [ 98902.393500000238419, 164169.919399999082088 ], [ 98909.483599998056889, 164156.383699998259544 ], [ 98927.273400001227856, 164118.870400000363588 ], [ 98935.523800000548363, 164101.853999998420477 ], [ 98938.35980000346899, 164098.244500000029802 ], [ 98943.258500002324581, 164092.701299998909235 ], [ 98950.735299997031689, 164083.161800000816584 ], [ 98956.665299996733665, 164072.462200000882149 ], [ 98974.197300001978874, 164036.624699998646975 ], [ 98990.053400002419949, 164002.592000000178814 ] ], [ [ 99100.659599997103214, 163984.415500000119209 ], [ 99079.002499997615814, 163999.627099998295307 ], [ 99069.076300002634525, 164004.654599998146296 ], [ 99060.052400000393391, 164010.842399999499321 ], [ 99057.087499998509884, 164012.131499998271465 ], [ 99050.512999996542931, 164012.776099998503923 ], [ 99020.734399996697903, 164007.103900000452995 ], [ 98990.053400002419949, 164002.592000000178814 ], [ 98990.053400002419949, 164000.142700001597404 ] ] ] } },
{ "type": "Feature", "properties": { "ID": 7883.0, "NR": "55", "TYPE": "c", "LENGTH": 685.719, "GEMID": "066", "PLANID": "https://geodiensten.oost-vlaanderen.be/Bijlagen/detail/066-D-009.sid", "CEVI_OID": 7870, "GEMEENTE": "Etikhove", "DETAILPLAN": "066-D-009", "TYPE_LABEL": "chemin" }, "geometry": { "type": "MultiLineString", "coordinates": [ [ [ 98922.116999998688698, 164437.926699999719858 ], [ 98921.601300001144409, 164435.348499998450279 ], [ 98875.450900003314018, 164402.089299999177456 ], [ 98850.957699999213219, 164385.201900001615286 ], [ 98841.289300002157688, 164378.627399999648333 ], [ 98826.077799998223782, 164370.377000000327826 ], [ 98802.486900001764297, 164358.001499999314547 ], [ 98790.627099998295307, 164352.200500000268221 ], [ 98788.693400003015995, 164353.102899998426437 ], [ 98756.465499997138977, 164369.474599998444319 ], [ 98717.405199997127056, 164389.326999999582767 ], [ 98688.786799997091293, 164403.765099998563528 ], [ 98681.567800000309944, 164407.761399999260902 ], [ 98642.378600001335144, 164428.000500001013279 ], [ 98616.209600001573563, 164441.278400000184774 ] ], [ [ 98963.239799998700619, 164358.646099999547005 ], [ 98969.556500002741814, 164346.399399999529123 ], [ 98981.158500000834465, 164329.383099999278784 ], [ 98990.569099999964237, 164318.296700000762939 ], [ 99015.577899999916553, 164288.77589999884367 ], [ 99042.391500003635883, 164257.450399998575449 ], [ 99078.615699999034405, 164213.878299999982119 ], [ 99119.093999996781349, 164166.696600001305342 ], [ 99150.935199998319149, 164128.925500001758337 ], [ 99174.139300003647804, 164103.143100000917912 ] ] ] } },
{ "type": "Feature", "properties": { "ID": 7884.0, "NR": "56", "TYPE": "c", "LENGTH": 169.471, "GEMID": "066", "PLANID": "https://geodiensten.oost-vlaanderen.be/Bijlagen/detail/066-D-009.sid", "CEVI_OID": 7871, "GEMEENTE": "Etikhove", "DETAILPLAN": "066-D-009", "TYPE_LABEL": "chemin" }, "geometry": { "type": "MultiLineString", "coordinates": [ [ [ 98286.066799998283386, 164305.147700000554323 ], [ 98288.516099996864796, 164319.199099998921156 ], [ 98299.60249999910593, 164359.161699999123812 ], [ 98307.723999999463558, 164382.494699999690056 ], [ 98315.329700000584126, 164425.293400000780821 ], [ 98320.872900001704693, 164449.013099998235703 ], [ 98325.384900003671646, 164456.361099999397993 ], [ 98334.279799997806549, 164465.256000000983477 ] ] ] } },
{ "type": "Feature", "properties": { "ID": 7885.0, "NR": "57", "TYPE": "c", "LENGTH": 270.581, "GEMID": "066", "PLANID": "https://geodiensten.oost-vlaanderen.be/Bijlagen/detail/066-D-009.sid", "CEVI_OID": 7872, "GEMEENTE": "Etikhove", "DETAILPLAN": "066-D-009", "TYPE_LABEL": "chemin" }, "geometry": { "type": "MultiLineString", "coordinates": [ [ [ 98922.116999998688698, 164437.926699999719858 ], [ 98946.868000000715256, 164438.700199998915195 ], [ 98966.075800001621246, 164440.633900001645088 ], [ 98978.193499997258186, 164443.856699999421835 ], [ 98986.057099997997284, 164447.723999999463558 ], [ 99005.393899999558926, 164465.642700001597404 ], [ 98962.853000000119209, 164512.824400000274181 ] ], [ [ 99005.393899999558926, 164465.642700001597404 ], [ 99019.445299997925758, 164477.889299999922514 ], [ 99021.378899998962879, 164479.565200001001358 ], [ 99037.106200002133846, 164469.638999998569489 ], [ 99062.630699999630451, 164452.364799998700619 ], [ 99083.643299996852875, 164433.157000001519918 ], [ 99090.475599996745586, 164426.711399998515844 ] ], [ [ 99021.378899998962879, 164479.565200001001358 ], [ 99026.019799999892712, 164484.592799998819828 ] ] ] } },
{ "type": "Feature", "properties": { "ID": 7886.0, "NR": "58", "TYPE": "c", "LENGTH": 145.038, "GEMID": "066", "PLANID": "https://geodiensten.oost-vlaanderen.be/Bijlagen/detail/066-D-009.sid", "CEVI_OID": 7873, "GEMEENTE": "Etikhove", "DETAILPLAN": "066-D-009", "TYPE_LABEL": "chemin" }, "geometry": { "type": "MultiLineString", "coordinates": [ [ [ 99532.771499998867512, 163984.544399999082088 ], [ 99530.579999998211861, 163999.756000000983477 ], [ 99530.579999998211861, 164005.041400000452995 ], [ 99532.126999996602535, 164008.26410000026226 ], [ 99541.150799997150898, 164011.873700000345707 ], [ 99560.358599998056889, 164019.608399998396635 ], [ 99607.927000001072884, 164038.171700000762939 ], [ 99644.022299997508526, 164053.769999999552965 ] ] ] } },
{ "type": "Feature", "properties": { "ID": 7887.0, "NR": "61", "TYPE": "s", "LENGTH": 490.361, "GEMID": "066", "PLANID": "https://geodiensten.oost-vlaanderen.be/Bijlagen/detail/066-D-009.sid", "CEVI_OID": 7874, "GEMEENTE": "Etikhove", "DETAILPLAN": "066-D-009", "TYPE_LABEL": "sentier" }, "geometry": { "type": "MultiLineString", "coordinates": [ [ [ 98990.569099999964237, 164318.296700000762939 ], [ 99016.866999998688698, 164345.239199999719858 ], [ 99056.056199997663498, 164387.909000001847744 ], [ 99090.475599996745586, 164426.711399998515844 ], [ 99108.523199997842312, 164448.368599999696016 ], [ 99117.418099999427795, 164455.587600000202656 ], [ 99143.844999998807907, 164476.342399999499321 ], [ 99152.095399998128414, 164482.659099999815226 ], [ 99182.002899996936321, 164497.612799998372793 ], [ 99213.457299999892712, 164512.437699999660254 ], [ 99226.477399997413158, 164484.721700001507998 ], [ 99323.161200001835823, 164513.469000000506639 ], [ 99380.397900000214577, 164529.969700001180172 ] ] ] } },
{ "type": "Feature", "properties": { "ID": 7888.0, "NR": "62", "TYPE": "s", "LENGTH": 658.482, "GEMID": "066", "PLANID": "https://geodiensten.oost-vlaanderen.be/Bijlagen/detail/066-D-009.sid", "CEVI_OID": 7875, "GEMEENTE": "Etikhove", "DETAILPLAN": "066-D-009", "TYPE_LABEL": "sentier" }, "geometry": { "type": "MultiLineString", "coordinates": [ [ [ 98806.612099997699261, 164695.234400000423193 ], [ 98820.921300001442432, 164734.423599999397993 ], [ 98828.913800001144409, 164759.174600001424551 ], [ 98832.136600002646446, 164774.515099998563528 ], [ 98831.10530000180006, 164801.715500000864267 ], [ 98828.269299998879433, 164831.622999999672174 ], [ 98829.171599999070168, 164866.171300001442432 ], [ 98832.781199999153614, 164891.824700001627207 ], [ 98841.418300002813339, 164928.951299998909235 ], [ 98847.992799997329712, 164960.792399998754263 ], [ 98813.960100002586842, 164973.039099998772144 ], [ 98810.221600003540516, 164975.101599998772144 ], [ 98802.229099996387959, 164980.258099999278784 ], [ 98765.618199996650219, 164989.797600001096725 ] ], [ [ 98821.694799996912479, 164693.558600001037121 ], [ 98863.591099999845028, 164624.977600000798702 ], [ 98872.099200002849102, 164613.633299998939037 ], [ 98852.762500002980232, 164600.484299998730421 ], [ 98890.404700003564358, 164543.763199999928474 ], [ 98890.146899998188019, 164541.700599998235703 ], [ 98909.741400003433228, 164512.953299999237061 ], [ 98918.63629999756813, 164464.224700000137091 ], [ 98922.116999998688698, 164437.926699999719858 ] ] ] } },
{ "type": "Feature", "properties": { "ID": 7889.0, "NR": "63", "TYPE": "s", "LENGTH": 159.733, "GEMID": "066", "PLANID": "https://geodiensten.oost-vlaanderen.be/Bijlagen/detail/066-D-009.sid", "CEVI_OID": 7876, "GEMEENTE": "Etikhove", "DETAILPLAN": "066-D-009", "TYPE_LABEL": "sentier" }, "geometry": { "type": "MultiLineString", "coordinates": [ [ [ 98847.992799997329712, 164960.792399998754263 ], [ 98848.508400000631809, 164962.597199998795986 ], [ 98852.891400001943111, 164966.593499999493361 ], [ 98892.209499999880791, 164994.953999999910593 ], [ 98940.164599999785423, 165030.662599999457598 ], [ 98971.232299998402596, 165053.350999999791384 ], [ 98975.486400000751019, 165056.315999999642372 ] ] ] } },
{ "type": "Feature", "properties": { "ID": 7890.0, "NR": "64", "TYPE": "s", "LENGTH": 1137.757, "GEMID": "066", "PLANID": "https://geodiensten.oost-vlaanderen.be/Bijlagen/detail/066-D-009.sid", "CEVI_OID": 7877, "GEMEENTE": "Etikhove", "DETAILPLAN": "066-D-009", "TYPE_LABEL": "sentier" }, "geometry": { "type": "MultiLineString", "coordinates": [ [ [ 98681.567800000309944, 164407.761399999260902 ], [ 98702.838200002908707, 164450.560100000351667 ], [ 98729.394000001251698, 164482.272300001233816 ], [ 98748.859700001776218, 164529.067299999296665 ], [ 98756.336599998176098, 164546.212499998509884 ], [ 98766.520599998533726, 164575.475499998778105 ], [ 98782.892399996519089, 164626.524500001221895 ], [ 98806.612099997699261, 164695.234400000423193 ], [ 98821.694799996912479, 164693.558600001037121 ], [ 98907.936700001358986, 164689.046700000762939 ], [ 98953.31360000371933, 164723.723900001496077 ], [ 99003.847000002861023, 164761.366099998354912 ], [ 99071.654500000178814, 164811.254900000989437 ], [ 99106.589599996805191, 164837.681800000369549 ] ], [ [ 98692.783100001513958, 164196.604100000113249 ], [ 98697.0371999964118, 164211.686799999326468 ], [ 98713.537900000810623, 164270.470499999821186 ], [ 98688.915799997746944, 164284.135099999606609 ], [ 98660.813000001013279, 164299.991200000047684 ], [ 98660.6841000020504, 164301.538199998438358 ], [ 98663.262299999594688, 164310.690900001674891 ], [ 98671.770499996840954, 164341.887499999254942 ], [ 98682.985799998044968, 164380.947799999266863 ], [ 98688.786799997091293, 164403.765099998563528 ] ], [ [ 98641.605200000107288, 163975.262800000607967 ], [ 98651.144599996507168, 164000.271600000560284 ], [ 98663.391199998557568, 164033.0152000002563 ], [ 98682.59910000115633, 164086.126800000667572 ], [ 98683.630400002002716, 164091.798900000751019 ], [ 98689.6891999989748, 164140.785300001502037 ], [ 98695.748099997639656, 164194.670400001108646 ] ] ] } },
{ "type": "Feature", "properties": { "ID": 7891.0, "NR": "65", "TYPE": "s", "LENGTH": 765.224, "GEMID": "066", "PLANID": "https://geodiensten.oost-vlaanderen.be/Bijlagen/detail/066-D-009.sid", "CEVI_OID": 7878, "GEMEENTE": "Etikhove", "DETAILPLAN": "066-D-009", "TYPE_LABEL": "sentier" }, "geometry": { "type": "MultiLineString", "coordinates": [ [ [ 98380.043399997055531, 164734.681400001049042 ], [ 98385.071000002324581, 164737.001800000667572 ], [ 98391.000900000333786, 164736.743999999016523 ], [ 98397.3175999969244, 164735.712699998170137 ], [ 98470.023699998855591, 164716.504799999296665 ], [ 98515.529600001871586, 164704.773899998515844 ], [ 98507.923799999058247, 164669.709899999201298 ], [ 98499.67339999973774, 164650.888799998909235 ], [ 98491.552000001072884, 164632.196600001305342 ], [ 98489.489399999380112, 164632.196600001305342 ], [ 98485.235299997031689, 164633.485700000077486 ], [ 98480.594499997794628, 164604.609499998390675 ], [ 98472.473099999129772, 164576.893500000238419 ], [ 98464.480499997735023, 164557.170000001788139 ], [ 98460.226499997079372, 164545.181200001388788 ], [ 98454.554300002753735, 164534.99720000103116 ], [ 98436.506700001657009, 164524.555399999022484 ], [ 98413.818300001323223, 164489.362500000745058 ], [ 98395.12610000371933, 164461.001899998635054 ], [ 98373.211099997162819, 164426.840300001204014 ] ], [ [ 98707.092299997806549, 164651.275499999523163 ], [ 98606.541199997067451, 164691.36710000038147 ], [ 98585.657499998807907, 164700.390900000929832 ], [ 98537.315600000321865, 164718.954199999570847 ], [ 98521.330600000917912, 164725.1418999992311 ], [ 98515.529600001871586, 164704.773899998515844 ] ], [ [ 98782.892399996519089, 164626.524500001221895 ], [ 98707.865800000727177, 164653.338100001215935 ] ] ] } },
{ "type": "Feature", "properties": { "ID": 7892.0, "NR": "66", "TYPE": "s", "LENGTH": 521.261, "GEMID": "066", "PLANID": "https://geodiensten.oost-vlaanderen.be/Bijlagen/detail/066-D-009.sid", "CEVI_OID": 7879, "GEMEENTE": "Etikhove", "DETAILPLAN": "066-D-009", "TYPE_LABEL": "sentier" }, "geometry": { "type": "MultiLineString", "coordinates": [ [ [ 98921.601300001144409, 164435.348499998450279 ], [ 98941.969400003552437, 164399.897799998521805 ], [ 98957.95440000295639, 164371.795000001788139 ], [ 98963.239799998700619, 164358.646099999547005 ], [ 98936.684000000357628, 164341.887499999254942 ], [ 98937.070699997246265, 164338.664700001478195 ], [ 98940.938100002706051, 164333.250500001013279 ], [ 98957.696599997580051, 164309.015099998563528 ], [ 98958.08330000191927, 164307.596999999135733 ], [ 98956.923100002110004, 164305.792300000786781 ], [ 98932.429899998009205, 164288.646999999880791 ], [ 98932.687700003385544, 164287.228999998420477 ], [ 98945.83669999986887, 164256.805799998342991 ], [ 98958.08330000191927, 164227.027199998497963 ], [ 98958.598999999463558, 164224.449000000953674 ], [ 98958.469999998807907, 164222.386399999260902 ], [ 98956.278599999845028, 164218.647999998182058 ], [ 98943.645199999213219, 164202.534000001847744 ], [ 98933.718999996781349, 164184.744199998676777 ], [ 98934.363600000739098, 164182.423799999058247 ], [ 98955.5050999969244, 164160.122099999338388 ], [ 98965.43129999935627, 164149.938099998980761 ], [ 98980.127199999988079, 164129.698899999260902 ], [ 98997.788099996745586, 164105.334600001573563 ], [ 99011.45269999653101, 164083.935300000011921 ], [ 99026.148699998855591, 164061.375799998641014 ], [ 99044.067400000989437, 164032.757399998605251 ], [ 99057.087499998509884, 164012.131499998271465 ] ] ] } },
{ "type": "Feature", "properties": { "ID": 7894.0, "NR": "95", "TYPE": "s", "LENGTH": 140.906, "GEMID": "066", "PLANID": "https://geodiensten.oost-vlaanderen.be/Bijlagen/detail/066-D-009.sid", "CEVI_OID": 7880, "GEMEENTE": "Etikhove", "DETAILPLAN": "066-D-009", "TYPE_LABEL": "sentier" }, "geometry": { "type": "MultiLineString", "coordinates": [ [ [ 98378.496500000357628, 164737.130699999630451 ], [ 98359.933200001716614, 164745.638900000602007 ], [ 98316.8766999989748, 164765.877999998629093 ], [ 98298.571199998259544, 164773.225999999791384 ], [ 98249.713699996471405, 164794.238600000739098 ] ] ] } },
{ "type": "Feature", "properties": { "ID": 7895.0, "NR": "96", "TYPE": "s", "LENGTH": 155.27, "GEMID": "066", "PLANID": "https://geodiensten.oost-vlaanderen.be/Bijlagen/detail/066-D-009.sid", "CEVI_OID": 7881, "GEMEENTE": "Etikhove", "DETAILPLAN": "066-D-009", "TYPE_LABEL": "sentier" }, "geometry": { "type": "MultiLineString", "coordinates": [ [ [ 98169.788500003516674, 164481.62779999896884 ], [ 98181.390500001609325, 164494.261100001633167 ], [ 98194.926299996674061, 164509.085999999195337 ], [ 98206.012699998915195, 164521.203699998557568 ], [ 98212.329300001263618, 164527.391399998217821 ], [ 98218.774899996817112, 164533.063499998301268 ], [ 98229.21679999679327, 164538.993500001728535 ], [ 98234.759999997913837, 164543.376499999314547 ], [ 98246.23309999704361, 164553.560499999672174 ], [ 98261.444700002670288, 164562.971000000834465 ], [ 98265.569799996912479, 164566.83839999884367 ], [ 98272.402199998497963, 164577.280200000852346 ], [ 98274.206900000572205, 164579.342799998819828 ], [ 98283.488600000739098, 164585.272799998521805 ] ] ] } },
{ "type": "Feature", "properties": { "ID": 7893.0, "NR": "9", "TYPE": "c", "LENGTH": 1226.28, "GEMID": "066", "PLANID": "https://geodiensten.oost-vlaanderen.be/Bijlagen/detail/066-D-009.sid", "CEVI_OID": 7882, "GEMEENTE": "Etikhove", "DETAILPLAN": "066-D-009", "TYPE_LABEL": "chemin" }, "geometry": { "type": "MultiLineString", "coordinates": [ [ [ 98620.334700003266335, 163945.35530000180006 ], [ 98619.947999998927116, 163949.867199998348951 ], [ 98622.139499999582767, 163981.708299998193979 ], [ 98617.627599999308586, 164009.553300000727177 ], [ 98606.283399999141693, 164080.325800001621246 ], [ 98602.802799999713898, 164093.216899998486042 ], [ 98589.524899996817112, 164117.839099999517202 ], [ 98567.738799996674061, 164155.996899999678135 ], [ 98559.101700000464916, 164170.821800000965595 ], [ 98556.523500002920628, 164176.622800000011921 ], [ 98550.98030000180006, 164191.705400001257658 ], [ 98542.472099997103214, 164226.124899998307228 ], [ 98539.765000000596046, 164240.820799998939037 ], [ 98537.702399998903275, 164252.2939000017941 ], [ 98537.702399998903275, 164263.122499998658895 ], [ 98539.893899999558926, 164279.881000000983477 ], [ 98542.472099997103214, 164304.116399999707937 ], [ 98551.238099999725819, 164329.383099999278784 ], [ 98567.352099999785423, 164367.283100001513958 ], [ 98578.438500002026558, 164387.780099999159575 ], [ 98597.38849999755621, 164415.625 ], [ 98616.209600001573563, 164441.278400000184774 ], [ 98638.769100002944469, 164488.589000001549721 ], [ 98661.199699997901917, 164530.22749999910593 ], [ 98677.313699997961521, 164564.002300001680851 ], [ 98686.208599999547005, 164586.43299999833107 ], [ 98697.939599998295307, 164621.496899999678135 ], [ 98707.092299997806549, 164651.275499999523163 ], [ 98707.865800000727177, 164653.338100001215935 ], [ 98717.534100003540516, 164676.026599999517202 ], [ 98732.358999997377396, 164711.735100001096725 ], [ 98743.44539999961853, 164737.3885000012815 ], [ 98750.019900001585484, 164767.682799998670816 ], [ 98757.625699996948242, 164807.129700001329184 ], [ 98767.036200001835823, 164865.268899999558926 ], [ 98769.743400000035763, 164876.484200000762939 ], [ 98776.575699999928474, 164931.529500000178814 ], [ 98773.095100000500679, 164950.737300001084805 ], [ 98765.48929999768734, 164982.707400001585484 ], [ 98765.618199996650219, 164989.797600001096725 ], [ 98764.200199998915195, 165031.307100001722574 ], [ 98761.364100001752377, 165104.528999999165535 ] ] ] } },
{ "type": "Feature", "properties": { "ID": 7896.0, "NR": "148", "TYPE": "s", "LENGTH": 811.356, "GEMID": "066", "PLANID": "https://geodiensten.oost-vlaanderen.be/Bijlagen/detail/066-D-010.sid", "CEVI_OID": 7883, "GEMEENTE": "Etikhove", "DETAILPLAN": "066-D-010", "TYPE_LABEL": "sentier" }, "geometry": { "type": "MultiLineString", "coordinates": [ [ [ 99180.198100000619888, 162920.894200000911951 ], [ 99191.413400001823902, 162953.379999998956919 ], [ 99204.820200003683567, 162992.440200001001358 ], [ 99206.882799997925758, 162998.370200000703335 ], [ 99214.488600000739098, 163021.316399998962879 ], [ 99223.89919999986887, 163050.966099999845028 ], [ 99229.313500002026558, 163071.205200001597404 ], [ 99237.434900000691414, 163106.913800001144409 ], [ 99246.974399998784065, 163148.552200000733137 ], [ 99257.287299998104572, 163196.894099999219179 ], [ 99263.732900001108646, 163228.219700001180172 ], [ 99267.213500000536442, 163245.107099998742342 ], [ 99274.94820000231266, 163282.491500001400709 ], [ 99289.257399998605251, 163348.236400000751019 ], [ 99300.601599998772144, 163403.023899998515844 ], [ 99314.137299999594688, 163468.897700000554323 ], [ 99326.899599999189377, 163529.615100000053644 ], [ 99335.278800003230572, 163566.870600000023842 ], [ 99337.470299996435642, 163571.511399999260902 ], [ 99340.435300000011921, 163575.636599998921156 ], [ 99345.849600002169609, 163582.211100000888109 ], [ 99353.584299996495247, 163589.559099998325109 ], [ 99360.932300001382828, 163596.520300000905991 ], [ 99371.374099999666214, 163603.610399998724461 ], [ 99388.519400000572205, 163615.212499998509884 ], [ 99404.633299998939037, 163627.974700000137091 ], [ 99444.209200002253056, 163661.491799999028444 ], [ 99444.724899999797344, 163662.394099999219179 ] ] ] } },
{ "type": "Feature", "properties": { "ID": 7897.0, "NR": "26", "TYPE": "c", "LENGTH": 537.606, "GEMID": "066", "PLANID": "https://geodiensten.oost-vlaanderen.be/Bijlagen/detail/066-D-010.sid", "CEVI_OID": 7884, "GEMEENTE": "Etikhove", "DETAILPLAN": "066-D-010", "TYPE_LABEL": "chemin" }, "geometry": { "type": "MultiLineString", "coordinates": [ [ [ 99135.207900002598763, 164033.0152000002563 ], [ 99121.929999999701977, 164006.846099998801947 ], [ 99115.871200002729893, 163998.337900001555681 ], [ 99110.843599997460842, 163994.08390000090003 ], [ 99098.210299998521805, 163988.540699999779463 ], [ 99078.357900001108646, 163982.352899998426437 ], [ 99027.051100000739098, 163966.496800001710653 ], [ 98993.920800000429153, 163956.828400000929832 ], [ 98963.884300000965595, 163947.288899999111891 ], [ 98916.70269999653101, 163934.139899998903275 ], [ 98861.012800000607967, 163916.350099999457598 ], [ 98838.58219999819994, 163909.517799999564886 ], [ 98834.199199996888638, 163909.517799999564886 ], [ 98828.140399999916553, 163910.162399999797344 ], [ 98779.282799996435642, 163927.694400001317263 ], [ 98725.397799998521805, 163947.933499999344349 ], [ 98644.828000001609325, 163978.227699998766184 ] ] ] } },
{ "type": "Feature", "properties": { "ID": 7898.0, "NR": "54", "TYPE": "c", "LENGTH": 73.702, "GEMID": "066", "PLANID": "https://geodiensten.oost-vlaanderen.be/Bijlagen/detail/066-D-010.sid", "CEVI_OID": 7885, "GEMEENTE": "Etikhove", "DETAILPLAN": "066-D-010", "TYPE_LABEL": "chemin" }, "geometry": { "type": "MultiLineString", "coordinates": [ [ [ 98987.475199997425079, 164008.006299998611212 ], [ 98988.119699999690056, 164004.525699999183416 ], [ 98963.884300000965595, 163947.288899999111891 ] ], [ [ 98990.440099999308586, 164007.877399999648333 ], [ 98988.119699999690056, 164004.525699999183416 ] ], [ [ 99095.632100000977516, 163991.50560000166297 ], [ 99098.210299998521805, 163988.540699999779463 ] ] ] } },
{ "type": "Feature", "properties": { "ID": 7899.0, "NR": "58", "TYPE": "c", "LENGTH": 54.28, "GEMID": "066", "PLANID": "https://geodiensten.oost-vlaanderen.be/Bijlagen/detail/066-D-010.sid", "CEVI_OID": 7886, "GEMEENTE": "Etikhove", "DETAILPLAN": "066-D-010", "TYPE_LABEL": "chemin" }, "geometry": { "type": "MultiLineString", "coordinates": [ [ [ 99527.228299997746944, 163940.972300000488758 ], [ 99526.841600000858307, 163947.160000000149012 ], [ 99529.162000000476837, 163956.312699999660254 ], [ 99531.869099996984005, 163966.625700000673532 ], [ 99532.771499998867512, 163974.360399998724461 ], [ 99531.869099996984005, 163981.063799999654293 ], [ 99529.162000000476837, 163994.212799999862909 ] ] ] } },
{ "type": "Feature", "properties": { "ID": 7900.0, "NR": "59", "TYPE": "s", "LENGTH": 660.134, "GEMID": "066", "PLANID": "https://geodiensten.oost-vlaanderen.be/Bijlagen/detail/066-D-010.sid", "CEVI_OID": 7887, "GEMEENTE": "Etikhove", "DETAILPLAN": "066-D-010", "TYPE_LABEL": "sentier" }, "geometry": { "type": "MultiLineString", "coordinates": [ [ [ 99360.932300001382828, 163596.520300000905991 ], [ 99332.185000002384186, 163613.794399999082088 ], [ 99310.785599999129772, 163614.310100000351667 ], [ 99289.901900000870228, 163625.525400001555681 ], [ 99254.966899998486042, 163645.506700001657009 ], [ 99215.133199997246265, 163669.097600001841784 ], [ 99181.616099998354912, 163732.006400000303984 ], [ 99158.541000001132488, 163773.387099999934435 ], [ 99125.539599999785423, 163835.651399999856949 ], [ 99090.475599996745586, 163900.751800000667572 ], [ 99090.604500003159046, 163905.005899999290705 ], [ 99093.440600000321865, 163915.061000000685453 ], [ 99096.147699996829033, 163927.823300000280142 ], [ 99097.823600001633167, 163941.487900000065565 ], [ 99097.952500000596046, 163960.566799998283386 ], [ 99098.339199997484684, 163966.238899998366833 ], [ 99100.144000001251698, 163971.137600000947714 ], [ 99108.136500000953674, 163985.704599998891354 ], [ 99110.328000001609325, 163989.442999999970198 ], [ 99110.843599997460842, 163994.08390000090003 ] ], [ [ 99444.209200002253056, 163661.491799999028444 ], [ 99516.657600000500679, 163652.983600001782179 ], [ 99558.811700001358986, 163649.502999998629093 ], [ 99578.277300000190735, 163648.213899999856949 ] ] ] } },
{ "type": "Feature", "properties": { "ID": 7901.0, "NR": "60", "TYPE": "s", "LENGTH": 841.595, "GEMID": "066", "PLANID": "https://geodiensten.oost-vlaanderen.be/Bijlagen/detail/066-D-010.sid", "CEVI_OID": 7888, "GEMEENTE": "Etikhove", "DETAILPLAN": "066-D-010", "TYPE_LABEL": "sentier" }, "geometry": { "type": "MultiLineString", "coordinates": [ [ [ 98638.898000001907349, 163097.374299999326468 ], [ 98641.218400001525879, 163147.263099998235703 ], [ 98643.66780000180006, 163192.124400001019239 ], [ 98645.601400002837181, 163228.47749999910593 ], [ 98647.277300000190735, 163265.861900001764297 ], [ 98648.824199996888638, 163293.062199998646975 ], [ 98649.211000002920628, 163299.507800001651049 ], [ 98651.660300001502037, 163331.477899998426437 ], [ 98654.625299997627735, 163366.284000001847744 ], [ 98663.906900003552437, 163394.902399998158216 ], [ 98676.153499998152256, 163430.482099998742342 ], [ 98688.786799997091293, 163469.413400001823902 ], [ 98702.19370000064373, 163510.922899998724461 ], [ 98711.73309999704361, 163541.346099998801947 ], [ 98722.690600000321865, 163573.702899999916553 ], [ 98731.585500001907349, 163598.9695999994874 ], [ 98745.250200003385544, 163637.385299999266863 ], [ 98755.434199996292591, 163666.906100001186132 ], [ 98770.774700000882149, 163711.122800000011921 ], [ 98786.759700000286102, 163758.304400000721216 ], [ 98801.326700001955032, 163803.810199998319149 ], [ 98814.604599997401237, 163845.706500001251698 ], [ 98826.851199999451637, 163885.153499998152256 ], [ 98834.199199996888638, 163909.517799999564886 ] ] ] } },
{ "type": "Feature", "properties": { "ID": 7902.0, "NR": "9997", "TYPE": "par", "LENGTH": 423.358, "GEMID": "066", "PLANID": "https://geodiensten.oost-vlaanderen.be/Bijlagen/detail/066-D-010.sid", "CEVI_OID": 7889, "GEMEENTE": "Etikhove", "DETAILPLAN": "066-D-010", "TYPE_LABEL": "chemin particulier" }, "geometry": { "type": "MultiLineString", "coordinates": [ [ [ 99256.127099998295307, 163607.993400000035763 ], [ 99230.086900003254414, 163508.473600000143051 ], [ 99211.265799999237061, 163437.185499999672174 ], [ 99205.980400003492832, 163427.903799999505281 ], [ 99178.264399997889996, 163382.1402000002563 ], [ 99142.9425999969244, 163325.93470000103116 ], [ 99081.709600001573563, 163227.188400000333786 ] ] ] } },
{ "type": "Feature", "properties": { "ID": 7903.0, "NR": "102", "TYPE": "s", "LENGTH": 701.407, "GEMID": "066", "PLANID": "https://geodiensten.oost-vlaanderen.be/Bijlagen/detail/066-D-011.sid", "CEVI_OID": 7890, "GEMEENTE": "Etikhove", "DETAILPLAN": "066-D-011", "TYPE_LABEL": "sentier" }, "geometry": { "type": "MultiLineString", "coordinates": [ [ [ 98443.339000001549721, 163329.544199999421835 ], [ 98405.954599998891354, 163334.700699999928474 ], [ 98298.184500001370907, 163347.591899998486042 ], [ 98282.972900003194809, 163349.396600000560284 ], [ 98172.7533999979496, 163362.030000001192093 ], [ 98170.43299999833107, 163364.994899999350309 ], [ 98133.435400001704693, 163418.106499999761581 ], [ 98076.714299999177456, 163500.609999999403954 ], [ 98052.865599997341633, 163536.189599998295307 ], [ 98051.0608000010252, 163540.44370000064373 ], [ 98046.420000001788139, 163551.143399998545647 ], [ 98031.079499997198582, 163607.606699999421835 ], [ 98023.731600001454353, 163636.096200000494719 ], [ 98026.180900000035763, 163675.929900001734495 ], [ 98041.13459999859333, 163717.052700001746416 ], [ 98051.705399997532368, 163744.639800000935793 ] ] ] } },
{ "type": "Feature", "properties": { "ID": 7904.0, "NR": "23", "TYPE": "c", "LENGTH": 959.252, "GEMID": "066", "PLANID": "https://geodiensten.oost-vlaanderen.be/Bijlagen/detail/066-D-011.sid", "CEVI_OID": 7891, "GEMEENTE": "Etikhove", "DETAILPLAN": "066-D-011", "TYPE_LABEL": "chemin" }, "geometry": { "type": "MultiLineString", "coordinates": [ [ [ 97937.876400001347065, 164048.871300000697374 ], [ 97959.920299999415874, 164033.659699998795986 ], [ 97974.100599996745586, 164024.120299998670816 ], [ 97980.803999997675419, 164019.479499999433756 ], [ 97985.573700003325939, 164014.451900001615286 ], [ 97997.691399998962879, 163976.551899999380112 ], [ 98000.527500003576279, 163968.172600001096725 ], [ 98008.648900002241135, 163944.066100001335144 ], [ 98015.610100001096725, 163920.861999999731779 ], [ 98034.946900002658367, 163919.701799999922514 ], [ 98155.221500001847744, 163912.225000001490116 ], [ 98180.488099999725819, 163911.322599999606609 ], [ 98188.351800002157688, 163908.744300000369549 ], [ 98208.333099998533726, 163899.720499999821186 ], [ 98230.634800001978874, 163893.017099998891354 ], [ 98240.303199999034405, 163891.341299999505281 ], [ 98260.284500002861023, 163888.634100001305342 ], [ 98284.648800000548363, 163892.759300000965595 ], [ 98360.062100000679493, 163905.263700000941753 ], [ 98409.693099997937679, 163914.545400001108646 ], [ 98463.964900001883507, 163922.924600001424551 ], [ 98516.947599999606609, 163931.948399998247623 ], [ 98609.50620000064373, 163947.933499999344349 ], [ 98619.947999998927116, 163949.867199998348951 ] ], [ [ 98028.759099997580051, 164072.075399998575449 ], [ 98013.676399998366833, 164032.112799998372793 ], [ 98008.262199997901917, 164027.214200001209974 ], [ 97997.820299997925758, 164020.7685999982059 ], [ 97985.573700003325939, 164014.451900001615286 ] ], [ [ 98034.946900002658367, 163919.701799999922514 ], [ 98038.169699996709824, 163956.054900001734495 ], [ 98041.908100001513958, 163990.216499999165535 ], [ 98055.830600000917912, 164029.405699998140335 ] ] ] } },
{ "type": "Feature", "properties": { "ID": 7905.0, "NR": "26", "TYPE": "c", "LENGTH": 17.685, "GEMID": "066", "PLANID": "https://geodiensten.oost-vlaanderen.be/Bijlagen/detail/066-D-011.sid", "CEVI_OID": 7892, "GEMEENTE": "Etikhove", "DETAILPLAN": "066-D-011", "TYPE_LABEL": "chemin" }, "geometry": { "type": "MultiLineString", "coordinates": [ [ [ 98639.671499997377396, 163979.387899998575449 ], [ 98622.139499999582767, 163981.708299998193979 ] ] ] } },
{ "type": "Feature", "properties": { "ID": 7906.0, "NR": "28", "TYPE": "c", "LENGTH": 195.917, "GEMID": "066", "PLANID": "https://geodiensten.oost-vlaanderen.be/Bijlagen/detail/066-D-011.sid", "CEVI_OID": 7893, "GEMEENTE": "Etikhove", "DETAILPLAN": "066-D-011", "TYPE_LABEL": "chemin" }, "geometry": { "type": "MultiLineString", "coordinates": [ [ [ 98051.705399997532368, 163744.639800000935793 ], [ 98053.38120000064373, 163749.022799998521805 ], [ 98058.795500002801418, 163750.956500001251698 ], [ 98063.951999999582767, 163759.851399999111891 ], [ 98073.104699999094009, 163787.180599998682737 ], [ 98073.104699999094009, 163793.88399999961257 ], [ 98049.900600001215935, 163842.354800000786781 ], [ 98022.571400001645088, 163899.978300001472235 ], [ 98016.383599996566772, 163915.061000000685453 ], [ 98015.610100001096725, 163920.861999999731779 ] ] ] } },
{ "type": "Feature", "properties": { "ID": 7907.0, "NR": "29", "TYPE": "c", "LENGTH": 653.733, "GEMID": "066", "PLANID": "https://geodiensten.oost-vlaanderen.be/Bijlagen/detail/066-D-011.sid", "CEVI_OID": 7894, "GEMEENTE": "Etikhove", "DETAILPLAN": "066-D-011", "TYPE_LABEL": "chemin" }, "geometry": { "type": "MultiLineString", "coordinates": [ [ [ 98528.807499997317791, 163503.703899998217821 ], [ 98479.176500000059605, 163507.571199998259544 ], [ 98435.346500001847744, 163510.793999999761581 ], [ 98366.378799997270107, 163515.305900000035763 ], [ 98279.105599999427795, 163521.751499999314547 ], [ 98251.647399999201298, 163524.071899998933077 ], [ 98258.737499997019768, 163591.621599998325109 ], [ 98264.280699998140335, 163650.4054000005126 ], [ 98266.987899996340275, 163675.285300001502037 ], [ 98266.343299999833107, 163691.785999998450279 ], [ 98255.901500001549721, 163728.654699999839067 ], [ 98243.139200001955032, 163772.742499999701977 ], [ 98232.697400003671646, 163805.872800000011921 ], [ 98235.662299998104572, 163816.572500001639128 ], [ 98248.55349999666214, 163848.155900001525879 ], [ 98258.995300002396107, 163870.844300001859665 ], [ 98261.444700002670288, 163880.899399999529123 ], [ 98260.284500002861023, 163888.634100001305342 ] ] ] } },
{ "type": "Feature", "properties": { "ID": 7908.0, "NR": "58.4°", "TYPE": "c", "LENGTH": 360.263, "GEMID": "066", "PLANID": "https://geodiensten.oost-vlaanderen.be/Bijlagen/detail/066-D-011.sid", "CEVI_OID": 7895, "GEMEENTE": "Etikhove", "DETAILPLAN": "066-D-011", "TYPE_LABEL": "chemin" }, "geometry": { "type": "MultiLineString", "coordinates": [ [ [ 97561.841099999845028, 163617.275100000202656 ], [ 97566.997500002384186, 163649.245200000703335 ], [ 97575.63459999859333, 163710.091499999165535 ], [ 97583.884999997913837, 163759.335700001567602 ], [ 97587.88120000064373, 163783.699999999254942 ], [ 97596.647200003266335, 163826.885400000959635 ], [ 97603.995200000703335, 163860.015700001269579 ], [ 97613.534599997103214, 163903.201099999248981 ], [ 97627.328199997544289, 163971.395399998873472 ] ] ] } },
{ "type": "Feature", "properties": { "ID": 7910.0, "NR": "9997", "TYPE": "par", "LENGTH": 1000.312, "GEMID": "066", "PLANID": "https://geodiensten.oost-vlaanderen.be/Bijlagen/detail/066-D-011.sid", "CEVI_OID": 7896, "GEMEENTE": "Etikhove", "DETAILPLAN": "066-D-011", "TYPE_LABEL": "chemin particulier" }, "geometry": { "type": "MultiLineString", "coordinates": [ [ [ 98491.938699997961521, 163274.88569999858737 ], [ 98436.506700001657009, 163313.172400001436472 ], [ 98405.954599998891354, 163334.700699999928474 ], [ 98288.129399999976158, 163417.977600000798702 ], [ 98267.374600000679493, 163408.567099999636412 ], [ 98170.43299999833107, 163364.994899999350309 ], [ 98085.609200000762939, 163323.485399998724461 ] ], [ [ 98277.429700002074242, 163281.97580000013113 ], [ 98282.972900003194809, 163349.396600000560284 ], [ 98285.035499997437, 163353.006099998950958 ], [ 98285.937899999320507, 163371.827300000935793 ], [ 98288.129399999976158, 163417.977600000798702 ], [ 98248.166799999773502, 163446.724899999797344 ], [ 98216.970100000500679, 163469.155600000172853 ], [ 98185.773500002920628, 163494.293299999088049 ], [ 98142.845899999141693, 163526.779100000858307 ], [ 98137.302699998021126, 163532.708999998867512 ] ], [ [ 98251.647399999201298, 163524.071899998933077 ], [ 98207.430699996650219, 163527.423599999397993 ], [ 98137.302699998021126, 163532.708999998867512 ], [ 98051.0608000010252, 163540.44370000064373 ] ] ] } },
{ "type": "Feature", "properties": { "ID": 7909.0, "NR": "9", "TYPE": "c", "LENGTH": 816.796, "GEMID": "066", "PLANID": "https://geodiensten.oost-vlaanderen.be/Bijlagen/detail/066-D-011.sid", "CEVI_OID": 7897, "GEMEENTE": "Etikhove", "DETAILPLAN": "066-D-011", "TYPE_LABEL": "chemin" }, "geometry": { "type": "MultiLineString", "coordinates": [ [ [ 98620.334700003266335, 163986.864799998700619 ], [ 98622.139499999582767, 163981.708299998193979 ], [ 98619.947999998927116, 163949.867199998348951 ], [ 98615.564999997615814, 163893.274900000542402 ], [ 98608.346000000834465, 163815.7989999987185 ], [ 98603.060599997639656, 163750.698600001633167 ], [ 98597.25959999859333, 163712.153999999165535 ], [ 98589.782700002193451, 163662.780900001525879 ], [ 98582.176899999380112, 163615.470300000160933 ], [ 98578.438500002026558, 163606.962099999189377 ], [ 98556.394599996507168, 163562.874299999326468 ], [ 98528.807499997317791, 163503.703899998217821 ], [ 98495.806100003421307, 163435.896299999207258 ], [ 98460.097499996423721, 163362.416700001806021 ], [ 98443.339000001549721, 163329.544199999421835 ], [ 98436.506700001657009, 163313.172400001436472 ], [ 98414.33389999717474, 163266.893199998885393 ], [ 98390.485200002789497, 163216.488699998706579 ] ] ] } },
{ "type": "Feature", "properties": { "ID": 7911.0, "NR": "0", "TYPE": "s", "LENGTH": 229.041, "GEMID": "066", "PLANID": "https://geodiensten.oost-vlaanderen.be/Bijlagen/detail/066-D-012.sid", "CEVI_OID": 7898, "GEMEENTE": "Etikhove", "DETAILPLAN": "066-D-012", "TYPE_LABEL": "sentier" }, "geometry": { "type": "MultiLineString", "coordinates": [ [ [ 98623.428599998354912, 162674.673000000417233 ], [ 98657.847999997437, 162709.092399999499321 ], [ 98711.990900002419949, 162764.008699998259544 ], [ 98749.117499999701977, 162801.006400000303984 ], [ 98786.759700000286102, 162835.168000001460314 ] ] ] } },
{ "type": "Feature", "properties": { "ID": 7912.0, "NR": "148", "TYPE": "s", "LENGTH": 721.33, "GEMID": "066", "PLANID": "https://geodiensten.oost-vlaanderen.be/Bijlagen/detail/066-D-012.sid", "CEVI_OID": 7899, "GEMEENTE": "Etikhove", "DETAILPLAN": "066-D-012", "TYPE_LABEL": "sentier" }, "geometry": { "type": "MultiLineString", "coordinates": [ [ [ 99248.392399996519089, 163153.0641999989748 ], [ 99239.110699996352196, 163116.58219999819994 ], [ 99232.020599998533726, 163089.381799999624491 ], [ 99222.481100000441074, 163051.997400000691414 ], [ 99220.031800001859665, 163044.520500000566244 ], [ 99210.750200003385544, 163018.480399999767542 ], [ 99202.113099999725819, 162996.178700000047684 ], [ 99189.35080000013113, 162963.177299998700619 ], [ 99173.108000002801418, 162921.667700000107288 ], [ 99160.732500001788139, 162889.56870000064373 ], [ 99144.102799996733665, 162847.414599999785423 ], [ 99130.438199996948242, 162812.995200000703335 ], [ 99113.679700002074242, 162770.583200000226498 ], [ 99098.210299998521805, 162729.847199998795986 ], [ 99077.32660000026226, 162675.05970000103116 ], [ 99058.376599997282028, 162627.491300001740456 ], [ 99033.883400000631809, 162605.447399999946356 ], [ 99017.640500001609325, 162590.622600000351667 ], [ 98991.084700003266335, 162566.387200001627207 ], [ 98978.580300003290176, 162555.558600001037121 ], [ 98966.720399998128414, 162545.245600000023842 ], [ 98937.199600003659725, 162520.236800000071526 ] ] ] } },
{ "type": "Feature", "properties": { "ID": 7913.0, "NR": "149", "TYPE": "s", "LENGTH": 881.019, "GEMID": "066", "PLANID": "https://geodiensten.oost-vlaanderen.be/Bijlagen/detail/066-D-012.sid", "CEVI_OID": 7900, "GEMEENTE": "Etikhove", "DETAILPLAN": "066-D-012", "TYPE_LABEL": "sentier" }, "geometry": { "type": "MultiLineString", "coordinates": [ [ [ 98392.032200001180172, 163210.043099999427795 ], [ 98410.595499999821186, 163193.413499999791384 ], [ 98435.862199999392033, 163170.725099999457598 ], [ 98444.499200001358986, 163162.861400000751019 ], [ 98447.722000002861023, 163133.598499998450279 ], [ 98452.749600000679493, 163088.221599999815226 ], [ 98454.812200002372265, 163069.787200000137091 ], [ 98453.26519999653101, 163040.266399998217821 ], [ 98449.655699998140335, 162986.768100000917912 ], [ 98449.269000001251698, 162952.86430000141263 ], [ 98448.624399997293949, 162910.194600000977516 ], [ 98448.49549999833107, 162890.986699998378754 ], [ 98448.753300003707409, 162889.182000000029802 ], [ 98460.613200001418591, 162860.5636 ], [ 98482.914899997413158, 162828.077799998223782 ], [ 98503.153999999165535, 162801.521999999880791 ], [ 98513.080200001597404, 162789.017599999904633 ], [ 98522.877499997615814, 162777.802299998700619 ], [ 98545.308200001716614, 162752.664500001817942 ], [ 98553.558499999344349, 162743.511799998581409 ], [ 98564.129299998283386, 162732.167599998414516 ], [ 98586.431000001728535, 162709.865800000727177 ], [ 98599.064300000667572, 162696.974700000137091 ], [ 98623.428599998354912, 162674.673000000417233 ], [ 98650.113300003111362, 162649.793000001460314 ], [ 98666.742899999022484, 162634.839299999177456 ], [ 98682.985799998044968, 162621.30350000038743 ], [ 98695.232400000095367, 162610.217099998146296 ], [ 98705.029700003564358, 162602.353500001132488 ] ], [ [ 98814.604599997401237, 162485.301699999719858 ], [ 98799.006300002336502, 162493.423200000077486 ], [ 98786.244099996984005, 162499.997699998319149 ], [ 98772.837300002574921, 162507.474500000476837 ], [ 98765.48929999768734, 162513.017700001597404 ], [ 98756.207599997520447, 162523.717399999499321 ], [ 98735.452899999916553, 162548.597300000488758 ], [ 98730.683100000023842, 162554.398400001227856 ], [ 98714.31139999628067, 162575.926600001752377 ], [ 98710.701800003647804, 162585.852800000458956 ] ] ] } },
{ "type": "Feature", "properties": { "ID": 7914.0, "NR": "60", "TYPE": "s", "LENGTH": 742.504, "GEMID": "066", "PLANID": "https://geodiensten.oost-vlaanderen.be/Bijlagen/detail/066-D-012.sid", "CEVI_OID": 7901, "GEMEENTE": "Etikhove", "DETAILPLAN": "066-D-012", "TYPE_LABEL": "sentier" }, "geometry": { "type": "MultiLineString", "coordinates": [ [ [ 98912.706399999558926, 162465.449299998581409 ], [ 98930.238399997353554, 162501.93129999935627 ], [ 98937.844200000166893, 162517.658500000834465 ], [ 98937.199600003659725, 162520.236800000071526 ], [ 98912.706399999558926, 162580.309599999338388 ], [ 98900.717600002884865, 162610.217099998146296 ], [ 98899.686300002038479, 162612.408599998801947 ], [ 98886.408399999141693, 162641.026999998837709 ], [ 98849.152999997138977, 162720.049899999052286 ], [ 98813.057700000703335, 162790.951299998909235 ], [ 98795.525700002908707, 162823.050299998372793 ], [ 98790.755999997258186, 162829.753699999302626 ], [ 98786.759700000286102, 162835.168000001460314 ], [ 98764.457999996840954, 162858.11430000141263 ], [ 98745.89469999819994, 162880.029199998825788 ], [ 98742.542999997735023, 162885.443500000983477 ], [ 98737.128700003027916, 162906.069400001317263 ], [ 98735.968500003218651, 162929.660199999809265 ], [ 98737.257600001990795, 162940.359900001436472 ], [ 98738.80460000038147, 162954.926899999380112 ], [ 98737.773299999535084, 162962.919399999082088 ], [ 98728.62049999833107, 162993.858199998736382 ], [ 98725.268799997866154, 162996.952100001275539 ], [ 98718.823299996554852, 162999.014699999243021 ], [ 98701.420199997723103, 163000.561700001358986 ], [ 98690.720499999821186, 163002.624200001358986 ], [ 98686.337499998509884, 163005.718100000172853 ], [ 98677.4425999969244, 163018.480399999767542 ], [ 98661.586499996483326, 163045.680700000375509 ], [ 98633.225900001823902, 163101.370600000023842 ] ] ] } },
{ "type": "Feature", "properties": { "ID": 7915.0, "NR": "9", "TYPE": "c", "LENGTH": 4.498, "GEMID": "066", "PLANID": "https://geodiensten.oost-vlaanderen.be/Bijlagen/detail/066-D-012.sid", "CEVI_OID": 7902, "GEMEENTE": "Etikhove", "DETAILPLAN": "066-D-012", "TYPE_LABEL": "chemin" }, "geometry": { "type": "MultiLineString", "coordinates": [ [ [ 98391.387599997222424, 163208.88289999961853 ], [ 98392.032200001180172, 163210.043099999427795 ], [ 98393.450199998915195, 163212.879200000315905 ] ] ] } },
{ "type": "Feature", "properties": { "ID": 14975.0, "NR": "16", "TYPE": "c", "LENGTH": 1258.887, "GEMID": "127", "PLANID": "https://geodiensten.oost-vlaanderen.be/Bijlagen/detail/127-D-001.sid", "CEVI_OID": 14957, "GEMEENTE": "Maarke-Kerkem", "DETAILPLAN": "127-D-001", "TYPE_LABEL": "chemin" }, "geometry": { "type": "MultiLineString", "coordinates": [ [ [ 100158.637699998915195, 166975.16609999909997 ], [ 100175.911799997091293, 166947.708000000566244 ], [ 100225.156099997460842, 166869.329700000584126 ], [ 100236.371399998664856, 166848.832699999213219 ], [ 100262.669399999082088, 166791.853799998760223 ], [ 100277.751999996602535, 166758.207800000905991 ], [ 100300.311599999666214, 166718.245200000703335 ], [ 100302.889799997210503, 166713.604400001466274 ], [ 100321.453100003302097, 166688.079900000244379 ], [ 100349.426899999380112, 166652.629200000315905 ], [ 100436.829000003635883, 166562.133200000971556 ], [ 100448.688900001347065, 166544.343400001525879 ], [ 100480.787900000810623, 166477.180399999022484 ], [ 100504.894400000572205, 166416.334100000560284 ], [ 100522.039599999785423, 166365.542899999767542 ], [ 100529.645400002598763, 166343.112199999392033 ], [ 100541.634199999272823, 166307.27479999884963 ], [ 100551.431500002741814, 166274.531199999153614 ], [ 100551.431500002741814, 166266.538699999451637 ], [ 100538.927100002765656, 166229.15430000051856 ], [ 100519.848200000822544, 166171.788600001484156 ], [ 100511.340000003576279, 166155.932500001043081 ], [ 100500.253600001335144, 166146.26410000026226 ], [ 100459.7753000035882, 166122.544399999082088 ], [ 100442.6300999969244, 166110.813400000333786 ], [ 100413.753799997270107, 166088.125 ], [ 100359.739900000393391, 166057.701799999922514 ], [ 100292.963600002229214, 166015.289900001138449 ], [ 100274.787100002169609, 166004.590199999511242 ], [ 100237.918300002813339, 165990.538800001144409 ] ] ] } },
{ "type": "Feature", "properties": { "ID": 14976.0, "NR": "25", "TYPE": "c", "LENGTH": 309.682, "GEMID": "127", "PLANID": "https://geodiensten.oost-vlaanderen.be/Bijlagen/detail/127-D-001.sid", "CEVI_OID": 14958, "GEMEENTE": "Maarke-Kerkem", "DETAILPLAN": "127-D-001", "TYPE_LABEL": "chemin" }, "geometry": { "type": "MultiLineString", "coordinates": [ [ [ 99741.737300001084805, 166737.324099998921156 ], [ 99783.633599996566772, 166776.384399998933077 ], [ 99788.532300002872944, 166782.056499999016523 ], [ 99792.012900002300739, 166791.595899999141693 ], [ 99778.734999999403954, 166804.873799998313189 ], [ 99769.711199998855591, 166812.995299998670816 ], [ 99768.679899998009205, 166817.893899999558926 ], [ 99769.195500001311302, 166824.984099999070168 ], [ 99781.700000002980232, 166890.342300001531839 ], [ 99781.700000002980232, 166895.498700000345707 ], [ 99771.387000001966953, 166901.557599999010563 ], [ 99767.004000000655651, 166904.522599998861551 ], [ 99716.857400000095367, 166968.849500000476837 ], [ 99706.157700002193451, 166987.154899999499321 ] ] ] } },
{ "type": "Feature", "properties": { "ID": 14977.0, "NR": "26", "TYPE": "c", "LENGTH": 177.99, "GEMID": "127", "PLANID": "https://geodiensten.oost-vlaanderen.be/Bijlagen/detail/127-D-001.sid", "CEVI_OID": 14959, "GEMEENTE": "Maarke-Kerkem", "DETAILPLAN": "127-D-001", "TYPE_LABEL": "chemin" }, "geometry": { "type": "MultiLineString", "coordinates": [ [ [ 99771.387000001966953, 166901.557599999010563 ], [ 99785.954000003635883, 166924.632800001651049 ], [ 99795.235699996352196, 166939.199799999594688 ], [ 99824.498599998652935, 166973.619199998676777 ], [ 99841.386100001633167, 166993.600499998778105 ], [ 99857.5, 167005.202599998563528 ], [ 99861.883000001311302, 167008.425400000065565 ], [ 99891.145999997854233, 167030.727099999785423 ] ] ] } },
{ "type": "Feature", "properties": { "ID": 14978.0, "NR": "28", "TYPE": "s", "LENGTH": 1024.743, "GEMID": "127", "PLANID": "https://geodiensten.oost-vlaanderen.be/Bijlagen/detail/127-D-001.sid", "CEVI_OID": 14960, "GEMEENTE": "Maarke-Kerkem", "DETAILPLAN": "127-D-001", "TYPE_LABEL": "sentier" }, "geometry": { "type": "MultiLineString", "coordinates": [ [ [ 100175.911799997091293, 166947.708000000566244 ], [ 100148.066899999976158, 166931.078400000929832 ], [ 100085.673699997365475, 166892.018100000917912 ], [ 100038.620899997651577, 166849.219399999827147 ], [ 99993.501800000667572, 166807.838799998164177 ], [ 99994.14639999717474, 166812.479600001126528 ], [ 100018.639600001275539, 166884.670200001448393 ], [ 100024.440600000321865, 166889.439899999648333 ], [ 100024.053900003433228, 166892.791600000113249 ], [ 100036.042700000107288, 166968.462699998170137 ], [ 100045.711000002920628, 167027.633200000971556 ], [ 100047.129100002348423, 167036.012499999254942 ] ], [ [ 99796.911499999463558, 166653.78940000012517 ], [ 99804.259499996900558, 166659.719300001859665 ], [ 99863.558899998664856, 166704.709499999880791 ], [ 99947.480400003492832, 166769.165300000458956 ], [ 99975.196400001645088, 166790.564599998295307 ] ], [ [ 100277.751999996602535, 166758.207800000905991 ], [ 100237.402699999511242, 166758.723499998450279 ], [ 100213.811899997293949, 166760.785999998450279 ], [ 100157.993100002408028, 166777.93129999935627 ], [ 100131.566200003027916, 166785.923799999058247 ], [ 100106.299500003457069, 166791.080299999564886 ], [ 100081.290700003504753, 166793.787399999797344 ], [ 100058.215499997138977, 166793.271800000220537 ], [ 100035.527000002563, 166792.4983000010252 ], [ 99975.196400001645088, 166790.564599998295307 ], [ 99993.501800000667572, 166807.838799998164177 ] ] ] } },
{ "type": "Feature", "properties": { "ID": 14979.0, "NR": "30", "TYPE": "s", "LENGTH": 80.189, "GEMID": "127", "PLANID": "https://geodiensten.oost-vlaanderen.be/Bijlagen/detail/127-D-001.sid", "CEVI_OID": 14961, "GEMEENTE": "Maarke-Kerkem", "DETAILPLAN": "127-D-001", "TYPE_LABEL": "sentier" }, "geometry": { "type": "MultiLineString", "coordinates": [ [ [ 99587.945699997246265, 166800.490800000727177 ], [ 99650.725699998438358, 166850.379700001329184 ] ] ] } },
{ "type": "Feature", "properties": { "ID": 14980.0, "NR": "33", "TYPE": "s", "LENGTH": 1310.801, "GEMID": "127", "PLANID": "https://geodiensten.oost-vlaanderen.be/Bijlagen/detail/127-D-001.sid", "CEVI_OID": 14962, "GEMEENTE": "Maarke-Kerkem", "DETAILPLAN": "127-D-001", "TYPE_LABEL": "sentier" }, "geometry": { "type": "MultiLineString", "coordinates": [ [ [ 100129.503600001335144, 166157.350499998778105 ], [ 100097.920299999415874, 166124.34910000115633 ], [ 100037.460699997842312, 166058.990899998694658 ], [ 100028.565800003707409, 166070.335200000554323 ], [ 99943.09740000218153, 166014.258600000292063 ], [ 99867.812899999320507, 166004.332400001585484 ], [ 99789.305699996650219, 165951.994199998676777 ], [ 99671.609399996697903, 165872.971400000154972 ], [ 99646.213799998164177, 165908.293200001120567 ], [ 99613.341300003230572, 165954.056800000369549 ], [ 99601.094700001180172, 165971.07319999858737 ] ], [ [ 100522.039599999785423, 166365.542899999767542 ], [ 100605.187700003385544, 166387.457899998873472 ], [ 100635.095200002193451, 166385.653099998831749 ], [ 100647.986299999058247, 166386.942200001329184 ], [ 100657.654700003564358, 166388.747000001370907 ], [ 100681.5033999979496, 166395.32149999961257 ], [ 100686.273100003600121, 166395.708200000226498 ], [ 100690.913900002837181, 166395.0636 ], [ 100702.000299997627735, 166391.583000000566244 ] ], [ [ 100130.792700000107288, 166155.545800000429153 ], [ 100193.70160000026226, 166195.121700000017881 ], [ 100252.098600000143051, 166224.126800000667572 ], [ 100293.9949000030756, 166243.334600001573563 ], [ 100383.072899997234344, 166284.328499998897314 ], [ 100429.738899998366833, 166297.348600000143051 ], [ 100483.881800003349781, 166322.099599998444319 ], [ 100529.645400002598763, 166343.112199999392033 ] ] ] } },
{ "type": "Feature", "properties": { "ID": 14981.0, "NR": "35", "TYPE": "s", "LENGTH": 458.379, "GEMID": "127", "PLANID": "https://geodiensten.oost-vlaanderen.be/Bijlagen/detail/127-D-001.sid", "CEVI_OID": 14963, "GEMEENTE": "Maarke-Kerkem", "DETAILPLAN": "127-D-001", "TYPE_LABEL": "sentier" }, "geometry": { "type": "MultiLineString", "coordinates": [ [ [ 99875.160899996757507, 165849.509500000625849 ], [ 99915.896999999880791, 165949.287099998444319 ], [ 99941.421499997377396, 166011.809300001710653 ], [ 99943.09740000218153, 166014.258600000292063 ], [ 99945.031000003218651, 166018.512699998915195 ], [ 99959.082400001585484, 166095.472899999469519 ], [ 99970.813400000333786, 166162.506999999284744 ], [ 100003.6858000010252, 166204.532200001180172 ], [ 100012.065099999308586, 166216.005300000309944 ], [ 100027.147799998521805, 166239.725099999457598 ], [ 100039.265500001609325, 166258.030499998480082 ], [ 100044.035199999809265, 166262.929200001060963 ], [ 100048.031499996781349, 166265.378499999642372 ] ] ] } },
{ "type": "Feature", "properties": { "ID": 14982.0, "NR": "37", "TYPE": "s", "LENGTH": 303.492, "GEMID": "127", "PLANID": "https://geodiensten.oost-vlaanderen.be/Bijlagen/detail/127-D-001.sid", "CEVI_OID": 14964, "GEMEENTE": "Maarke-Kerkem", "DETAILPLAN": "127-D-001", "TYPE_LABEL": "sentier" }, "geometry": { "type": "MultiLineString", "coordinates": [ [ [ 99788.532300002872944, 166669.258799999952316 ], [ 99760.429499998688698, 166651.984600000083447 ], [ 99754.757399998605251, 166650.050900001078844 ], [ 99747.280500002205372, 166650.050900001078844 ], [ 99731.553300000727177, 166658.043400000780821 ], [ 99716.341700002551079, 166668.3564000017941 ], [ 99710.927400000393391, 166668.872000001370907 ], [ 99703.192699998617172, 166666.035999998450279 ], [ 99688.883599996566772, 166655.207400001585484 ], [ 99681.148900002241135, 166651.984600000083447 ], [ 99656.526699997484684, 166637.933200001716614 ], [ 99629.326399996876717, 166622.206000000238419 ] ], [ [ 99722.142800003290176, 166761.172800000756979 ], [ 99704.997500002384186, 166743.254099998623133 ], [ 99694.03999999910593, 166728.944899998605251 ], [ 99687.981200002133846, 166712.444200001657009 ], [ 99684.62950000166893, 166683.438999999314547 ], [ 99681.148900002241135, 166651.984600000083447 ] ] ] } },
{ "type": "Feature", "properties": { "ID": 14984.0, "NR": "49", "TYPE": "s", "LENGTH": 113.514, "GEMID": "127", "PLANID": "https://geodiensten.oost-vlaanderen.be/Bijlagen/detail/127-D-001.sid", "CEVI_OID": 14965, "GEMEENTE": "Maarke-Kerkem", "DETAILPLAN": "127-D-001", "TYPE_LABEL": "sentier" }, "geometry": { "type": "MultiLineString", "coordinates": [ [ [ 99863.558899998664856, 166704.709499999880791 ], [ 99822.693899996578693, 166765.426899999380112 ], [ 99792.012900002300739, 166791.595899999141693 ] ] ] } },
{ "type": "Feature", "properties": { "ID": 14983.0, "NR": "4", "TYPE": "c", "LENGTH": 137.582, "GEMID": "127", "PLANID": "https://geodiensten.oost-vlaanderen.be/Bijlagen/detail/127-D-001.sid", "CEVI_OID": 14966, "GEMEENTE": "Maarke-Kerkem", "DETAILPLAN": "127-D-001", "TYPE_LABEL": "chemin" }, "geometry": { "type": "MultiLineString", "coordinates": [ [ [ 100095.470899999141693, 165890.503400001674891 ], [ 100117.128100000321865, 165900.687399998307228 ], [ 100140.590000003576279, 165923.375900000333786 ], [ 100150.387299999594688, 165929.048000000417233 ], [ 100159.797899998724461, 165930.594900000840425 ], [ 100171.915600001811981, 165924.149300001561642 ], [ 100186.353699997067451, 165912.031599998474121 ], [ 100197.311200000345707, 165906.359499998390675 ], [ 100212.393799997866154, 165904.168000001460314 ] ] ] } },
{ "type": "Feature", "properties": { "ID": 14985.0, "NR": "50", "TYPE": "s", "LENGTH": 560.074, "GEMID": "127", "PLANID": "https://geodiensten.oost-vlaanderen.be/Bijlagen/detail/127-D-001.sid", "CEVI_OID": 14967, "GEMEENTE": "Maarke-Kerkem", "DETAILPLAN": "127-D-001", "TYPE_LABEL": "sentier" }, "geometry": { "type": "MultiLineString", "coordinates": [ [ [ 100702.000299997627735, 166391.583000000566244 ], [ 100612.793499998748302, 166462.355500001460314 ], [ 100597.324100002646446, 166495.743700001388788 ], [ 100577.342799998819828, 166527.713799998164177 ], [ 100551.044799998402596, 166569.094399999827147 ], [ 100536.348800003528595, 166592.427400000393391 ], [ 100505.023299999535084, 166643.476399999111891 ] ], [ [ 100300.311599999666214, 166718.245200000703335 ], [ 100411.304499998688698, 166721.081300001591444 ], [ 100413.882799997925758, 166722.885999999940395 ], [ 100503.734200000762939, 166641.800599999725819 ] ] ] } },
{ "type": "Feature", "properties": { "ID": 14986.0, "NR": "51", "TYPE": "s", "LENGTH": 360.441, "GEMID": "127", "PLANID": "https://geodiensten.oost-vlaanderen.be/Bijlagen/detail/127-D-001.sid", "CEVI_OID": 14968, "GEMEENTE": "Maarke-Kerkem", "DETAILPLAN": "127-D-001", "TYPE_LABEL": "sentier" }, "geometry": { "type": "MultiLineString", "coordinates": [ [ [ 100539.442699998617172, 166711.026099998503923 ], [ 100537.251199997961521, 166715.280200000852346 ], [ 100525.133500002324581, 166755.113899998366833 ], [ 100519.848200000822544, 166764.137699998915195 ], [ 100514.949500001966953, 166769.423099998384714 ], [ 100503.476400002837181, 166773.677200000733137 ], [ 100495.741700001060963, 166778.575899999588728 ], [ 100490.456299997866154, 166783.087799999862909 ], [ 100487.104599997401237, 166787.599700000137091 ], [ 100482.334899999201298, 166796.881299998611212 ], [ 100473.053199999034405, 166816.73369999974966 ], [ 100465.318499997258186, 166835.039200000464916 ], [ 100460.291000001132488, 166854.762600000947714 ], [ 100453.329700000584126, 166877.966699998825788 ], [ 100451.911700002849102, 166890.471200000494719 ], [ 100451.138199999928474, 166910.581399999558926 ], [ 100459.130800001323223, 166933.011999998241663 ], [ 100464.41610000282526, 166946.289900001138449 ], [ 100464.80290000140667, 166956.860700000077486 ], [ 100465.963100001215935, 166965.497800000011921 ], [ 100463.384800001978874, 166979.291299998760223 ], [ 100458.357299998402596, 167000.432799998670816 ], [ 100453.200800001621246, 167009.58559999987483 ], [ 100437.473600000143051, 167034.207699999213219 ] ] ] } },
{ "type": "Feature", "properties": { "ID": 14987.0, "NR": "6", "TYPE": "c", "LENGTH": 1260.812, "GEMID": "127", "PLANID": "https://geodiensten.oost-vlaanderen.be/Bijlagen/detail/127-D-001.sid", "CEVI_OID": 14969, "GEMEENTE": "Maarke-Kerkem", "DETAILPLAN": "127-D-001", "TYPE_LABEL": "chemin" }, "geometry": { "type": "MultiLineString", "coordinates": [ [ [ 99611.923299998044968, 166906.585099998861551 ], [ 99626.748099997639656, 166887.763999998569489 ], [ 99650.725699998438358, 166850.379700001329184 ], [ 99655.23759999871254, 166843.289500001817942 ], [ 99709.122699998319149, 166776.899999998509884 ], [ 99722.142800003290176, 166761.172800000756979 ], [ 99741.737300001084805, 166737.324099998921156 ], [ 99788.532300002872944, 166669.258799999952316 ], [ 99790.981600001454353, 166665.64919999986887 ], [ 99796.911499999463558, 166653.78940000012517 ], [ 99819.600000001490116, 166609.057000000029802 ], [ 99821.404700003564358, 166605.447500001639128 ], [ 99833.264600001275539, 166570.125700000673532 ], [ 99848.218400001525879, 166536.221900001168251 ], [ 99861.625200003385544, 166511.342000000178814 ], [ 99905.455099999904633, 166450.108899999409914 ], [ 99995.306599996984005, 166334.604100000113249 ], [ 100048.031499996781349, 166265.378499999642372 ], [ 100085.931500002741814, 166215.618599999696016 ], [ 100129.503600001335144, 166157.350499998778105 ], [ 100130.792700000107288, 166155.545800000429153 ], [ 100139.043099999427795, 166143.041299998760223 ], [ 100179.13459999859333, 166082.066100001335144 ], [ 100224.382600001990795, 166011.680399999022484 ], [ 100237.918300002813339, 165990.538800001144409 ], [ 100250.680600002408028, 165967.334699999541044 ], [ 100254.032300002872944, 165954.056800000369549 ], [ 100251.325199998915195, 165940.778900001198053 ], [ 100236.629199996590614, 165926.469700001180172 ], [ 100219.999600000679493, 165911.258200000971556 ], [ 100212.393799997866154, 165904.168000001460314 ], [ 100237.531599998474121, 165872.842500001192093 ] ] ] } },
{ "type": "Feature", "properties": { "ID": 14988.0, "NR": "7", "TYPE": "c", "LENGTH": 164.376, "GEMID": "127", "PLANID": "https://geodiensten.oost-vlaanderen.be/Bijlagen/detail/127-D-001.sid", "CEVI_OID": 14970, "GEMEENTE": "Maarke-Kerkem", "DETAILPLAN": "127-D-001", "TYPE_LABEL": "chemin" }, "geometry": { "type": "MultiLineString", "coordinates": [ [ [ 100980.320600003004074, 166952.090999998152256 ], [ 101053.929200001060963, 166892.791600000113249 ], [ 101077.906800001859665, 166870.876600001007318 ], [ 101101.626500003039837, 166842.000399999320507 ] ] ] } },
{ "type": "Feature", "properties": { "ID": 14989.0, "NR": "85", "TYPE": "s", "LENGTH": 255.115, "GEMID": "127", "PLANID": "https://geodiensten.oost-vlaanderen.be/Bijlagen/detail/127-D-001.sid", "CEVI_OID": 14971, "GEMEENTE": "Maarke-Kerkem", "DETAILPLAN": "127-D-001", "TYPE_LABEL": "sentier" }, "geometry": { "type": "MultiLineString", "coordinates": [ [ [ 99608.82940000295639, 166465.578299999237061 ], [ 99644.795800000429153, 166488.00899999961257 ], [ 99699.454300001263618, 166522.170499999076128 ], [ 99742.124099999666214, 166552.980399999767542 ], [ 99778.863899998366833, 166579.794100001454353 ], [ 99819.600000001490116, 166609.057000000029802 ] ] ] } },
{ "type": "Feature", "properties": { "ID": 14990.0, "NR": "87", "TYPE": "s", "LENGTH": 115.122, "GEMID": "127", "PLANID": "https://geodiensten.oost-vlaanderen.be/Bijlagen/detail/127-D-001.sid", "CEVI_OID": 14972, "GEMEENTE": "Maarke-Kerkem", "DETAILPLAN": "127-D-001", "TYPE_LABEL": "sentier" }, "geometry": { "type": "MultiLineString", "coordinates": [ [ [ 100822.661700002849102, 166788.115299999713898 ], [ 100886.343999996781349, 166732.683299999684095 ], [ 100909.419200003147125, 166712.444200001657009 ] ] ] } },
{ "type": "Feature", "properties": { "ID": 14991.0, "NR": "9", "TYPE": "c", "LENGTH": 735.293, "GEMID": "127", "PLANID": "https://geodiensten.oost-vlaanderen.be/Bijlagen/detail/127-D-001.sid", "CEVI_OID": 14973, "GEMEENTE": "Maarke-Kerkem", "DETAILPLAN": "127-D-001", "TYPE_LABEL": "chemin" }, "geometry": { "type": "MultiLineString", "coordinates": [ [ [ 100436.829000003635883, 166562.133200000971556 ], [ 100445.466099999845028, 166569.352200001478195 ], [ 100467.509999997913837, 166596.681499999016523 ], [ 100503.734200000762939, 166641.800599999725819 ], [ 100505.023299999535084, 166643.476399999111891 ], [ 100539.442699998617172, 166711.026099998503923 ], [ 100547.048500001430511, 166717.729499999433756 ], [ 100551.431500002741814, 166718.502999998629093 ], [ 100618.594499997794628, 166697.877199999988079 ], [ 100633.548199996352196, 166690.787000000476837 ], [ 100642.443099997937679, 166685.501600001007318 ], [ 100722.88400000333786, 166723.272700000554323 ], [ 100758.979299999773502, 166744.414299998432398 ], [ 100815.4425999969244, 166781.540800001472235 ], [ 100822.661700002849102, 166788.115299999713898 ], [ 100828.462700001895428, 166793.400699999183416 ], [ 100835.295000001788139, 166802.2956000007689 ], [ 100860.303900003433228, 166844.578600000590086 ], [ 100924.373000003397465, 166902.975600000470877 ], [ 100980.320600003004074, 166952.090999998152256 ], [ 100983.414499998092651, 166954.669199999421835 ] ] ] } },
{ "type": "Feature", "properties": { "ID": 14992.0, "NR": "17", "TYPE": "c", "LENGTH": 248.218, "GEMID": "127", "PLANID": "https://geodiensten.oost-vlaanderen.be/Bijlagen/detail/127-D-002.sid", "CEVI_OID": 14974, "GEMEENTE": "Maarke-Kerkem", "DETAILPLAN": "127-D-002", "TYPE_LABEL": "chemin" }, "geometry": { "type": "MultiLineString", "coordinates": [ [ [ 100867.136200003325939, 167891.470300000160933 ], [ 100885.957299999892712, 167909.388999998569489 ], [ 100894.852200001478195, 167920.475400000810623 ], [ 100898.075000002980232, 167928.983600001782179 ], [ 100903.48929999768734, 167950.511799998581409 ], [ 100910.57940000295639, 168002.334300000220537 ], [ 100917.411700002849102, 168031.984000001102686 ], [ 100919.603200003504753, 168046.035399999469519 ], [ 100920.247800000011921, 168084.966699998825788 ], [ 100923.083800002932549, 168101.72520000115037 ], [ 100927.7246999964118, 168113.585099998861551 ], [ 100933.396799996495247, 168123.124499998986721 ] ] ] } },
{ "type": "Feature", "properties": { "ID": 14993.0, "NR": "19", "TYPE": "c", "LENGTH": 178.541, "GEMID": "127", "PLANID": "https://geodiensten.oost-vlaanderen.be/Bijlagen/detail/127-D-002.sid", "CEVI_OID": 14975, "GEMEENTE": "Maarke-Kerkem", "DETAILPLAN": "127-D-002", "TYPE_LABEL": "chemin" }, "geometry": { "type": "MultiLineString", "coordinates": [ [ [ 100287.420400001108646, 167833.717799998819828 ], [ 100309.851000003516674, 167849.831799998879433 ], [ 100331.894900001585484, 167859.371300000697374 ], [ 100367.0878000035882, 167869.039599999785423 ], [ 100394.545999996364117, 167874.453899998217821 ], [ 100420.199400000274181, 167881.801899999380112 ], [ 100414.785099998116493, 167917.123700000345707 ] ] ] } },
{ "type": "Feature", "properties": { "ID": 14994.0, "NR": "20", "TYPE": "c", "LENGTH": 976.02, "GEMID": "127", "PLANID": "https://geodiensten.oost-vlaanderen.be/Bijlagen/detail/127-D-002.sid", "CEVI_OID": 14976, "GEMEENTE": "Maarke-Kerkem", "DETAILPLAN": "127-D-002", "TYPE_LABEL": "chemin" }, "geometry": { "type": "MultiLineString", "coordinates": [ [ [ 100648.244199998676777, 167464.256999999284744 ], [ 100617.94990000128746, 167512.341099999845028 ], [ 100599.644500002264977, 167539.412500001490116 ], [ 100574.635600000619888, 167564.421399999409914 ], [ 100538.669299997389317, 167593.813200000673532 ], [ 100528.098499998450279, 167601.93470000103116 ], [ 100519.590300001204014, 167622.431600000709295 ], [ 100515.465199999511242, 167650.66330000013113 ], [ 100513.273699998855591, 167656.464299999177456 ], [ 100499.737899996340275, 167668.968699999153614 ], [ 100442.887900002300739, 167700.036400001496077 ], [ 100430.770199999213219, 167707.900100000202656 ], [ 100422.133100003004074, 167721.30689999833703 ], [ 100417.105599999427795, 167787.567499998956919 ], [ 100391.32320000231266, 167804.712699998170137 ], [ 100355.614699997007847, 167807.806600000709295 ], [ 100310.366700001060963, 167798.396000001579523 ], [ 100306.757200002670288, 167798.911699999123812 ], [ 100301.214000001549721, 167807.291000001132488 ], [ 100287.420400001108646, 167833.717799998819828 ], [ 100233.406400002539158, 167795.173300001770258 ], [ 100218.0658999979496, 167795.431099999696016 ], [ 100211.620399996638298, 167795.688900001347065 ], [ 100136.593800000846386, 167799.16950000077486 ], [ 100121.382200002670288, 167802.00560000166297 ], [ 100116.225699998438358, 167803.165800001472235 ], [ 100112.358400002121925, 167804.068199999630451 ], [ 100080.903899997472763, 167816.185899998992682 ], [ 100025.214100003242493, 167841.065799999982119 ], [ 100020.573299996554852, 167843.128400001674891 ], [ 99986.411700002849102, 167859.629099998623133 ], [ 99979.966099999845028, 167869.426399998366833 ], [ 99953.410300001502037, 167923.69819999858737 ] ] ] } },
{ "type": "Feature", "properties": { "ID": 14995.0, "NR": "22", "TYPE": "c", "LENGTH": 446.767, "GEMID": "127", "PLANID": "https://geodiensten.oost-vlaanderen.be/Bijlagen/detail/127-D-002.sid", "CEVI_OID": 14977, "GEMEENTE": "Maarke-Kerkem", "DETAILPLAN": "127-D-002", "TYPE_LABEL": "chemin" }, "geometry": { "type": "MultiLineString", "coordinates": [ [ [ 100753.951700001955032, 167232.731699999421835 ], [ 100762.588799998164177, 167236.470100000500679 ], [ 100791.465000003576279, 167239.048300001770258 ], [ 100801.649099998176098, 167237.888099998235703 ], [ 100849.60419999808073, 167228.993200000375509 ], [ 100879.640600003302097, 167226.286100000143051 ], [ 100906.712099999189377, 167227.833000000566244 ], [ 100935.588299997150898, 167231.958200000226498 ], [ 100953.635899998247623, 167235.696600001305342 ], [ 100973.875, 167240.595300000160933 ], [ 100994.887599997222424, 167248.45890000090003 ], [ 101012.806400001049042, 167257.224899999797344 ], [ 101032.6587999984622, 167273.338799998164177 ], [ 101061.019299998879433, 167300.539200000464916 ], [ 101080.098300002515316, 167318.328999999910593 ], [ 101092.860500000417233, 167328.6418999992311 ], [ 101115.67790000140667, 167343.208999998867512 ], [ 101125.08839999884367, 167346.431699998676777 ], [ 101145.585400000214577, 167346.689599998295307 ], [ 101161.441500000655651, 167342.564399998635054 ] ] ] } },
{ "type": "Feature", "properties": { "ID": 14996.0, "NR": "26", "TYPE": "c", "LENGTH": 305.006, "GEMID": "127", "PLANID": "https://geodiensten.oost-vlaanderen.be/Bijlagen/detail/127-D-002.sid", "CEVI_OID": 14978, "GEMEENTE": "Maarke-Kerkem", "DETAILPLAN": "127-D-002", "TYPE_LABEL": "chemin" }, "geometry": { "type": "MultiLineString", "coordinates": [ [ [ 99823.209499999880791, 166976.197399999946356 ], [ 99843.190800003707409, 166995.791999999433756 ], [ 99856.468699999153614, 167006.620600000023842 ], [ 99886.118400000035763, 167030.984900001436472 ], [ 99894.497699998319149, 167037.817200001329184 ], [ 99926.854500003159046, 167064.115200001746416 ], [ 99958.051100000739098, 167083.322999998927116 ], [ 99993.244000002741814, 167103.948899999260902 ], [ 99999.560699999332428, 167107.558400001376867 ], [ 100033.980099998414516, 167127.153000000864267 ], [ 100077.03660000115633, 167139.141800001263618 ] ] ] } },
{ "type": "Feature", "properties": { "ID": 14997.0, "NR": "28", "TYPE": "s", "LENGTH": 91.126, "GEMID": "127", "PLANID": "https://geodiensten.oost-vlaanderen.be/Bijlagen/detail/127-D-002.sid", "CEVI_OID": 14979, "GEMEENTE": "Maarke-Kerkem", "DETAILPLAN": "127-D-002", "TYPE_LABEL": "sentier" }, "geometry": { "type": "MultiLineString", "coordinates": [ [ [ 100043.519500002264977, 167036.528099998831749 ], [ 100033.980099998414516, 167127.153000000864267 ] ] ] } },
{ "type": "Feature", "properties": { "ID": 14998.0, "NR": "51", "TYPE": "s", "LENGTH": 333.052, "GEMID": "127", "PLANID": "https://geodiensten.oost-vlaanderen.be/Bijlagen/detail/127-D-002.sid", "CEVI_OID": 14980, "GEMEENTE": "Maarke-Kerkem", "DETAILPLAN": "127-D-002", "TYPE_LABEL": "sentier" }, "geometry": { "type": "MultiLineString", "coordinates": [ [ [ 100318.488099999725819, 167332.251499999314547 ], [ 100322.871100001037121, 167314.848400000482798 ], [ 100334.344300001859665, 167284.811999998986721 ], [ 100357.41950000077486, 167240.208500001579523 ], [ 100363.865000002086163, 167234.536400001496077 ], [ 100383.8462999984622, 167219.582699999213219 ], [ 100385.522200003266335, 167216.61769999936223 ], [ 100398.67119999974966, 167174.463599998503923 ], [ 100414.914099998772144, 167140.430900000035763 ], [ 100421.488499999046326, 167125.992800001055002 ], [ 100440.567500002682209, 167069.916200000792742 ], [ 100435.926700003445148, 167059.474399998784065 ], [ 100435.539899997413158, 167054.188999999314547 ], [ 100435.153200000524521, 167048.5168999992311 ], [ 100437.473600000143051, 167032.274000000208616 ] ] ] } },
{ "type": "Feature", "properties": { "ID": 14999.0, "NR": "52", "TYPE": "s", "LENGTH": 958.125, "GEMID": "127", "PLANID": "https://geodiensten.oost-vlaanderen.be/Bijlagen/detail/127-D-002.sid", "CEVI_OID": 14981, "GEMEENTE": "Maarke-Kerkem", "DETAILPLAN": "127-D-002", "TYPE_LABEL": "sentier" }, "geometry": { "type": "MultiLineString", "coordinates": [ [ [ 100147.551299996674061, 166989.604299999773502 ], [ 100210.589100003242493, 167055.864799998700619 ], [ 100235.468999996781349, 167082.033900000154972 ], [ 100213.167300000786781, 167119.933899998664856 ], [ 100286.131300002336502, 167167.631299998611212 ], [ 100294.768399998545647, 167173.303399998694658 ], [ 100299.02250000089407, 167180.264600001275539 ], [ 100312.687100000679493, 167206.304800000041723 ], [ 100319.777199998497963, 167223.83669999986887 ], [ 100325.70719999819994, 167242.399999998509884 ], [ 100329.316699996590614, 167252.584100000560284 ], [ 100329.832400001585484, 167265.47520000115037 ], [ 100328.543200001120567, 167278.366399999707937 ], [ 100323.515699997544289, 167294.222500000149012 ], [ 100311.784699998795986, 167323.227600000798702 ], [ 100308.948700003325939, 167333.153799999505281 ] ], [ [ 100515.465199999511242, 167650.66330000013113 ], [ 100525.004600003361702, 167653.628199998289347 ], [ 100554.009700000286102, 167698.489500001072884 ], [ 100568.189999997615814, 167720.146699998527765 ] ], [ [ 100519.590300001204014, 167622.431600000709295 ], [ 100443.016800001263618, 167607.091099999845028 ], [ 100446.239600002765656, 167590.590399999171495 ], [ 100361.673500001430511, 167565.710499998182058 ], [ 100370.310599997639656, 167472.7652000002563 ], [ 100371.857600003480911, 167466.319600000977516 ], [ 100392.225599996745586, 167395.418200001120567 ], [ 100396.995300002396107, 167369.120200000703335 ], [ 100399.831399999558926, 167342.177700001746416 ], [ 100401.894000001251698, 167324.0011 ] ] ] } },
{ "type": "Feature", "properties": { "ID": 15000.0, "NR": "53", "TYPE": "s", "LENGTH": 1015.112, "GEMID": "127", "PLANID": "https://geodiensten.oost-vlaanderen.be/Bijlagen/detail/127-D-002.sid", "CEVI_OID": 14982, "GEMEENTE": "Maarke-Kerkem", "DETAILPLAN": "127-D-002", "TYPE_LABEL": "sentier" }, "geometry": { "type": "MultiLineString", "coordinates": [ [ [ 100306.757200002670288, 167798.911699999123812 ], [ 100259.83330000191927, 167782.668800000101328 ], [ 100219.999600000679493, 167777.64130000025034 ], [ 100205.94820000231266, 167775.707600001245737 ], [ 100197.955700002610683, 167774.80519999936223 ], [ 100185.322400003671646, 167775.449799999594688 ], [ 100176.685300000011921, 167774.547400001436472 ], [ 100169.853000000119209, 167771.711300000548363 ], [ 100160.313500002026558, 167766.425999999046326 ], [ 100148.840400002896786, 167760.109299998730421 ], [ 100143.683899998664856, 167757.660000000149012 ], [ 100131.566200003027916, 167759.078000001609325 ], [ 100116.612499997019768, 167760.624899998307228 ], [ 100110.81139999628067, 167757.144299998879433 ], [ 100071.622299998998642, 167746.960299998521805 ], [ 100058.086599998176098, 167739.096700001507998 ], [ 100049.96509999781847, 167734.455899998545647 ], [ 100043.261699996888638, 167732.908900000154972 ], [ 100016.705899998545647, 167731.877599999308586 ], [ 99974.809600003063679, 167727.236800000071526 ], [ 99953.023599997162819, 167724.271800000220537 ], [ 99925.694300003349781, 167713.701099999248981 ], [ 99909.064699999988079, 167708.028999999165535 ], [ 99900.298699997365475, 167706.86879999935627 ], [ 99889.598999999463558, 167707.126600001007318 ], [ 99857.628899998962879, 167709.31810000166297 ], [ 99845.124499998986721, 167708.415699999779463 ], [ 99825.6587999984622, 167699.263000000268221 ], [ 99811.994199998676777, 167692.559599999338388 ], [ 99807.095499999821186, 167692.301699999719858 ], [ 99801.036700002849102, 167691.91499999910593 ], [ 99776.027800001204014, 167684.309200000017881 ], [ 99726.654700003564358, 167672.964999999850988 ] ], [ [ 100417.105599999427795, 167787.567499998956919 ], [ 100496.901900000870228, 167783.571199998259544 ], [ 100533.512800000607967, 167759.335799999535084 ], [ 100543.310099996626377, 167742.061599999666214 ], [ 100560.584200002253056, 167727.494600001722574 ], [ 100568.189999997615814, 167720.146699998527765 ], [ 100574.24889999628067, 167708.028999999165535 ], [ 100579.01860000193119, 167704.677299998700619 ], [ 100620.399300001561642, 167694.879999998956919 ], [ 100622.719700001180172, 167691.657200001180172 ], [ 100624.137699998915195, 167668.066399998962879 ], [ 100626.844800002872944, 167660.718400001525879 ], [ 100641.411899998784065, 167652.210200000554323 ], [ 100653.013899996876717, 167648.08500000089407 ], [ 100684.081600002944469, 167644.733300000429153 ], [ 100699.679899998009205, 167643.444200001657009 ], [ 100721.594899997115135, 167638.029899999499321 ], [ 100759.75280000269413, 167629.006099998950958 ] ] ] } },
{ "type": "Feature", "properties": { "ID": 15001.0, "NR": "54", "TYPE": "s", "LENGTH": 327.87, "GEMID": "127", "PLANID": "https://geodiensten.oost-vlaanderen.be/Bijlagen/detail/127-D-002.sid", "CEVI_OID": 14983, "GEMEENTE": "Maarke-Kerkem", "DETAILPLAN": "127-D-002", "TYPE_LABEL": "sentier" }, "geometry": { "type": "MultiLineString", "coordinates": [ [ [ 100211.620399996638298, 167795.688900001347065 ], [ 100205.561499997973442, 167785.118099998682737 ], [ 100205.94820000231266, 167775.707600001245737 ], [ 100209.557800002396107, 167768.875300001353025 ], [ 100281.232699997723103, 167751.601100001484156 ], [ 100315.136399999260902, 167742.835099998861551 ], [ 100365.283100001513958, 167728.91270000115037 ], [ 100399.573600001633167, 167723.75620000064373 ], [ 100415.429700002074242, 167721.564699999988079 ], [ 100422.133100003004074, 167721.30689999833703 ] ], [ [ 100218.0658999979496, 167795.431099999696016 ], [ 100227.218699999153614, 167829.076999999582767 ], [ 100226.960799999535084, 167840.550200000405312 ], [ 100221.159800000488758, 167874.067200001329184 ] ] ] } },
{ "type": "Feature", "properties": { "ID": 15002.0, "NR": "55", "TYPE": "c", "LENGTH": 42.543, "GEMID": "127", "PLANID": "https://geodiensten.oost-vlaanderen.be/Bijlagen/detail/127-D-002.sid", "CEVI_OID": 14984, "GEMEENTE": "Maarke-Kerkem", "DETAILPLAN": "127-D-002", "TYPE_LABEL": "chemin" }, "geometry": { "type": "MultiLineString", "coordinates": [ [ [ 100116.612499997019768, 167760.624899998307228 ], [ 100116.225699998438358, 167803.165800001472235 ] ] ] } },
{ "type": "Feature", "properties": { "ID": 15003.0, "NR": "56", "TYPE": "s", "LENGTH": 767.982, "GEMID": "127", "PLANID": "https://geodiensten.oost-vlaanderen.be/Bijlagen/detail/127-D-002.sid", "CEVI_OID": 14985, "GEMEENTE": "Maarke-Kerkem", "DETAILPLAN": "127-D-002", "TYPE_LABEL": "sentier" }, "geometry": { "type": "MultiLineString", "coordinates": [ [ [ 99789.43469999730587, 167489.394799999892712 ], [ 99790.079199999570847, 167506.92680000141263 ], [ 99792.528499998152256, 167532.837999999523163 ], [ 99793.173100002110004, 167559.007100000977516 ], [ 99793.688699997961521, 167574.476500000804663 ], [ 99794.20440000295639, 167585.434000000357628 ], [ 99793.688699997961521, 167601.93470000103116 ], [ 99794.848899997770786, 167620.497900001704693 ], [ 99794.591099999845028, 167636.22520000115037 ], [ 99794.591099999845028, 167646.409200001507998 ], [ 99801.939099997282028, 167662.136399999260902 ], [ 99805.806400001049042, 167677.992499999701977 ], [ 99807.482299998402596, 167686.887499999254942 ] ], [ [ 99889.598999999463558, 167707.126600001007318 ], [ 99938.198700003325939, 167760.109299998730421 ], [ 99967.977300003170967, 167793.626299999654293 ], [ 99982.0287000015378, 167809.869199998676777 ], [ 99986.411700002849102, 167859.629099998623133 ] ], [ [ 100020.573299996554852, 167843.128400001674891 ], [ 99982.0287000015378, 167809.869199998676777 ] ], [ [ 100025.214100003242493, 167841.065799999982119 ], [ 100032.304200001060963, 167908.228799998760223 ], [ 100040.038900002837181, 167971.395500000566244 ], [ 100044.035199999809265, 168004.13910000026226 ] ], [ [ 99742.639700002968311, 167339.470499999821186 ], [ 99760.171700000762939, 167349.525600001215935 ], [ 99771.515900000929832, 167431.25560000166297 ], [ 99780.024099998176098, 167492.746500000357628 ] ] ] } },
{ "type": "Feature", "properties": { "ID": 15005.0, "NR": "71", "TYPE": "s", "LENGTH": 41.06, "GEMID": "127", "PLANID": "https://geodiensten.oost-vlaanderen.be/Bijlagen/detail/127-D-002.sid", "CEVI_OID": 14986, "GEMEENTE": "Maarke-Kerkem", "DETAILPLAN": "127-D-002", "TYPE_LABEL": "sentier" }, "geometry": { "type": "MultiLineString", "coordinates": [ [ [ 99752.694799996912479, 167576.796900000423193 ], [ 99793.688699997961521, 167574.476500000804663 ] ] ] } },
{ "type": "Feature", "properties": { "ID": 15006.0, "NR": "72", "TYPE": "s", "LENGTH": 496.815, "GEMID": "127", "PLANID": "https://geodiensten.oost-vlaanderen.be/Bijlagen/detail/127-D-002.sid", "CEVI_OID": 14987, "GEMEENTE": "Maarke-Kerkem", "DETAILPLAN": "127-D-002", "TYPE_LABEL": "sentier" }, "geometry": { "type": "MultiLineString", "coordinates": [ [ [ 100107.975400000810623, 167066.693399999290705 ], [ 100103.205600000917912, 167067.209100000560284 ], [ 100033.980099998414516, 167127.153000000864267 ], [ 100018.381800003349781, 167150.486000001430511 ], [ 100000.978699997067451, 167183.100699998438358 ], [ 99968.621899999678135, 167248.45890000090003 ], [ 99928.014700002968311, 167329.157600000500679 ], [ 99863.558899998664856, 167412.434500001370907 ], [ 99837.776500001549721, 167446.209399998188019 ], [ 99840.354800000786781, 167458.713799998164177 ], [ 99844.093199998140335, 167469.671300001442432 ] ] ] } },
{ "type": "Feature", "properties": { "ID": 15007.0, "NR": "73", "TYPE": "s", "LENGTH": 349.052, "GEMID": "127", "PLANID": "https://geodiensten.oost-vlaanderen.be/Bijlagen/detail/127-D-002.sid", "CEVI_OID": 14988, "GEMEENTE": "Maarke-Kerkem", "DETAILPLAN": "127-D-002", "TYPE_LABEL": "sentier" }, "geometry": { "type": "MultiLineString", "coordinates": [ [ [ 99728.33049999922514, 167228.86430000141263 ], [ 99849.507500000298023, 167223.83669999986887 ], [ 99968.621899999678135, 167248.45890000090003 ], [ 100056.152900002896786, 167268.311299998313189 ], [ 100072.00900000333786, 167272.4364 ] ] ] } },
{ "type": "Feature", "properties": { "ID": 15008.0, "NR": "76", "TYPE": "s", "LENGTH": 146.367, "GEMID": "127", "PLANID": "https://geodiensten.oost-vlaanderen.be/Bijlagen/detail/127-D-002.sid", "CEVI_OID": 14989, "GEMEENTE": "Maarke-Kerkem", "DETAILPLAN": "127-D-002", "TYPE_LABEL": "sentier" }, "geometry": { "type": "MultiLineString", "coordinates": [ [ [ 100903.48929999768734, 167950.511799998581409 ], [ 100944.998800002038479, 167936.718299999833107 ], [ 101020.54110000282526, 167938.007399998605251 ], [ 101046.065600000321865, 167947.031199999153614 ] ] ] } },
{ "type": "Feature", "properties": { "ID": 15009.0, "NR": "77", "TYPE": "s", "LENGTH": 113.983, "GEMID": "127", "PLANID": "https://geodiensten.oost-vlaanderen.be/Bijlagen/detail/127-D-002.sid", "CEVI_OID": 14990, "GEMEENTE": "Maarke-Kerkem", "DETAILPLAN": "127-D-002", "TYPE_LABEL": "sentier" }, "geometry": { "type": "MultiLineString", "coordinates": [ [ [ 100391.32320000231266, 167804.712699998170137 ], [ 100399.960299998521805, 167816.314800001680851 ], [ 100405.245700001716614, 167829.205899998545647 ], [ 100410.273199997842312, 167835.006999999284744 ], [ 100425.48480000346899, 167881.673000000417233 ], [ 100436.700099997222424, 167908.228799998760223 ] ] ] } },
{ "type": "Feature", "properties": { "ID": 15004.0, "NR": "7", "TYPE": "c", "LENGTH": 1637.994, "GEMID": "127", "PLANID": "https://geodiensten.oost-vlaanderen.be/Bijlagen/detail/127-D-002.sid", "CEVI_OID": 14991, "GEMEENTE": "Maarke-Kerkem", "DETAILPLAN": "127-D-002", "TYPE_LABEL": "chemin" }, "geometry": { "type": "MultiLineString", "coordinates": [ [ [ 101014.482199996709824, 166925.277300000190735 ], [ 100976.968900002539158, 166957.118500001728535 ], [ 100909.290299996733665, 167041.555700000375509 ], [ 100808.0945999994874, 167162.217000000178814 ], [ 100753.951700001955032, 167232.731699999421835 ], [ 100745.314699999988079, 167244.075899999588728 ], [ 100735.130599997937679, 167256.580299999564886 ], [ 100707.930299997329712, 167314.332699999213219 ], [ 100648.244199998676777, 167464.256999999284744 ], [ 100526.422600001096725, 167362.545699998736382 ], [ 100401.894000001251698, 167324.0011 ], [ 100318.488099999725819, 167332.251499999314547 ], [ 100308.948700003325939, 167333.153799999505281 ], [ 100231.472800001502037, 167340.75959999859333 ], [ 100116.354599997401237, 167354.166400000452995 ], [ 100071.8800999969244, 167358.807300001382828 ], [ 99907.002099998295307, 167441.439599998295307 ], [ 99844.093199998140335, 167469.671300001442432 ], [ 99789.43469999730587, 167489.394799999892712 ], [ 99780.024099998176098, 167492.746500000357628 ], [ 99745.089000001549721, 167502.285900000482798 ] ] ] } },
{ "type": "Feature", "properties": { "ID": 15011.0, "NR": "86", "TYPE": "c", "LENGTH": 159.665, "GEMID": "127", "PLANID": "https://geodiensten.oost-vlaanderen.be/Bijlagen/detail/127-D-002.sid", "CEVI_OID": 14992, "GEMEENTE": "Maarke-Kerkem", "DETAILPLAN": "127-D-002", "TYPE_LABEL": "chemin" }, "geometry": { "type": "MultiLineString", "coordinates": [ [ [ 101063.081900000572205, 167916.736999999731779 ], [ 101063.081900000572205, 167907.326400000602007 ], [ 101066.433600001037121, 167891.728100001811981 ], [ 101072.750299997627735, 167877.805599998682737 ], [ 101083.707800000905991, 167862.723000001162291 ], [ 101096.598899997770786, 167850.476399999111891 ], [ 101108.974500000476837, 167840.292300000786781 ], [ 101114.130900003015995, 167830.881799999624491 ], [ 101115.54900000244379, 167816.959300000220537 ], [ 101113.873099997639656, 167800.200800001621246 ], [ 101110.6503000035882, 167786.278299998492002 ], [ 101108.974500000476837, 167775.707600001245737 ] ] ] } },
{ "type": "Feature", "properties": { "ID": 15012.0, "NR": "88", "TYPE": "s", "LENGTH": 184.118, "GEMID": "127", "PLANID": "https://geodiensten.oost-vlaanderen.be/Bijlagen/detail/127-D-002.sid", "CEVI_OID": 14993, "GEMEENTE": "Maarke-Kerkem", "DETAILPLAN": "127-D-002", "TYPE_LABEL": "sentier" }, "geometry": { "type": "MultiLineString", "coordinates": [ [ [ 100018.381800003349781, 167150.486000001430511 ], [ 99934.589199997484684, 167186.452399998903275 ], [ 99849.507500000298023, 167223.83669999986887 ] ] ] } },
{ "type": "Feature", "properties": { "ID": 15010.0, "NR": "8", "TYPE": "c", "LENGTH": 555.886, "GEMID": "127", "PLANID": "https://geodiensten.oost-vlaanderen.be/Bijlagen/detail/127-D-002.sid", "CEVI_OID": 14994, "GEMEENTE": "Maarke-Kerkem", "DETAILPLAN": "127-D-002", "TYPE_LABEL": "chemin" }, "geometry": { "type": "MultiLineString", "coordinates": [ [ [ 100648.244199998676777, 167464.256999999284744 ], [ 100666.162900000810623, 167487.976799998432398 ], [ 100681.374499998986721, 167508.215900000184774 ], [ 100735.130599997937679, 167581.179900001734495 ], [ 100754.080600000917912, 167612.634300000965595 ], [ 100759.75280000269413, 167629.006099998950958 ], [ 100768.776600003242493, 167653.886100001633167 ], [ 100805.903099998831749, 167718.341899998486042 ], [ 100814.669100001454353, 167737.807599999010563 ], [ 100839.420199997723103, 167806.517499998211861 ], [ 100856.694300003349781, 167863.367499999701977 ], [ 100867.136200003325939, 167891.470300000160933 ], [ 100858.241300001740456, 167905.779500000178814 ], [ 100839.033399999141693, 167922.795800000429153 ], [ 100814.153499998152256, 167937.749600000679493 ] ] ] } },
{ "type": "Feature", "properties": { "ID": 15013.0, "NR": "9", "TYPE": "c", "LENGTH": 491.637, "GEMID": "127", "PLANID": "https://geodiensten.oost-vlaanderen.be/Bijlagen/detail/127-D-002.sid", "CEVI_OID": 14995, "GEMEENTE": "Maarke-Kerkem", "DETAILPLAN": "127-D-002", "TYPE_LABEL": "chemin" }, "geometry": { "type": "MultiLineString", "coordinates": [ [ [ 100163.923000000417233, 166957.634199999272823 ], [ 100147.551299996674061, 166989.604299999773502 ], [ 100107.975400000810623, 167066.693399999290705 ], [ 100082.193000003695488, 167127.024099998176098 ], [ 100077.03660000115633, 167139.141800001263618 ], [ 100076.778800003230572, 167145.845199998468161 ], [ 100081.032799996435642, 167150.614900000393391 ], [ 100086.189300000667572, 167153.966600000858307 ], [ 100105.010399997234344, 167166.600000001490116 ], [ 100107.717600002884865, 167169.564899999648333 ], [ 100107.717600002884865, 167173.303399998694658 ], [ 100102.689999997615814, 167183.616300001740456 ], [ 100087.220600001513958, 167211.074499998241663 ], [ 100082.064099997282028, 167228.219700001180172 ], [ 100072.00900000333786, 167272.4364 ], [ 100071.8800999969244, 167358.807300001382828 ] ], [ [ 100941.389300003647804, 166924.890599999576807 ], [ 100976.968900002539158, 166957.118500001728535 ] ] ] } },
{ "type": "Feature", "properties": { "ID": 15014.0, "NR": "10", "TYPE": "c", "LENGTH": 201.276, "GEMID": "127", "PLANID": "https://geodiensten.oost-vlaanderen.be/Bijlagen/detail/127-D-003.sid", "CEVI_OID": 14996, "GEMEENTE": "Maarke-Kerkem", "DETAILPLAN": "127-D-003", "TYPE_LABEL": "chemin" }, "geometry": { "type": "MultiLineString", "coordinates": [ [ [ 99510.598700001835823, 167933.624400001019239 ], [ 99497.578599996864796, 167971.911100000143051 ], [ 99487.910300001502037, 167994.728500001132488 ], [ 99462.64360000193119, 168081.099300000816584 ], [ 99420.876199997961521, 168096.439800001680851 ], [ 99419.329300001263618, 168096.697599999606609 ] ] ] } },
{ "type": "Feature", "properties": { "ID": 15015.0, "NR": "18", "TYPE": "c", "LENGTH": 453.396, "GEMID": "127", "PLANID": "https://geodiensten.oost-vlaanderen.be/Bijlagen/detail/127-D-003.sid", "CEVI_OID": 14997, "GEMEENTE": "Maarke-Kerkem", "DETAILPLAN": "127-D-003", "TYPE_LABEL": "chemin" }, "geometry": { "type": "MultiLineString", "coordinates": [ [ [ 100408.081699997186661, 167939.167599998414516 ], [ 100422.004199996590614, 167942.132599998265505 ], [ 100566.90089999884367, 167938.007399998605251 ], [ 100596.808399997651577, 167938.651900000870228 ], [ 100628.391800001263618, 167950.898499999195337 ], [ 100687.046599999070168, 167948.578099999576807 ], [ 100735.130599997937679, 167955.023699998855591 ], [ 100813.12219999730587, 167937.491700001060963 ], [ 100836.841899998486042, 167924.729499999433756 ], [ 100848.830700002610683, 167913.643100000917912 ] ] ] } },
{ "type": "Feature", "properties": { "ID": 15016.0, "NR": "19", "TYPE": "c", "LENGTH": 361.069, "GEMID": "127", "PLANID": "https://geodiensten.oost-vlaanderen.be/Bijlagen/detail/127-D-003.sid", "CEVI_OID": 14998, "GEMEENTE": "Maarke-Kerkem", "DETAILPLAN": "127-D-003", "TYPE_LABEL": "chemin" }, "geometry": { "type": "MultiLineString", "coordinates": [ [ [ 100412.851499997079372, 167918.92850000038743 ], [ 100408.081699997186661, 167939.167599998414516 ], [ 100379.979000002145767, 168029.921399999409914 ], [ 100374.178000003099442, 168080.583700001239777 ], [ 100371.72860000282526, 168098.502399999648333 ], [ 100364.122900001704693, 168128.023200001567602 ], [ 100360.771200001239777, 168141.429999999701977 ], [ 100359.997699998319149, 168144.652800001204014 ], [ 100357.806199997663498, 168153.676600001752377 ], [ 100344.657200001180172, 168210.139899998903275 ], [ 100331.894900001585484, 168262.091299999505281 ], [ 100330.090199999511242, 168269.69709999859333 ] ] ] } },
{ "type": "Feature", "properties": { "ID": 15017.0, "NR": "20", "TYPE": "c", "LENGTH": 1267.702, "GEMID": "127", "PLANID": "https://geodiensten.oost-vlaanderen.be/Bijlagen/detail/127-D-003.sid", "CEVI_OID": 14999, "GEMEENTE": "Maarke-Kerkem", "DETAILPLAN": "127-D-003", "TYPE_LABEL": "chemin" }, "geometry": { "type": "MultiLineString", "coordinates": [ [ [ 99953.539200000464916, 167924.471700001507998 ], [ 99943.612999998033047, 167947.675799999386072 ], [ 99933.944600000977516, 167961.211500000208616 ], [ 99903.392599999904633, 167972.297899998724461 ], [ 99871.809199996292591, 167979.645799998193979 ], [ 99846.542499996721745, 167985.446899998933077 ], [ 99823.725199997425079, 167992.665899999439716 ], [ 99807.353399999439716, 168000.658399999141693 ], [ 99792.786399997770786, 168012.131599999964237 ], [ 99780.668700002133846, 168031.855099998414516 ], [ 99767.777500003576279, 168058.282000001519918 ], [ 99756.433300003409386, 168078.134399998933077 ], [ 99742.124099999666214, 168095.666299998760223 ], [ 99716.728500001132488, 168122.480000000447035 ], [ 99705.126400001347065, 168140.914299998432398 ], [ 99696.87610000371933, 168155.739199999719858 ], [ 99688.110100001096725, 168177.396299999207258 ], [ 99681.664499998092651, 168192.607900001108646 ], [ 99672.898500002920628, 168206.014699999243021 ], [ 99662.714500002563, 168215.683100000023842 ], [ 99652.530500002205372, 168235.148800000548363 ], [ 99652.014799997210503, 168242.883499998599291 ], [ 99646.471600003540516, 168258.610700000077486 ], [ 99633.064800001680851, 168272.53319999948144 ], [ 99584.207299999892712, 168296.89750000089407 ], [ 99550.045699998736382, 168314.945099998265505 ], [ 99533.802799999713898, 168325.129099998623133 ], [ 99528.25959999859333, 168332.090300001204014 ], [ 99524.650100000202656, 168339.438299998641014 ], [ 99523.232100002467632, 168351.427099999040365 ], [ 99522.716399997472763, 168364.83390000090003 ], [ 99528.7753000035882, 168423.746500000357628 ], [ 99529.033100001513958, 168433.801600001752377 ], [ 99529.419799998402596, 168454.298599999397993 ], [ 99526.196999996900558, 168485.366300001740456 ], [ 99519.622500002384186, 168523.653099998831749 ], [ 99518.978000000119209, 168553.560600001364946 ], [ 99518.333400003612041, 168580.760899998247623 ], [ 99530.70889999717474, 168620.9814000017941 ], [ 99536.509999997913837, 168657.978999998420477 ], [ 99539.990599997341633, 168693.687600001692772 ], [ 99542.439900003373623, 168750.924300000071526 ], [ 99541.795299999415874, 168799.781899999827147 ], [ 99536.380999997258186, 168842.064899999648333 ], [ 99535.86540000140667, 168876.613200001418591 ], [ 99536.380999997258186, 168887.957400001585484 ], [ 99544.115699999034405, 168896.852400001138449 ] ], [ [ 99700.743400000035763, 168287.615800000727177 ], [ 99698.294100001454353, 168270.986200001090765 ], [ 99693.782200001180172, 168267.118900001049042 ], [ 99655.366499997675419, 168244.817099999636412 ], [ 99652.014799997210503, 168242.883499998599291 ] ] ] } },
{ "type": "Feature", "properties": { "ID": 15018.0, "NR": "21", "TYPE": "c", "LENGTH": 453.408, "GEMID": "127", "PLANID": "https://geodiensten.oost-vlaanderen.be/Bijlagen/detail/127-D-003.sid", "CEVI_OID": 15000, "GEMEENTE": "Maarke-Kerkem", "DETAILPLAN": "127-D-003", "TYPE_LABEL": "chemin" }, "geometry": { "type": "MultiLineString", "coordinates": [ [ [ 99462.64360000193119, 168081.099300000816584 ], [ 99480.949000000953674, 168099.533700000494719 ], [ 99496.805200003087521, 168113.198300000280142 ], [ 99524.778999999165535, 168126.863000001758337 ], [ 99559.843000002205372, 168144.008200000971556 ], [ 99595.551500000059605, 168163.731699999421835 ], [ 99602.770599998533726, 168169.790600001811981 ], [ 99606.251199997961521, 168174.947000000625849 ], [ 99618.240000002086163, 168214.394000001251698 ], [ 99622.880800001323223, 168218.261300001293421 ], [ 99644.409000001847744, 168229.863400001078844 ], [ 99652.530500002205372, 168235.148800000548363 ] ], [ [ 99840.22580000013113, 168919.154100000858307 ], [ 99851.956799998879433, 168920.958799999207258 ], [ 99860.593900002539158, 168926.759899999946356 ], [ 99981.770900003612041, 169049.612700000405312 ], [ 99984.34910000115633, 169052.190900001674891 ] ] ] } },
{ "type": "Feature", "properties": { "ID": 15019.0, "NR": "54", "TYPE": "s", "LENGTH": 945.19, "GEMID": "127", "PLANID": "https://geodiensten.oost-vlaanderen.be/Bijlagen/detail/127-D-003.sid", "CEVI_OID": 15001, "GEMEENTE": "Maarke-Kerkem", "DETAILPLAN": "127-D-003", "TYPE_LABEL": "sentier" }, "geometry": { "type": "MultiLineString", "coordinates": [ [ [ 99999.689599998295307, 168413.820300001651049 ], [ 100069.946400001645088, 168450.560199998319149 ], [ 100080.903899997472763, 168443.341099999845028 ], [ 100110.295800000429153, 168404.151999998837709 ], [ 100165.727799996733665, 168355.165500000119209 ], [ 100185.322400003671646, 168303.600900001823902 ], [ 100194.861800000071526, 168277.947399999946356 ], [ 100204.014600001275539, 168253.454199999570847 ], [ 100204.143500000238419, 168250.618200000375509 ], [ 100204.788000002503395, 168230.89469999819994 ], [ 100208.010799996554852, 168139.238499999046326 ] ], [ [ 99968.364000000059605, 168686.081799998879433 ], [ 99985.638199999928474, 168601.773499999195337 ], [ 99986.282799996435642, 168598.421799998730421 ], [ 99988.603200003504753, 168588.624600000679493 ], [ 100002.009999997913837, 168541.958500001579523 ], [ 100046.871200002729893, 168481.88569999858737 ], [ 100062.4695999994874, 168457.650299999862909 ], [ 100065.692400000989437, 168453.653999999165535 ], [ 100069.946400001645088, 168450.560199998319149 ] ], [ [ 100220.902000002563, 167873.938299998641014 ], [ 100214.585299998521805, 167981.83729999884963 ], [ 100210.460199996829033, 168048.742499999701977 ], [ 100202.725500002503395, 168049.000300001353025 ], [ 100197.440099999308586, 168110.491200000047684 ] ] ] } },
{ "type": "Feature", "properties": { "ID": 15020.0, "NR": "56", "TYPE": "s", "LENGTH": 1078.866, "GEMID": "127", "PLANID": "https://geodiensten.oost-vlaanderen.be/Bijlagen/detail/127-D-003.sid", "CEVI_OID": 15002, "GEMEENTE": "Maarke-Kerkem", "DETAILPLAN": "127-D-003", "TYPE_LABEL": "sentier" }, "geometry": { "type": "MultiLineString", "coordinates": [ [ [ 100360.771200001239777, 168141.429999999701977 ], [ 100329.703400000929832, 168138.336100000888109 ], [ 100280.717000000178814, 168137.820500001311302 ], [ 100238.17620000243187, 168144.781700000166893 ], [ 100210.846900001168251, 168138.336100000888109 ], [ 100208.010799996554852, 168139.238499999046326 ], [ 100196.021999999880791, 168139.238499999046326 ], [ 100197.440099999308586, 168110.491200000047684 ], [ 100158.895499996840954, 168095.021800000220537 ], [ 100160.184600003063679, 168067.305799998342991 ], [ 100157.993100002408028, 168062.149300001561642 ], [ 100159.53999999910593, 168042.425799999386072 ], [ 100135.175700001418591, 168033.659800000488758 ], [ 100046.613399997353554, 168006.330600000917912 ], [ 100043.777400001883507, 168002.849899999797344 ], [ 100034.624600000679493, 167925.760800000280142 ] ], [ [ 100364.122900001704693, 168128.023200001567602 ], [ 100443.919200003147125, 168153.160999998450279 ] ], [ [ 100579.920999996364117, 168145.2972999997437 ], [ 100600.417900003492832, 168155.4814000017941 ], [ 100604.285300001502037, 168160.2511 ], [ 100604.543099999427795, 168165.665399998426437 ], [ 100607.894799999892712, 168196.475299999117851 ], [ 100629.294200003147125, 168217.101100001484156 ], [ 100705.738799996674061, 168252.293999999761581 ], [ 100742.220799997448921, 168269.052499998360872 ], [ 100746.732699997723103, 168271.115100000053644 ] ], [ [ 100357.806199997663498, 168153.676600001752377 ], [ 100436.700099997222424, 168173.786800000816584 ], [ 100443.919200003147125, 168153.160999998450279 ], [ 100458.615099996328354, 168157.672899998724461 ], [ 100469.701499998569489, 168112.166999999433756 ], [ 100498.835500001907349, 168122.995600000023842 ], [ 100532.868199996650219, 168133.824200000613928 ], [ 100577.342799998819828, 168151.871800001710653 ] ] ] } },
{ "type": "Feature", "properties": { "ID": 15021.0, "NR": "57", "TYPE": "s", "LENGTH": 1160.568, "GEMID": "127", "PLANID": "https://geodiensten.oost-vlaanderen.be/Bijlagen/detail/127-D-003.sid", "CEVI_OID": 15003, "GEMEENTE": "Maarke-Kerkem", "DETAILPLAN": "127-D-003", "TYPE_LABEL": "sentier" }, "geometry": { "type": "MultiLineString", "coordinates": [ [ [ 99693.782200001180172, 168267.118900001049042 ], [ 99720.7246999964118, 168268.150199998170137 ], [ 99724.205300003290176, 168244.688200000673532 ], [ 99739.030199997127056, 168239.273899998515844 ], [ 99774.867600001394749, 168236.437899999320507 ], [ 99781.571000002324581, 168237.727000001817942 ], [ 99808.642499998211861, 168246.493000000715256 ], [ 99843.319700002670288, 168272.017499998211861 ], [ 99889.727899998426437, 168306.823699999600649 ], [ 99922.729299999773502, 168315.976399999111891 ], [ 99951.863300003111362, 168337.246800001710653 ], [ 99990.407899998128414, 168361.095499999821186 ], [ 100011.549500003457069, 168369.087999999523163 ], [ 100110.682499997317791, 168302.827399998903275 ], [ 100140.074400000274181, 168283.361699998378754 ], [ 100185.322400003671646, 168303.600900001823902 ] ], [ [ 100320.937399998307228, 168329.512099999934435 ], [ 100401.636200003325939, 168369.99040000140667 ], [ 100452.814099997282028, 168389.19819999858737 ], [ 100469.056999996304512, 168395.385999999940395 ], [ 100524.102200001478195, 168427.871700000017881 ], [ 100589.847199998795986, 168464.86939999833703 ], [ 100648.501999996602535, 168498.644200000911951 ] ], [ [ 100599.515600003302097, 168539.251400001347065 ], [ 100589.847199998795986, 168464.86939999833703 ] ], [ [ 100194.861800000071526, 168277.947399999946356 ], [ 100325.32039999961853, 168313.140299998223782 ] ] ] } },
{ "type": "Feature", "properties": { "ID": 15022.0, "NR": "58", "TYPE": "s", "LENGTH": 666.341, "GEMID": "127", "PLANID": "https://geodiensten.oost-vlaanderen.be/Bijlagen/detail/127-D-003.sid", "CEVI_OID": 15004, "GEMEENTE": "Maarke-Kerkem", "DETAILPLAN": "127-D-003", "TYPE_LABEL": "sentier" }, "geometry": { "type": "MultiLineString", "coordinates": [ [ [ 99655.366499997675419, 168244.817099999636412 ], [ 99684.62950000166893, 168295.479400001466274 ], [ 99746.378200002014637, 168384.815200001001358 ], [ 99755.273100003600121, 168412.531199999153614 ], [ 99777.31700000166893, 168484.463899999856949 ], [ 99784.922700002789497, 168526.618000000715256 ], [ 99794.075499996542931, 168602.804800000041723 ], [ 99796.6537000015378, 168633.743599999696016 ], [ 99796.6537000015378, 168648.568500000983477 ], [ 99795.106799997389317, 168695.105599999427795 ], [ 99794.719999998807907, 168721.145799998193979 ], [ 99807.353399999439716, 168771.936900001019239 ], [ 99865.234700001776218, 168858.952300000935793 ] ] ] } },
{ "type": "Feature", "properties": { "ID": 15023.0, "NR": "59", "TYPE": "s", "LENGTH": 489.21, "GEMID": "127", "PLANID": "https://geodiensten.oost-vlaanderen.be/Bijlagen/detail/127-D-003.sid", "CEVI_OID": 15005, "GEMEENTE": "Maarke-Kerkem", "DETAILPLAN": "127-D-003", "TYPE_LABEL": "sentier" }, "geometry": { "type": "MultiLineString", "coordinates": [ [ [ 99784.922700002789497, 168526.618000000715256 ], [ 99834.940499998629093, 168541.958500001579523 ], [ 99988.603200003504753, 168588.624600000679493 ] ], [ [ 100131.952899999916553, 168637.353199999779463 ], [ 100137.88289999961853, 168643.798799999058247 ], [ 100169.981899999082088, 168673.319499999284744 ], [ 100218.968299999833107, 168701.937899999320507 ], [ 100264.087399996817112, 168723.981800001114607 ] ], [ [ 99985.638199999928474, 168601.773499999195337 ], [ 100093.021600000560284, 168648.181699998676777 ] ] ] } },
{ "type": "Feature", "properties": { "ID": 15024.0, "NR": "60", "TYPE": "s", "LENGTH": 536.525, "GEMID": "127", "PLANID": "https://geodiensten.oost-vlaanderen.be/Bijlagen/detail/127-D-003.sid", "CEVI_OID": 15006, "GEMEENTE": "Maarke-Kerkem", "DETAILPLAN": "127-D-003", "TYPE_LABEL": "sentier" }, "geometry": { "type": "MultiLineString", "coordinates": [ [ [ 99529.033100001513958, 168433.801600001752377 ], [ 99636.416500002145767, 168417.558800000697374 ], [ 99656.011100001633167, 168414.593800000846386 ], [ 99751.663500003516674, 168411.370999999344349 ], [ 99755.273100003600121, 168412.531199999153614 ], [ 99792.657399997115135, 168383.010499998927116 ], [ 99889.727899998426437, 168306.823699999600649 ] ], [ [ 99528.7753000035882, 168423.746500000357628 ], [ 99509.567400000989437, 168424.648899998515844 ], [ 99496.160599999129772, 168422.586300000548363 ], [ 99475.921499997377396, 168416.398600000888109 ], [ 99460.452100001275539, 168415.238400001078844 ], [ 99394.191500000655651, 168430.965599998831749 ] ] ] } },
{ "type": "Feature", "properties": { "ID": 15025.0, "NR": "61", "TYPE": "s", "LENGTH": 337.896, "GEMID": "127", "PLANID": "https://geodiensten.oost-vlaanderen.be/Bijlagen/detail/127-D-003.sid", "CEVI_OID": 15007, "GEMEENTE": "Maarke-Kerkem", "DETAILPLAN": "127-D-003", "TYPE_LABEL": "sentier" }, "geometry": { "type": "MultiLineString", "coordinates": [ [ [ 99420.876199997961521, 168096.439800001680851 ], [ 99396.898599997162819, 168185.517799999564886 ], [ 99420.618400000035763, 168232.828400000929832 ], [ 99439.310599997639656, 168267.50560000166297 ], [ 99454.135399997234344, 168328.223000001162291 ], [ 99465.608499996364117, 168373.599899999797344 ], [ 99475.921499997377396, 168416.398600000888109 ] ] ] } },
{ "type": "Feature", "properties": { "ID": 15026.0, "NR": "67", "TYPE": "s", "LENGTH": 233.187, "GEMID": "127", "PLANID": "https://geodiensten.oost-vlaanderen.be/Bijlagen/detail/127-D-003.sid", "CEVI_OID": 15008, "GEMEENTE": "Maarke-Kerkem", "DETAILPLAN": "127-D-003", "TYPE_LABEL": "sentier" }, "geometry": { "type": "MultiLineString", "coordinates": [ [ [ 100579.14750000089407, 168126.991900000721216 ], [ 100584.17509999871254, 168123.769099999219179 ], [ 100648.115299999713898, 168064.856499999761581 ], [ 100649.017599999904633, 168063.825199998915195 ], [ 100649.920000001788139, 168062.7939000017941 ], [ 100674.026500001549721, 168036.753699999302626 ], [ 100735.130599997937679, 167955.023699998855591 ] ] ] } },
{ "type": "Feature", "properties": { "ID": 15027.0, "NR": "68", "TYPE": "s", "LENGTH": 1182.47, "GEMID": "127", "PLANID": "https://geodiensten.oost-vlaanderen.be/Bijlagen/detail/127-D-003.sid", "CEVI_OID": 15009, "GEMEENTE": "Maarke-Kerkem", "DETAILPLAN": "127-D-003", "TYPE_LABEL": "sentier" }, "geometry": { "type": "MultiLineString", "coordinates": [ [ [ 100742.220799997448921, 168269.052499998360872 ], [ 100734.615000002086163, 168287.229100000113249 ], [ 100730.747599996626377, 168295.608300000429153 ], [ 100722.626199997961521, 168311.0777000002563 ], [ 100719.403399996459484, 168318.55460000038147 ], [ 100717.856499999761581, 168326.031500000506639 ], [ 100716.309500001370907, 168338.407000001519918 ], [ 100712.571099996566772, 168351.813799999654293 ], [ 100705.867700003087521, 168366.251899998635054 ], [ 100700.711199998855591, 168375.275800000876188 ], [ 100689.624799996614456, 168392.807700000703335 ], [ 100685.886399999260902, 168399.382199998944998 ], [ 100684.983999997377396, 168404.02309999987483 ], [ 100685.370700001716614, 168409.179499998688698 ], [ 100689.624799996614456, 168421.812899999320507 ], [ 100691.171800002455711, 168429.031899999827147 ], [ 100691.558499999344349, 168435.864199999719858 ], [ 100690.269400000572205, 168444.501299999654293 ], [ 100684.983999997377396, 168457.52140000090003 ], [ 100680.729900002479553, 168465.513900000602007 ], [ 100677.893899999558926, 168469.123399998992682 ], [ 100671.061499997973442, 168475.053399998694658 ], [ 100665.131599999964237, 168479.694200001657009 ], [ 100660.619699999690056, 168483.948300000280142 ], [ 100653.787399999797344, 168491.167300000786781 ], [ 100648.501999996602535, 168498.644200000911951 ], [ 100645.408100001513958, 168506.636700000613928 ], [ 100644.892499998211861, 168510.890799999237061 ], [ 100645.408100001513958, 168517.852099999785423 ], [ 100645.1503000035882, 168522.364000000059605 ], [ 100643.474399998784065, 168524.942200001329184 ], [ 100630.0675999969244, 168531.387800000607967 ], [ 100612.277800001204014, 168535.6418999992311 ], [ 100602.738399997353554, 168537.446600001305342 ], [ 100599.515600003302097, 168539.251400001347065 ], [ 100596.03490000218153, 168542.603100001811981 ], [ 100591.13629999756813, 168551.626899998635054 ], [ 100588.558100000023842, 168556.525600001215935 ], [ 100585.979800000786781, 168560.650699999183416 ], [ 100578.631899997591972, 168565.420499999076128 ], [ 100570.510399997234344, 168569.674499999731779 ], [ 100556.201200000941753, 168575.346700001507998 ], [ 100539.442699998617172, 168580.760899998247623 ], [ 100524.489000000059605, 168588.495600000023842 ], [ 100512.242399998009205, 168595.199099998921156 ], [ 100492.132100000977516, 168604.738499999046326 ], [ 100481.948100000619888, 168611.699700001627207 ], [ 100476.92059999704361, 168614.922499999403954 ], [ 100471.506300002336502, 168615.82490000128746 ], [ 100463.126999996602535, 168615.695999998599291 ], [ 100453.587600000202656, 168613.50450000166893 ], [ 100439.020499996840954, 168609.379299998283386 ], [ 100427.289599999785423, 168607.703499998897314 ], [ 100412.851499997079372, 168608.605900000780821 ], [ 100391.194300003349781, 168613.375599998980761 ], [ 100365.927599996328354, 168621.754900000989437 ], [ 100348.266699999570847, 168628.973900001496077 ], [ 100341.047700002789497, 168634.388199999928474 ], [ 100335.633400000631809, 168638.642299998551607 ], [ 100329.316699996590614, 168645.21680000051856 ], [ 100308.175200000405312, 168671.901500001549721 ], [ 100297.991200000047684, 168684.405900001525879 ], [ 100280.459200002253056, 168703.74269999936223 ], [ 100273.369000002741814, 168713.6689000017941 ], [ 100264.087399996817112, 168723.981800001114607 ], [ 100255.192500002682209, 168737.775400001555681 ], [ 100251.325199998915195, 168744.349899999797344 ], [ 100247.715599998831749, 168751.568900000303984 ], [ 100243.074799999594688, 168764.073300000280142 ], [ 100238.691799998283386, 168777.995799999684095 ], [ 100233.793200001120567, 168786.117199998348951 ], [ 100210.073399998247623, 168818.731899999082088 ], [ 100185.451300002634525, 168851.217599999159575 ], [ 100174.364900000393391, 168866.300299998372793 ], [ 100162.505000002682209, 168881.383000001311302 ], [ 100148.969300001859665, 168897.625799998641014 ], [ 100121.768899999558926, 168929.209199998527765 ], [ 100099.725000001490116, 168954.991500001400709 ], [ 100089.025399997830391, 168969.558499999344349 ], [ 100075.876400001347065, 168991.473499998450279 ], [ 100068.399499997496605, 169002.946699999272823 ], [ 100061.825000002980232, 169009.005499999970198 ], [ 100054.863799996674061, 169013.517400000244379 ], [ 100023.151500001549721, 169028.471200000494719 ], [ 99998.400499999523163, 169040.846700001507998 ], [ 99981.770900003612041, 169049.612700000405312 ] ] ] } },
{ "type": "Feature", "properties": { "ID": 15028.0, "NR": "69", "TYPE": "s", "LENGTH": 317.084, "GEMID": "127", "PLANID": "https://geodiensten.oost-vlaanderen.be/Bijlagen/detail/127-D-003.sid", "CEVI_OID": 15010, "GEMEENTE": "Maarke-Kerkem", "DETAILPLAN": "127-D-003", "TYPE_LABEL": "sentier" }, "geometry": { "type": "MultiLineString", "coordinates": [ [ [ 99632.549199998378754, 167877.547800000756979 ], [ 99623.267499998211861, 167902.041000001132488 ], [ 99617.982100002467632, 167928.854699999094009 ], [ 99624.943400003015995, 167930.143800001591444 ], [ 99624.556599996984005, 167991.118999999016523 ], [ 99622.751900002360344, 168043.972800001502037 ], [ 99621.978399999439716, 168075.427200000733137 ], [ 99621.462700001895428, 168170.821800000965595 ], [ 99606.251199997961521, 168174.947000000625849 ] ] ] } },
{ "type": "Feature", "properties": { "ID": 15029.0, "NR": "70", "TYPE": "s", "LENGTH": 169.547, "GEMID": "127", "PLANID": "https://geodiensten.oost-vlaanderen.be/Bijlagen/detail/127-D-003.sid", "CEVI_OID": 15011, "GEMEENTE": "Maarke-Kerkem", "DETAILPLAN": "127-D-003", "TYPE_LABEL": "sentier" }, "geometry": { "type": "MultiLineString", "coordinates": [ [ [ 99624.556599996984005, 167991.118999999016523 ], [ 99719.306699998676777, 168003.623399998992682 ], [ 99771.515900000929832, 168009.811200000345707 ], [ 99786.340800002217293, 168011.229200001806021 ], [ 99792.786399997770786, 168012.131599999964237 ] ] ] } },
{ "type": "Feature", "properties": { "ID": 15030.0, "NR": "74", "TYPE": "s", "LENGTH": 275.165, "GEMID": "127", "PLANID": "https://geodiensten.oost-vlaanderen.be/Bijlagen/detail/127-D-003.sid", "CEVI_OID": 15012, "GEMEENTE": "Maarke-Kerkem", "DETAILPLAN": "127-D-003", "TYPE_LABEL": "sentier" }, "geometry": { "type": "MultiLineString", "coordinates": [ [ [ 100626.329199999570847, 168023.862500000745058 ], [ 100631.614600002765656, 168027.214299999177456 ], [ 100649.017599999904633, 168063.825199998915195 ], [ 100652.24040000140667, 168070.528599999845028 ], [ 100706.254399999976158, 168181.392599999904633 ], [ 100748.924199998378754, 168269.181499999016523 ] ] ] } },
{ "type": "Feature", "properties": { "ID": 15031.0, "NR": "75", "TYPE": "s", "LENGTH": 271.497, "GEMID": "127", "PLANID": "https://geodiensten.oost-vlaanderen.be/Bijlagen/detail/127-D-003.sid", "CEVI_OID": 15013, "GEMEENTE": "Maarke-Kerkem", "DETAILPLAN": "127-D-003", "TYPE_LABEL": "sentier" }, "geometry": { "type": "MultiLineString", "coordinates": [ [ [ 99544.115699999034405, 168896.852400001138449 ], [ 99658.976000003516674, 169005.524900000542402 ], [ 99732.326800003647804, 169075.394999999552965 ], [ 99742.76860000193119, 169081.453899998217821 ] ] ] } },
{ "type": "Feature", "properties": { "ID": 15033.0, "NR": "89", "TYPE": "s", "LENGTH": 130.879, "GEMID": "127", "PLANID": "https://geodiensten.oost-vlaanderen.be/Bijlagen/detail/127-D-003.sid", "CEVI_OID": 15014, "GEMEENTE": "Maarke-Kerkem", "DETAILPLAN": "127-D-003", "TYPE_LABEL": "sentier" }, "geometry": { "type": "MultiLineString", "coordinates": [ [ [ 100204.788000002503395, 168230.89469999819994 ], [ 100220.386399999260902, 168234.761999998241663 ], [ 100331.894900001585484, 168262.091299999505281 ] ] ] } },
{ "type": "Feature", "properties": { "ID": 15032.0, "NR": "8", "TYPE": "c", "LENGTH": 1575.428, "GEMID": "127", "PLANID": "https://geodiensten.oost-vlaanderen.be/Bijlagen/detail/127-D-003.sid", "CEVI_OID": 15015, "GEMEENTE": "Maarke-Kerkem", "DETAILPLAN": "127-D-003", "TYPE_LABEL": "chemin" }, "geometry": { "type": "MultiLineString", "coordinates": [ [ [ 100628.391800001263618, 167950.898499999195337 ], [ 100625.813500002026558, 167976.552000001072884 ], [ 100626.329199999570847, 168023.862500000745058 ], [ 100619.754699997603893, 168042.168000001460314 ], [ 100610.85980000346899, 168058.539799999445677 ], [ 100580.823399998247623, 168075.427200000733137 ], [ 100577.084899999201298, 168083.032999999821186 ], [ 100579.14750000089407, 168126.991900000721216 ], [ 100579.920999996364117, 168145.2972999997437 ], [ 100577.342799998819828, 168151.871800001710653 ], [ 100572.830799996852875, 168163.602800000458956 ], [ 100556.845799997448921, 168179.587799999862909 ], [ 100524.102200001478195, 168190.803199999034405 ], [ 100471.506300002336502, 168210.526599999517202 ], [ 100419.425999999046326, 168266.861000001430511 ], [ 100396.995300002396107, 168267.763399999588728 ], [ 100367.861299999058247, 168264.024999998509884 ], [ 100347.75110000371933, 168264.927400000393391 ], [ 100330.090199999511242, 168269.69709999859333 ], [ 100325.32039999961853, 168313.140299998223782 ], [ 100320.937399998307228, 168329.512099999934435 ], [ 100287.420400001108646, 168416.527499999850988 ], [ 100261.509199999272823, 168485.237399999052286 ], [ 100239.594200000166893, 168527.262600000947714 ], [ 100223.866999998688698, 168549.435400001704693 ], [ 100193.959499999880791, 168591.718400001525879 ], [ 100188.287299998104572, 168597.906199999153614 ], [ 100131.952899999916553, 168637.353199999779463 ], [ 100122.671300001442432, 168642.767499998211861 ], [ 100101.40089999884367, 168648.568500000983477 ], [ 100093.021600000560284, 168648.181699998676777 ], [ 100036.687200002372265, 168665.971599999815226 ], [ 99968.364000000059605, 168686.081799998879433 ], [ 99939.874600000679493, 168730.427400000393391 ], [ 99908.9358000010252, 168784.828099999576807 ], [ 99865.234700001776218, 168858.952300000935793 ], [ 99849.249700002372265, 168887.957400001585484 ], [ 99844.479900002479553, 168902.137699998915195 ], [ 99840.22580000013113, 168919.154100000858307 ], [ 99834.167000003159046, 168934.365600001066923 ], [ 99792.012900002300739, 169007.200699999928474 ], [ 99759.656099997460842, 169052.964400000870228 ], [ 99742.76860000193119, 169081.453899998217821 ] ] ] } },
{ "type": "Feature", "properties": { "ID": 15034.0, "NR": "90", "TYPE": "s", "LENGTH": 317.913, "GEMID": "127", "PLANID": "https://geodiensten.oost-vlaanderen.be/Bijlagen/detail/127-D-003.sid", "CEVI_OID": 15016, "GEMEENTE": "Maarke-Kerkem", "DETAILPLAN": "127-D-003", "TYPE_LABEL": "sentier" }, "geometry": { "type": "MultiLineString", "coordinates": [ [ [ 100359.997699998319149, 168144.652800001204014 ], [ 100330.605800002813339, 168141.816700000315905 ], [ 100326.480700001120567, 168164.247400000691414 ], [ 100255.450300000607967, 168209.495299998670816 ], [ 100226.831900000572205, 168228.574299998581409 ], [ 100220.386399999260902, 168234.761999998241663 ], [ 100204.143500000238419, 168250.618200000375509 ] ], [ [ 114530.096900001168251, 185915.770500000566244 ], [ 114551.883000001311302, 185964.241300001740456 ], [ 114577.665399998426437, 186020.833500001579523 ] ] ] } },
{ "type": "Feature", "properties": { "ID": 15036.0, "NR": "10", "TYPE": "c", "LENGTH": 1352.705, "GEMID": "127", "PLANID": "https://geodiensten.oost-vlaanderen.be/Bijlagen/detail/127-D-004.sid", "CEVI_OID": 15017, "GEMEENTE": "Maarke-Kerkem", "DETAILPLAN": "127-D-004", "TYPE_LABEL": "chemin" }, "geometry": { "type": "MultiLineString", "coordinates": [ [ [ 99459.163000002503395, 168079.810199998319149 ], [ 99457.100400000810623, 168080.583700001239777 ], [ 99424.614600002765656, 168093.217000000178814 ], [ 99400.894900001585484, 168104.432300001382828 ], [ 99370.342799998819828, 168110.620099999010563 ], [ 99341.982299998402596, 168120.93299999833107 ], [ 99312.203699998557568, 168140.785399999469519 ], [ 99255.998199999332428, 168188.224899999797344 ], [ 99248.26349999755621, 168196.217399999499321 ], [ 99192.315800003707409, 168253.325300000607967 ], [ 99173.623599998652935, 168275.627000000327826 ], [ 99137.786200001835823, 168330.930100001394749 ], [ 99117.933799996972084, 168364.83390000090003 ], [ 99098.210299998521805, 168403.894099999219179 ], [ 99090.604500003159046, 168421.03940000012517 ], [ 99089.057599999010563, 168438.442499998956919 ], [ 99092.924900002777576, 168461.388700000941753 ], [ 99094.858599998056889, 168466.416299998760223 ], [ 99098.339199997484684, 168478.791799999773502 ], [ 99104.269100002944469, 168489.23369999974966 ], [ 99097.952500000596046, 168509.472800001502037 ], [ 99081.709600001573563, 168537.317699998617172 ], [ 99034.012299999594688, 168540.41160000115633 ], [ 99007.198700003325939, 168541.571800000965595 ], [ 98981.545199997723103, 168545.18129999935627 ], [ 98935.394900001585484, 168563.744600001722574 ], [ 98888.471000000834465, 168581.792199999094009 ], [ 98876.869000002741814, 168584.628299999982119 ], [ 98813.444399997591972, 168585.530699998140335 ], [ 98774.641999997198582, 168591.718400001525879 ], [ 98745.379100002348423, 168602.160300001502037 ], [ 98739.835900001227856, 168604.738499999046326 ], [ 98711.990900002419949, 168617.758600000292063 ], [ 98686.595299996435642, 168625.493299998342991 ], [ 98656.558899998664856, 168630.520899999886751 ], [ 98627.167099997401237, 168633.614700000733137 ], [ 98595.841499999165535, 168651.146699998527765 ], [ 98572.63740000128746, 168665.842599999159575 ], [ 98524.553400002419949, 168705.289599999785423 ], [ 98482.399300001561642, 168745.252199999988079 ], [ 98461.386699996888638, 168772.710400000214577 ], [ 98446.303999997675419, 168783.410100001841784 ] ] ] } },
{ "type": "Feature", "properties": { "ID": 15035.0, "NR": "1", "TYPE": "c", "LENGTH": 1194.026, "GEMID": "127", "PLANID": "https://geodiensten.oost-vlaanderen.be/Bijlagen/detail/127-D-004.sid", "CEVI_OID": 15018, "GEMEENTE": "Maarke-Kerkem", "DETAILPLAN": "127-D-004", "TYPE_LABEL": "chemin" }, "geometry": { "type": "MultiLineString", "coordinates": [ [ [ 98694.71679999679327, 167929.885899998247623 ], [ 98707.350100003182888, 168024.635999999940395 ], [ 98707.350100003182888, 168170.950800001621246 ], [ 98706.96339999884367, 168237.727000001817942 ], [ 98704.900799997150898, 168285.553199999034405 ], [ 98668.289899997413158, 168403.636300001293421 ], [ 98621.881700001657009, 168423.230900000780821 ], [ 98588.880300000309944, 168457.779199998825788 ], [ 98555.878899998962879, 168499.933299999684095 ], [ 98535.510899998247623, 168529.454100001603365 ], [ 98527.002700001001358, 168546.986099999397993 ], [ 98496.579499997198582, 168618.5320999994874 ], [ 98453.13629999756813, 168738.291000001132488 ], [ 98447.979900002479553, 168762.010800000280142 ], [ 98446.303999997675419, 168783.410100001841784 ], [ 98440.631899997591972, 168812.028499998152256 ], [ 98433.412799999117851, 168828.529199998825788 ], [ 98418.330200001597404, 168849.541799999773502 ], [ 98395.12610000371933, 168874.679499998688698 ], [ 98348.073299996554852, 168908.583299998193979 ], [ 98304.6300999969244, 168935.654800001531839 ], [ 98273.562399998307228, 168960.019099999219179 ] ] ] } },
{ "type": "Feature", "properties": { "ID": 15037.0, "NR": "21ter", "TYPE": "c", "LENGTH": 101.815, "GEMID": "127", "PLANID": "https://geodiensten.oost-vlaanderen.be/Bijlagen/detail/127-D-004.sid", "CEVI_OID": 15019, "GEMEENTE": "Maarke-Kerkem", "DETAILPLAN": "127-D-004", "TYPE_LABEL": "chemin" }, "geometry": { "type": "MultiLineString", "coordinates": [ [ [ 98180.874899998307228, 168920.056499999016523 ], [ 98206.91499999910593, 168926.115299999713898 ], [ 98244.557199999690056, 168941.713599998503923 ], [ 98263.507299996912479, 168952.800000000745058 ], [ 98273.562399998307228, 168960.019099999219179 ] ] ] } },
{ "type": "Feature", "properties": { "ID": 15038.0, "NR": "23", "TYPE": "c", "LENGTH": 252.156, "GEMID": "127", "PLANID": "https://geodiensten.oost-vlaanderen.be/Bijlagen/detail/127-D-004.sid", "CEVI_OID": 15020, "GEMEENTE": "Maarke-Kerkem", "DETAILPLAN": "127-D-004", "TYPE_LABEL": "chemin" }, "geometry": { "type": "MultiLineString", "coordinates": [ [ [ 98668.289899997413158, 168403.636300001293421 ], [ 98672.028300002217293, 168414.078200001269579 ], [ 98688.013400003314018, 168439.989399999380112 ], [ 98691.107299998402596, 168452.88060000166297 ], [ 98692.912000000476837, 168466.674100000411272 ], [ 98692.654200002551079, 168481.499000001698732 ], [ 98690.07599999755621, 168491.68299999833107 ], [ 98686.466399997472763, 168497.484000001102686 ], [ 98680.923199996352196, 168503.92960000038147 ], [ 98674.993299998342991, 168508.57039999961853 ], [ 98665.196000002324581, 168520.559200000017881 ], [ 98656.945699997246265, 168535.6418999992311 ], [ 98650.113300003111362, 168553.044900000095367 ], [ 98637.222199998795986, 168597.777300000190735 ], [ 98630.776600003242493, 168615.438200000673532 ], [ 98627.167099997401237, 168633.614700000733137 ] ] ] } },
{ "type": "Feature", "properties": { "ID": 15039.0, "NR": "24", "TYPE": "c", "LENGTH": 226.479, "GEMID": "127", "PLANID": "https://geodiensten.oost-vlaanderen.be/Bijlagen/detail/127-D-004.sid", "CEVI_OID": 15021, "GEMEENTE": "Maarke-Kerkem", "DETAILPLAN": "127-D-004", "TYPE_LABEL": "chemin" }, "geometry": { "type": "MultiLineString", "coordinates": [ [ [ 98621.881700001657009, 168423.230900000780821 ], [ 98614.27589999884367, 168401.186999998986721 ], [ 98608.217100001871586, 168370.377099998295307 ], [ 98601.513599999248981, 168359.032900001853704 ], [ 98595.841499999165535, 168353.360800001770258 ], [ 98584.626199997961521, 168347.817600000649691 ], [ 98571.477200001478195, 168342.9189000017941 ], [ 98537.960199996829033, 168336.860100001096725 ], [ 98507.1503000035882, 168298.8310999982059 ], [ 98501.091499999165535, 168307.855000000447035 ], [ 98494.388099998235703, 168337.246800001710653 ] ] ] } },
{ "type": "Feature", "properties": { "ID": 15040.0, "NR": "60", "TYPE": "s", "LENGTH": 749.757, "GEMID": "127", "PLANID": "https://geodiensten.oost-vlaanderen.be/Bijlagen/detail/127-D-004.sid", "CEVI_OID": 15022, "GEMEENTE": "Maarke-Kerkem", "DETAILPLAN": "127-D-004", "TYPE_LABEL": "sentier" }, "geometry": { "type": "MultiLineString", "coordinates": [ [ [ 99475.534699998795986, 168414.851599998772144 ], [ 99458.00280000269413, 168415.625100001692772 ], [ 99404.375500001013279, 168427.613899998366833 ], [ 99389.29280000180006, 168430.965599998831749 ], [ 99339.790799997746944, 168444.114599999040365 ], [ 99320.969700001180172, 168447.981899999082088 ], [ 99304.211099997162819, 168450.946899998933077 ], [ 99268.244800001382828, 168448.239799998700619 ], [ 99240.78660000115633, 168448.239799998700619 ], [ 99195.151900000870228, 168452.88060000166297 ], [ 99165.244400002062321, 168457.650299999862909 ], [ 99146.552199997007847, 168464.86939999833703 ], [ 99111.61710000038147, 168483.561599999666214 ], [ 99104.269100002944469, 168489.23369999974966 ] ], [ [ 98688.013400003314018, 168439.989399999380112 ], [ 98690.204899996519089, 168440.505100000649691 ], [ 98763.684500001370907, 168456.361200001090765 ], [ 98847.348200000822544, 168474.7956000007689 ], [ 98941.969400003552437, 168489.749299999326468 ], [ 98959.372400000691414, 168494.390099998563528 ], [ 98968.009499996900558, 168497.484000001102686 ], [ 98975.744199998676777, 168500.964600000530481 ], [ 99025.761900000274181, 168530.872099999338388 ], [ 99031.4341000020504, 168535.38399999961257 ], [ 99034.012299999594688, 168540.41160000115633 ] ] ] } },
{ "type": "Feature", "properties": { "ID": 15041.0, "NR": "61", "TYPE": "s", "LENGTH": 592.411, "GEMID": "127", "PLANID": "https://geodiensten.oost-vlaanderen.be/Bijlagen/detail/127-D-004.sid", "CEVI_OID": 15023, "GEMEENTE": "Maarke-Kerkem", "DETAILPLAN": "127-D-004", "TYPE_LABEL": "sentier" }, "geometry": { "type": "MultiLineString", "coordinates": [ [ [ 99424.614600002765656, 168093.217000000178814 ], [ 99420.618400000035763, 168109.588799998164177 ], [ 99406.953699998557568, 168160.637800000607967 ], [ 99398.574500001966953, 168190.029699999839067 ], [ 99416.235399998724461, 168223.031100001186132 ], [ 99438.150399997830391, 168264.66950000077486 ], [ 99440.083999998867512, 168271.372900001704693 ], [ 99450.010200001299381, 168310.562100000679493 ], [ 99456.842600002884865, 168337.246800001710653 ], [ 99464.319399997591972, 168368.185600001364946 ], [ 99474.374499998986721, 168409.308400001376867 ], [ 99475.148000001907349, 168412.531199999153614 ], [ 99475.534699998795986, 168414.851599998772144 ], [ 99475.921499997377396, 168416.914200000464916 ] ], [ [ 99286.936999998986721, 167910.678100001066923 ], [ 99291.835600003600121, 167913.90089999884367 ], [ 99336.052299998700619, 167935.558100000023842 ], [ 99369.440399996936321, 167962.62950000166893 ], [ 99384.007500000298023, 167974.489399999380112 ], [ 99386.714599996805191, 167978.872400000691414 ], [ 99390.582000002264977, 167991.63459999859333 ], [ 99396.383000001311302, 168018.577199999243021 ], [ 99397.929899998009205, 168021.542100001126528 ], [ 99420.747299998998642, 168039.331900000572205 ], [ 99429.642200000584126, 168045.390799999237061 ], [ 99438.02139999717474, 168053.254399999976158 ], [ 99454.006499998271465, 168075.556099999696016 ], [ 99457.100400000810623, 168080.583700001239777 ] ] ] } },
{ "type": "Feature", "properties": { "ID": 15042.0, "NR": "62", "TYPE": "s", "LENGTH": 801.857, "GEMID": "127", "PLANID": "https://geodiensten.oost-vlaanderen.be/Bijlagen/detail/127-D-004.sid", "CEVI_OID": 15024, "GEMEENTE": "Maarke-Kerkem", "DETAILPLAN": "127-D-004", "TYPE_LABEL": "sentier" }, "geometry": { "type": "MultiLineString", "coordinates": [ [ [ 98932.043200001120567, 167875.614100001752377 ], [ 98983.865599997341633, 167933.49549999833107 ], [ 99028.597999997437, 167983.771000001579523 ], [ 99049.868400000035763, 167987.896200001239777 ], [ 99065.20889999717474, 167993.697200000286102 ], [ 99076.553099997341633, 167998.209100000560284 ], [ 99097.565700002014637, 168009.295499999076128 ], [ 99166.662399999797344, 168046.808800000697374 ], [ 99195.925300002098083, 168062.66499999910593 ], [ 99226.090700000524521, 168075.427200000733137 ], [ 99229.571299999952316, 168129.956900000572205 ], [ 99230.731499999761581, 168149.938200000673532 ], [ 99243.23589999973774, 168182.037200000137091 ], [ 99248.26349999755621, 168196.217399999499321 ] ], [ [ 99255.998199999332428, 168188.224899999797344 ], [ 99359.901000000536442, 168294.0614 ], [ 99396.254100002348423, 168330.801199998706579 ], [ 99423.067699998617172, 168365.478500001132488 ], [ 99449.623499996960163, 168390.100600000470877 ], [ 99475.148000001907349, 168412.531199999153614 ] ] ] } },
{ "type": "Feature", "properties": { "ID": 15043.0, "NR": "63", "TYPE": "s", "LENGTH": 989.273, "GEMID": "127", "PLANID": "https://geodiensten.oost-vlaanderen.be/Bijlagen/detail/127-D-004.sid", "CEVI_OID": 15025, "GEMEENTE": "Maarke-Kerkem", "DETAILPLAN": "127-D-004", "TYPE_LABEL": "sentier" }, "geometry": { "type": "MultiLineString", "coordinates": [ [ [ 98690.204899996519089, 168440.505100000649691 ], [ 98712.248800002038479, 168408.663899999111891 ], [ 98729.651799999177456, 168383.783900000154972 ], [ 98750.019900001585484, 168346.915199998766184 ], [ 98773.223999999463558, 168295.479400001466274 ], [ 98790.369199998676777, 168234.761999998241663 ], [ 98819.761100001633167, 168132.535100001841784 ], [ 98821.694799996912479, 168126.089499998837709 ], [ 98827.237999998033047, 168040.621100001037121 ], [ 98830.074000000953674, 167992.279199998825788 ], [ 98840.387000001966953, 167988.025100000202656 ], [ 98844.512100003659725, 167981.063900001347065 ], [ 98863.462200000882149, 167948.835999999195337 ], [ 98922.503700003027916, 167889.794399999082088 ], [ 98921.601300001144409, 167876.258699998259544 ] ], [ [ 98680.923199996352196, 168503.92960000038147 ], [ 98680.536499999463558, 168520.559200000017881 ], [ 98711.990900002419949, 168617.758600000292063 ], [ 98731.972300000488758, 168661.975299999117851 ], [ 98718.823299996554852, 168730.942999999970198 ], [ 98705.416400000452995, 168807.258699998259544 ], [ 98698.068499997258186, 168849.283900000154972 ] ] ] } },
{ "type": "Feature", "properties": { "ID": 15044.0, "NR": "64", "TYPE": "s", "LENGTH": 940.817, "GEMID": "127", "PLANID": "https://geodiensten.oost-vlaanderen.be/Bijlagen/detail/127-D-004.sid", "CEVI_OID": 15026, "GEMEENTE": "Maarke-Kerkem", "DETAILPLAN": "127-D-004", "TYPE_LABEL": "sentier" }, "geometry": { "type": "MultiLineString", "coordinates": [ [ [ 98494.388099998235703, 168337.246800001710653 ], [ 98474.020000003278255, 168364.83390000090003 ], [ 98411.111100003123283, 168424.004399999976158 ], [ 98404.407700002193451, 168425.938000001013279 ], [ 98395.899499997496605, 168442.567600000649691 ], [ 98387.004600003361702, 168466.674100000411272 ], [ 98374.886900000274181, 168504.058499999344349 ], [ 98349.749200001358986, 168593.265399999916553 ], [ 98347.170900002121925, 168595.843600001186132 ], [ 98273.433499999344349, 168656.303199999034405 ], [ 98214.907600000500679, 168704.000500001013279 ], [ 98117.192500002682209, 168784.828099999576807 ] ], [ [ 98599.193199999630451, 168020.639800000935793 ], [ 98590.685099996626377, 168082.775199998170137 ], [ 98559.617399998009205, 168081.872800000011921 ], [ 98558.07039999961853, 168083.419700000435114 ], [ 98554.203100003302097, 168088.962900001555681 ], [ 98550.206799998879433, 168097.728900000452995 ], [ 98549.433300003409386, 168103.014299999922514 ], [ 98548.917700000107288, 168133.566399998962879 ], [ 98542.472099997103214, 168174.302499998360872 ], [ 98539.765000000596046, 168199.440200001001358 ], [ 98537.831299997866154, 168235.148800000548363 ], [ 98536.026500001549721, 168254.227699998766184 ], [ 98529.838799998164177, 168296.381799999624491 ], [ 98512.951300002634525, 168296.381799999624491 ], [ 98507.1503000035882, 168298.8310999982059 ] ] ] } },
{ "type": "Feature", "properties": { "ID": 15045.0, "NR": "65", "TYPE": "s", "LENGTH": 1131.217, "GEMID": "127", "PLANID": "https://geodiensten.oost-vlaanderen.be/Bijlagen/detail/127-D-004.sid", "CEVI_OID": 15027, "GEMEENTE": "Maarke-Kerkem", "DETAILPLAN": "127-D-004", "TYPE_LABEL": "sentier" }, "geometry": { "type": "MultiLineString", "coordinates": [ [ [ 97906.550899997353554, 168049.000300001353025 ], [ 97970.104299999773502, 168215.554200001060963 ], [ 97999.367299996316433, 168291.998799998313189 ], [ 98050.545199997723103, 168286.068900000303984 ], [ 98056.217299997806549, 168288.131499998271465 ], [ 98108.039800003170967, 168315.718600001186132 ], [ 98086.640500001609325, 168353.231899999082088 ], [ 98084.577899999916553, 168356.841400001198053 ], [ 98082.128499999642372, 168361.739999998360872 ], [ 98077.229900002479553, 168380.045499999076128 ], [ 98072.073399998247623, 168396.030499998480082 ], [ 98074.393799997866154, 168428.645199999213219 ], [ 98197.891199998557568, 168448.626499999314547 ], [ 98242.107900001108646, 168455.2010000012815 ], [ 98325.126999996602535, 168464.74040000140667 ], [ 98361.480099998414516, 168453.525100000202656 ], [ 98395.899499997496605, 168442.567600000649691 ] ], [ [ 98595.841499999165535, 168353.360800001770258 ], [ 98567.480999998748302, 168385.717599999159575 ], [ 98523.651000000536442, 168429.031899999827147 ], [ 98510.759800001978874, 168421.426100000739098 ], [ 98501.091499999165535, 168433.285999998450279 ], [ 98466.027500003576279, 168462.420000001788139 ], [ 98459.066299997270107, 168460.744199998676777 ], [ 98429.545500002801418, 168515.789500001817942 ], [ 98374.886900000274181, 168504.058499999344349 ] ] ] } },
{ "type": "Feature", "properties": { "ID": 15047.0, "NR": "10", "TYPE": "c", "LENGTH": 463.155, "GEMID": "127", "PLANID": "https://geodiensten.oost-vlaanderen.be/Bijlagen/detail/127-D-005.sid", "CEVI_OID": 15028, "GEMEENTE": "Maarke-Kerkem", "DETAILPLAN": "127-D-005", "TYPE_LABEL": "chemin" }, "geometry": { "type": "MultiLineString", "coordinates": [ [ [ 99507.118100002408028, 167941.874699998646975 ], [ 99522.200800001621246, 167895.466499999165535 ], [ 99547.596400000154972, 167871.746800001710653 ], [ 99548.498700000345707, 167807.935499999672174 ], [ 99550.690200001001358, 167764.105500001460314 ], [ 99553.268500000238419, 167754.566100001335144 ], [ 99571.316100001335144, 167739.096700001507998 ], [ 99601.48139999806881, 167692.559599999338388 ], [ 99606.122299998998642, 167680.055100001394749 ], [ 99607.927000001072884, 167666.777199998497963 ], [ 99606.766800001263618, 167664.327899999916553 ], [ 99584.593999996781349, 167618.048599999397993 ], [ 99570.929399996995926, 167583.629200000315905 ], [ 99570.155900001525879, 167575.120999999344349 ], [ 99569.124600000679493, 167563.390099998563528 ], [ 99566.546400003135204, 167518.78660000115633 ] ] ] } },
{ "type": "Feature", "properties": { "ID": 15048.0, "NR": "15", "TYPE": "c", "LENGTH": 257.309, "GEMID": "127", "PLANID": "https://geodiensten.oost-vlaanderen.be/Bijlagen/detail/127-D-005.sid", "CEVI_OID": 15029, "GEMEENTE": "Maarke-Kerkem", "DETAILPLAN": "127-D-005", "TYPE_LABEL": "chemin" }, "geometry": { "type": "MultiLineString", "coordinates": [ [ [ 99242.849200002849102, 166934.945700000971556 ], [ 99299.828100003302097, 166949.899500001221895 ], [ 99340.048600003123283, 166966.657999999821186 ], [ 99406.56700000166893, 166989.604299999773502 ], [ 99418.298000000417233, 166995.018500000238419 ], [ 99431.446999996900558, 167009.972300000488758 ], [ 99439.955099999904633, 167024.925999999046326 ], [ 99450.912600003182888, 167052.899900000542402 ], [ 99452.975199997425079, 167056.767200000584126 ] ] ] } },
{ "type": "Feature", "properties": { "ID": 15046.0, "NR": "1", "TYPE": "c", "LENGTH": 1175.655, "GEMID": "127", "PLANID": "https://geodiensten.oost-vlaanderen.be/Bijlagen/detail/127-D-005.sid", "CEVI_OID": 15030, "GEMEENTE": "Maarke-Kerkem", "DETAILPLAN": "127-D-005", "TYPE_LABEL": "chemin" }, "geometry": { "type": "MultiLineString", "coordinates": [ [ [ 98705.932099997997284, 168025.92509999871254 ], [ 98699.873199999332428, 167977.841099999845028 ], [ 98695.232400000095367, 167942.905999999493361 ], [ 98689.431400001049042, 167905.908399999141693 ], [ 98679.247400000691414, 167871.359999999403954 ], [ 98677.700400002300739, 167867.750500001013279 ], [ 98672.286200001835823, 167854.601500000804663 ], [ 98668.0320999994874, 167847.640299998223782 ], [ 98645.601400002837181, 167829.850499998778105 ], [ 98624.459899999201298, 167817.861699998378754 ], [ 98616.080700002610683, 167808.193300001323223 ], [ 98612.471100002527237, 167798.009300000965595 ], [ 98613.115699999034405, 167726.334399998188019 ], [ 98618.530000001192093, 167608.380199998617172 ], [ 98622.913000002503395, 167569.964600000530481 ], [ 98625.104500003159046, 167553.463899999856949 ], [ 98622.268399998545647, 167539.799199998378754 ], [ 98613.502400003373623, 167532.709100000560284 ], [ 98588.364699997007847, 167523.94310000166297 ], [ 98562.582299999892712, 167517.368599999696016 ], [ 98551.109200000762939, 167510.794100001454353 ], [ 98538.47580000013113, 167497.000599998980761 ], [ 98533.577200002968311, 167479.468600001186132 ], [ 98530.225500002503395, 167447.111800000071526 ], [ 98528.034000001847744, 167428.548500001430511 ], [ 98517.076499998569489, 167407.664799999445677 ], [ 98513.724799998104572, 167395.675999999046326 ], [ 98513.209200002253056, 167383.558299999684095 ], [ 98514.884999997913837, 167367.702199999243021 ], [ 98525.455799996852875, 167348.2364999987185 ], [ 98534.866300001740456, 167330.575599998235703 ], [ 98540.151699997484684, 167307.113699998706579 ], [ 98546.726199999451637, 167224.739100001752377 ], [ 98547.241800002753735, 167144.169300001114607 ], [ 98548.273100003600121, 167108.847500000149012 ], [ 98547.241800002753735, 167090.799899999052286 ], [ 98534.350699998438358, 167039.364199999719858 ], [ 98530.741099998354912, 167012.550500001758337 ], [ 98531.772399999201298, 166982.64299999922514 ], [ 98533.448299996554852, 166948.868200000375509 ] ] ] } },
{ "type": "Feature", "properties": { "ID": 15049.0, "NR": "27", "TYPE": "s", "LENGTH": 621.841, "GEMID": "127", "PLANID": "https://geodiensten.oost-vlaanderen.be/Bijlagen/detail/127-D-005.sid", "CEVI_OID": 15031, "GEMEENTE": "Maarke-Kerkem", "DETAILPLAN": "127-D-005", "TYPE_LABEL": "sentier" }, "geometry": { "type": "MultiLineString", "coordinates": [ [ [ 98677.700400002300739, 167867.750500001013279 ], [ 98672.286200001835823, 167871.231100000441074 ], [ 98670.739200003445148, 167875.356300000101328 ], [ 98669.321199998259544, 167883.735599998384714 ], [ 98666.098399996757507, 167889.149900000542402 ], [ 98663.649099998176098, 167891.341400001198053 ], [ 98658.492600001394749, 167893.146099999547005 ], [ 98652.304799996316433, 167894.048500001430511 ], [ 98644.183399997651577, 167894.048500001430511 ], [ 98632.581399999558926, 167892.372600000351667 ], [ 98617.885399997234344, 167888.634199999272823 ], [ 98606.541199997067451, 167884.50899999961257 ], [ 98589.009199999272823, 167879.610399998724461 ], [ 98570.961599998176098, 167875.356300000101328 ], [ 98548.788800001144409, 167869.684200000017881 ], [ 98537.315600000321865, 167868.008299998939037 ], [ 98521.459499999880791, 167866.203600000590086 ], [ 98504.185300000011921, 167865.301199998706579 ], [ 98487.040100000798702, 167864.012099999934435 ], [ 98473.246500000357628, 167864.269900001585484 ], [ 98464.867299996316433, 167865.816799998283386 ], [ 98450.558100000023842, 167870.973299998790026 ], [ 98440.889700002968311, 167872.004599999636412 ], [ 98433.670699998736382, 167871.231100000441074 ], [ 98424.002300001680851, 167868.395100001245737 ], [ 98416.78320000320673, 167866.332499999552965 ], [ 98410.208700001239777, 167865.301199998706579 ], [ 98404.794399999082088, 167865.816799998283386 ], [ 98398.993400000035763, 167867.621599998325109 ], [ 98386.617899999022484, 167874.067200001329184 ], [ 98380.816899999976158, 167875.872000001370907 ], [ 98375.918200001120567, 167876.645399998873472 ], [ 98370.761799998581409, 167876.645399998873472 ], [ 98365.991999998688698, 167876.387600000947714 ], [ 98355.936899997293949, 167873.809399999678135 ], [ 98349.878100000321865, 167873.551500000059605 ], [ 98343.69030000269413, 167874.9695999994874 ], [ 98340.080799996852875, 167878.450199998915195 ], [ 98333.248499996960163, 167884.7668999992311 ], [ 98327.189599998295307, 167886.958399999886751 ], [ 98320.228399999439716, 167888.247499998658895 ], [ 98275.109300002455711, 167889.407699998468161 ], [ 98240.303199999034405, 167890.438999999314547 ], [ 98218.903800003230572, 167891.212400000542402 ], [ 98176.878600001335144, 167891.212400000542402 ], [ 98141.29900000244379, 167892.114799998700619 ], [ 98115.001000002026558, 167892.114799998700619 ], [ 98083.675499998033047, 167893.017200000584126 ] ] ] } },
{ "type": "Feature", "properties": { "ID": 15050.0, "NR": "29", "TYPE": "s", "LENGTH": 455.452, "GEMID": "127", "PLANID": "https://geodiensten.oost-vlaanderen.be/Bijlagen/detail/127-D-005.sid", "CEVI_OID": 15032, "GEMEENTE": "Maarke-Kerkem", "DETAILPLAN": "127-D-005", "TYPE_LABEL": "sentier" }, "geometry": { "type": "MultiLineString", "coordinates": [ [ [ 99702.934900000691414, 166986.639299999922514 ], [ 99643.764499999582767, 167080.10020000115037 ], [ 99616.048500001430511, 167124.445900000631809 ], [ 99603.543999999761581, 167144.556099999696016 ], [ 99610.763099998235703, 167207.593899998813868 ], [ 99619.657999999821186, 167227.833000000566244 ], [ 99622.494000002741814, 167231.055799998342991 ] ], [ [ 99550.045699998736382, 166973.748100001364946 ], [ 99554.944300003349781, 166987.026000000536442 ], [ 99579.69539999961853, 167066.951299998909235 ], [ 99597.743000000715256, 167125.477099999785423 ], [ 99603.543999999761581, 167144.556099999696016 ] ] ] } },
{ "type": "Feature", "properties": { "ID": 15051.0, "NR": "30", "TYPE": "s", "LENGTH": 80.646, "GEMID": "127", "PLANID": "https://geodiensten.oost-vlaanderen.be/Bijlagen/detail/127-D-005.sid", "CEVI_OID": 15033, "GEMEENTE": "Maarke-Kerkem", "DETAILPLAN": "127-D-005", "TYPE_LABEL": "sentier" }, "geometry": { "type": "MultiLineString", "coordinates": [ [ [ 99589.105899997055531, 166794.689800001680851 ], [ 99651.112400002777576, 166846.25450000166893 ] ] ] } },
{ "type": "Feature", "properties": { "ID": 15052.0, "NR": "36", "TYPE": "s", "LENGTH": 690.067, "GEMID": "127", "PLANID": "https://geodiensten.oost-vlaanderen.be/Bijlagen/detail/127-D-005.sid", "CEVI_OID": 15034, "GEMEENTE": "Maarke-Kerkem", "DETAILPLAN": "127-D-005", "TYPE_LABEL": "sentier" }, "geometry": { "type": "MultiLineString", "coordinates": [ [ [ 98967.880599997937679, 166956.860700000077486 ], [ 98964.399999998509884, 166999.917199999094009 ], [ 98961.435000002384186, 167038.590700000524521 ], [ 98962.208499997854233, 167055.73589999973774 ], [ 98966.849299997091293, 167105.109099999070168 ], [ 98967.7516999989748, 167121.223099999129772 ], [ 98963.11089999973774, 167209.26969999819994 ], [ 98962.72410000115633, 167227.317400000989437 ], [ 98966.978200003504753, 167303.761999998241663 ], [ 98969.556500002741814, 167335.861000001430511 ], [ 98972.134700000286102, 167358.16270000115037 ], [ 98956.665299996733665, 167399.027699999511242 ], [ 98945.450000002980232, 167430.997800000011921 ], [ 98904.45610000193119, 167543.53770000115037 ] ], [ [ 98902.393500000238419, 167544.440099999308586 ], [ 98912.577500000596046, 167626.556800000369549 ], [ 98913.479900002479553, 167634.162599999457598 ] ] ] } },
{ "type": "Feature", "properties": { "ID": 15053.0, "NR": "40", "TYPE": "s", "LENGTH": 1000.296, "GEMID": "127", "PLANID": "https://geodiensten.oost-vlaanderen.be/Bijlagen/detail/127-D-005.sid", "CEVI_OID": 15035, "GEMEENTE": "Maarke-Kerkem", "DETAILPLAN": "127-D-005", "TYPE_LABEL": "sentier" }, "geometry": { "type": "MultiLineString", "coordinates": [ [ [ 98710.572899997234344, 166917.413699999451637 ], [ 98751.309000000357628, 166942.551500000059605 ], [ 98761.106299996376038, 166947.450100000947714 ], [ 98804.42059999704361, 166964.982099998742342 ], [ 98847.090400002896786, 166977.74439999833703 ], [ 98903.166900001466274, 166982.127399999648333 ], [ 98921.47240000218153, 166984.318900000303984 ], [ 98934.621399998664856, 166989.733199998736382 ], [ 98964.399999998509884, 166999.917199999094009 ], [ 98988.248599998652935, 167010.359000001102686 ], [ 99014.804399996995926, 167021.83219999819994 ], [ 99083.772200003266335, 167060.892400000244379 ], [ 99103.882399998605251, 167110.781199999153614 ], [ 99112.906199999153614, 167133.211800001561642 ], [ 99115.226599998772144, 167182.069400001317263 ], [ 99106.718500003218651, 167234.278599999845028 ], [ 99165.759999997913837, 167251.681699998676777 ], [ 99196.569899998605251, 167254.259899999946356 ], [ 99244.653899997472763, 167247.814300000667572 ], [ 99252.130800001323223, 167249.361299999058247 ], [ 99269.533900000154972, 167314.977299999445677 ], [ 99284.100900001823902, 167369.249099999666214 ], [ 99286.292400002479553, 167377.628400001674891 ], [ 99300.472699999809265, 167429.579799998551607 ], [ 99312.977099999785423, 167474.183200001716614 ], [ 99321.35639999806881, 167507.442400000989437 ] ] ] } },
{ "type": "Feature", "properties": { "ID": 15054.0, "NR": "41", "TYPE": "s", "LENGTH": 209.262, "GEMID": "127", "PLANID": "https://geodiensten.oost-vlaanderen.be/Bijlagen/detail/127-D-005.sid", "CEVI_OID": 15036, "GEMEENTE": "Maarke-Kerkem", "DETAILPLAN": "127-D-005", "TYPE_LABEL": "sentier" }, "geometry": { "type": "MultiLineString", "coordinates": [ [ [ 98972.134700000286102, 167358.16270000115037 ], [ 99060.954800002276897, 167328.384100001305342 ], [ 99097.952500000596046, 167306.082400001585484 ], [ 99103.108900003135204, 167254.259899999946356 ], [ 99106.718500003218651, 167234.278599999845028 ] ] ] } },
{ "type": "Feature", "properties": { "ID": 15055.0, "NR": "42", "TYPE": "s", "LENGTH": 980.059, "GEMID": "127", "PLANID": "https://geodiensten.oost-vlaanderen.be/Bijlagen/detail/127-D-005.sid", "CEVI_OID": 15037, "GEMEENTE": "Maarke-Kerkem", "DETAILPLAN": "127-D-005", "TYPE_LABEL": "sentier" }, "geometry": { "type": "MultiLineString", "coordinates": [ [ [ 98622.913000002503395, 167569.964600000530481 ], [ 98690.462700001895428, 167577.441399998962879 ], [ 98739.449100002646446, 167598.969700001180172 ], [ 98755.434199996292591, 167599.22749999910593 ], [ 98773.095100000500679, 167579.890799999237061 ], [ 98874.806400001049042, 167551.916900001466274 ], [ 98902.393500000238419, 167544.440099999308586 ], [ 98904.45610000193119, 167543.53770000115037 ], [ 98941.711499996483326, 167526.908100001513958 ], [ 98996.627899996936321, 167498.031899999827147 ], [ 99014.675499998033047, 167488.363499999046326 ], [ 99053.348999999463558, 167470.831500001251698 ], [ 99048.450400002300739, 167455.877700001001358 ], [ 99095.245300002396107, 167422.618500001728535 ], [ 99140.8800999969244, 167413.981499999761581 ], [ 99269.533900000154972, 167314.977299999445677 ] ], [ [ 99252.130800001323223, 167249.361299999058247 ], [ 99308.078500002622604, 167239.950699999928474 ], [ 99417.137800000607967, 167222.676500000059605 ], [ 99480.691200003027916, 167207.980599999427795 ] ] ] } },
{ "type": "Feature", "properties": { "ID": 15056.0, "NR": "43", "TYPE": "s", "LENGTH": 377.291, "GEMID": "127", "PLANID": "https://geodiensten.oost-vlaanderen.be/Bijlagen/detail/127-D-005.sid", "CEVI_OID": 15038, "GEMEENTE": "Maarke-Kerkem", "DETAILPLAN": "127-D-005", "TYPE_LABEL": "sentier" }, "geometry": { "type": "MultiLineString", "coordinates": [ [ [ 99450.912600003182888, 167052.899900000542402 ], [ 99447.045299999415874, 167055.349199999123812 ], [ 99361.576800003647804, 167168.146899998188019 ], [ 99308.078500002622604, 167239.950699999928474 ] ], [ [ 99612.310000002384186, 167246.267400000244379 ], [ 99616.821900002658367, 167236.727899998426437 ], [ 99622.494000002741814, 167231.055799998342991 ], [ 99695.329099997878075, 167227.704100001603365 ], [ 99745.47580000013113, 167226.41499999910593 ] ] ] } },
{ "type": "Feature", "properties": { "ID": 15057.0, "NR": "44", "TYPE": "s", "LENGTH": 101.671, "GEMID": "127", "PLANID": "https://geodiensten.oost-vlaanderen.be/Bijlagen/detail/127-D-005.sid", "CEVI_OID": 15039, "GEMEENTE": "Maarke-Kerkem", "DETAILPLAN": "127-D-005", "TYPE_LABEL": "sentier" }, "geometry": { "type": "MultiLineString", "coordinates": [ [ [ 98902.393500000238419, 167544.440099999308586 ], [ 98905.487400002777576, 167546.889400001615286 ], [ 98982.060900002717972, 167607.606800001114607 ] ] ] } },
{ "type": "Feature", "properties": { "ID": 15058.0, "NR": "45", "TYPE": "s", "LENGTH": 158.035, "GEMID": "127", "PLANID": "https://geodiensten.oost-vlaanderen.be/Bijlagen/detail/127-D-005.sid", "CEVI_OID": 15040, "GEMEENTE": "Maarke-Kerkem", "DETAILPLAN": "127-D-005", "TYPE_LABEL": "sentier" }, "geometry": { "type": "MultiLineString", "coordinates": [ [ [ 99628.55290000140667, 167372.60080000013113 ], [ 99623.009700000286102, 167378.917500000447035 ], [ 99590.652900002896786, 167435.509700000286102 ], [ 99586.785499997437, 167451.752599999308586 ], [ 99584.207299999892712, 167502.157000001519918 ], [ 99584.078400000929832, 167519.431200001388788 ] ] ] } },
{ "type": "Feature", "properties": { "ID": 15059.0, "NR": "53", "TYPE": "s", "LENGTH": 802.291, "GEMID": "127", "PLANID": "https://geodiensten.oost-vlaanderen.be/Bijlagen/detail/127-D-005.sid", "CEVI_OID": 15041, "GEMEENTE": "Maarke-Kerkem", "DETAILPLAN": "127-D-005", "TYPE_LABEL": "sentier" }, "geometry": { "type": "MultiLineString", "coordinates": [ [ [ 98919.538699999451637, 167860.40260000154376 ], [ 99042.391500003635883, 167847.511399999260902 ], [ 99275.721699997782707, 167824.436200000345707 ], [ 99308.851999998092651, 167821.21339999884367 ], [ 99330.637999996542931, 167808.580099999904633 ], [ 99348.556800000369549, 167802.263399999588728 ], [ 99363.768299996852875, 167798.911699999123812 ], [ 99380.011200003325939, 167796.333500001579523 ], [ 99401.410499997437, 167794.5287000015378 ], [ 99417.266699999570847, 167793.755199998617172 ], [ 99427.837399996817112, 167795.431099999696016 ], [ 99483.269400000572205, 167805.099500000476837 ], [ 99487.910300001502037, 167806.904199998825788 ], [ 99548.498700000345707, 167807.935499999672174 ] ], [ [ 99606.766800001263618, 167664.327899999916553 ], [ 99642.217500001192093, 167653.757199998944998 ], [ 99663.101199999451637, 167655.43299999833107 ], [ 99723.947499997913837, 167670.773499999195337 ], [ 99766.875100001692772, 167681.344300001859665 ] ] ] } },
{ "type": "Feature", "properties": { "ID": 15060.0, "NR": "56", "TYPE": "s", "LENGTH": 305.081, "GEMID": "127", "PLANID": "https://geodiensten.oost-vlaanderen.be/Bijlagen/detail/127-D-005.sid", "CEVI_OID": 15042, "GEMEENTE": "Maarke-Kerkem", "DETAILPLAN": "127-D-005", "TYPE_LABEL": "sentier" }, "geometry": { "type": "MultiLineString", "coordinates": [ [ [ 99622.494000002741814, 167231.055799998342991 ], [ 99625.201200000941753, 167234.665300000458956 ], [ 99691.204000003635883, 167290.999699998646975 ], [ 99740.963899999856949, 167332.638199999928474 ] ], [ [ 99777.188000001013279, 167494.551199998706579 ], [ 99772.160499997437, 167458.584899999201298 ], [ 99764.683600001037121, 167404.055300001055002 ], [ 99756.562200002372265, 167347.076299998909235 ] ] ] } },
{ "type": "Feature", "properties": { "ID": 15062.0, "NR": "61", "TYPE": "s", "LENGTH": 179.59, "GEMID": "127", "PLANID": "https://geodiensten.oost-vlaanderen.be/Bijlagen/detail/127-D-005.sid", "CEVI_OID": 15043, "GEMEENTE": "Maarke-Kerkem", "DETAILPLAN": "127-D-005", "TYPE_LABEL": "sentier" }, "geometry": { "type": "MultiLineString", "coordinates": [ [ [ 99275.721699997782707, 167824.436200000345707 ], [ 99274.819300003349781, 167844.159699998795986 ], [ 99274.045800000429153, 167862.723000001162291 ], [ 99284.35869999974966, 167910.033500000834465 ], [ 99335.149899996817112, 167934.397900000214577 ], [ 99357.967299997806549, 167953.347899999469519 ], [ 99363.123800002038479, 167957.8597999997437 ] ] ] } },
{ "type": "Feature", "properties": { "ID": 15063.0, "NR": "62", "TYPE": "s", "LENGTH": 46.198, "GEMID": "127", "PLANID": "https://geodiensten.oost-vlaanderen.be/Bijlagen/detail/127-D-005.sid", "CEVI_OID": 15044, "GEMEENTE": "Maarke-Kerkem", "DETAILPLAN": "127-D-005", "TYPE_LABEL": "sentier" }, "geometry": { "type": "MultiLineString", "coordinates": [ [ [ 98919.925499998033047, 167864.527699999511242 ], [ 98939.648900002241135, 167886.184900000691414 ], [ 98950.735299997031689, 167898.94709999859333 ] ] ] } },
{ "type": "Feature", "properties": { "ID": 15064.0, "NR": "63", "TYPE": "s", "LENGTH": 236.029, "GEMID": "127", "PLANID": "https://geodiensten.oost-vlaanderen.be/Bijlagen/detail/127-D-005.sid", "CEVI_OID": 15045, "GEMEENTE": "Maarke-Kerkem", "DETAILPLAN": "127-D-005", "TYPE_LABEL": "sentier" }, "geometry": { "type": "MultiLineString", "coordinates": [ [ [ 98889.244499996304512, 167760.495999999344349 ], [ 98913.222099997103214, 167767.070500001311302 ], [ 98919.152000002563, 167773.000399999320507 ], [ 98920.956799998879433, 167781.766399998217821 ], [ 98915.284599997103214, 167813.349800001829863 ], [ 98919.538699999451637, 167860.40260000154376 ], [ 98919.925499998033047, 167864.527699999511242 ], [ 98922.503700003027916, 167889.794399999082088 ], [ 98862.430900000035763, 167949.867300000041723 ] ] ] } },
{ "type": "Feature", "properties": { "ID": 15065.0, "NR": "64", "TYPE": "s", "LENGTH": 153.093, "GEMID": "127", "PLANID": "https://geodiensten.oost-vlaanderen.be/Bijlagen/detail/127-D-005.sid", "CEVI_OID": 15046, "GEMEENTE": "Maarke-Kerkem", "DETAILPLAN": "127-D-005", "TYPE_LABEL": "sentier" }, "geometry": { "type": "MultiLineString", "coordinates": [ [ [ 98632.581399999558926, 167892.372600000351667 ], [ 98626.651399999856949, 167910.033500000834465 ], [ 98623.428599998354912, 167960.438000001013279 ], [ 98597.904100000858307, 167963.660799998790026 ], [ 98594.68129999935627, 168021.800000000745058 ] ] ] } },
{ "type": "Feature", "properties": { "ID": 15066.0, "NR": "66", "TYPE": "s", "LENGTH": 262.66, "GEMID": "127", "PLANID": "https://geodiensten.oost-vlaanderen.be/Bijlagen/detail/127-D-005.sid", "CEVI_OID": 15047, "GEMEENTE": "Maarke-Kerkem", "DETAILPLAN": "127-D-005", "TYPE_LABEL": "sentier" }, "geometry": { "type": "MultiLineString", "coordinates": [ [ [ 99274.819300003349781, 167844.159699998795986 ], [ 99287.323700003325939, 167840.163400001823902 ], [ 99319.938400000333786, 167850.991999998688698 ], [ 99321.22749999910593, 167857.437600001692772 ], [ 99388.261500000953674, 167887.08729999884963 ], [ 99401.539399996399879, 167891.341400001198053 ], [ 99420.876199997961521, 167894.950899999588728 ], [ 99436.345600001513958, 167896.368900001049042 ], [ 99452.201700001955032, 167895.595400001853704 ], [ 99477.339500002563, 167892.888300001621246 ], [ 99489.45719999819994, 167892.630499999970198 ], [ 99515.239500001072884, 167894.69310000166297 ], [ 99522.200800001621246, 167895.466499999165535 ] ] ] } },
{ "type": "Feature", "properties": { "ID": 15067.0, "NR": "69", "TYPE": "s", "LENGTH": 223.001, "GEMID": "127", "PLANID": "https://geodiensten.oost-vlaanderen.be/Bijlagen/detail/127-D-005.sid", "CEVI_OID": 15048, "GEMEENTE": "Maarke-Kerkem", "DETAILPLAN": "127-D-005", "TYPE_LABEL": "sentier" }, "geometry": { "type": "MultiLineString", "coordinates": [ [ [ 99571.316100001335144, 167739.096700001507998 ], [ 99618.497800000011921, 167788.856600001454353 ], [ 99629.197400003671646, 167799.685199998319149 ], [ 99646.471600003540516, 167812.576299998909235 ], [ 99634.740699999034405, 167855.503899998962879 ], [ 99625.71679999679327, 167885.927099999040365 ], [ 99618.240000002086163, 167926.663199998438358 ] ] ] } },
{ "type": "Feature", "properties": { "ID": 15061.0, "NR": "6", "TYPE": "c", "LENGTH": 861.622, "GEMID": "127", "PLANID": "https://geodiensten.oost-vlaanderen.be/Bijlagen/detail/127-D-005.sid", "CEVI_OID": 15049, "GEMEENTE": "Maarke-Kerkem", "DETAILPLAN": "127-D-005", "TYPE_LABEL": "chemin" }, "geometry": { "type": "MultiLineString", "coordinates": [ [ [ 99631.517899997532368, 167512.212099999189377 ], [ 99627.650499999523163, 167404.570900000631809 ], [ 99628.55290000140667, 167372.60080000013113 ], [ 99619.013400003314018, 167271.920800000429153 ], [ 99612.310000002384186, 167246.267400000244379 ], [ 99584.851800002157688, 167242.528900001198053 ], [ 99521.29839999973774, 167242.013300001621246 ], [ 99504.797700002789497, 167238.274900000542402 ], [ 99495.000399999320507, 167230.411200001835823 ], [ 99485.847699999809265, 167216.875500001013279 ], [ 99480.691200003027916, 167207.980599999427795 ], [ 99470.249399997293949, 167152.419700000435114 ], [ 99456.713600002229214, 167079.197900000959635 ], [ 99452.975199997425079, 167056.767200000584126 ], [ 99490.488499999046326, 167028.9222999997437 ], [ 99512.274599999189377, 167014.613099999725819 ], [ 99538.830399997532368, 166987.928399998694658 ], [ 99550.045699998736382, 166973.748100001364946 ], [ 99569.898100003600121, 166945.129700001329184 ], [ 99598.387599997222424, 166917.929400000721216 ], [ 99621.333800002932549, 166891.115699999034405 ], [ 99647.631800003349781, 166850.637499999254942 ], [ 99651.112400002777576, 166846.25450000166893 ], [ 99651.885899998247623, 166845.223200000822544 ] ] ] } },
{ "type": "Feature", "properties": { "ID": 15069.0, "NR": "71", "TYPE": "s", "LENGTH": 239.334, "GEMID": "127", "PLANID": "https://geodiensten.oost-vlaanderen.be/Bijlagen/detail/127-D-005.sid", "CEVI_OID": 15050, "GEMEENTE": "Maarke-Kerkem", "DETAILPLAN": "127-D-005", "TYPE_LABEL": "sentier" }, "geometry": { "type": "MultiLineString", "coordinates": [ [ [ 99653.303900003433228, 167647.440499998629093 ], [ 99657.944799996912479, 167631.06870000064373 ], [ 99661.296499997377396, 167590.074799999594688 ], [ 99656.784500002861023, 167584.273800000548363 ], [ 99640.283900000154972, 167562.874400001019239 ], [ 99638.2212999984622, 167542.506400000303984 ], [ 99629.970899999141693, 167521.236000001430511 ], [ 99631.517899997532368, 167512.212099999189377 ] ], [ [ 99750.761200003325939, 167575.636700000613928 ], [ 99656.784500002861023, 167584.273800000548363 ] ] ] } },
{ "type": "Feature", "properties": { "ID": 15068.0, "NR": "7", "TYPE": "c", "LENGTH": 1256.483, "GEMID": "127", "PLANID": "https://geodiensten.oost-vlaanderen.be/Bijlagen/detail/127-D-005.sid", "CEVI_OID": 15051, "GEMEENTE": "Maarke-Kerkem", "DETAILPLAN": "127-D-005", "TYPE_LABEL": "chemin" }, "geometry": { "type": "MultiLineString", "coordinates": [ [ [ 98668.0320999994874, 167847.640299998223782 ], [ 98704.127300001680851, 167828.948100000619888 ], [ 98732.101199999451637, 167820.053199999034405 ], [ 98811.89750000089407, 167797.751499999314547 ], [ 98845.930200003087521, 167785.633799999952316 ], [ 98875.450900003314018, 167772.227000001817942 ], [ 98883.572400003671646, 167767.328299999237061 ], [ 98889.244499996304512, 167760.495999999344349 ], [ 98894.529899999499321, 167738.967799998819828 ], [ 98902.264600001275539, 167693.204100001603365 ], [ 98909.483599998056889, 167644.604400001466274 ], [ 98913.479900002479553, 167634.162599999457598 ], [ 98928.046899996697903, 167627.588100001215935 ], [ 98982.060900002717972, 167607.606800001114607 ], [ 99090.088899999856949, 167567.644200000911951 ], [ 99197.085500001907349, 167531.03319999948144 ], [ 99270.436300002038479, 167512.212099999189377 ], [ 99292.866899996995926, 167507.442400000989437 ], [ 99321.35639999806881, 167507.442400000989437 ], [ 99380.784699998795986, 167516.981899999082088 ], [ 99485.976599998772144, 167518.271000001579523 ], [ 99554.428700000047684, 167518.271000001579523 ], [ 99566.546400003135204, 167518.78660000115633 ], [ 99584.078400000929832, 167519.431200001388788 ], [ 99629.970899999141693, 167521.236000001430511 ] ], [ [ 99631.517899997532368, 167512.212099999189377 ], [ 99675.347800001502037, 167503.317200001329184 ], [ 99695.071299999952316, 167505.250900000333786 ], [ 99714.021300002932549, 167506.6689000017941 ], [ 99740.44820000231266, 167502.930500000715256 ], [ 99777.188000001013279, 167494.551199998706579 ], [ 99778.606100000441074, 167494.164500001817942 ] ] ] } },
{ "type": "Feature", "properties": { "ID": 15071.0, "NR": "14", "TYPE": "c", "LENGTH": 980.754, "GEMID": "127", "PLANID": "https://geodiensten.oost-vlaanderen.be/Bijlagen/detail/127-D-006.sid", "CEVI_OID": 15052, "GEMEENTE": "Maarke-Kerkem", "DETAILPLAN": "127-D-006", "TYPE_LABEL": "chemin" }, "geometry": { "type": "MultiLineString", "coordinates": [ [ [ 99508.793999999761581, 165901.331999998539686 ], [ 99482.495999999344349, 165915.512200001627207 ], [ 99471.796300001442432, 165925.051699999719858 ], [ 99464.448299996554852, 165936.91160000115633 ], [ 99459.163000002503395, 165946.966699998825788 ], [ 99457.100400000810623, 165950.447299998253584 ], [ 99447.560900002717972, 165973.651399999856949 ], [ 99438.40820000320673, 165998.918099999427795 ], [ 99430.028899997472763, 166029.985800001770258 ], [ 99403.473099999129772, 166071.237500000745058 ], [ 99333.087399996817112, 166115.196400001645088 ], [ 99297.507700003683567, 166159.799899999052286 ], [ 99269.276100002229214, 166188.031500000506639 ], [ 99255.2246999964118, 166205.434599999338388 ], [ 99247.8766999989748, 166215.103000000119209 ], [ 99235.243400000035763, 166252.616300001740456 ], [ 99224.930500000715256, 166263.186999998986721 ], [ 99208.429799996316433, 166274.531199999153614 ], [ 99183.678700000047684, 166283.812899999320507 ], [ 99168.338200002908707, 166286.262200001627207 ], [ 99153.513400003314018, 166286.262200001627207 ], [ 99143.587200000882149, 166285.488699998706579 ], [ 99136.368100002408028, 166280.719000000506639 ], [ 99133.016400001943111, 166276.851599998772144 ], [ 99079.77589999884367, 166217.165500000119209 ], [ 99037.750699996948242, 166171.401900000870228 ], [ 99019.574199996888638, 166152.322999998927116 ], [ 98981.158500000834465, 166120.868500001728535 ], [ 98888.084299996495247, 166048.9358000010252 ], [ 98833.038999997079372, 166007.55519999936223 ] ] ] } },
{ "type": "Feature", "properties": { "ID": 15072.0, "NR": "15", "TYPE": "c", "LENGTH": 1097.01, "GEMID": "127", "PLANID": "https://geodiensten.oost-vlaanderen.be/Bijlagen/detail/127-D-006.sid", "CEVI_OID": 15053, "GEMEENTE": "Maarke-Kerkem", "DETAILPLAN": "127-D-006", "TYPE_LABEL": "chemin" }, "geometry": { "type": "MultiLineString", "coordinates": [ [ [ 98559.617399998009205, 166213.427099999040365 ], [ 98636.319799996912479, 166304.825500000268221 ], [ 98638.382399998605251, 166309.853000000119209 ], [ 98709.670500002801418, 166389.391499999910593 ], [ 98729.136200003325939, 166408.857200000435114 ], [ 98797.588299997150898, 166460.9375 ], [ 98835.101599998772144, 166488.395700000226498 ], [ 98845.027800001204014, 166496.130399998277426 ], [ 98856.758699998259544, 166509.923900000751019 ], [ 98856.758699998259544, 166513.404599998146296 ], [ 98850.69990000128746, 166529.389600001275539 ], [ 98848.637299999594688, 166540.347100000828505 ], [ 98849.668600000441074, 166547.050500001758337 ], [ 98856.372000001370907, 166555.429800000041723 ], [ 98908.323399998247623, 166602.095800001174212 ], [ 98939.777900002896786, 166631.100900001823902 ], [ 98947.125799998641014, 166638.577799998223782 ], [ 98957.180900000035763, 166644.249899998307228 ], [ 98965.43129999935627, 166647.472699999809265 ], [ 98985.799300000071526, 166648.63289999961853 ], [ 99001.010899998247623, 166648.117199998348951 ], [ 99006.811899997293949, 166649.921999998390675 ], [ 99021.50789999961853, 166654.304999999701977 ], [ 99032.980999998748302, 166658.945799998939037 ], [ 99037.492899999022484, 166662.684300001710653 ], [ 99055.669399999082088, 166713.991099998354912 ], [ 99071.654500000178814, 166754.727200001478195 ], [ 99099.112700000405312, 166816.089099999517202 ], [ 99122.703500002622604, 166857.985399998724461 ], [ 99131.985200002789497, 166873.454799998551607 ], [ 99142.427000001072884, 166884.154500000178814 ], [ 99159.572200000286102, 166899.237199999392033 ], [ 99174.654899999499321, 166909.936799999326468 ], [ 99209.33219999819994, 166922.699099998921156 ], [ 99243.23589999973774, 166932.496399998664856 ], [ 99265.15089999884367, 166939.328699998557568 ], [ 99288.226099997758865, 166944.743000000715256 ] ] ] } },
{ "type": "Feature", "properties": { "ID": 15070.0, "NR": "1", "TYPE": "c", "LENGTH": 1116.964, "GEMID": "127", "PLANID": "https://geodiensten.oost-vlaanderen.be/Bijlagen/detail/127-D-006.sid", "CEVI_OID": 15054, "GEMEENTE": "Maarke-Kerkem", "DETAILPLAN": "127-D-006", "TYPE_LABEL": "chemin" }, "geometry": { "type": "MultiLineString", "coordinates": [ [ [ 98613.631300002336502, 165855.697200000286102 ], [ 98606.283399999141693, 165913.062899999320507 ], [ 98601.126900002360344, 165952.123199999332428 ], [ 98570.961599998176098, 166191.898899998515844 ], [ 98559.617399998009205, 166213.427099999040365 ], [ 98542.601000003516674, 166245.783900000154972 ], [ 98529.838799998164177, 166274.660199999809265 ], [ 98530.483300000429153, 166292.192099999636412 ], [ 98545.95269999653101, 166345.432700000703335 ], [ 98570.188100002706051, 166400.606800001114607 ], [ 98554.718699999153614, 166499.611000001430511 ], [ 98550.72240000218153, 166531.967799998819828 ], [ 98551.366999998688698, 166589.849199999123812 ], [ 98553.42960000038147, 166674.673099998384714 ], [ 98550.72240000218153, 166757.563299998641014 ], [ 98547.628600001335144, 166883.638900000602007 ], [ 98535.381999999284744, 166950.286200001835823 ] ] ] } },
{ "type": "Feature", "properties": { "ID": 15073.0, "NR": "30", "TYPE": "s", "LENGTH": 861.421, "GEMID": "127", "PLANID": "https://geodiensten.oost-vlaanderen.be/Bijlagen/detail/127-D-006.sid", "CEVI_OID": 15055, "GEMEENTE": "Maarke-Kerkem", "DETAILPLAN": "127-D-006", "TYPE_LABEL": "sentier" }, "geometry": { "type": "MultiLineString", "coordinates": [ [ [ 99403.473099999129772, 166071.237500000745058 ], [ 99438.40820000320673, 166095.601799998432398 ], [ 99436.0878000035882, 166098.824599999934435 ], [ 99463.159199997782707, 166118.419199999421835 ], [ 99478.886399999260902, 166194.477099999785423 ], [ 99512.145700000226498, 166355.358899999409914 ], [ 99515.239500001072884, 166369.281300000846386 ], [ 99518.204499997198582, 166398.673200000077486 ], [ 99479.788800001144409, 166462.742300000041723 ], [ 99485.460900001227856, 166468.02760000154376 ], [ 99478.112999998033047, 166526.8114 ], [ 99493.840199999511242, 166537.768899999558926 ], [ 99493.840199999511242, 166561.617499999701977 ], [ 99495.645000003278255, 166570.770199999213219 ], [ 99497.320799998939037, 166578.762800000607967 ], [ 99509.825199998915195, 166618.338700000196695 ], [ 99523.747699998319149, 166661.653000000864267 ], [ 99535.478699997067451, 166670.418999999761581 ], [ 99555.975599996745586, 166715.924800001084805 ], [ 99583.304899998009205, 166775.224199999123812 ], [ 99590.910700000822544, 166791.467000000178814 ] ], [ [ 99432.349299997091293, 165894.757500000298023 ], [ 99459.163000002503395, 165946.966699998825788 ] ] ] } },
{ "type": "Feature", "properties": { "ID": 15074.0, "NR": "33", "TYPE": "s", "LENGTH": 70.866, "GEMID": "127", "PLANID": "https://geodiensten.oost-vlaanderen.be/Bijlagen/detail/127-D-006.sid", "CEVI_OID": 15056, "GEMEENTE": "Maarke-Kerkem", "DETAILPLAN": "127-D-006", "TYPE_LABEL": "sentier" }, "geometry": { "type": "MultiLineString", "coordinates": [ [ [ 99590.137199997901917, 165873.229200001806021 ], [ 99649.436599999666214, 165912.031599998474121 ] ] ] } },
{ "type": "Feature", "properties": { "ID": 15075.0, "NR": "34", "TYPE": "s", "LENGTH": 263.726, "GEMID": "127", "PLANID": "https://geodiensten.oost-vlaanderen.be/Bijlagen/detail/127-D-006.sid", "CEVI_OID": 15057, "GEMEENTE": "Maarke-Kerkem", "DETAILPLAN": "127-D-006", "TYPE_LABEL": "sentier" }, "geometry": { "type": "MultiLineString", "coordinates": [ [ [ 99438.40820000320673, 165998.918099999427795 ], [ 99493.324600003659725, 166023.153499998152256 ], [ 99580.468800000846386, 166003.172200001776218 ], [ 99649.436599999666214, 165912.031599998474121 ] ] ] } },
{ "type": "Feature", "properties": { "ID": 15076.0, "NR": "36", "TYPE": "s", "LENGTH": 766.716, "GEMID": "127", "PLANID": "https://geodiensten.oost-vlaanderen.be/Bijlagen/detail/127-D-006.sid", "CEVI_OID": 15058, "GEMEENTE": "Maarke-Kerkem", "DETAILPLAN": "127-D-006", "TYPE_LABEL": "sentier" }, "geometry": { "type": "MultiLineString", "coordinates": [ [ [ 99006.811899997293949, 166649.921999998390675 ], [ 98994.43639999628067, 166782.056499999016523 ], [ 98982.31870000064373, 166917.026999998837709 ], [ 98979.224799998104572, 166952.864399999380112 ] ], [ [ 99037.750699996948242, 166171.401900000870228 ], [ 99034.785800002515316, 166247.846500001847744 ], [ 99031.691899999976158, 166350.846900001168251 ], [ 99031.04730000346899, 166386.426600001752377 ] ], [ [ 99090.604500003159046, 165916.156800001859665 ], [ 99086.737199999392033, 165921.313299998641014 ], [ 99065.595600001513958, 165974.167100001126528 ], [ 99048.965999998152256, 166036.302499998360872 ], [ 99029.629299998283386, 166114.9386 ], [ 99019.574199996888638, 166152.322999998927116 ] ] ] } },
{ "type": "Feature", "properties": { "ID": 15077.0, "NR": "37", "TYPE": "s", "LENGTH": 867.947, "GEMID": "127", "PLANID": "https://geodiensten.oost-vlaanderen.be/Bijlagen/detail/127-D-006.sid", "CEVI_OID": 15059, "GEMEENTE": "Maarke-Kerkem", "DETAILPLAN": "127-D-006", "TYPE_LABEL": "sentier" }, "geometry": { "type": "MultiLineString", "coordinates": [ [ [ 99128.89130000025034, 166279.043099999427795 ], [ 99140.106600001454353, 166290.774099998176098 ], [ 99176.072899997234344, 166336.666700001806021 ], [ 99179.037900000810623, 166341.178599998354912 ], [ 99184.58110000193119, 166349.428899999707937 ], [ 99229.957999996840954, 166407.56810000166297 ], [ 99257.545100003480911, 166441.858600001782179 ], [ 99267.600199997425079, 166453.202799998223782 ], [ 99282.682899996638298, 166468.543299999088049 ], [ 99315.039700001478195, 166496.259300000965595 ], [ 99354.615599997341633, 166527.584800001233816 ], [ 99410.821099996566772, 166571.028099998831749 ], [ 99465.737499997019768, 166614.4712999984622 ], [ 99469.73369999974966, 166617.565200001001358 ], [ 99523.747699998319149, 166661.653000000864267 ] ], [ [ 99535.478699997067451, 166670.418999999761581 ], [ 99569.382399998605251, 166625.428800001740456 ], [ 99587.043300002813339, 166592.814100001007318 ] ], [ [ 99493.840199999511242, 166537.768899999558926 ], [ 99563.968099996447563, 166585.0793999992311 ], [ 99573.636500000953674, 166591.267200000584126 ], [ 99587.043300002813339, 166592.814100001007318 ], [ 99596.067199997603893, 166595.392400000244379 ], [ 99629.326399996876717, 166614.60020000115037 ], [ 99683.855999998748302, 166647.988299999386072 ] ] ] } },
{ "type": "Feature", "properties": { "ID": 15078.0, "NR": "38", "TYPE": "s", "LENGTH": 416.764, "GEMID": "127", "PLANID": "https://geodiensten.oost-vlaanderen.be/Bijlagen/detail/127-D-006.sid", "CEVI_OID": 15060, "GEMEENTE": "Maarke-Kerkem", "DETAILPLAN": "127-D-006", "TYPE_LABEL": "sentier" }, "geometry": { "type": "MultiLineString", "coordinates": [ [ [ 99133.016400001943111, 166276.851599998772144 ], [ 99128.89130000025034, 166279.043099999427795 ], [ 99122.703500002622604, 166282.265900000929832 ], [ 99109.425599999725819, 166293.352299999445677 ], [ 99103.753499999642372, 166299.797899998724461 ], [ 99077.713299997150898, 166334.861900001764297 ], [ 99055.79839999973774, 166365.671799998730421 ], [ 99031.04730000346899, 166386.426600001752377 ], [ 99025.504100002348423, 166391.067400000989437 ], [ 99014.15990000218153, 166505.412000000476837 ], [ 99005.780599996447563, 166592.814100001007318 ], [ 99001.010899998247623, 166648.117199998348951 ] ] ] } },
{ "type": "Feature", "properties": { "ID": 15079.0, "NR": "39", "TYPE": "s", "LENGTH": 249.344, "GEMID": "127", "PLANID": "https://geodiensten.oost-vlaanderen.be/Bijlagen/detail/127-D-006.sid", "CEVI_OID": 15061, "GEMEENTE": "Maarke-Kerkem", "DETAILPLAN": "127-D-006", "TYPE_LABEL": "sentier" }, "geometry": { "type": "MultiLineString", "coordinates": [ [ [ 98606.283399999141693, 165913.062899999320507 ], [ 98726.042300000786781, 165985.769099999219179 ], [ 98731.456600002944469, 165979.581300001591444 ], [ 98824.401900000870228, 166019.157200001180172 ] ] ] } },
{ "type": "Feature", "properties": { "ID": 15080.0, "NR": "40", "TYPE": "s", "LENGTH": 201.643, "GEMID": "127", "PLANID": "https://geodiensten.oost-vlaanderen.be/Bijlagen/detail/127-D-006.sid", "CEVI_OID": 15062, "GEMEENTE": "Maarke-Kerkem", "DETAILPLAN": "127-D-006", "TYPE_LABEL": "sentier" }, "geometry": { "type": "MultiLineString", "coordinates": [ [ [ 98717.147399999201298, 166916.511300001293421 ], [ 98690.849399998784065, 166890.471200000494719 ], [ 98655.012000001966953, 166861.723900001496077 ], [ 98636.448700003325939, 166848.57490000128746 ], [ 98618.787799999117851, 166853.086800001561642 ], [ 98557.296899996697903, 166881.834100000560284 ], [ 98547.628600001335144, 166883.638900000602007 ] ] ] } },
{ "type": "Feature", "properties": { "ID": 15081.0, "NR": "46", "TYPE": "s", "LENGTH": 96.117, "GEMID": "127", "PLANID": "https://geodiensten.oost-vlaanderen.be/Bijlagen/detail/127-D-006.sid", "CEVI_OID": 15063, "GEMEENTE": "Maarke-Kerkem", "DETAILPLAN": "127-D-006", "TYPE_LABEL": "sentier" }, "geometry": { "type": "MultiLineString", "coordinates": [ [ [ 98820.018899999558926, 165859.693500000983477 ], [ 98899.170699998736382, 165914.223099999129772 ] ] ] } },
{ "type": "Feature", "properties": { "ID": 15082.0, "NR": "5", "TYPE": "c", "LENGTH": 636.509, "GEMID": "127", "PLANID": "https://geodiensten.oost-vlaanderen.be/Bijlagen/detail/127-D-006.sid", "CEVI_OID": 15064, "GEMEENTE": "Maarke-Kerkem", "DETAILPLAN": "127-D-006", "TYPE_LABEL": "chemin" }, "geometry": { "type": "MultiLineString", "coordinates": [ [ [ 98924.179499998688698, 165869.361900001764297 ], [ 98902.780199997127056, 165908.937800001353025 ], [ 98899.170699998736382, 165914.223099999129772 ], [ 98865.137999996542931, 165963.467399999499321 ], [ 98833.038999997079372, 166007.55519999936223 ], [ 98824.401900000870228, 166019.157200001180172 ], [ 98785.857299998402596, 166070.721900001168251 ], [ 98715.858300000429153, 166166.503299999982119 ], [ 98677.700400002300739, 166237.533599998801947 ], [ 98636.319799996912479, 166304.825500000268221 ] ], [ [ 98638.382399998605251, 166309.853000000119209 ], [ 98579.469800002872944, 166390.809599999338388 ], [ 98570.188100002706051, 166400.606800001114607 ] ] ] } },
{ "type": "Feature", "properties": { "ID": 15083.0, "NR": "84", "TYPE": "s", "LENGTH": 366.381, "GEMID": "127", "PLANID": "https://geodiensten.oost-vlaanderen.be/Bijlagen/detail/127-D-006.sid", "CEVI_OID": 15065, "GEMEENTE": "Maarke-Kerkem", "DETAILPLAN": "127-D-006", "TYPE_LABEL": "sentier" }, "geometry": { "type": "MultiLineString", "coordinates": [ [ [ 99090.604500003159046, 165916.156800001859665 ], [ 99127.859999999403954, 165938.458500001579523 ], [ 99189.995399996638298, 165977.905499998480082 ], [ 99227.379799999296665, 166000.336100000888109 ], [ 99300.086000002920628, 166006.394999999552965 ], [ 99368.409100003540516, 166013.227299999445677 ], [ 99390.195200003683567, 166016.192299999296665 ], [ 99430.028899997472763, 166029.985800001770258 ] ] ] } },
{ "type": "Feature", "properties": { "ID": 15084.0, "NR": "85", "TYPE": "s", "LENGTH": 116.35, "GEMID": "127", "PLANID": "https://geodiensten.oost-vlaanderen.be/Bijlagen/detail/127-D-006.sid", "CEVI_OID": 15066, "GEMEENTE": "Maarke-Kerkem", "DETAILPLAN": "127-D-006", "TYPE_LABEL": "sentier" }, "geometry": { "type": "MultiLineString", "coordinates": [ [ [ 99518.204499997198582, 166398.673200000077486 ], [ 99613.212399996817112, 166465.836199998855591 ] ] ] } },
{ "type": "Feature", "properties": { "ID": 15086.0, "NR": "14", "TYPE": "c", "LENGTH": 172.374, "GEMID": "127", "PLANID": "https://geodiensten.oost-vlaanderen.be/Bijlagen/detail/127-D-007.sid", "CEVI_OID": 15067, "GEMEENTE": "Maarke-Kerkem", "DETAILPLAN": "127-D-007", "TYPE_LABEL": "chemin" }, "geometry": { "type": "MultiLineString", "coordinates": [ [ [ 99458.905100002884865, 165945.548700001090765 ], [ 99459.93639999628067, 165943.357200000435114 ], [ 99469.347000002861023, 165927.372099999338388 ], [ 99482.495999999344349, 165915.512200001627207 ], [ 99506.086800001561642, 165904.296900000423193 ], [ 99524.907899998128414, 165889.729899998754263 ], [ 99538.1858000010252, 165876.194200001657009 ], [ 99546.693999998271465, 165864.721099998801947 ], [ 99550.561300002038479, 165854.02140000090003 ], [ 99551.721500001847744, 165847.317999999970198 ], [ 99556.620200000703335, 165828.110100001096725 ], [ 99561.647699996829033, 165816.636999998241663 ] ] ] } },
{ "type": "Feature", "properties": { "ID": 15085.0, "NR": "1", "TYPE": "c", "LENGTH": 1071.449, "GEMID": "127", "PLANID": "https://geodiensten.oost-vlaanderen.be/Bijlagen/detail/127-D-007.sid", "CEVI_OID": 15068, "GEMEENTE": "Maarke-Kerkem", "DETAILPLAN": "127-D-007", "TYPE_LABEL": "chemin" }, "geometry": { "type": "MultiLineString", "coordinates": [ [ [ 99075.908600002527237, 164903.297800000756979 ], [ 99027.566699996590614, 164997.918999999761581 ], [ 98993.662900000810623, 165033.498599998652935 ], [ 98962.466300003230572, 165075.781700000166893 ], [ 98948.028200000524521, 165094.215999998152256 ], [ 98927.402300000190735, 165131.471500001847744 ], [ 98918.507399998605251, 165154.288899999111891 ], [ 98897.237000003457069, 165224.030099999159575 ], [ 98888.213200002908707, 165250.585900001227856 ], [ 98854.438299998641014, 165351.65260000154376 ], [ 98840.773699998855591, 165376.790399998426437 ], [ 98804.42059999704361, 165427.581599999219179 ], [ 98766.778399996459484, 165501.319099999964237 ], [ 98738.675700001418591, 165542.441899999976158 ], [ 98702.709299996495247, 165599.034099999815226 ], [ 98680.794299997389317, 165636.934099998325109 ], [ 98660.039499998092651, 165698.940600000321865 ], [ 98636.964400000870228, 165782.862100001424551 ], [ 98613.244599997997284, 165857.759799998253584 ] ] ] } },
{ "type": "Feature", "properties": { "ID": 15087.0, "NR": "2", "TYPE": "c", "LENGTH": 533.007, "GEMID": "127", "PLANID": "https://geodiensten.oost-vlaanderen.be/Bijlagen/detail/127-D-007.sid", "CEVI_OID": 15069, "GEMEENTE": "Maarke-Kerkem", "DETAILPLAN": "127-D-007", "TYPE_LABEL": "chemin" }, "geometry": { "type": "MultiLineString", "coordinates": [ [ [ 98962.466300003230572, 165075.781700000166893 ], [ 98978.967000000178814, 165079.649000000208616 ], [ 99016.222499996423721, 165080.422499999403954 ], [ 99046.00110000371933, 165077.586399998515844 ], [ 99090.217799998819828, 165068.046999998390675 ], [ 99109.16780000180006, 165063.019400000572205 ], [ 99167.822599999606609, 165029.631299998611212 ], [ 99198.890299998223782, 165006.427200000733137 ], [ 99248.521300002932549, 164961.308100000023842 ], [ 99254.451200000941753, 164963.241799999028444 ], [ 99291.448899999260902, 164974.972699999809265 ], [ 99312.590400002896786, 164981.934000000357628 ], [ 99342.755699999630451, 164992.633600000292063 ], [ 99423.970100000500679, 164993.4070999994874 ], [ 99454.135399997234344, 164993.664900001138449 ] ] ] } },
{ "type": "Feature", "properties": { "ID": 15089.0, "NR": "30", "TYPE": "s", "LENGTH": 931.266, "GEMID": "127", "PLANID": "https://geodiensten.oost-vlaanderen.be/Bijlagen/detail/127-D-007.sid", "CEVI_OID": 15070, "GEMEENTE": "Maarke-Kerkem", "DETAILPLAN": "127-D-007", "TYPE_LABEL": "sentier" }, "geometry": { "type": "MultiLineString", "coordinates": [ [ [ 99132.243000000715256, 165566.032699998468161 ], [ 99172.205600000917912, 165611.022900000214577 ], [ 99214.875399999320507, 165656.270899999886751 ], [ 99247.618900001049042, 165691.076999999582767 ], [ 99287.968299999833107, 165723.691700000315905 ], [ 99312.719300001859665, 165746.380100000649691 ], [ 99337.857100002467632, 165769.713199999183416 ], [ 99351.392800003290176, 165783.2489 ], [ 99372.4054000005126, 165807.999899998307228 ], [ 99394.449299998581409, 165834.555700000375509 ], [ 99422.294200003147125, 165869.877500001341105 ], [ 99428.48200000077486, 165881.995200000703335 ], [ 99459.93639999628067, 165943.357200000435114 ] ], [ [ 99022.410199999809265, 165383.364900000393391 ], [ 99094.085100002586842, 165471.1537000015378 ], [ 99120.769799999892712, 165502.221400000154972 ], [ 99158.669900000095367, 165536.125199999660254 ] ], [ [ 98978.967000000178814, 165079.649000000208616 ], [ 98982.060900002717972, 165090.348700001835823 ], [ 99009.132299996912479, 165174.528000000864267 ], [ 99017.511600002646446, 165207.529399998486042 ], [ 99017.640500001609325, 165208.045000001788139 ], [ 99019.832000002264977, 165216.553199999034405 ], [ 99024.086099997162819, 165232.925000000745058 ], [ 99032.207500003278255, 165264.121599998325109 ], [ 99015.964699998497963, 165289.903900001198053 ] ] ] } },
{ "type": "Feature", "properties": { "ID": 15090.0, "NR": "31", "TYPE": "s", "LENGTH": 166.782, "GEMID": "127", "PLANID": "https://geodiensten.oost-vlaanderen.be/Bijlagen/detail/127-D-007.sid", "CEVI_OID": 15071, "GEMEENTE": "Maarke-Kerkem", "DETAILPLAN": "127-D-007", "TYPE_LABEL": "sentier" }, "geometry": { "type": "MultiLineString", "coordinates": [ [ [ 99090.217799998819828, 165068.046999998390675 ], [ 99070.880999997258186, 165105.81810000166297 ], [ 99051.028599999845028, 165144.749400001019239 ], [ 99051.028599999845028, 165160.218800000846386 ], [ 99039.555500000715256, 165186.903499998152256 ], [ 99037.621799997985363, 165188.32149999961257 ], [ 99036.20380000025034, 165189.223900001496077 ], [ 99024.730599999427795, 165211.010000001639128 ], [ 99024.343900002539158, 165211.783500000834465 ], [ 99019.832000002264977, 165216.553199999034405 ] ] ] } },
{ "type": "Feature", "properties": { "ID": 15091.0, "NR": "32", "TYPE": "s", "LENGTH": 91.686, "GEMID": "127", "PLANID": "https://geodiensten.oost-vlaanderen.be/Bijlagen/detail/127-D-007.sid", "CEVI_OID": 15072, "GEMEENTE": "Maarke-Kerkem", "DETAILPLAN": "127-D-007", "TYPE_LABEL": "sentier" }, "geometry": { "type": "MultiLineString", "coordinates": [ [ [ 99224.028099998831749, 164893.113800000399351 ], [ 99235.887999996542931, 164919.798500001430511 ], [ 99254.451200000941753, 164963.241799999028444 ] ], [ [ 99200.566200003027916, 164866.300200000405312 ], [ 99212.554899998009205, 164875.710700001567602 ] ] ] } },
{ "type": "Feature", "properties": { "ID": 15092.0, "NR": "35", "TYPE": "s", "LENGTH": 253.735, "GEMID": "127", "PLANID": "https://geodiensten.oost-vlaanderen.be/Bijlagen/detail/127-D-007.sid", "CEVI_OID": 15073, "GEMEENTE": "Maarke-Kerkem", "DETAILPLAN": "127-D-007", "TYPE_LABEL": "sentier" }, "geometry": { "type": "MultiLineString", "coordinates": [ [ [ 99316.58669999986887, 165405.53770000115037 ], [ 99324.836999997496605, 165405.4087999984622 ], [ 99422.938799999654293, 165382.075800001621246 ], [ 99480.949000000953674, 165368.668999999761581 ], [ 99508.66499999910593, 165361.965599998831749 ], [ 99563.581399999558926, 165375.630199998617172 ] ] ] } },
{ "type": "Feature", "properties": { "ID": 15093.0, "NR": "36", "TYPE": "s", "LENGTH": 644.142, "GEMID": "127", "PLANID": "https://geodiensten.oost-vlaanderen.be/Bijlagen/detail/127-D-007.sid", "CEVI_OID": 15074, "GEMEENTE": "Maarke-Kerkem", "DETAILPLAN": "127-D-007", "TYPE_LABEL": "sentier" }, "geometry": { "type": "MultiLineString", "coordinates": [ [ [ 99208.687600001692772, 165466.770700000226498 ], [ 99253.03320000320673, 165504.670800000429153 ], [ 99270.565200001001358, 165541.281700000166893 ], [ 99283.585299998521805, 165551.078999999910593 ], [ 99242.720299996435642, 165599.291900001466274 ], [ 99214.875399999320507, 165656.270899999886751 ], [ 99156.220499999821186, 165752.825699999928474 ], [ 99125.797399997711182, 165804.261500000953674 ], [ 99097.694600000977516, 165848.349300000816584 ], [ 99090.604500003159046, 165916.156800001859665 ] ], [ [ 99301.761799998581409, 165443.953400000929832 ], [ 99292.480200000107288, 165504.284000001847744 ], [ 99285.518899999558926, 165548.887499999254942 ], [ 99283.585299998521805, 165551.078999999910593 ] ] ] } },
{ "type": "Feature", "properties": { "ID": 15088.0, "NR": "3", "TYPE": "c", "LENGTH": 352.482, "GEMID": "127", "PLANID": "https://geodiensten.oost-vlaanderen.be/Bijlagen/detail/127-D-007.sid", "CEVI_OID": 15075, "GEMEENTE": "Maarke-Kerkem", "DETAILPLAN": "127-D-007", "TYPE_LABEL": "chemin" }, "geometry": { "type": "MultiLineString", "coordinates": [ [ [ 99504.797700002789497, 165162.539200000464916 ], [ 99477.855200000107288, 165205.080099999904633 ], [ 99392.773500002920628, 165305.760099999606609 ], [ 99387.101300001144409, 165313.623700000345707 ], [ 99367.506800003349781, 165340.437300000339746 ], [ 99335.149899996817112, 165389.037000000476837 ], [ 99316.58669999986887, 165405.53770000115037 ], [ 99307.691799998283386, 165413.530200000852346 ], [ 99283.714199997484684, 165435.058499999344349 ] ] ] } },
{ "type": "Feature", "properties": { "ID": 15095.0, "NR": "46", "TYPE": "s", "LENGTH": 301.523, "GEMID": "127", "PLANID": "https://geodiensten.oost-vlaanderen.be/Bijlagen/detail/127-D-007.sid", "CEVI_OID": 15076, "GEMEENTE": "Maarke-Kerkem", "DETAILPLAN": "127-D-007", "TYPE_LABEL": "sentier" }, "geometry": { "type": "MultiLineString", "coordinates": [ [ [ 98636.964400000870228, 165782.862100001424551 ], [ 98695.619199998676777, 165807.484299998730421 ], [ 98752.984899997711182, 165851.958799999207258 ], [ 98822.081500001251698, 165860.467000000178814 ], [ 98898.783900000154972, 165917.703699998557568 ] ] ] } },
{ "type": "Feature", "properties": { "ID": 15096.0, "NR": "47", "TYPE": "s", "LENGTH": 603.739, "GEMID": "127", "PLANID": "https://geodiensten.oost-vlaanderen.be/Bijlagen/detail/127-D-007.sid", "CEVI_OID": 15077, "GEMEENTE": "Maarke-Kerkem", "DETAILPLAN": "127-D-007", "TYPE_LABEL": "sentier" }, "geometry": { "type": "MultiLineString", "coordinates": [ [ [ 98695.619199998676777, 165807.484299998730421 ], [ 98730.167499996721745, 165731.684200000017881 ], [ 98737.773299999535084, 165722.40260000154376 ], [ 98774.513099998235703, 165677.799100000411272 ], [ 98808.416900001466274, 165638.352200001478195 ], [ 98825.046499997377396, 165620.046700000762939 ], [ 98871.067900002002716, 165574.669799998402596 ], [ 98889.63120000064373, 165556.36430000141263 ], [ 98939.004399999976158, 165493.326499998569489 ], [ 99001.268700003623962, 165410.436299998313189 ], [ 99022.410199999809265, 165383.364900000393391 ], [ 99062.501800000667572, 165332.05799999833107 ] ] ] } },
{ "type": "Feature", "properties": { "ID": 15097.0, "NR": "48", "TYPE": "s", "LENGTH": 377.36, "GEMID": "127", "PLANID": "https://geodiensten.oost-vlaanderen.be/Bijlagen/detail/127-D-007.sid", "CEVI_OID": 15078, "GEMEENTE": "Maarke-Kerkem", "DETAILPLAN": "127-D-007", "TYPE_LABEL": "sentier" }, "geometry": { "type": "MultiLineString", "coordinates": [ [ [ 98737.773299999535084, 165722.40260000154376 ], [ 98911.803999997675419, 165667.743999999016523 ], [ 99090.217799998819828, 165609.991599999368191 ], [ 99097.565700002014637, 165608.960299998521805 ] ] ] } },
{ "type": "Feature", "properties": { "ID": 15094.0, "NR": "4", "TYPE": "c", "LENGTH": 686.269, "GEMID": "127", "PLANID": "https://geodiensten.oost-vlaanderen.be/Bijlagen/detail/127-D-007.sid", "CEVI_OID": 15079, "GEMEENTE": "Maarke-Kerkem", "DETAILPLAN": "127-D-007", "TYPE_LABEL": "chemin" }, "geometry": { "type": "MultiLineString", "coordinates": [ [ [ 98897.237000003457069, 165224.030099999159575 ], [ 99015.964699998497963, 165289.903900001198053 ], [ 99062.501800000667572, 165332.05799999833107 ], [ 99103.495700001716614, 165358.355999998748302 ], [ 99126.313000001013279, 165372.020700000226498 ], [ 99183.034199997782707, 165390.326099999248981 ], [ 99215.004299998283386, 165412.370000001043081 ], [ 99226.348499998450279, 165422.940799999982119 ], [ 99226.735200002789497, 165435.058499999344349 ], [ 99234.340999998152256, 165439.699299998581409 ], [ 99243.493699997663498, 165442.01969999819994 ], [ 99261.799199998378754, 165440.472800001502037 ], [ 99283.714199997484684, 165435.058499999344349 ], [ 99301.761799998581409, 165443.953400000929832 ], [ 99495.773900002241135, 165515.886100001633167 ] ] ] } },
{ "type": "Feature", "properties": { "ID": 15098.0, "NR": "5", "TYPE": "c", "LENGTH": 589.093, "GEMID": "127", "PLANID": "https://geodiensten.oost-vlaanderen.be/Bijlagen/detail/127-D-007.sid", "CEVI_OID": 15080, "GEMEENTE": "Maarke-Kerkem", "DETAILPLAN": "127-D-007", "TYPE_LABEL": "chemin" }, "geometry": { "type": "MultiLineString", "coordinates": [ [ [ 99226.735200002789497, 165435.058499999344349 ], [ 99208.687600001692772, 165466.770700000226498 ], [ 99158.669900000095367, 165536.125199999660254 ], [ 99132.243000000715256, 165566.032699998468161 ], [ 99113.035099998116493, 165586.529699999839067 ], [ 99097.565700002014637, 165608.960299998521805 ], [ 99074.619499996304512, 165657.559999998658895 ], [ 99065.20889999717474, 165683.084499999880791 ], [ 99046.516699999570847, 165708.222300000488758 ], [ 99027.179999999701977, 165730.266199998557568 ], [ 99000.753100000321865, 165752.696800000965595 ], [ 98989.79559999704361, 165766.232500001788139 ], [ 98965.818000003695488, 165807.097500000149012 ], [ 98898.783900000154972, 165917.703699998557568 ], [ 98897.752700001001358, 165918.734999999403954 ] ] ] } },
{ "type": "Feature", "properties": { "ID": 15099.0, "NR": "84", "TYPE": "s", "LENGTH": 292.001, "GEMID": "127", "PLANID": "https://geodiensten.oost-vlaanderen.be/Bijlagen/detail/127-D-007.sid", "CEVI_OID": 15081, "GEMEENTE": "Maarke-Kerkem", "DETAILPLAN": "127-D-007", "TYPE_LABEL": "sentier" }, "geometry": { "type": "MultiLineString", "coordinates": [ [ [ 99197.472300000488758, 165983.061999998986721 ], [ 99144.876299999654293, 165950.060600001364946 ], [ 99096.663400001823902, 165920.668699998408556 ], [ 99087.381700001657009, 165914.352000001817942 ], [ 98968.138400003314018, 165810.320300001651049 ], [ 98965.818000003695488, 165807.097500000149012 ] ] ] } },
{ "type": "Feature", "properties": { "ID": 15100.0, "NR": "12", "TYPE": "c", "LENGTH": 129.086, "GEMID": "127", "PLANID": "https://geodiensten.oost-vlaanderen.be/Bijlagen/detail/127-D-008.sid", "CEVI_OID": 15082, "GEMEENTE": "Maarke-Kerkem", "DETAILPLAN": "127-D-008", "TYPE_LABEL": "chemin" }, "geometry": { "type": "MultiLineString", "coordinates": [ [ [ 99670.062399998307228, 165029.115600001066923 ], [ 99725.236599996685982, 164972.781199999153614 ], [ 99748.311800003051758, 164946.9989 ], [ 99756.562200002372265, 164933.721000000834465 ] ] ] } },
{ "type": "Feature", "properties": { "ID": 15101.0, "NR": "13", "TYPE": "c", "LENGTH": 523.278, "GEMID": "127", "PLANID": "https://geodiensten.oost-vlaanderen.be/Bijlagen/detail/127-D-008.sid", "CEVI_OID": 15083, "GEMEENTE": "Maarke-Kerkem", "DETAILPLAN": "127-D-008", "TYPE_LABEL": "chemin" }, "geometry": { "type": "MultiLineString", "coordinates": [ [ [ 99798.97410000115633, 165083.000700000673532 ], [ 99764.683600001037121, 165179.813400000333786 ], [ 99739.674699999392033, 165259.609700001776218 ], [ 99716.470600001513958, 165314.783900000154972 ], [ 99698.551899999380112, 165361.836599998176098 ], [ 99693.911100000143051, 165373.954300001263618 ], [ 99668.902199998497963, 165436.347600001841784 ], [ 99636.932099997997284, 165497.580600000917912 ], [ 99610.634199999272823, 165543.602099999785423 ], [ 99591.168499998748302, 165558.426899999380112 ] ] ] } },
{ "type": "Feature", "properties": { "ID": 15102.0, "NR": "14", "TYPE": "c", "LENGTH": 232.421, "GEMID": "127", "PLANID": "https://geodiensten.oost-vlaanderen.be/Bijlagen/detail/127-D-008.sid", "CEVI_OID": 15084, "GEMEENTE": "Maarke-Kerkem", "DETAILPLAN": "127-D-008", "TYPE_LABEL": "chemin" }, "geometry": { "type": "MultiLineString", "coordinates": [ [ [ 99551.721500001847744, 165847.317999999970198 ], [ 99555.202200002968311, 165827.207800000905991 ], [ 99559.327299997210503, 165818.699599999934435 ], [ 99580.597800001502037, 165792.143800001591444 ], [ 99602.383799999952316, 165766.748199999332428 ], [ 99627.908299997448921, 165743.544100001454353 ], [ 99673.543099999427795, 165708.351199999451637 ], [ 99706.67339999973774, 165681.021899998188019 ] ] ] } },
{ "type": "Feature", "properties": { "ID": 15103.0, "NR": "2", "TYPE": "c", "LENGTH": 599.188, "GEMID": "127", "PLANID": "https://geodiensten.oost-vlaanderen.be/Bijlagen/detail/127-D-008.sid", "CEVI_OID": 15085, "GEMEENTE": "Maarke-Kerkem", "DETAILPLAN": "127-D-008", "TYPE_LABEL": "chemin" }, "geometry": { "type": "MultiLineString", "coordinates": [ [ [ 99447.689800001680851, 164991.08669999986887 ], [ 99524.778999999165535, 165003.719999998807907 ], [ 99578.277300000190735, 165017.642499998211861 ], [ 99583.949500001966953, 165019.060499999672174 ], [ 99670.062399998307228, 165029.115600001066923 ], [ 99685.918600000441074, 165040.717700000852346 ], [ 99712.861100003123283, 165055.026900000870228 ], [ 99758.237999998033047, 165071.398699998855591 ], [ 99798.97410000115633, 165083.000700000673532 ], [ 99853.890500001609325, 165088.286100000143051 ], [ 99872.32490000128746, 165092.540199998766184 ], [ 99894.626599997282028, 165096.149700000882149 ], [ 99990.150100000202656, 165146.940900001674891 ], [ 100015.9324000030756, 165156.86710000038147 ] ] ] } },
{ "type": "Feature", "properties": { "ID": 15105.0, "NR": "33", "TYPE": "s", "LENGTH": 116.844, "GEMID": "127", "PLANID": "https://geodiensten.oost-vlaanderen.be/Bijlagen/detail/127-D-008.sid", "CEVI_OID": 15086, "GEMEENTE": "Maarke-Kerkem", "DETAILPLAN": "127-D-008", "TYPE_LABEL": "sentier" }, "geometry": { "type": "MultiLineString", "coordinates": [ [ [ 99650.725699998438358, 165909.324499998241663 ], [ 99581.113399997353554, 165867.041499998420477 ], [ 99551.721500001847744, 165847.317999999970198 ] ] ] } },
{ "type": "Feature", "properties": { "ID": 15106.0, "NR": "34", "TYPE": "s", "LENGTH": 243.03, "GEMID": "127", "PLANID": "https://geodiensten.oost-vlaanderen.be/Bijlagen/detail/127-D-008.sid", "CEVI_OID": 15087, "GEMEENTE": "Maarke-Kerkem", "DETAILPLAN": "127-D-008", "TYPE_LABEL": "sentier" }, "geometry": { "type": "MultiLineString", "coordinates": [ [ [ 99798.071699999272823, 165718.793000001460314 ], [ 99778.606100000441074, 165752.696800000965595 ], [ 99752.694799996912479, 165794.206399999558926 ], [ 99740.963899999856949, 165799.620700001716614 ], [ 99720.337999999523163, 165824.62950000166893 ], [ 99677.926100000739098, 165874.131599999964237 ], [ 99650.725699998438358, 165909.324499998241663 ] ] ] } },
{ "type": "Feature", "properties": { "ID": 15107.0, "NR": "35", "TYPE": "c", "LENGTH": 54.702, "GEMID": "127", "PLANID": "https://geodiensten.oost-vlaanderen.be/Bijlagen/detail/127-D-008.sid", "CEVI_OID": 15088, "GEMEENTE": "Maarke-Kerkem", "DETAILPLAN": "127-D-008", "TYPE_LABEL": "chemin" }, "geometry": { "type": "MultiLineString", "coordinates": [ [ [ 99845.769000001251698, 165673.80290000140667 ], [ 99833.651399999856949, 165703.452599998563528 ], [ 99824.240800000727177, 165724.078400000929832 ] ] ] } },
{ "type": "Feature", "properties": { "ID": 15108.0, "NR": "35", "TYPE": "s", "LENGTH": 661.182, "GEMID": "127", "PLANID": "https://geodiensten.oost-vlaanderen.be/Bijlagen/detail/127-D-008.sid", "CEVI_OID": 15089, "GEMEENTE": "Maarke-Kerkem", "DETAILPLAN": "127-D-008", "TYPE_LABEL": "sentier" }, "geometry": { "type": "MultiLineString", "coordinates": [ [ [ 99698.551899999380112, 165361.836599998176098 ], [ 99758.753700003027916, 165390.712900001555681 ], [ 99771.902699999511242, 165440.601700000464916 ], [ 99792.528499998152256, 165512.276599999517202 ], [ 99817.924099996685982, 165596.971500001847744 ], [ 99835.069399997591972, 165651.75899999961257 ] ], [ [ 99846.929300002753735, 165733.231199998408556 ], [ 99823.725199997425079, 165778.6081000007689 ], [ 99874.38740000128746, 165852.603399999439716 ] ], [ [ 99693.911100000143051, 165373.954300001263618 ], [ 99566.159599997103214, 165377.177099999040365 ], [ 99513.563699997961521, 165365.059399999678135 ] ] ] } },
{ "type": "Feature", "properties": { "ID": 15104.0, "NR": "3", "TYPE": "c", "LENGTH": 164.841, "GEMID": "127", "PLANID": "https://geodiensten.oost-vlaanderen.be/Bijlagen/detail/127-D-008.sid", "CEVI_OID": 15090, "GEMEENTE": "Maarke-Kerkem", "DETAILPLAN": "127-D-008", "TYPE_LABEL": "chemin" }, "geometry": { "type": "MultiLineString", "coordinates": [ [ [ 99583.949500001966953, 165019.060499999672174 ], [ 99552.237199999392033, 165075.523800000548363 ], [ 99503.250799998641014, 165162.796999998390675 ] ] ] } },
{ "type": "Feature", "properties": { "ID": 15109.0, "NR": "4", "TYPE": "c", "LENGTH": 816.296, "GEMID": "127", "PLANID": "https://geodiensten.oost-vlaanderen.be/Bijlagen/detail/127-D-008.sid", "CEVI_OID": 15091, "GEMEENTE": "Maarke-Kerkem", "DETAILPLAN": "127-D-008", "TYPE_LABEL": "chemin" }, "geometry": { "type": "MultiLineString", "coordinates": [ [ [ 99493.324600003659725, 165516.143899999558926 ], [ 99575.054499998688698, 165551.465700000524521 ], [ 99591.168499998748302, 165558.426899999380112 ], [ 99579.179700002074242, 165575.056499999016523 ], [ 99568.995700001716614, 165589.365699999034405 ], [ 99565.901799999177456, 165593.748700000345707 ], [ 99565.901799999177456, 165601.483399998396635 ], [ 99571.187200002372265, 165610.249400001019239 ], [ 99587.559000000357628, 165618.370900001376867 ], [ 99611.53660000115633, 165630.359600000083447 ], [ 99632.549199998378754, 165639.899099998176098 ], [ 99663.874700002372265, 165651.75899999961257 ], [ 99680.246500000357628, 165660.396099999547005 ], [ 99706.67339999973774, 165681.021899998188019 ], [ 99771.129199996590614, 165709.640299998223782 ], [ 99798.071699999272823, 165718.793000001460314 ], [ 99824.240800000727177, 165724.078400000929832 ], [ 99846.929300002753735, 165733.231199998408556 ], [ 99887.02080000191927, 165750.376400001347065 ], [ 99907.517700001597404, 165763.78319999948144 ], [ 99954.441600002348423, 165803.359099999070168 ], [ 99983.060000002384186, 165821.793499998748302 ], [ 100017.350500002503395, 165839.4543999992311 ], [ 100036.816100001335144, 165854.665899999439716 ], [ 100061.309399999678135, 165876.580899998545647 ], [ 100087.091700002551079, 165886.507100000977516 ], [ 100115.452299997210503, 165899.269400000572205 ], [ 100134.531199999153614, 165917.059200000017881 ] ] ] } },
{ "type": "Feature", "properties": { "ID": 15110.0, "NR": "6", "TYPE": "c", "LENGTH": 226.555, "GEMID": "127", "PLANID": "https://geodiensten.oost-vlaanderen.be/Bijlagen/detail/127-D-008.sid", "CEVI_OID": 15092, "GEMEENTE": "Maarke-Kerkem", "DETAILPLAN": "127-D-008", "TYPE_LABEL": "chemin" }, "geometry": { "type": "MultiLineString", "coordinates": [ [ [ 100347.106499999761581, 165698.296100001782179 ], [ 100274.916000001132488, 165778.736999999731779 ], [ 100264.087399996817112, 165791.885999999940395 ], [ 100246.039800003170967, 165839.4543999992311 ], [ 100223.480200000107288, 165884.702399998903275 ] ] ] } },
{ "type": "Feature", "properties": { "ID": 15111.0, "NR": "78", "TYPE": "s", "LENGTH": 762.645, "GEMID": "127", "PLANID": "https://geodiensten.oost-vlaanderen.be/Bijlagen/detail/127-D-008.sid", "CEVI_OID": 15093, "GEMEENTE": "Maarke-Kerkem", "DETAILPLAN": "127-D-008", "TYPE_LABEL": "sentier" }, "geometry": { "type": "MultiLineString", "coordinates": [ [ [ 100246.039800003170967, 165839.4543999992311 ], [ 100237.918300002813339, 165837.391800001263618 ], [ 100099.853900000452995, 165767.521699998527765 ], [ 100102.174400001764297, 165748.442699998617172 ], [ 100101.40089999884367, 165723.304999999701977 ], [ 100099.725000001490116, 165719.824299998581409 ], [ 100001.881099998950958, 165682.053199999034405 ], [ 99962.820799998939037, 165667.099500000476837 ], [ 99933.30009999871254, 165658.978000000119209 ], [ 99908.54900000244379, 165644.539900001138449 ], [ 99845.769000001251698, 165673.80290000140667 ], [ 99838.16330000013113, 165655.755199998617172 ], [ 99835.069399997591972, 165651.75899999961257 ], [ 99830.557499997317791, 165649.567499998956919 ], [ 99809.931599996984005, 165635.902800001204014 ], [ 99791.110500000417233, 165633.582400001585484 ], [ 99767.390799999237061, 165627.136900000274181 ], [ 99756.046499997377396, 165623.140599999576807 ], [ 99734.389399997889996, 165614.374600000679493 ], [ 99717.244099996984005, 165606.253199998289347 ], [ 99685.016199998557568, 165588.07660000026226 ], [ 99615.017200000584126, 165547.340500000864267 ], [ 99610.634199999272823, 165543.602099999785423 ] ] ] } },
{ "type": "Feature", "properties": { "ID": 15112.0, "NR": "79", "TYPE": "s", "LENGTH": 231.429, "GEMID": "127", "PLANID": "https://geodiensten.oost-vlaanderen.be/Bijlagen/detail/127-D-008.sid", "CEVI_OID": 15094, "GEMEENTE": "Maarke-Kerkem", "DETAILPLAN": "127-D-008", "TYPE_LABEL": "sentier" }, "geometry": { "type": "MultiLineString", "coordinates": [ [ [ 99758.753700003027916, 165390.712900001555681 ], [ 99793.430900000035763, 165409.662900000810623 ], [ 99796.138099998235703, 165407.729200001806021 ], [ 99819.213200002908707, 165358.484900001436472 ], [ 99826.174500003457069, 165349.718899998813868 ], [ 99835.069399997591972, 165341.210799999535084 ], [ 99844.479900002479553, 165334.7652000002563 ], [ 99894.884400002658367, 165349.074400000274181 ], [ 99913.189800001680851, 165355.133200000971556 ], [ 99937.038500003516674, 165369.055700000375509 ] ] ] } },
{ "type": "Feature", "properties": { "ID": 15113.0, "NR": "80", "TYPE": "s", "LENGTH": 179.774, "GEMID": "127", "PLANID": "https://geodiensten.oost-vlaanderen.be/Bijlagen/detail/127-D-008.sid", "CEVI_OID": 15095, "GEMEENTE": "Maarke-Kerkem", "DETAILPLAN": "127-D-008", "TYPE_LABEL": "sentier" }, "geometry": { "type": "MultiLineString", "coordinates": [ [ [ 99564.226000003516674, 164838.584199998527765 ], [ 99565.772900000214577, 164891.695799998939037 ], [ 99569.124600000679493, 164947.12779999896884 ], [ 99578.277300000190735, 165017.642499998211861 ] ] ] } },
{ "type": "Feature", "properties": { "ID": 15115.0, "NR": "11", "TYPE": "c", "LENGTH": 468.041, "GEMID": "127", "PLANID": "https://geodiensten.oost-vlaanderen.be/Bijlagen/detail/127-D-009.sid", "CEVI_OID": 15096, "GEMEENTE": "Maarke-Kerkem", "DETAILPLAN": "127-D-009", "TYPE_LABEL": "chemin" }, "geometry": { "type": "MultiLineString", "coordinates": [ [ [ 99466.253100000321865, 164307.725900001823902 ], [ 99511.37219999730587, 164330.285500001162291 ], [ 99546.178300000727177, 164347.430700000375509 ], [ 99634.740699999034405, 164399.253199998289347 ], [ 99636.158699996769428, 164400.155600000172853 ], [ 99676.250200003385544, 164428.645100001245737 ], [ 99735.67849999666214, 164473.893100000917912 ], [ 99807.095499999821186, 164533.579199999570847 ], [ 99851.183300003409386, 164570.576799999922514 ] ] ] } },
{ "type": "Feature", "properties": { "ID": 15116.0, "NR": "12", "TYPE": "c", "LENGTH": 405.326, "GEMID": "127", "PLANID": "https://geodiensten.oost-vlaanderen.be/Bijlagen/detail/127-D-009.sid", "CEVI_OID": 15097, "GEMEENTE": "Maarke-Kerkem", "DETAILPLAN": "127-D-009", "TYPE_LABEL": "chemin" }, "geometry": { "type": "MultiLineString", "coordinates": [ [ [ 99851.183300003409386, 164570.576799999922514 ], [ 99811.22070000320673, 164642.122800000011921 ], [ 99801.29450000077486, 164667.00279999896884 ], [ 99794.848899997770786, 164706.191899999976158 ], [ 99793.173100002110004, 164750.150800000876188 ], [ 99791.368299998342991, 164776.835499998182058 ], [ 99798.716300003230572, 164807.903200000524521 ], [ 99800.005400002002716, 164822.083500001579523 ], [ 99796.524800002574921, 164852.248799998313189 ], [ 99788.403399996459484, 164877.644400000572205 ], [ 99774.996500000357628, 164903.42680000141263 ], [ 99760.816299997270107, 164927.146499998867512 ], [ 99746.764899998903275, 164949.319299999624491 ] ] ] } },
{ "type": "Feature", "properties": { "ID": 15114.0, "NR": "1", "TYPE": "c", "LENGTH": 1177.407, "GEMID": "127", "PLANID": "https://geodiensten.oost-vlaanderen.be/Bijlagen/detail/127-D-009.sid", "CEVI_OID": 15098, "GEMEENTE": "Maarke-Kerkem", "DETAILPLAN": "127-D-009", "TYPE_LABEL": "chemin" }, "geometry": { "type": "MultiLineString", "coordinates": [ [ [ 99058.505500003695488, 164945.967599999159575 ], [ 99119.351800002157688, 164816.669199999421835 ], [ 99147.970200002193451, 164788.050799999386072 ], [ 99217.195799998939037, 164718.954199999570847 ], [ 99259.607699997723103, 164678.346999999135733 ], [ 99307.691799998283386, 164647.537099998444319 ], [ 99333.603000000119209, 164639.93129999935627 ], [ 99358.611900001764297, 164635.16160000115633 ], [ 99368.538099996745586, 164628.458200000226498 ], [ 99372.147600002586842, 164601.257800001651049 ], [ 99384.136399999260902, 164521.590399999171495 ], [ 99399.476899996399879, 164465.127099998295307 ], [ 99414.301700003445148, 164424.133200000971556 ], [ 99466.253100000321865, 164307.725900001823902 ], [ 99532.771499998867512, 164198.022100001573563 ], [ 99549.401100002229214, 164176.88060000166297 ], [ 99601.73929999768734, 164123.38230000063777 ], [ 99624.427699998021126, 164095.150600001215935 ], [ 99644.409000001847744, 164056.477099999785423 ], [ 99661.425399996340275, 164026.698499999940395 ], [ 99684.758400000631809, 164001.560699999332428 ] ] ] } },
{ "type": "Feature", "properties": { "ID": 15117.0, "NR": "32", "TYPE": "s", "LENGTH": 133.283, "GEMID": "127", "PLANID": "https://geodiensten.oost-vlaanderen.be/Bijlagen/detail/127-D-009.sid", "CEVI_OID": 15099, "GEMEENTE": "Maarke-Kerkem", "DETAILPLAN": "127-D-009", "TYPE_LABEL": "sentier" }, "geometry": { "type": "MultiLineString", "coordinates": [ [ [ 99147.970200002193451, 164788.050799999386072 ], [ 99160.732500001788139, 164806.871899999678135 ], [ 99178.393399998545647, 164828.400199998170137 ], [ 99183.034199997782707, 164839.099800001829863 ], [ 99187.417199999094009, 164850.186200000345707 ], [ 99190.510999999940395, 164854.827100001275539 ], [ 99196.82769999653101, 164860.112399999052286 ], [ 99210.363399997353554, 164870.554299999028444 ], [ 99214.230800002813339, 164879.449200000613928 ], [ 99223.770300000905991, 164895.305300001055002 ] ] ] } },
{ "type": "Feature", "properties": { "ID": 15118.0, "NR": "80", "TYPE": "s", "LENGTH": 804.851, "GEMID": "127", "PLANID": "https://geodiensten.oost-vlaanderen.be/Bijlagen/detail/127-D-009.sid", "CEVI_OID": 15100, "GEMEENTE": "Maarke-Kerkem", "DETAILPLAN": "127-D-009", "TYPE_LABEL": "sentier" }, "geometry": { "type": "MultiLineString", "coordinates": [ [ [ 99549.787900000810623, 164757.111999999731779 ], [ 99538.056900002062321, 164711.992899999022484 ], [ 99566.546400003135204, 164616.211599998176098 ], [ 99581.886900000274181, 164565.936000000685453 ], [ 99594.133500002324581, 164529.840700000524521 ], [ 99612.696800000965595, 164472.990699999034405 ], [ 99625.71679999679327, 164432.125700000673532 ], [ 99636.158699996769428, 164400.155600000172853 ] ], [ [ 99644.409000001847744, 164056.477099999785423 ], [ 99648.663099996745586, 164067.950199998915195 ], [ 99680.633199997246265, 164167.856800001114607 ], [ 99695.586999997496605, 164214.007199998944998 ], [ 99668.257700003683567, 164286.45549999922514 ], [ 99656.526699997484684, 164318.038899999111891 ], [ 99638.994699999690056, 164374.24439999833703 ], [ 99634.740699999034405, 164399.253199998289347 ] ], [ [ 99563.581399999558926, 164841.549199998378754 ], [ 99576.730400003492832, 164814.219900000840425 ], [ 99587.043300002813339, 164793.078400000929832 ], [ 99594.133500002324581, 164778.253499999642372 ] ] ] } },
{ "type": "Feature", "properties": { "ID": 15119.0, "NR": "81", "TYPE": "s", "LENGTH": 565.051, "GEMID": "127", "PLANID": "https://geodiensten.oost-vlaanderen.be/Bijlagen/detail/127-D-009.sid", "CEVI_OID": 15101, "GEMEENTE": "Maarke-Kerkem", "DETAILPLAN": "127-D-009", "TYPE_LABEL": "sentier" }, "geometry": { "type": "MultiLineString", "coordinates": [ [ [ 99800.005400002002716, 164822.083500001579523 ], [ 99724.849899999797344, 164801.973299998790026 ], [ 99686.94990000128746, 164793.980799999088049 ], [ 99666.324000000953674, 164794.367499999701977 ], [ 99604.05969999730587, 164773.097100000828505 ], [ 99594.133500002324581, 164778.253499999642372 ], [ 99549.787900000810623, 164757.111999999731779 ], [ 99548.112000003457069, 164755.307300001382828 ], [ 99491.519799999892712, 164733.521200001239777 ], [ 99426.16160000115633, 164718.954199999570847 ], [ 99315.942100003361702, 164692.527300000190735 ], [ 99313.621699996292591, 164692.914000000804663 ], [ 99267.600199997425079, 164681.56980000063777 ], [ 99259.607699997723103, 164678.346999999135733 ] ] ] } },
{ "type": "Feature", "properties": { "ID": 15120.0, "NR": "82", "TYPE": "s", "LENGTH": 452.724, "GEMID": "127", "PLANID": "https://geodiensten.oost-vlaanderen.be/Bijlagen/detail/127-D-009.sid", "CEVI_OID": 15102, "GEMEENTE": "Maarke-Kerkem", "DETAILPLAN": "127-D-009", "TYPE_LABEL": "sentier" }, "geometry": { "type": "MultiLineString", "coordinates": [ [ [ 99399.476899996399879, 164465.127099998295307 ], [ 99463.030299998819828, 164492.069600000977516 ], [ 99466.639799997210503, 164491.811799999326468 ], [ 99514.594999998807907, 164512.050900001078844 ], [ 99519.364699997007847, 164514.113499999046326 ], [ 99561.132100000977516, 164522.363899998366833 ], [ 99594.133500002324581, 164529.840700000524521 ], [ 99624.685500003397465, 164539.380199998617172 ], [ 99657.55799999833107, 164551.111200001090765 ], [ 99689.141400001943111, 164561.68189999833703 ], [ 99751.921400003135204, 164603.578200001269579 ], [ 99811.22070000320673, 164642.122800000011921 ] ] ] } },
{ "type": "Feature", "properties": { "ID": 15121.0, "NR": "83", "TYPE": "s", "LENGTH": 423.765, "GEMID": "127", "PLANID": "https://geodiensten.oost-vlaanderen.be/Bijlagen/detail/127-D-009.sid", "CEVI_OID": 15103, "GEMEENTE": "Maarke-Kerkem", "DETAILPLAN": "127-D-009", "TYPE_LABEL": "sentier" }, "geometry": { "type": "MultiLineString", "coordinates": [ [ [ 99684.758400000631809, 164001.560699999332428 ], [ 99690.301600001752377, 164008.65089999884367 ], [ 99705.513199999928474, 164032.757399998605251 ], [ 99715.697200000286102, 164047.453299999237061 ], [ 99722.529500000178814, 164057.766199998557568 ], [ 99730.9087999984622, 164067.305700000375509 ], [ 99739.545800000429153, 164075.942800000309944 ], [ 99753.210500001907349, 164087.802600000053644 ], [ 99781.313199996948242, 164111.264600001275539 ], [ 99788.918999999761581, 164119.385999999940395 ], [ 99807.740099996328354, 164143.750300001353025 ], [ 99836.874099999666214, 164186.291200000792742 ], [ 99852.085699997842312, 164236.051100000739098 ], [ 99866.394900001585484, 164266.86089999973774 ], [ 99879.672799997031689, 164293.545699998736382 ], [ 99917.314999997615814, 164349.106600001454353 ] ] ] } },
{ "type": "Feature", "properties": { "ID": 19973.0, "NR": "115", "TYPE": "s", "LENGTH": 524.452, "GEMID": "172", "PLANID": "https://geodiensten.oost-vlaanderen.be/Bijlagen/detail/172-D-001.sid", "CEVI_OID": 19947, "GEMEENTE": "Nukerke", "DETAILPLAN": "172-D-001", "TYPE_LABEL": "sentier" }, "geometry": { "type": "MultiLineString", "coordinates": [ [ [ 95292.222300000488758, 166029.083399999886751 ], [ 95273.659000001847744, 166041.974599998444319 ], [ 95274.948100000619888, 166048.80689999833703 ], [ 95286.55009999871254, 166097.019900001585484 ], [ 95291.57769999653101, 166123.833500001579523 ], [ 95296.089599996805191, 166159.799899999052286 ], [ 95298.66780000180006, 166217.03660000115633 ], [ 95276.237199999392033, 166252.616300001740456 ], [ 95259.220899999141693, 166277.625100001692772 ], [ 95232.149400003254414, 166328.803100001066923 ], [ 95218.871500000357628, 166366.831999998539686 ], [ 95203.144299998879433, 166426.904800001531839 ], [ 95190.381999999284744, 166517.916499998420477 ] ] ] } },
{ "type": "Feature", "properties": { "ID": 19974.0, "NR": "116", "TYPE": "s", "LENGTH": 582.079, "GEMID": "172", "PLANID": "https://geodiensten.oost-vlaanderen.be/Bijlagen/detail/172-D-001.sid", "CEVI_OID": 19948, "GEMEENTE": "Nukerke", "DETAILPLAN": "172-D-001", "TYPE_LABEL": "sentier" }, "geometry": { "type": "MultiLineString", "coordinates": [ [ [ 94817.956200003623962, 166318.490100000053644 ], [ 94823.112700000405312, 166307.661499999463558 ], [ 94835.101499997079372, 166294.899300001561642 ], [ 94866.684900000691414, 166246.299600001424551 ], [ 94950.864200003445148, 166151.678399998694658 ], [ 94991.72919999808073, 166130.536899998784065 ], [ 95037.363899998366833, 166102.69200000166893 ], [ 95047.805699996650219, 166099.9847999997437 ], [ 95065.079899996519089, 166097.019900001585484 ], [ 95084.803400002419949, 166089.800799999386072 ], [ 95117.546999998390675, 166077.811999998986721 ], [ 95151.321800000965595, 166062.600499998778105 ], [ 95184.838799998164177, 166043.392599999904633 ], [ 95210.363399997353554, 166028.309999998658895 ], [ 95230.860299997031689, 166014.000799998641014 ], [ 95267.729000002145767, 165974.553800001740456 ] ] ] } },
{ "type": "Feature", "properties": { "ID": 19975.0, "NR": "117", "TYPE": "s", "LENGTH": 301.29, "GEMID": "172", "PLANID": "https://geodiensten.oost-vlaanderen.be/Bijlagen/detail/172-D-001.sid", "CEVI_OID": 19949, "GEMEENTE": "Nukerke", "DETAILPLAN": "172-D-001", "TYPE_LABEL": "sentier" }, "geometry": { "type": "MultiLineString", "coordinates": [ [ [ 94979.869300000369549, 165771.260099999606609 ], [ 95077.842200003564358, 165811.867300000041723 ], [ 95097.952399998903275, 165823.469300001859665 ], [ 95174.912600003182888, 165803.101300001144409 ], [ 95194.894000001251698, 165781.701900001615286 ], [ 95248.392300002276897, 165815.219000000506639 ] ] ] } },
{ "type": "Feature", "properties": { "ID": 19976.0, "NR": "118", "TYPE": "s", "LENGTH": 226.371, "GEMID": "172", "PLANID": "https://geodiensten.oost-vlaanderen.be/Bijlagen/detail/172-D-001.sid", "CEVI_OID": 19950, "GEMEENTE": "Nukerke", "DETAILPLAN": "172-D-001", "TYPE_LABEL": "sentier" }, "geometry": { "type": "MultiLineString", "coordinates": [ [ [ 94815.120200000703335, 165724.207299999892712 ], [ 94758.399099998176098, 165814.316599998623133 ], [ 94781.603200003504753, 165838.423099998384714 ], [ 94785.341600000858307, 165839.4543999992311 ], [ 94826.980099998414516, 165910.742499999701977 ] ] ] } },
{ "type": "Feature", "properties": { "ID": 19977.0, "NR": "17", "TYPE": "c", "LENGTH": 848.554, "GEMID": "172", "PLANID": "https://geodiensten.oost-vlaanderen.be/Bijlagen/detail/172-D-001.sid", "CEVI_OID": 19951, "GEMEENTE": "Nukerke", "DETAILPLAN": "172-D-001", "TYPE_LABEL": "chemin" }, "geometry": { "type": "MultiLineString", "coordinates": [ [ [ 95019.187399998307228, 165725.238600000739098 ], [ 94979.869300000369549, 165771.260099999606609 ], [ 94950.2195999994874, 165816.121399998664856 ], [ 94864.364399999380112, 165891.663600001484156 ], [ 94830.331799998879433, 165909.066700000315905 ], [ 94826.980099998414516, 165910.742499999701977 ], [ 94797.330399997532368, 165929.5636 ], [ 94778.895999997854233, 165946.579999998211861 ], [ 94758.141199998557568, 165971.459899999201298 ], [ 94733.26129999756813, 165999.304800000041723 ], [ 94691.622800000011921, 166043.134799998253584 ], [ 94654.754100002348423, 166061.569200001657009 ], [ 94532.803599998354912, 166158.51069999858737 ], [ 94528.033900000154972, 166162.249200001358986 ], [ 94520.685900002717972, 166160.573300000280142 ], [ 94499.157700002193451, 166133.244100000709295 ], [ 94491.680799998342991, 166123.833500001579523 ], [ 94484.203900001943111, 166115.840999998152256 ], [ 94474.793399997055531, 166108.621899999678135 ], [ 94462.80460000038147, 166100.371599998325109 ], [ 94439.729400001466274, 166085.933499999344349 ], [ 94418.587899997830391, 166056.41270000115037 ], [ 94406.341300003230572, 166048.033399999141693 ], [ 94395.254900000989437, 166038.880699999630451 ] ] ] } },
{ "type": "Feature", "properties": { "ID": 19978.0, "NR": "18", "TYPE": "c", "LENGTH": 497.504, "GEMID": "172", "PLANID": "https://geodiensten.oost-vlaanderen.be/Bijlagen/detail/172-D-001.sid", "CEVI_OID": 19952, "GEMEENTE": "Nukerke", "DETAILPLAN": "172-D-001", "TYPE_LABEL": "chemin" }, "geometry": { "type": "MultiLineString", "coordinates": [ [ [ 95470.378200002014637, 165765.459100000560284 ], [ 95477.339400000870228, 165782.991099998354912 ], [ 95482.238099999725819, 165801.683200001716614 ], [ 95485.203000001609325, 165821.277800001204014 ], [ 95481.851300001144409, 165844.610800001770258 ], [ 95473.987700000405312, 165862.658500000834465 ], [ 95471.92509999871254, 165865.494500000029802 ], [ 95456.326800003647804, 165887.538400001823902 ], [ 95442.146499998867512, 165911.129299998283386 ], [ 95421.907399997115135, 165970.557500001043081 ], [ 95428.095200002193451, 165993.503800000995398 ], [ 95444.466899998486042, 166026.634100001305342 ], [ 95467.413199998438358, 166085.41780000180006 ], [ 95476.308100000023842, 166112.231499999761581 ], [ 95478.886399999260902, 166123.704599998891354 ], [ 95489.199299998581409, 166197.313200000673532 ], [ 95488.425800003111362, 166234.568599998950958 ] ] ] } },
{ "type": "Feature", "properties": { "ID": 19972.0, "NR": "1", "TYPE": "c", "LENGTH": 529.266, "GEMID": "172", "PLANID": "https://geodiensten.oost-vlaanderen.be/Bijlagen/detail/172-D-001.sid", "CEVI_OID": 19953, "GEMEENTE": "Nukerke", "DETAILPLAN": "172-D-001", "TYPE_LABEL": "chemin" }, "geometry": { "type": "MultiLineString", "coordinates": [ [ [ 95171.818800002336502, 166522.041600000113249 ], [ 95190.381999999284744, 166517.916499998420477 ], [ 95477.726099997758865, 166453.976300001144409 ], [ 95490.746200002729893, 166438.8935999982059 ], [ 95498.9966000020504, 166419.6858000010252 ], [ 95503.895199999213219, 166368.894600000232458 ], [ 95498.480899997055531, 166308.950699999928474 ], [ 95496.805100001394749, 166245.139400001615286 ] ] ] } },
{ "type": "Feature", "properties": { "ID": 19979.0, "NR": "49", "TYPE": "s", "LENGTH": 193.906, "GEMID": "172", "PLANID": "https://geodiensten.oost-vlaanderen.be/Bijlagen/detail/172-D-001.sid", "CEVI_OID": 19954, "GEMEENTE": "Nukerke", "DETAILPLAN": "172-D-001", "TYPE_LABEL": "sentier" }, "geometry": { "type": "MultiLineString", "coordinates": [ [ [ 95365.444099999964237, 165675.607599999755621 ], [ 95339.919600002467632, 165715.570300001651049 ], [ 95330.122299998998642, 165727.945799998939037 ], [ 95318.64919999986887, 165742.512800000607967 ], [ 95250.32599999755621, 165831.461800001561642 ] ] ] } },
{ "type": "Feature", "properties": { "ID": 19980.0, "NR": "51", "TYPE": "s", "LENGTH": 16.119, "GEMID": "172", "PLANID": "https://geodiensten.oost-vlaanderen.be/Bijlagen/detail/172-D-001.sid", "CEVI_OID": 19955, "GEMEENTE": "Nukerke", "DETAILPLAN": "172-D-001", "TYPE_LABEL": "sentier" }, "geometry": { "type": "MultiLineString", "coordinates": [ [ [ 95365.444099999964237, 165675.607599999755621 ], [ 95381.55799999833107, 165675.220899999141693 ] ] ] } },
{ "type": "Feature", "properties": { "ID": 19981.0, "NR": "59", "TYPE": "s", "LENGTH": 197.42, "GEMID": "172", "PLANID": "https://geodiensten.oost-vlaanderen.be/Bijlagen/detail/172-D-001.sid", "CEVI_OID": 19956, "GEMEENTE": "Nukerke", "DETAILPLAN": "172-D-001", "TYPE_LABEL": "sentier" }, "geometry": { "type": "MultiLineString", "coordinates": [ [ [ 95318.64919999986887, 165742.512800000607967 ], [ 95342.884499996900558, 165767.779500000178814 ], [ 95359.514200001955032, 165784.537999998778105 ], [ 95373.178800001740456, 165797.94480000063777 ], [ 95384.394100002944469, 165806.324099998921156 ], [ 95412.625799998641014, 165825.789700001478195 ], [ 95471.92509999871254, 165865.494500000029802 ] ] ] } },
{ "type": "Feature", "properties": { "ID": 19982.0, "NR": "60", "TYPE": "s", "LENGTH": 95.08, "GEMID": "172", "PLANID": "https://geodiensten.oost-vlaanderen.be/Bijlagen/detail/172-D-001.sid", "CEVI_OID": 19957, "GEMEENTE": "Nukerke", "DETAILPLAN": "172-D-001", "TYPE_LABEL": "sentier" }, "geometry": { "type": "MultiLineString", "coordinates": [ [ [ 95477.339400000870228, 165782.991099998354912 ], [ 95561.647600002586842, 165739.032200001180172 ] ] ] } },
{ "type": "Feature", "properties": { "ID": 19983.0, "NR": "61", "TYPE": "s", "LENGTH": 576.005, "GEMID": "172", "PLANID": "https://geodiensten.oost-vlaanderen.be/Bijlagen/detail/172-D-001.sid", "CEVI_OID": 19958, "GEMEENTE": "Nukerke", "DETAILPLAN": "172-D-001", "TYPE_LABEL": "sentier" }, "geometry": { "type": "MultiLineString", "coordinates": [ [ [ 95859.433600001037121, 165900.300700001418591 ], [ 95814.701200000941753, 165976.487500000745058 ], [ 95773.707299999892712, 166020.704199999570847 ], [ 95737.998800002038479, 166057.959600001573563 ], [ 95693.395400002598763, 166104.496800001710653 ], [ 95671.86710000038147, 166130.923599999397993 ], [ 95660.394000001251698, 166144.975000001490116 ], [ 95655.495300002396107, 166154.901200000196695 ], [ 95636.803099997341633, 166200.278099998831749 ], [ 95634.482699997723103, 166211.622299998998642 ], [ 95626.748000003397465, 166273.370999999344349 ], [ 95625.84570000320673, 166280.203400000929832 ], [ 95623.00959999859333, 166295.414900001138449 ], [ 95620.818099997937679, 166299.282299999147654 ], [ 95591.6841000020504, 166326.353700000792742 ], [ 95585.238499999046326, 166319.908100001513958 ], [ 95567.706500001251698, 166317.716600000858307 ], [ 95562.421099998056889, 166313.204700000584126 ], [ 95537.79900000244379, 166316.169700000435114 ] ] ] } },
{ "type": "Feature", "properties": { "ID": 19984.0, "NR": "62", "TYPE": "s", "LENGTH": 226.235, "GEMID": "172", "PLANID": "https://geodiensten.oost-vlaanderen.be/Bijlagen/detail/172-D-001.sid", "CEVI_OID": 19959, "GEMEENTE": "Nukerke", "DETAILPLAN": "172-D-001", "TYPE_LABEL": "sentier" }, "geometry": { "type": "MultiLineString", "coordinates": [ [ [ 95634.482699997723103, 166211.622299998998642 ], [ 95489.199299998581409, 166197.313200000673532 ] ], [ [ 95737.998800002038479, 166057.959600001573563 ], [ 95784.922700002789497, 166123.059999998658895 ] ] ] } },
{ "type": "Feature", "properties": { "ID": 19985.0, "NR": "9999", "TYPE": "gra", "LENGTH": 1207.597, "GEMID": "172", "PLANID": "https://geodiensten.oost-vlaanderen.be/Bijlagen/detail/172-D-001.sid", "CEVI_OID": 19960, "GEMEENTE": "Nukerke", "DETAILPLAN": "172-D-001", "TYPE_LABEL": "grande route" }, "geometry": { "type": "MultiLineString", "coordinates": [ [ [ 95230.73139999806881, 165665.810400001704693 ], [ 95248.392300002276897, 165815.219000000506639 ], [ 95250.32599999755621, 165831.461800001561642 ], [ 95261.670199997723103, 165928.016699999570847 ], [ 95265.279700003564358, 165965.916700001806021 ], [ 95267.729000002145767, 165974.553800001740456 ], [ 95276.237199999392033, 166004.461300000548363 ], [ 95282.682800002396107, 166017.4814000017941 ], [ 95292.222300000488758, 166029.083399999886751 ], [ 95488.425800003111362, 166234.568599998950958 ], [ 95496.805100001394749, 166245.139400001615286 ], [ 95503.76630000025034, 166253.9054000005126 ], [ 95537.79900000244379, 166316.169700000435114 ], [ 95554.170800000429153, 166346.077199999243021 ], [ 95580.855499997735023, 166394.93470000103116 ], [ 95651.499099999666214, 166530.936500001698732 ], [ 95752.179099999368191, 166718.760800000280142 ] ] ] } },
{ "type": "Feature", "properties": { "ID": 19986.0, "NR": "118", "TYPE": "s", "LENGTH": 315.511, "GEMID": "172", "PLANID": "https://geodiensten.oost-vlaanderen.be/Bijlagen/detail/172-D-002.sid", "CEVI_OID": 19961, "GEMEENTE": "Nukerke", "DETAILPLAN": "172-D-002", "TYPE_LABEL": "sentier" }, "geometry": { "type": "MultiLineString", "coordinates": [ [ [ 94758.656900003552437, 165819.602000001817942 ], [ 94812.542000003159046, 165731.94200000166893 ], [ 94788.306599996984005, 165712.218600001186132 ], [ 94786.372900001704693, 165550.176600001752377 ], [ 94795.009999997913837, 165532.902399998158216 ] ] ] } },
{ "type": "Feature", "properties": { "ID": 19987.0, "NR": "119", "TYPE": "s", "LENGTH": 413.382, "GEMID": "172", "PLANID": "https://geodiensten.oost-vlaanderen.be/Bijlagen/detail/172-D-002.sid", "CEVI_OID": 19962, "GEMEENTE": "Nukerke", "DETAILPLAN": "172-D-002", "TYPE_LABEL": "sentier" }, "geometry": { "type": "MultiLineString", "coordinates": [ [ [ 94604.607400000095367, 165447.949599999934435 ], [ 94638.897900000214577, 165307.822700001299381 ], [ 94729.136100001633167, 165328.448499999940395 ], [ 94783.794699996709824, 165249.941300000995398 ] ], [ [ 94576.504699997603893, 165258.449499998241663 ], [ 94603.833999998867512, 165271.082800000905991 ], [ 94638.897900000214577, 165307.822700001299381 ] ] ] } },
{ "type": "Feature", "properties": { "ID": 19988.0, "NR": "121", "TYPE": "s", "LENGTH": 518.689, "GEMID": "172", "PLANID": "https://geodiensten.oost-vlaanderen.be/Bijlagen/detail/172-D-002.sid", "CEVI_OID": 19963, "GEMEENTE": "Nukerke", "DETAILPLAN": "172-D-002", "TYPE_LABEL": "sentier" }, "geometry": { "type": "MultiLineString", "coordinates": [ [ [ 95178.522200003266335, 165256.515799999237061 ], [ 95093.698299996554852, 165193.091299999505281 ], [ 95061.857100002467632, 165169.242600001394749 ], [ 95042.778200000524521, 165155.835799999535084 ], [ 95035.430200003087521, 165150.937199998646975 ], [ 94988.764200001955032, 165119.353799998760223 ], [ 94958.727799996733665, 165099.630300000309944 ], [ 94936.039300002157688, 165082.227200001478195 ], [ 94922.503600001335144, 165069.078200001269579 ], [ 94885.119199998676777, 165006.298300001770258 ], [ 94871.712399996817112, 164983.352000001817942 ] ], [ [ 94879.704899996519089, 164925.728500001132488 ], [ 94888.470899999141693, 164980.902699999511242 ] ], [ [ 94871.583499997854233, 164922.505699999630451 ], [ 94869.907600000500679, 164916.188999999314547 ], [ 94867.200499996542931, 164906.391699999570847 ], [ 94862.430799998342991, 164877.902199998497963 ] ] ] } },
{ "type": "Feature", "properties": { "ID": 19989.0, "NR": "122", "TYPE": "s", "LENGTH": 110.335, "GEMID": "172", "PLANID": "https://geodiensten.oost-vlaanderen.be/Bijlagen/detail/172-D-002.sid", "CEVI_OID": 19964, "GEMEENTE": "Nukerke", "DETAILPLAN": "172-D-002", "TYPE_LABEL": "sentier" }, "geometry": { "type": "MultiLineString", "coordinates": [ [ [ 95096.018700003623962, 164893.887299999594688 ], [ 95075.650700002908707, 164931.271699998527765 ], [ 95009.647900000214577, 164946.612199999392033 ] ] ] } },
{ "type": "Feature", "properties": { "ID": 19990.0, "NR": "14", "TYPE": "c", "LENGTH": 517.945, "GEMID": "172", "PLANID": "https://geodiensten.oost-vlaanderen.be/Bijlagen/detail/172-D-002.sid", "CEVI_OID": 19965, "GEMEENTE": "Nukerke", "DETAILPLAN": "172-D-002", "TYPE_LABEL": "chemin" }, "geometry": { "type": "MultiLineString", "coordinates": [ [ [ 94654.238399997353554, 165132.760600000619888 ], [ 94663.391199998557568, 165122.57660000026226 ], [ 94680.407499998807907, 165107.880699999630451 ], [ 94701.162299998104572, 165091.122099999338388 ], [ 94721.014700002968311, 165074.879299998283386 ], [ 94747.699400000274181, 165046.776500001549721 ], [ 94760.332699999213219, 165032.854100000113249 ], [ 94762.52419999986887, 165030.404699999839067 ], [ 94782.376599997282028, 165012.74379999935627 ], [ 94815.764700002968311, 164995.985300000756979 ], [ 94839.355599999427795, 164989.281899999827147 ], [ 94871.712399996817112, 164983.352000001817942 ], [ 94888.470899999141693, 164980.902699999511242 ], [ 94920.569899998605251, 164977.035300001502037 ], [ 94953.442400000989437, 164969.429499998688698 ], [ 94966.462499998509884, 164965.948899999260902 ], [ 94995.209799997508526, 164956.022700000554323 ], [ 95004.233599998056889, 164951.252999998629093 ], [ 95009.647900000214577, 164946.612199999392033 ], [ 95012.612899996340275, 164942.486999999731779 ], [ 95016.351300001144409, 164937.33049999922514 ], [ 95042.262500002980232, 164888.086300000548363 ], [ 95065.724500000476837, 164860.885899998247623 ] ] ] } },
{ "type": "Feature", "properties": { "ID": 19991.0, "NR": "15", "TYPE": "c", "LENGTH": 178.362, "GEMID": "172", "PLANID": "https://geodiensten.oost-vlaanderen.be/Bijlagen/detail/172-D-002.sid", "CEVI_OID": 19966, "GEMEENTE": "Nukerke", "DETAILPLAN": "172-D-002", "TYPE_LABEL": "chemin" }, "geometry": { "type": "MultiLineString", "coordinates": [ [ [ 94953.442400000989437, 164969.429499998688698 ], [ 94941.195799998939037, 164958.858800001442432 ], [ 94925.984200000762939, 164946.870000001043081 ], [ 94905.358400002121925, 164935.525800000876188 ], [ 94889.759999997913837, 164928.951299998909235 ], [ 94879.704899996519089, 164925.728500001132488 ], [ 94871.583499997854233, 164922.505699999630451 ], [ 94845.027699999511242, 164913.739700000733137 ], [ 94833.038900002837181, 164909.614500001072884 ], [ 94791.658299997448921, 164900.332899998873472 ] ] ] } },
{ "type": "Feature", "properties": { "ID": 19992.0, "NR": "16", "TYPE": "c", "LENGTH": 736.54, "GEMID": "172", "PLANID": "https://geodiensten.oost-vlaanderen.be/Bijlagen/detail/172-D-002.sid", "CEVI_OID": 19967, "GEMEENTE": "Nukerke", "DETAILPLAN": "172-D-002", "TYPE_LABEL": "chemin" }, "geometry": { "type": "MultiLineString", "coordinates": [ [ [ 94484.977399997413158, 165745.606699999421835 ], [ 94515.658399999141693, 165728.848200000822544 ], [ 94541.053999997675419, 165711.316199999302626 ], [ 94568.898900002241135, 165690.5614 ], [ 94588.751299999654293, 165674.963100001215935 ], [ 94609.119300000369549, 165656.270899999886751 ], [ 94621.881599999964237, 165643.895399998873472 ], [ 94649.984300002455711, 165608.960299998521805 ], [ 94696.77929999679327, 165568.095300000160933 ], [ 94714.955799996852875, 165548.887499999254942 ], [ 94741.769400000572205, 165524.90989999845624 ], [ 94761.106200002133846, 165522.718400001525879 ], [ 94775.286499999463558, 165529.550700001418591 ], [ 94795.009999997913837, 165532.902399998158216 ], [ 94806.740900002419949, 165513.823499999940395 ], [ 94819.374300003051758, 165497.451699998229742 ], [ 94830.073899999260902, 165477.470400001853704 ], [ 94846.059000000357628, 165441.504099998623133 ], [ 94862.430799998342991, 165409.791799999773502 ], [ 94875.966499999165535, 165412.4989 ], [ 94899.944099999964237, 165414.045899998396635 ], [ 94909.870300002396107, 165409.791799999773502 ], [ 94921.214500002563, 165399.607799999415874 ], [ 94936.297200001776218, 165379.239700000733137 ], [ 94958.856700003147125, 165349.33219999819994 ], [ 94989.537699997425079, 165306.791400000452995 ], [ 94995.467600002884865, 165298.412099998444319 ], [ 95000.237300001084805, 165289.001600001007318 ] ] ] } },
{ "type": "Feature", "properties": { "ID": 19993.0, "NR": "17", "TYPE": "c", "LENGTH": 343.425, "GEMID": "172", "PLANID": "https://geodiensten.oost-vlaanderen.be/Bijlagen/detail/172-D-002.sid", "CEVI_OID": 19968, "GEMEENTE": "Nukerke", "DETAILPLAN": "172-D-002", "TYPE_LABEL": "chemin" }, "geometry": { "type": "MultiLineString", "coordinates": [ [ [ 94998.432599999010563, 165749.345100000500679 ], [ 95053.606799997389317, 165692.237199999392033 ], [ 95100.143899999558926, 165594.393300000578165 ], [ 95108.90990000218153, 165579.955200001597404 ], [ 95112.648299999535084, 165574.927600000053644 ], [ 95117.289099998772144, 165569.771200001239777 ], [ 95151.837499998509884, 165547.469399999827147 ], [ 95204.691200003027916, 165481.595600001513958 ] ] ] } },
{ "type": "Feature", "properties": { "ID": 19994.0, "NR": "3", "TYPE": "c", "LENGTH": 621.141, "GEMID": "172", "PLANID": "https://geodiensten.oost-vlaanderen.be/Bijlagen/detail/172-D-002.sid", "CEVI_OID": 19969, "GEMEENTE": "Nukerke", "DETAILPLAN": "172-D-002", "TYPE_LABEL": "chemin" }, "geometry": { "type": "MultiLineString", "coordinates": [ [ [ 95224.156900003552437, 165343.789000000804663 ], [ 95185.096699997782707, 165333.476100001484156 ], [ 95000.237300001084805, 165289.001600001007318 ], [ 94973.294799998402596, 165280.493400000035763 ], [ 94833.55460000038147, 165227.639600001275539 ], [ 94795.009999997913837, 165214.619500000029802 ], [ 94777.606899999082088, 165211.525600001215935 ], [ 94763.297700002789497, 165205.208999998867512 ], [ 94737.773199997842312, 165189.094999998807907 ], [ 94709.541500002145767, 165172.981100000441074 ], [ 94685.435000002384186, 165157.253800000995398 ], [ 94654.238399997353554, 165132.760600000619888 ], [ 94648.050700001418591, 165127.990899998694658 ] ] ] } },
{ "type": "Feature", "properties": { "ID": 19995.0, "NR": "48", "TYPE": "c", "LENGTH": 228.788, "GEMID": "172", "PLANID": "https://geodiensten.oost-vlaanderen.be/Bijlagen/detail/172-D-002.sid", "CEVI_OID": 19970, "GEMEENTE": "Nukerke", "DETAILPLAN": "172-D-002", "TYPE_LABEL": "chemin" }, "geometry": { "type": "MultiLineString", "coordinates": [ [ [ 94862.430799998342991, 165409.791799999773502 ], [ 94842.320500001311302, 165400.510099999606609 ], [ 94831.105200000107288, 165393.420000001788139 ], [ 94819.116400003433228, 165382.849199999123812 ], [ 94807.643299996852875, 165361.707699999213219 ], [ 94783.794699996709824, 165249.941300000995398 ], [ 94777.735799998044968, 165221.322900000959635 ], [ 94777.606899999082088, 165211.525600001215935 ] ] ] } },
{ "type": "Feature", "properties": { "ID": 19996.0, "NR": "9997", "TYPE": "par", "LENGTH": 253.408, "GEMID": "172", "PLANID": "https://geodiensten.oost-vlaanderen.be/Bijlagen/detail/172-D-002.sid", "CEVI_OID": 19971, "GEMEENTE": "Nukerke", "DETAILPLAN": "172-D-002", "TYPE_LABEL": "chemin particulier" }, "geometry": { "type": "MultiLineString", "coordinates": [ [ [ 94966.075699999928474, 164867.073699999600649 ], [ 94978.837999999523163, 164895.820999998599291 ], [ 94985.283600002527237, 164908.19649999961257 ], [ 94992.244800001382828, 164919.798500001430511 ], [ 95012.612899996340275, 164942.486999999731779 ] ], [ [ 95151.837499998509884, 165547.469399999827147 ], [ 95155.962600000202656, 165557.137800000607967 ], [ 95159.829999998211861, 165561.520799998193979 ], [ 95163.568400003015995, 165564.485800001770258 ], [ 95210.750100001692772, 165527.488099999725819 ] ], [ [ 94899.944099999964237, 165414.045899998396635 ], [ 94902.393399998545647, 165439.054699998348951 ], [ 94905.873999997973442, 165455.426500000059605 ], [ 94911.674999997019768, 165470.251400001347065 ], [ 94920.054300002753735, 165486.494199998676777 ], [ 94924.050499998033047, 165492.037399999797344 ] ] ] } },
{ "type": "Feature", "properties": { "ID": 19997.0, "NR": "9999", "TYPE": "gra", "LENGTH": 848.933, "GEMID": "172", "PLANID": "https://geodiensten.oost-vlaanderen.be/Bijlagen/detail/172-D-002.sid", "CEVI_OID": 19972, "GEMEENTE": "Nukerke", "DETAILPLAN": "172-D-002", "TYPE_LABEL": "grande route" }, "geometry": { "type": "MultiLineString", "coordinates": [ [ [ 95151.192900002002716, 164915.28660000115633 ], [ 95169.75620000064373, 165146.940900001674891 ], [ 95173.107900001108646, 165188.32149999961257 ], [ 95178.522200003266335, 165256.515799999237061 ], [ 95185.096699997782707, 165333.476100001484156 ], [ 95204.691200003027916, 165481.595600001513958 ], [ 95210.750100001692772, 165527.488099999725819 ], [ 95242.333400003612041, 165759.0135000012815 ] ] ] } },
{ "type": "Feature", "properties": { "ID": 19999.0, "NR": "10", "TYPE": "c", "LENGTH": 346.514, "GEMID": "172", "PLANID": "https://geodiensten.oost-vlaanderen.be/Bijlagen/detail/172-D-003.sid", "CEVI_OID": 19973, "GEMEENTE": "Nukerke", "DETAILPLAN": "172-D-003", "TYPE_LABEL": "chemin" }, "geometry": { "type": "MultiLineString", "coordinates": [ [ [ 95983.833400003612041, 165172.336500000208616 ], [ 96003.42790000140667, 165155.320199999958277 ], [ 96041.199000000953674, 165123.994600001722574 ], [ 96076.262999996542931, 165095.763000000268221 ], [ 96106.557300001382828, 165072.687800001353025 ], [ 96124.347099997103214, 165059.151999998837709 ], [ 96147.035499997437, 165045.616300001740456 ], [ 96169.981799997389317, 165033.885400000959635 ], [ 96188.029399998486042, 165029.88910000026226 ], [ 96211.104599997401237, 165026.021800000220537 ], [ 96225.156000003218651, 165017.642499998211861 ], [ 96251.325099997222424, 164996.758799999952316 ], [ 96264.989699997007847, 164979.355700001120567 ] ] ] } },
{ "type": "Feature", "properties": { "ID": 20000.0, "NR": "18", "TYPE": "c", "LENGTH": 373.958, "GEMID": "172", "PLANID": "https://geodiensten.oost-vlaanderen.be/Bijlagen/detail/172-D-003.sid", "CEVI_OID": 19974, "GEMEENTE": "Nukerke", "DETAILPLAN": "172-D-003", "TYPE_LABEL": "chemin" }, "geometry": { "type": "MultiLineString", "coordinates": [ [ [ 95433.380500003695488, 165452.332600001245737 ], [ 95426.032600000500679, 165494.357799999415874 ], [ 95419.715899996459484, 165531.097699999809265 ], [ 95414.172700002789497, 165563.067800000309944 ], [ 95413.785999998450279, 165586.013999998569489 ], [ 95422.294100001454353, 165605.608600001782179 ], [ 95428.353000000119209, 165627.523600000888109 ], [ 95430.415600001811981, 165638.609999999403954 ], [ 95429.899899996817112, 165647.633799999952316 ], [ 95425.774700000882149, 165659.622600000351667 ], [ 95421.907399997115135, 165664.00560000166297 ], [ 95423.0675999969244, 165671.998100001364946 ], [ 95430.157700002193451, 165687.080800000578165 ], [ 95446.529500000178814, 165710.800500001758337 ], [ 95469.604699999094009, 165747.282499998807907 ], [ 95482.495899997651577, 165784.409099999815226 ], [ 95488.554700002074242, 165803.101300001144409 ] ] ] } },
{ "type": "Feature", "properties": { "ID": 19998.0, "NR": "1", "TYPE": "c", "LENGTH": 518.393, "GEMID": "172", "PLANID": "https://geodiensten.oost-vlaanderen.be/Bijlagen/detail/172-D-003.sid", "CEVI_OID": 19975, "GEMEENTE": "Nukerke", "DETAILPLAN": "172-D-003", "TYPE_LABEL": "chemin" }, "geometry": { "type": "MultiLineString", "coordinates": [ [ [ 95342.240000002086163, 165023.959199998527765 ], [ 95351.650499999523163, 165084.160900000482798 ], [ 95353.326399996876717, 165099.759199999272823 ], [ 95355.388999998569489, 165108.525199998170137 ], [ 95359.90089999884367, 165126.701799999922514 ], [ 95366.99099999666214, 165157.898400001227856 ], [ 95371.760799996554852, 165174.785799998790026 ], [ 95374.725699998438358, 165189.352800000458956 ], [ 95376.014799997210503, 165199.278999999165535 ], [ 95377.046099998056889, 165213.846000000834465 ], [ 95376.014799997210503, 165227.252900000661612 ], [ 95373.049900002777576, 165256.129099998623133 ], [ 95370.729500003159046, 165264.637200001627207 ], [ 95369.182499997317791, 165269.535900000482798 ], [ 95360.932199999690056, 165285.134199999272823 ], [ 95351.908399999141693, 165300.60359999909997 ], [ 95343.529100000858307, 165315.041700001806021 ], [ 95339.146099999547005, 165321.358399998396635 ], [ 95328.446400001645088, 165336.956700000911951 ], [ 95312.074699997901917, 165358.227099999785423 ], [ 95302.535199999809265, 165369.700300000607967 ], [ 95288.097099997103214, 165391.099599998444319 ], [ 95265.924300000071526, 165420.491399999707937 ], [ 95245.040600001811981, 165442.922100000083447 ], [ 95206.753799997270107, 165481.982299998402596 ] ] ] } },
{ "type": "Feature", "properties": { "ID": 20001.0, "NR": "2", "TYPE": "c", "LENGTH": 1220.948, "GEMID": "172", "PLANID": "https://geodiensten.oost-vlaanderen.be/Bijlagen/detail/172-D-003.sid", "CEVI_OID": 19976, "GEMEENTE": "Nukerke", "DETAILPLAN": "172-D-003", "TYPE_LABEL": "chemin" }, "geometry": { "type": "MultiLineString", "coordinates": [ [ [ 95683.598099999129772, 165023.314599998295307 ], [ 95692.364100001752377, 165039.557500001043081 ], [ 95693.524300001561642, 165044.4560999982059 ], [ 95696.747100003063679, 165057.476199999451637 ], [ 95712.216499999165535, 165080.809200000017881 ], [ 95830.04169999808073, 165217.326699998229742 ], [ 95843.835299998521805, 165231.506900001317263 ], [ 95852.47240000218153, 165235.245400000363588 ], [ 95912.674099996685982, 165280.493400000035763 ], [ 96022.377899996936321, 165374.212200000882149 ], [ 96075.876299999654293, 165416.237399999052286 ], [ 96112.100500002503395, 165444.469000000506639 ], [ 96156.575000002980232, 165478.5016999989748 ], [ 96242.430200003087521, 165553.270500000566244 ], [ 96277.236299999058247, 165585.111600000411272 ], [ 96297.088699996471405, 165606.768800001591444 ], [ 96356.388099998235703, 165680.377399999648333 ], [ 96391.967699997127056, 165728.461399998515844 ], [ 96400.218000002205372, 165741.868200000375509 ], [ 96412.722499996423721, 165762.494100000709295 ], [ 96442.243199996650219, 165799.878499999642372 ], [ 96469.056900002062321, 165831.075100000947714 ], [ 96490.714000001549721, 165855.310499999672174 ], [ 96517.52759999781847, 165876.06529999896884 ], [ 96528.743000000715256, 165889.085400000214577 ] ] ] } },
{ "type": "Feature", "properties": { "ID": 20003.0, "NR": "35", "TYPE": "c", "LENGTH": 1310.667, "GEMID": "172", "PLANID": "https://geodiensten.oost-vlaanderen.be/Bijlagen/detail/172-D-003.sid", "CEVI_OID": 19977, "GEMEENTE": "Nukerke", "DETAILPLAN": "172-D-003", "TYPE_LABEL": "chemin" }, "geometry": { "type": "MultiLineString", "coordinates": [ [ [ 95928.917000003159046, 165883.542199999094009 ], [ 95933.428900003433228, 165857.373100001364946 ], [ 95940.132299996912479, 165856.083999998867512 ], [ 95949.92960000038147, 165850.411899998784065 ], [ 95958.308799996972084, 165844.610800001770258 ], [ 95966.559199996292591, 165838.552000001072884 ], [ 95973.262599997222424, 165831.590799998492002 ], [ 95978.290100000798702, 165826.176500000059605 ], [ 95980.610600002110004, 165821.793499998748302 ], [ 95984.606799997389317, 165813.156399998813868 ], [ 95987.314000003039837, 165804.519299998879433 ], [ 95991.954800002276897, 165783.506700001657009 ], [ 95994.532999999821186, 165772.420299999415874 ], [ 95996.724500000476837, 165760.947200000286102 ], [ 95999.947300001978874, 165743.286299999803305 ], [ 96002.912299998104572, 165732.457699999213219 ], [ 96006.392899997532368, 165724.85190000012517 ], [ 96008.971100002527237, 165720.984499998390675 ], [ 96013.611900001764297, 165718.406300000846386 ], [ 96030.628300003707409, 165713.636599998921156 ], [ 96039.781000003218651, 165710.155999999493361 ], [ 96045.195299997925758, 165708.609000001102686 ], [ 96055.508199997246265, 165707.062100000679493 ], [ 96063.242899999022484, 165705.128400001674891 ], [ 96072.524599999189377, 165698.03830000013113 ], [ 96075.102799996733665, 165692.366200000047684 ], [ 96077.938900001347065, 165686.822999998927116 ], [ 96080.001500003039837, 165683.471200000494719 ], [ 96083.611000001430511, 165679.346099998801947 ], [ 96087.478299997746944, 165677.799100000411272 ], [ 96096.759999997913837, 165675.7364999987185 ], [ 96104.494699999690056, 165675.092000000178814 ], [ 96111.842600002884865, 165674.189599998295307 ], [ 96116.612400002777576, 165672.642700001597404 ], [ 96122.026699997484684, 165669.548799999058247 ], [ 96130.405900001525879, 165662.716499999165535 ], [ 96143.168200001120567, 165652.016800001263618 ], [ 96146.133100003004074, 165653.305900000035763 ], [ 96151.418499998748302, 165658.591299999505281 ], [ 96156.317199997603893, 165663.489900000393391 ], [ 96172.817900002002716, 165676.896800000220537 ], [ 96180.165799997746944, 165683.729100000113249 ], [ 96185.708999998867512, 165689.787900000810623 ], [ 96191.767899997532368, 165694.944400001317263 ], [ 96197.568899996578693, 165698.03830000013113 ], [ 96207.623999997973442, 165708.093400001525879 ], [ 96219.483900003135204, 165721.629099998623133 ], [ 96233.664200000464916, 165744.1886 ], [ 96245.652900002896786, 165766.232500001788139 ], [ 96261.76690000295639, 165791.628100000321865 ], [ 96267.181199997663498, 165799.362799998372793 ], [ 96279.170000001788139, 165812.640700001269579 ], [ 96285.486699998378754, 165820.504399999976158 ], [ 96293.994800001382828, 165831.075100000947714 ], [ 96308.948600001633167, 165852.603399999439716 ], [ 96313.976099997758865, 165856.728500001132488 ], [ 96330.347900003194809, 165868.330600000917912 ], [ 96337.180200003087521, 165874.002700001001358 ], [ 96339.629600003361702, 165876.06529999896884 ], [ 96380.494499996304512, 165930.981600001454353 ], [ 96387.713600002229214, 165937.556099999696016 ], [ 96407.95269999653101, 165954.959199998527765 ] ], [ [ 96432.188100002706051, 165979.194600000977516 ], [ 96464.545000001788139, 165949.15819999948144 ], [ 96528.743000000715256, 165889.085400000214577 ], [ 96539.57150000333786, 165885.604699999094009 ], [ 96595.003600001335144, 165849.767299998551607 ], [ 96602.867200002074242, 165843.708500001579523 ], [ 96611.633199997246265, 165836.489399999380112 ], [ 96625.426700003445148, 165822.695799998939037 ] ], [ [ 95693.008599996566772, 165679.861699998378754 ], [ 95698.422899998724461, 165691.850499998778105 ], [ 95703.966099999845028, 165700.229800000786781 ], [ 95711.571900002658367, 165710.929400000721216 ], [ 95716.212700001895428, 165716.730500001460314 ], [ 95724.463100001215935, 165724.465199999511242 ], [ 95734.131499998271465, 165731.684200000017881 ], [ 95747.409400001168251, 165740.063499998301268 ], [ 95757.464500002563, 165745.348799999803305 ], [ 95770.226700000464916, 165751.149900000542402 ], [ 95775.512100003659725, 165754.114799998700619 ], [ 95806.193099997937679, 165779.123700000345707 ], [ 95818.955300003290176, 165788.792100001126528 ], [ 95832.619999997317791, 165799.362799998372793 ], [ 95843.835299998521805, 165807.355399999767542 ], [ 95856.468599997460842, 165814.83219999819994 ], [ 95874.902999997138977, 165825.531899999827147 ], [ 95885.344800002872944, 165831.590799998492002 ], [ 95902.490099996328354, 165841.645899999886751 ], [ 95933.428900003433228, 165857.373100001364946 ] ] ] } },
{ "type": "Feature", "properties": { "ID": 20004.0, "NR": "36", "TYPE": "c", "LENGTH": 97.639, "GEMID": "172", "PLANID": "https://geodiensten.oost-vlaanderen.be/Bijlagen/detail/172-D-003.sid", "CEVI_OID": 19978, "GEMEENTE": "Nukerke", "DETAILPLAN": "172-D-003", "TYPE_LABEL": "chemin" }, "geometry": { "type": "MultiLineString", "coordinates": [ [ [ 95426.032600000500679, 165494.357799999415874 ], [ 95458.131599999964237, 165500.5456000007689 ], [ 95475.276799999177456, 165505.702100001275539 ], [ 95481.851300001144409, 165507.249000001698732 ], [ 95489.199299998581409, 165507.249000001698732 ], [ 95494.871399998664856, 165504.799699999392033 ], [ 95503.250699996948242, 165493.197599999606609 ], [ 95508.922799997031689, 165482.111200001090765 ] ] ] } },
{ "type": "Feature", "properties": { "ID": 20005.0, "NR": "37", "TYPE": "c", "LENGTH": 216.909, "GEMID": "172", "PLANID": "https://geodiensten.oost-vlaanderen.be/Bijlagen/detail/172-D-003.sid", "CEVI_OID": 19979, "GEMEENTE": "Nukerke", "DETAILPLAN": "172-D-003", "TYPE_LABEL": "chemin" }, "geometry": { "type": "MultiLineString", "coordinates": [ [ [ 96251.325099997222424, 164996.758799999952316 ], [ 96253.129799999296665, 165019.833999998867512 ], [ 96256.73929999768734, 165053.350999999791384 ], [ 96260.864500001072884, 165066.113299999386072 ], [ 96266.92339999973774, 165080.938099998980761 ], [ 96272.079800002276897, 165092.798000000417233 ], [ 96273.626800000667572, 165096.665300000458956 ], [ 96275.431500002741814, 165102.98200000077486 ], [ 96276.204999998211861, 165110.072200000286102 ], [ 96274.787000000476837, 165125.670499999076128 ], [ 96271.306400001049042, 165157.253800000995398 ], [ 96264.989699997007847, 165180.071199998259544 ], [ 96255.063500002026558, 165207.013700000941753 ] ] ] } },
{ "type": "Feature", "properties": { "ID": 20002.0, "NR": "3", "TYPE": "c", "LENGTH": 1514.612, "GEMID": "172", "PLANID": "https://geodiensten.oost-vlaanderen.be/Bijlagen/detail/172-D-003.sid", "CEVI_OID": 19980, "GEMEENTE": "Nukerke", "DETAILPLAN": "172-D-003", "TYPE_LABEL": "chemin" }, "geometry": { "type": "MultiLineString", "coordinates": [ [ [ 95169.627300001680851, 165328.190699998289347 ], [ 95187.803800001740456, 165332.831500001251698 ], [ 95216.679999999701977, 165341.597500000149012 ], [ 95229.055500000715256, 165345.851599998772144 ], [ 95245.814099997282028, 165351.65260000154376 ], [ 95292.737899996340275, 165362.867899999022484 ], [ 95299.441299997270107, 165362.610100001096725 ], [ 95312.074699997901917, 165358.227099999785423 ], [ 95320.71169999986887, 165361.965599998831749 ], [ 95409.660800002515316, 165449.625500001013279 ], [ 95416.622000001370907, 165451.945900000631809 ], [ 95433.380500003695488, 165452.332600001245737 ], [ 95437.63459999859333, 165452.461500000208616 ], [ 95445.11150000244379, 165450.656800001859665 ], [ 95468.573399998247623, 165456.973499998450279 ], [ 95492.422100000083447, 165469.091099999845028 ], [ 95508.922799997031689, 165482.111200001090765 ], [ 95512.145599998533726, 165482.240100000053644 ], [ 95520.009199999272823, 165482.368999999016523 ], [ 95535.3496999964118, 165473.345199998468161 ], [ 95547.983000002801418, 165464.708200000226498 ], [ 95640.2837999984622, 165337.472300000488758 ], [ 95661.167499996721745, 165307.178100001066923 ], [ 95670.835799999535084, 165294.157999999821186 ], [ 95683.469200000166893, 165282.427099999040365 ], [ 95699.711999997496605, 165273.274300001561642 ], [ 95710.282799996435642, 165267.859999999403954 ], [ 95725.365500003099442, 165261.543400000780821 ], [ 95834.940399996936321, 165233.827399998903275 ], [ 95843.835299998521805, 165231.506900001317263 ], [ 95857.757700003683567, 165226.737199999392033 ], [ 95888.95440000295639, 165213.717099998146296 ], [ 95965.785700000822544, 165181.489199999719858 ], [ 95983.833400003612041, 165172.336500000208616 ], [ 96000.205099999904633, 165176.07490000128746 ], [ 96060.020099997520447, 165186.129999998956919 ], [ 96128.343299999833107, 165194.896000001579523 ], [ 96157.735200002789497, 165194.509300000965595 ], [ 96176.943000003695488, 165192.833399999886751 ], [ 96194.088299997150898, 165194.896000001579523 ], [ 96220.901900000870228, 165200.8260000012815 ], [ 96234.308700002729893, 165204.177700001746416 ], [ 96249.906999997794628, 165206.369199998676777 ], [ 96255.063500002026558, 165207.013700000941753 ], [ 96277.880900003015995, 165212.94370000064373 ], [ 96335.375500001013279, 165227.639600001275539 ], [ 96359.61089999973774, 165232.151500001549721 ], [ 96396.866300001740456, 165235.116500001400709 ], [ 96457.712600000202656, 165236.92119999974966 ], [ 96508.632700003683567, 165239.75730000063777 ] ] ] } },
{ "type": "Feature", "properties": { "ID": 20006.0, "NR": "49", "TYPE": "s", "LENGTH": 200.747, "GEMID": "172", "PLANID": "https://geodiensten.oost-vlaanderen.be/Bijlagen/detail/172-D-003.sid", "CEVI_OID": 19981, "GEMEENTE": "Nukerke", "DETAILPLAN": "172-D-003", "TYPE_LABEL": "sentier" }, "geometry": { "type": "MultiLineString", "coordinates": [ [ [ 95327.544100001454353, 165737.485199999064207 ], [ 95339.146099999547005, 165721.500199999660254 ], [ 95362.479099996387959, 165677.927999999374151 ], [ 95362.608000002801418, 165676.252199999988079 ], [ 95366.604299999773502, 165627.39469999819994 ], [ 95376.014799997210503, 165608.573600001633167 ], [ 95381.686999998986721, 165597.229299999773502 ], [ 95414.172700002789497, 165563.067800000309944 ] ] ] } },
{ "type": "Feature", "properties": { "ID": 20007.0, "NR": "50", "TYPE": "s", "LENGTH": 60.825, "GEMID": "172", "PLANID": "https://geodiensten.oost-vlaanderen.be/Bijlagen/detail/172-D-003.sid", "CEVI_OID": 19982, "GEMEENTE": "Nukerke", "DETAILPLAN": "172-D-003", "TYPE_LABEL": "sentier" }, "geometry": { "type": "MultiLineString", "coordinates": [ [ [ 95421.907399997115135, 165664.00560000166297 ], [ 95409.660800002515316, 165664.392299998551607 ], [ 95397.671999998390675, 165666.454900000244379 ], [ 95362.608000002801418, 165676.252199999988079 ] ] ] } },
{ "type": "Feature", "properties": { "ID": 20008.0, "NR": "51", "TYPE": "s", "LENGTH": 181.845, "GEMID": "172", "PLANID": "https://geodiensten.oost-vlaanderen.be/Bijlagen/detail/172-D-003.sid", "CEVI_OID": 19983, "GEMEENTE": "Nukerke", "DETAILPLAN": "172-D-003", "TYPE_LABEL": "sentier" }, "geometry": { "type": "MultiLineString", "coordinates": [ [ [ 95466.897600002586842, 165153.773200001567602 ], [ 95472.569700002670288, 165145.651799999177456 ], [ 95529.032999999821186, 165077.844200000166893 ], [ 95580.339800000190735, 165011.712600000202656 ] ] ] } },
{ "type": "Feature", "properties": { "ID": 20009.0, "NR": "53", "TYPE": "s", "LENGTH": 864.425, "GEMID": "172", "PLANID": "https://geodiensten.oost-vlaanderen.be/Bijlagen/detail/172-D-003.sid", "CEVI_OID": 19984, "GEMEENTE": "Nukerke", "DETAILPLAN": "172-D-003", "TYPE_LABEL": "sentier" }, "geometry": { "type": "MultiLineString", "coordinates": [ [ [ 95725.107600003480911, 165644.797699999064207 ], [ 95808.255699999630451, 165697.522599998861551 ], [ 95998.916000001132488, 165661.942999999970198 ], [ 96016.190200001001358, 165654.723900001496077 ], [ 96032.43299999833107, 165648.020500000566244 ], [ 96052.02759999781847, 165640.156899999827147 ], [ 96063.371799997985363, 165636.418499998748302 ], [ 96079.743600003421307, 165632.16440000012517 ], [ 96105.912699997425079, 165628.554900001734495 ], [ 96127.569899998605251, 165626.234499998390675 ], [ 96130.019199997186661, 165628.297100000083447 ] ], [ [ 96412.722499996423721, 165762.494100000709295 ], [ 96356.516999997198582, 165801.296500001102686 ], [ 96320.034999996423721, 165797.558100000023842 ], [ 96261.76690000295639, 165791.628100000321865 ] ], [ [ 95706.673299998044968, 165667.228399999439716 ], [ 95634.740599997341633, 165601.612300001084805 ], [ 95541.279600001871586, 165511.245299998670816 ], [ 95539.088100001215935, 165500.674499999731779 ], [ 95512.145599998533726, 165482.240100000053644 ] ] ] } },
{ "type": "Feature", "properties": { "ID": 20010.0, "NR": "54", "TYPE": "s", "LENGTH": 505.847, "GEMID": "172", "PLANID": "https://geodiensten.oost-vlaanderen.be/Bijlagen/detail/172-D-003.sid", "CEVI_OID": 19985, "GEMEENTE": "Nukerke", "DETAILPLAN": "172-D-003", "TYPE_LABEL": "sentier" }, "geometry": { "type": "MultiLineString", "coordinates": [ [ [ 96249.906999997794628, 165206.369199998676777 ], [ 96239.980800002813339, 165284.231800001114607 ], [ 96075.876299999654293, 165416.237399999052286 ] ], [ [ 96143.168200001120567, 165652.016800001263618 ], [ 96130.019199997186661, 165628.297100000083447 ], [ 96142.136900000274181, 165592.975299999117851 ], [ 96122.413400001823902, 165533.418099999427795 ], [ 96112.100500002503395, 165444.469000000506639 ] ] ] } },
{ "type": "Feature", "properties": { "ID": 20011.0, "NR": "55", "TYPE": "s", "LENGTH": 224.655, "GEMID": "172", "PLANID": "https://geodiensten.oost-vlaanderen.be/Bijlagen/detail/172-D-003.sid", "CEVI_OID": 19986, "GEMEENTE": "Nukerke", "DETAILPLAN": "172-D-003", "TYPE_LABEL": "sentier" }, "geometry": { "type": "MultiLineString", "coordinates": [ [ [ 96249.906999997794628, 165206.369199998676777 ], [ 96252.614200003445148, 165211.525600001215935 ], [ 96296.701999999582767, 165251.746100001037121 ], [ 96326.609499998390675, 165280.493400000035763 ], [ 96412.851400002837181, 165360.547499999403954 ] ] ] } },
{ "type": "Feature", "properties": { "ID": 20012.0, "NR": "58", "TYPE": "s", "LENGTH": 211.696, "GEMID": "172", "PLANID": "https://geodiensten.oost-vlaanderen.be/Bijlagen/detail/172-D-003.sid", "CEVI_OID": 19987, "GEMEENTE": "Nukerke", "DETAILPLAN": "172-D-003", "TYPE_LABEL": "sentier" }, "geometry": { "type": "MultiLineString", "coordinates": [ [ [ 95376.014799997210503, 165608.573600001633167 ], [ 95299.05460000038147, 165547.598400000482798 ], [ 95227.895300000905991, 165636.031800001859665 ] ] ] } },
{ "type": "Feature", "properties": { "ID": 20013.0, "NR": "60", "TYPE": "s", "LENGTH": 196.113, "GEMID": "172", "PLANID": "https://geodiensten.oost-vlaanderen.be/Bijlagen/detail/172-D-003.sid", "CEVI_OID": 19988, "GEMEENTE": "Nukerke", "DETAILPLAN": "172-D-003", "TYPE_LABEL": "sentier" }, "geometry": { "type": "MultiLineString", "coordinates": [ [ [ 95652.659299999475479, 165686.951900001615286 ], [ 95594.391199998557568, 165718.921999998390675 ], [ 95564.870399996638298, 165736.196100000292063 ], [ 95532.126900002360344, 165755.274999998509884 ], [ 95482.495899997651577, 165784.409099999815226 ] ] ] } },
{ "type": "Feature", "properties": { "ID": 20014.0, "NR": "61", "TYPE": "s", "LENGTH": 70.154, "GEMID": "172", "PLANID": "https://geodiensten.oost-vlaanderen.be/Bijlagen/detail/172-D-003.sid", "CEVI_OID": 19989, "GEMEENTE": "Nukerke", "DETAILPLAN": "172-D-003", "TYPE_LABEL": "sentier" }, "geometry": { "type": "MultiLineString", "coordinates": [ [ [ 95902.490099996328354, 165841.645899999886751 ], [ 95860.336000002920628, 165897.72239999845624 ] ] ] } },
{ "type": "Feature", "properties": { "ID": 20015.0, "NR": "62", "TYPE": "s", "LENGTH": 441.27, "GEMID": "172", "PLANID": "https://geodiensten.oost-vlaanderen.be/Bijlagen/detail/172-D-003.sid", "CEVI_OID": 19990, "GEMEENTE": "Nukerke", "DETAILPLAN": "172-D-003", "TYPE_LABEL": "sentier" }, "geometry": { "type": "MultiLineString", "coordinates": [ [ [ 95453.748599998652935, 165399.736699998378754 ], [ 95452.330600000917912, 165392.517599999904633 ], [ 95445.627099998295307, 165384.653999999165535 ], [ 95439.954999998211861, 165374.985599998384714 ], [ 95439.697200000286102, 165364.930500000715256 ], [ 95442.275399997830391, 165337.214499998837709 ], [ 95444.724799998104572, 165317.7489 ], [ 95446.787299998104572, 165300.861400000751019 ], [ 95451.170299999415874, 165271.340700000524521 ], [ 95454.9087999984622, 165243.753600001335144 ], [ 95466.897600002586842, 165153.773200001567602 ], [ 95465.995200000703335, 165149.905900001525879 ], [ 95465.350599996745586, 165142.17119999974966 ], [ 95459.420699998736382, 165086.352400001138449 ], [ 95450.654700003564358, 165008.36089999973774 ], [ 95446.787299998104572, 164986.574799999594688 ], [ 95445.11150000244379, 164979.226799998432398 ], [ 95441.115199998021126, 164966.464600000530481 ] ] ] } },
{ "type": "Feature", "properties": { "ID": 20016.0, "NR": "63", "TYPE": "s", "LENGTH": 99.614, "GEMID": "172", "PLANID": "https://geodiensten.oost-vlaanderen.be/Bijlagen/detail/172-D-003.sid", "CEVI_OID": 19991, "GEMEENTE": "Nukerke", "DETAILPLAN": "172-D-003", "TYPE_LABEL": "sentier" }, "geometry": { "type": "MultiLineString", "coordinates": [ [ [ 95442.275399997830391, 165337.214499998837709 ], [ 95369.182499997317791, 165269.535900000482798 ] ] ] } },
{ "type": "Feature", "properties": { "ID": 20017.0, "NR": "64", "TYPE": "s", "LENGTH": 150.221, "GEMID": "172", "PLANID": "https://geodiensten.oost-vlaanderen.be/Bijlagen/detail/172-D-003.sid", "CEVI_OID": 19992, "GEMEENTE": "Nukerke", "DETAILPLAN": "172-D-003", "TYPE_LABEL": "sentier" }, "geometry": { "type": "MultiLineString", "coordinates": [ [ [ 95370.729500003159046, 165264.637200001627207 ], [ 95387.101199999451637, 165254.324299998581409 ], [ 95465.995200000703335, 165149.905900001525879 ] ] ] } },
{ "type": "Feature", "properties": { "ID": 20018.0, "NR": "76", "TYPE": "s", "LENGTH": 249.849, "GEMID": "172", "PLANID": "https://geodiensten.oost-vlaanderen.be/Bijlagen/detail/172-D-003.sid", "CEVI_OID": 19993, "GEMEENTE": "Nukerke", "DETAILPLAN": "172-D-003", "TYPE_LABEL": "sentier" }, "geometry": { "type": "MultiLineString", "coordinates": [ [ [ 95888.309799998998642, 164981.160500001162291 ], [ 95856.210799999535084, 165010.42339999973774 ], [ 95855.179499998688698, 165011.970400001853704 ], [ 95888.95440000295639, 165213.717099998146296 ] ] ] } },
{ "type": "Feature", "properties": { "ID": 20019.0, "NR": "8", "TYPE": "c", "LENGTH": 494.929, "GEMID": "172", "PLANID": "https://geodiensten.oost-vlaanderen.be/Bijlagen/detail/172-D-003.sid", "CEVI_OID": 19994, "GEMEENTE": "Nukerke", "DETAILPLAN": "172-D-003", "TYPE_LABEL": "chemin" }, "geometry": { "type": "MultiLineString", "coordinates": [ [ [ 95433.380500003695488, 165452.332600001245737 ], [ 95453.748599998652935, 165399.736699998378754 ], [ 95463.288000002503395, 165397.93189999833703 ], [ 95475.792499996721745, 165385.556400001049042 ], [ 95519.622400000691414, 165331.284600000828505 ], [ 95553.397299997508526, 165244.011399999260902 ], [ 95567.577600002288818, 165200.8260000012815 ], [ 95589.36370000243187, 165159.058600001037121 ], [ 95622.751800000667572, 165114.584100000560284 ], [ 95647.631700001657009, 165087.254799999296665 ], [ 95693.524300001561642, 165044.4560999982059 ] ] ] } },
{ "type": "Feature", "properties": { "ID": 20021.0, "NR": "9999", "TYPE": "gra", "LENGTH": 657.617, "GEMID": "172", "PLANID": "https://geodiensten.oost-vlaanderen.be/Bijlagen/detail/172-D-003.sid", "CEVI_OID": 19995, "GEMEENTE": "Nukerke", "DETAILPLAN": "172-D-003", "TYPE_LABEL": "grande route" }, "geometry": { "type": "MultiLineString", "coordinates": [ [ [ 95162.021499998867512, 165046.389800000935793 ], [ 95183.549699999392033, 165301.377099998295307 ], [ 95187.803800001740456, 165332.831500001251698 ], [ 95206.753799997270107, 165481.982299998402596 ], [ 95211.652500003576279, 165518.980000000447035 ], [ 95227.895300000905991, 165636.031800001859665 ], [ 95236.532399997115135, 165699.585200000554323 ] ] ] } },
{ "type": "Feature", "properties": { "ID": 20020.0, "NR": "9", "TYPE": "c", "LENGTH": 818.489, "GEMID": "172", "PLANID": "https://geodiensten.oost-vlaanderen.be/Bijlagen/detail/172-D-003.sid", "CEVI_OID": 19996, "GEMEENTE": "Nukerke", "DETAILPLAN": "172-D-003", "TYPE_LABEL": "chemin" }, "geometry": { "type": "MultiLineString", "coordinates": [ [ [ 95419.715899996459484, 165531.097699999809265 ], [ 95453.232900001108646, 165555.590900000184774 ], [ 95488.425800003111362, 165580.341899998486042 ], [ 95495.387000001966953, 165584.467099998146296 ], [ 95533.931599996984005, 165619.015399999916553 ], [ 95538.056800000369549, 165623.269499998539686 ], [ 95542.053099997341633, 165625.074299998581409 ], [ 95547.854099996387959, 165625.074299998581409 ], [ 95563.323499999940395, 165622.753899998962879 ], [ 95572.347300000488758, 165627.652499999850988 ], [ 95595.422499999403954, 165642.735199999064207 ], [ 95620.431400001049042, 165659.751499999314547 ], [ 95632.033399999141693, 165666.712699998170137 ], [ 95640.670500002801418, 165673.287200000137091 ], [ 95652.659299999475479, 165686.951900001615286 ], [ 95658.718099996447563, 165688.627700001001358 ], [ 95668.386500000953674, 165687.080800000578165 ], [ 95685.918499998748302, 165683.084499999880791 ], [ 95693.008599996566772, 165679.861699998378754 ], [ 95697.649499997496605, 165677.670200001448393 ], [ 95706.673299998044968, 165667.228399999439716 ], [ 95712.603200003504753, 165660.396099999547005 ], [ 95725.107600003480911, 165644.797699999064207 ], [ 95735.807300001382828, 165625.332100000232458 ], [ 95746.378100000321865, 165601.354499999433756 ], [ 95751.018899999558926, 165587.818799998611212 ], [ 95755.530799999833107, 165562.809900000691414 ], [ 95757.464500002563, 165554.0439000017941 ], [ 95760.945100001990795, 165544.50450000166893 ], [ 95769.453299999237061, 165534.578299999237061 ], [ 95780.281800001859665, 165520.526900000870228 ], [ 95791.755000002682209, 165507.377900000661612 ], [ 95796.26690000295639, 165499.643199998885393 ], [ 95805.677400000393391, 165480.048599999397993 ], [ 95812.509700000286102, 165464.579199999570847 ], [ 95815.99040000140667, 165454.653000000864267 ], [ 95819.471000000834465, 165436.605399999767542 ], [ 95822.693800002336502, 165413.916999999433756 ], [ 95825.271999999880791, 165404.377500001341105 ], [ 95829.010399997234344, 165397.416299998760223 ], [ 95832.87780000269413, 165391.357400000095367 ], [ 95836.100599996745586, 165383.236000001430511 ], [ 95838.678800001740456, 165374.212200000882149 ], [ 95842.28830000013113, 165366.6064000017941 ], [ 95846.413500003516674, 165358.742800001055002 ], [ 95847.960500001907349, 165353.973000001162291 ], [ 95848.604999996721745, 165347.140700001269579 ], [ 95848.862800002098083, 165336.698899999260902 ], [ 95848.604999996721745, 165325.483600001782179 ], [ 95846.671300001442432, 165316.846500001847744 ], [ 95840.354699999094009, 165291.579799998551607 ], [ 95838.678800001740456, 165283.58729999884963 ], [ 95835.19820000231266, 165247.749800000339746 ], [ 95834.940399996936321, 165233.827399998903275 ] ] ] } },
{ "type": "Feature", "properties": { "ID": 20023.0, "NR": "100", "TYPE": "s", "LENGTH": 111.646, "GEMID": "172", "PLANID": "https://geodiensten.oost-vlaanderen.be/Bijlagen/detail/172-D-004.sid", "CEVI_OID": 19997, "GEMEENTE": "Nukerke", "DETAILPLAN": "172-D-004", "TYPE_LABEL": "sentier" }, "geometry": { "type": "MultiLineString", "coordinates": [ [ [ 95944.773100003600121, 164231.410199999809265 ], [ 95975.969700001180172, 164261.704500000923872 ], [ 96028.823499999940395, 164288.646999999880791 ], [ 96036.945000000298023, 164292.127599999308586 ] ] ] } },
{ "type": "Feature", "properties": { "ID": 20022.0, "NR": "10", "TYPE": "c", "LENGTH": 482.344, "GEMID": "172", "PLANID": "https://geodiensten.oost-vlaanderen.be/Bijlagen/detail/172-D-004.sid", "CEVI_OID": 19998, "GEMEENTE": "Nukerke", "DETAILPLAN": "172-D-004", "TYPE_LABEL": "chemin" }, "geometry": { "type": "MultiLineString", "coordinates": [ [ [ 96204.659000001847744, 165030.146899998188019 ], [ 96223.737999998033047, 165021.509799998253584 ], [ 96243.203599996864796, 165007.845199998468161 ], [ 96254.805699996650219, 164997.145500000566244 ], [ 96270.146200001239777, 164979.742499999701977 ], [ 96284.326399996876717, 164962.468299999833107 ], [ 96303.276500001549721, 164936.943799998611212 ], [ 96310.237700000405312, 164925.341699998825788 ], [ 96321.324100002646446, 164909.227800000458956 ], [ 96326.996200002729893, 164903.942400000989437 ], [ 96344.399300001561642, 164897.239000000059605 ], [ 96359.997599996626377, 164891.824700001627207 ], [ 96375.853699997067451, 164884.476700000464916 ], [ 96389.518399998545647, 164875.324000000953674 ], [ 96412.335699997842312, 164857.276399999856949 ], [ 96422.519799999892712, 164846.190000001341105 ], [ 96430.512299999594688, 164837.4239999987185 ], [ 96439.407200001180172, 164827.884500000625849 ], [ 96450.622500002384186, 164817.313799999654293 ], [ 96460.162000000476837, 164806.227400001138449 ], [ 96484.913000002503395, 164777.351100001484156 ], [ 96505.538900002837181, 164754.5337999984622 ], [ 96526.551500000059605, 164691.238200001418591 ] ] ] } },
{ "type": "Feature", "properties": { "ID": 20024.0, "NR": "11", "TYPE": "c", "LENGTH": 1497.778, "GEMID": "172", "PLANID": "https://geodiensten.oost-vlaanderen.be/Bijlagen/detail/172-D-004.sid", "CEVI_OID": 19999, "GEMEENTE": "Nukerke", "DETAILPLAN": "172-D-004", "TYPE_LABEL": "chemin" }, "geometry": { "type": "MultiLineString", "coordinates": [ [ [ 96043.132700003683567, 164303.858600001782179 ], [ 96089.540899999439716, 164327.449400000274181 ], [ 96111.069200001657009, 164343.176699999719858 ], [ 96141.363399997353554, 164365.607299998402596 ], [ 96173.591300003230572, 164387.522300001233816 ], [ 96209.428800001740456, 164413.433499999344349 ], [ 96243.848200000822544, 164448.626400001347065 ], [ 96261.509099997580051, 164462.548900000751019 ], [ 96291.287699997425079, 164487.428800001740456 ], [ 96359.61089999973774, 164536.544199999421835 ], [ 96366.57209999859333, 164548.017299998551607 ], [ 96404.343199998140335, 164587.722100000828505 ], [ 96454.747699998319149, 164636.579599998891354 ], [ 96473.439900003373623, 164652.306800000369549 ], [ 96520.750399999320507, 164686.984099999070168 ], [ 96526.551500000059605, 164691.238200001418591 ], [ 96542.407600000500679, 164702.582400001585484 ], [ 96621.559399999678135, 164768.842999998480082 ], [ 96641.282799996435642, 164786.246100001037121 ], [ 96667.451899997889996, 164809.450199998915195 ], [ 96698.261799998581409, 164830.849500000476837 ], [ 96762.846600003540516, 164875.710700001567602 ], [ 96884.796999998390675, 164929.209100000560284 ], [ 96905.680699996650219, 164938.361800000071526 ], [ 97016.415799997746944, 164973.683600001037121 ], [ 97024.150499999523163, 164976.004000000655651 ], [ 97040.522299997508526, 164980.773800000548363 ], [ 97057.409699998795986, 164988.76630000025034 ], [ 97075.586300000548363, 164997.532299999147654 ], [ 97143.135999999940395, 165022.283300001174212 ], [ 97203.337700001895428, 165011.712600000202656 ], [ 97251.808499999344349, 165002.173099998384714 ], [ 97307.75620000064373, 164999.852699998766184 ] ] ] } },
{ "type": "Feature", "properties": { "ID": 20025.0, "NR": "12", "TYPE": "c", "LENGTH": 559.238, "GEMID": "172", "PLANID": "https://geodiensten.oost-vlaanderen.be/Bijlagen/detail/172-D-004.sid", "CEVI_OID": 20000, "GEMEENTE": "Nukerke", "DETAILPLAN": "172-D-004", "TYPE_LABEL": "chemin" }, "geometry": { "type": "MultiLineString", "coordinates": [ [ [ 95900.298600003123283, 164490.522700000554323 ], [ 95964.883299998939037, 164413.046799998730421 ], [ 95992.857199996709824, 164378.498500000685453 ], [ 96018.12389999628067, 164344.207899998873472 ], [ 96032.43299999833107, 164325.129000000655651 ], [ 96043.132700003683567, 164303.858600001782179 ], [ 96036.945000000298023, 164292.127599999308586 ], [ 96037.073899999260902, 164288.260299999266863 ], [ 96049.578299999237061, 164265.442899998277426 ], [ 96073.427000001072884, 164221.741900000721216 ], [ 96081.54839999973774, 164213.620400000363588 ], [ 96098.178000003099442, 164196.990800000727177 ], [ 96115.58110000193119, 164164.118400000035763 ], [ 96123.444700002670288, 164149.422400001436472 ] ], [ [ 95881.219700001180172, 164802.617800001055002 ], [ 95891.016999997198582, 164803.778000000864267 ], [ 95926.209799997508526, 164789.210999999195337 ] ], [ [ 95837.002999998629093, 164825.30629999935627 ], [ 95862.656400002539158, 164816.153599999845028 ], [ 95881.219700001180172, 164802.617800001055002 ], [ 95876.965599998831749, 164791.660300001502037 ], [ 95868.844099998474121, 164782.120900001376867 ], [ 95855.050599999725819, 164768.456199999898672 ] ] ] } },
{ "type": "Feature", "properties": { "ID": 20026.0, "NR": "137", "TYPE": "s", "LENGTH": 210.435, "GEMID": "172", "PLANID": "https://geodiensten.oost-vlaanderen.be/Bijlagen/detail/172-D-004.sid", "CEVI_OID": 20001, "GEMEENTE": "Nukerke", "DETAILPLAN": "172-D-004", "TYPE_LABEL": "sentier" }, "geometry": { "type": "MultiLineString", "coordinates": [ [ [ 96367.087700001895428, 164692.785100001841784 ], [ 96348.266599997878075, 164797.590300001204014 ] ], [ [ 96404.343199998140335, 164587.722100000828505 ], [ 96338.340400002896786, 164668.034099999815226 ] ] ] } },
{ "type": "Feature", "properties": { "ID": 20028.0, "NR": "32", "TYPE": "c", "LENGTH": 563.19, "GEMID": "172", "PLANID": "https://geodiensten.oost-vlaanderen.be/Bijlagen/detail/172-D-004.sid", "CEVI_OID": 20002, "GEMEENTE": "Nukerke", "DETAILPLAN": "172-D-004", "TYPE_LABEL": "chemin" }, "geometry": { "type": "MultiLineString", "coordinates": [ [ [ 97395.673900000751019, 164706.707600001245737 ], [ 97381.235799998044968, 164700.004099998623133 ], [ 97363.188199996948242, 164687.757500000298023 ], [ 97310.07660000026226, 164644.7010000012815 ], [ 97301.826200000941753, 164664.424499999731779 ], [ 97287.645900003612041, 164690.722500000149012 ], [ 97271.789800003170967, 164711.735100001096725 ], [ 97257.609499998390675, 164723.981699999421835 ], [ 97213.521700002253056, 164754.276000000536442 ], [ 97179.102300003170967, 164773.225999999791384 ], [ 97166.855700001120567, 164770.003199998289347 ], [ 97132.17849999666214, 164798.49269999936223 ], [ 97099.821599997580051, 164828.915800001472235 ], [ 97096.727799996733665, 164833.943399999290705 ], [ 97092.860399998724461, 164840.388999998569489 ], [ 97083.063100002706051, 164864.10869999974966 ], [ 97062.437299996614456, 164897.496800001710653 ], [ 97047.096799999475479, 164937.975099999457598 ], [ 97024.150499999523163, 164976.004000000655651 ] ] ] } },
{ "type": "Feature", "properties": { "ID": 20029.0, "NR": "37", "TYPE": "c", "LENGTH": 33.261, "GEMID": "172", "PLANID": "https://geodiensten.oost-vlaanderen.be/Bijlagen/detail/172-D-004.sid", "CEVI_OID": 20003, "GEMEENTE": "Nukerke", "DETAILPLAN": "172-D-004", "TYPE_LABEL": "chemin" }, "geometry": { "type": "MultiLineString", "coordinates": [ [ [ 96254.41889999806881, 165030.404699999839067 ], [ 96254.805699996650219, 164997.145500000566244 ] ] ] } },
{ "type": "Feature", "properties": { "ID": 20030.0, "NR": "38", "TYPE": "c", "LENGTH": 713.566, "GEMID": "172", "PLANID": "https://geodiensten.oost-vlaanderen.be/Bijlagen/detail/172-D-004.sid", "CEVI_OID": 20004, "GEMEENTE": "Nukerke", "DETAILPLAN": "172-D-004", "TYPE_LABEL": "chemin" }, "geometry": { "type": "MultiLineString", "coordinates": [ [ [ 96520.750399999320507, 164686.984099999070168 ], [ 96539.313699997961521, 164670.096599999815226 ], [ 96550.142300002276897, 164661.330600000917912 ], [ 96588.042300000786781, 164618.789799999445677 ], [ 96600.031099997460842, 164605.254099998623133 ], [ 96672.350599996745586, 164531.258799999952316 ], [ 96674.799900002777576, 164528.680500000715256 ], [ 96684.081500001251698, 164515.144799999892712 ], [ 96697.359399996697903, 164496.710400000214577 ], [ 96709.219300001859665, 164480.983199998736382 ], [ 96725.591099999845028, 164462.162099998444319 ], [ 96742.09179999679327, 164444.888000000268221 ], [ 96765.295900002121925, 164423.359700001776218 ], [ 96785.79280000180006, 164405.312100000679493 ], [ 96802.293499998748302, 164391.131799999624491 ], [ 96825.368699997663498, 164373.470899999141693 ], [ 96844.060900002717972, 164369.34569999948144 ], [ 96854.2449000030756, 164366.380800001323223 ], [ 96862.881999999284744, 164362.900100000202656 ], [ 96868.554099999368191, 164357.228000000119209 ], [ 96870.616700001060963, 164354.005199998617172 ], [ 96871.776900000870228, 164347.946400001645088 ], [ 96871.0033999979496, 164340.469500001519918 ], [ 96868.554099999368191, 164332.605900000780821 ], [ 96860.819399997591972, 164316.749800000339746 ], [ 96856.178599998354912, 164305.534400001168251 ], [ 96851.280000001192093, 164288.518100000917912 ], [ 96848.701700001955032, 164268.536800000816584 ], [ 96847.02589999884367, 164244.559200000017881 ], [ 96847.02589999884367, 164235.922100000083447 ], [ 96851.022100001573563, 164224.964699998497963 ], [ 96857.596600003540516, 164213.491500001400709 ], [ 96869.456500001251698, 164199.311200000345707 ], [ 96875.128600001335144, 164193.123500000685453 ], [ 96880.800700001418591, 164186.935699999332428 ], [ 96884.152400001883507, 164182.166000001132488 ], [ 96888.27759999781847, 164176.107099998742342 ], [ 96889.051100000739098, 164168.372400000691414 ], [ 96887.633000001311302, 164161.153400000184774 ], [ 96882.734399996697903, 164148.649000000208616 ] ] ] } },
{ "type": "Feature", "properties": { "ID": 20031.0, "NR": "39", "TYPE": "c", "LENGTH": 526.316, "GEMID": "172", "PLANID": "https://geodiensten.oost-vlaanderen.be/Bijlagen/detail/172-D-004.sid", "CEVI_OID": 20005, "GEMEENTE": "Nukerke", "DETAILPLAN": "172-D-004", "TYPE_LABEL": "chemin" }, "geometry": { "type": "MultiLineString", "coordinates": [ [ [ 95926.209799997508526, 164789.210999999195337 ], [ 95959.726899996399879, 164782.894299998879433 ], [ 95977.774499997496605, 164779.284800000488758 ], [ 96002.654500000178814, 164772.194699998944998 ], [ 96019.413000002503395, 164767.682799998670816 ], [ 96030.11259999871254, 164765.749099999666214 ], [ 96037.718400001525879, 164765.749099999666214 ], [ 96067.368100002408028, 164774.772900000214577 ], [ 96085.415700003504753, 164780.058299999684095 ], [ 96095.470899999141693, 164782.120900001376867 ], [ 96103.721199996769428, 164782.120900001376867 ], [ 96113.26070000231266, 164779.800500001758337 ], [ 96123.702500000596046, 164777.866799999028444 ], [ 96140.589900001883507, 164776.190900001674891 ], [ 96150.129399999976158, 164777.351100001484156 ], [ 96175.653899997472763, 164782.636500000953674 ], [ 96232.246100001037121, 164785.214800000190735 ], [ 96235.340000003576279, 164784.570199999958277 ], [ 96320.421700000762939, 164801.199799999594688 ], [ 96348.266599997878075, 164797.590300001204014 ], [ 96353.294200003147125, 164798.49269999936223 ], [ 96430.25450000166893, 164825.435199998319149 ], [ 96439.407200001180172, 164827.884500000625849 ] ] ] } },
{ "type": "Feature", "properties": { "ID": 20027.0, "NR": "3", "TYPE": "c", "LENGTH": 444.324, "GEMID": "172", "PLANID": "https://geodiensten.oost-vlaanderen.be/Bijlagen/detail/172-D-004.sid", "CEVI_OID": 20006, "GEMEENTE": "Nukerke", "DETAILPLAN": "172-D-004", "TYPE_LABEL": "chemin" }, "geometry": { "type": "MultiLineString", "coordinates": [ [ [ 97340.112999998033047, 165318.135600000619888 ], [ 97358.805200003087521, 165312.205699998885393 ], [ 97368.989200003445148, 165308.853900000452995 ], [ 97391.033100001513958, 165301.634899999946356 ], [ 97399.541299998760223, 165295.060400001704693 ], [ 97407.791599996387959, 165287.583500001579523 ], [ 97411.272200003266335, 165281.782499998807907 ], [ 97413.979400001466274, 165266.570900000631809 ], [ 97413.205899998545647, 165251.875 ], [ 97408.951800003647804, 165175.688200000673532 ], [ 97408.565099999308586, 165118.451400000602007 ], [ 97413.334799997508526, 165105.173500001430511 ], [ 97417.846699997782707, 165100.790500000119209 ], [ 97421.198399998247623, 165104.399999998509884 ], [ 97450.976999998092651, 165136.370099999010563 ], [ 97479.466499999165535, 165156.222500000149012 ], [ 97561.19650000333786, 165204.048799999058247 ] ] ] } },
{ "type": "Feature", "properties": { "ID": 20032.0, "NR": "40", "TYPE": "c", "LENGTH": 441.802, "GEMID": "172", "PLANID": "https://geodiensten.oost-vlaanderen.be/Bijlagen/detail/172-D-004.sid", "CEVI_OID": 20007, "GEMEENTE": "Nukerke", "DETAILPLAN": "172-D-004", "TYPE_LABEL": "chemin" }, "geometry": { "type": "MultiLineString", "coordinates": [ [ [ 96359.61089999973774, 164536.544199999421835 ], [ 96369.794900000095367, 164526.618000000715256 ], [ 96474.857900001108646, 164409.824000000953674 ], [ 96478.209600001573563, 164405.054299999028444 ], [ 96479.627599999308586, 164402.475999999791384 ], [ 96480.530000001192093, 164398.866500001400709 ], [ 96479.369800001382828, 164395.256999999284744 ], [ 96474.600100003182888, 164391.389600001275539 ], [ 96470.474899999797344, 164387.393399998545647 ], [ 96467.123199999332428, 164383.268199998885393 ], [ 96466.091899998486042, 164379.529699999839067 ], [ 96464.931699998676777, 164360.450800001621246 ], [ 96469.443599998950958, 164346.270500000566244 ], [ 96475.760300002992153, 164330.027699999511242 ], [ 96486.202100001275539, 164309.659600000828505 ], [ 96500.253499999642372, 164283.748399998992682 ], [ 96526.035800002515316, 164218.519099999219179 ], [ 96542.536499999463558, 164161.668999999761581 ] ] ] } },
{ "type": "Feature", "properties": { "ID": 20033.0, "NR": "56", "TYPE": "s", "LENGTH": 645.219, "GEMID": "172", "PLANID": "https://geodiensten.oost-vlaanderen.be/Bijlagen/detail/172-D-004.sid", "CEVI_OID": 20008, "GEMEENTE": "Nukerke", "DETAILPLAN": "172-D-004", "TYPE_LABEL": "sentier" }, "geometry": { "type": "MultiLineString", "coordinates": [ [ [ 96460.162000000476837, 164806.227400001138449 ], [ 96576.698100000619888, 164895.047499999403954 ], [ 96678.796099998056889, 164971.620999999344349 ], [ 96682.405699998140335, 164972.652300000190735 ], [ 96784.503700003027916, 165002.173099998384714 ], [ 96870.229999996721745, 165016.224500000476837 ], [ 96960.468099996447563, 165031.307100001722574 ], [ 96984.574600003659725, 165035.303399998694658 ], [ 96997.98139999806881, 165037.752700001001358 ], [ 97017.962700001895428, 165043.424800001084805 ], [ 97041.295699998736382, 165048.323499999940395 ] ] ] } },
{ "type": "Feature", "properties": { "ID": 20034.0, "NR": "57", "TYPE": "s", "LENGTH": 207.001, "GEMID": "172", "PLANID": "https://geodiensten.oost-vlaanderen.be/Bijlagen/detail/172-D-004.sid", "CEVI_OID": 20009, "GEMEENTE": "Nukerke", "DETAILPLAN": "172-D-004", "TYPE_LABEL": "sentier" }, "geometry": { "type": "MultiLineString", "coordinates": [ [ [ 96682.405699998140335, 164972.652300000190735 ], [ 96884.796999998390675, 164929.209100000560284 ] ] ] } },
{ "type": "Feature", "properties": { "ID": 20035.0, "NR": "65", "TYPE": "s", "LENGTH": 113.428, "GEMID": "172", "PLANID": "https://geodiensten.oost-vlaanderen.be/Bijlagen/detail/172-D-004.sid", "CEVI_OID": 20010, "GEMEENTE": "Nukerke", "DETAILPLAN": "172-D-004", "TYPE_LABEL": "sentier" }, "geometry": { "type": "MultiLineString", "coordinates": [ [ [ 95862.398599997162819, 164279.36540000140667 ], [ 95926.467699997127056, 164216.456500001251698 ], [ 95944.773100003600121, 164231.410199999809265 ] ] ] } },
{ "type": "Feature", "properties": { "ID": 20036.0, "NR": "66", "TYPE": "s", "LENGTH": 136.944, "GEMID": "172", "PLANID": "https://geodiensten.oost-vlaanderen.be/Bijlagen/detail/172-D-004.sid", "CEVI_OID": 20011, "GEMEENTE": "Nukerke", "DETAILPLAN": "172-D-004", "TYPE_LABEL": "sentier" }, "geometry": { "type": "MultiLineString", "coordinates": [ [ [ 97075.586300000548363, 164997.532299999147654 ], [ 97060.761399999260902, 165027.697599999606609 ], [ 97041.295699998736382, 165048.323499999940395 ], [ 97037.557300001382828, 165060.699000000953674 ], [ 97035.494699999690056, 165065.984400000423193 ], [ 97029.951499998569489, 165096.278599999845028 ], [ 97027.631099998950958, 165111.361299999058247 ], [ 97027.631099998950958, 165121.674199998378754 ] ] ] } },
{ "type": "Feature", "properties": { "ID": 20037.0, "NR": "67", "TYPE": "s", "LENGTH": 447.277, "GEMID": "172", "PLANID": "https://geodiensten.oost-vlaanderen.be/Bijlagen/detail/172-D-004.sid", "CEVI_OID": 20012, "GEMEENTE": "Nukerke", "DETAILPLAN": "172-D-004", "TYPE_LABEL": "sentier" }, "geometry": { "type": "MultiLineString", "coordinates": [ [ [ 97143.135999999940395, 165022.283300001174212 ], [ 97154.609099999070168, 165029.631299998611212 ], [ 97243.042499996721745, 165082.742899999022484 ], [ 97254.257799997925758, 165089.961899999529123 ], [ 97299.634700000286102, 165094.344900000840425 ], [ 97413.334799997508526, 165105.173500001430511 ] ], [ [ 97421.198399998247623, 165104.399999998509884 ], [ 97574.990000002086163, 165127.604100000113249 ], [ 97576.794799998402596, 165127.861999999731779 ] ] ] } },
{ "type": "Feature", "properties": { "ID": 20038.0, "NR": "68", "TYPE": "s", "LENGTH": 220.03, "GEMID": "172", "PLANID": "https://geodiensten.oost-vlaanderen.be/Bijlagen/detail/172-D-004.sid", "CEVI_OID": 20013, "GEMEENTE": "Nukerke", "DETAILPLAN": "172-D-004", "TYPE_LABEL": "sentier" }, "geometry": { "type": "MultiLineString", "coordinates": [ [ [ 97254.257799997925758, 165089.961899999529123 ], [ 97188.12610000371933, 165184.067499998956919 ] ], [ [ 97243.042499996721745, 165082.742899999022484 ], [ 97293.189099997282028, 165019.962900001555681 ], [ 97308.658500000834465, 165000.755100000649691 ] ] ] } },
{ "type": "Feature", "properties": { "ID": 20039.0, "NR": "69", "TYPE": "s", "LENGTH": 317.686, "GEMID": "172", "PLANID": "https://geodiensten.oost-vlaanderen.be/Bijlagen/detail/172-D-004.sid", "CEVI_OID": 20014, "GEMEENTE": "Nukerke", "DETAILPLAN": "172-D-004", "TYPE_LABEL": "sentier" }, "geometry": { "type": "MultiLineString", "coordinates": [ [ [ 97293.189099997282028, 165019.962900001555681 ], [ 97299.634700000286102, 165094.344900000840425 ], [ 97323.225599996745586, 165297.509700000286102 ], [ 97358.805200003087521, 165312.205699998885393 ] ] ] } },
{ "type": "Feature", "properties": { "ID": 20041.0, "NR": "70", "TYPE": "s", "LENGTH": 1424.055, "GEMID": "172", "PLANID": "https://geodiensten.oost-vlaanderen.be/Bijlagen/detail/172-D-004.sid", "CEVI_OID": 20015, "GEMEENTE": "Nukerke", "DETAILPLAN": "172-D-004", "TYPE_LABEL": "sentier" }, "geometry": { "type": "MultiLineString", "coordinates": [ [ [ 97166.855700001120567, 164770.003199998289347 ], [ 97166.211199998855591, 164764.46000000089407 ], [ 97170.078500002622604, 164757.240899998694658 ], [ 97161.441399998962879, 164736.486099999397993 ], [ 97149.710500001907349, 164717.278299998492002 ], [ 97136.432599999010563, 164699.359600000083447 ], [ 97113.744099996984005, 164666.744899999350309 ], [ 97005.071599997580051, 164563.100000001490116 ], [ 96989.215400002896786, 164579.213899999856949 ], [ 96926.693300001323223, 164522.750599998980761 ], [ 96910.32150000333786, 164541.313900001347065 ], [ 96765.295900002121925, 164423.359700001776218 ] ], [ [ 96802.293499998748302, 164391.131799999624491 ], [ 96718.758799999952316, 164313.1402000002563 ], [ 96613.05120000243187, 164219.808200001716614 ] ], [ [ 96600.031099997460842, 164234.633000001311302 ], [ 96613.05120000243187, 164219.808200001716614 ], [ 96628.649499997496605, 164202.276200000196695 ] ], [ [ 97213.521700002253056, 164754.276000000536442 ], [ 97267.535700000822544, 164796.1722999997437 ], [ 97263.539499998092651, 164801.586500000208616 ], [ 97356.226899996399879, 164874.550500001758337 ] ], [ [ 97574.990000002086163, 165127.604100000113249 ], [ 97508.213799998164177, 165030.791499998420477 ], [ 97502.54169999808073, 165024.8614999987185 ], [ 97357.773900002241135, 164862.948499999940395 ] ] ] } },
{ "type": "Feature", "properties": { "ID": 20042.0, "NR": "71", "TYPE": "s", "LENGTH": 115.949, "GEMID": "172", "PLANID": "https://geodiensten.oost-vlaanderen.be/Bijlagen/detail/172-D-004.sid", "CEVI_OID": 20016, "GEMEENTE": "Nukerke", "DETAILPLAN": "172-D-004", "TYPE_LABEL": "sentier" }, "geometry": { "type": "MultiLineString", "coordinates": [ [ [ 97495.064800001680851, 164783.66780000180006 ], [ 97380.333400003612041, 164800.426300000399351 ] ] ] } },
{ "type": "Feature", "properties": { "ID": 20043.0, "NR": "72", "TYPE": "s", "LENGTH": 795.243, "GEMID": "172", "PLANID": "https://geodiensten.oost-vlaanderen.be/Bijlagen/detail/172-D-004.sid", "CEVI_OID": 20017, "GEMEENTE": "Nukerke", "DETAILPLAN": "172-D-004", "TYPE_LABEL": "sentier" }, "geometry": { "type": "MultiLineString", "coordinates": [ [ [ 96672.350599996745586, 164531.258799999952316 ], [ 96687.175399996340275, 164548.661899998784065 ], [ 96690.656000003218651, 164551.497900001704693 ], [ 96732.036700002849102, 164567.998599998652935 ], [ 96771.22580000013113, 164584.757100000977516 ], [ 96832.845600001513958, 164639.93129999935627 ], [ 96863.010899998247623, 164667.00279999896884 ], [ 96898.461599998176098, 164698.070500001311302 ], [ 96926.177599996328354, 164721.790199998766184 ], [ 96960.597000002861023, 164751.053199999034405 ], [ 96976.19539999961853, 164763.041999999433756 ], [ 97003.266800001263618, 164779.929400000721216 ], [ 97027.502199999988079, 164793.336199998855591 ], [ 97066.046800002455711, 164814.090999998152256 ], [ 97099.821599997580051, 164828.915800001472235 ] ], [ [ 97096.727799996733665, 164833.943399999290705 ], [ 97131.018299996852875, 164864.624299999326468 ], [ 97176.26630000025034, 164902.911100000143051 ], [ 97196.892099998891354, 164920.700899999588728 ], [ 97307.75620000064373, 164999.852699998766184 ] ] ] } },
{ "type": "Feature", "properties": { "ID": 20044.0, "NR": "73", "TYPE": "s", "LENGTH": 446.608, "GEMID": "172", "PLANID": "https://geodiensten.oost-vlaanderen.be/Bijlagen/detail/172-D-004.sid", "CEVI_OID": 20018, "GEMEENTE": "Nukerke", "DETAILPLAN": "172-D-004", "TYPE_LABEL": "sentier" }, "geometry": { "type": "MultiLineString", "coordinates": [ [ [ 97186.579199999570847, 164238.242600001394749 ], [ 97208.880900003015995, 164283.361600000411272 ], [ 97235.436700001358986, 164344.9814000017941 ], [ 97251.550700001418591, 164371.795000001788139 ], [ 97269.469400003552437, 164399.511100001633167 ], [ 97280.555799998342991, 164415.753899998962879 ], [ 97294.478299997746944, 164438.184599999338388 ], [ 97301.955099999904633, 164446.692699998617172 ], [ 97322.967699997127056, 164471.057000000029802 ], [ 97309.689800001680851, 164576.377900000661612 ], [ 97306.853799998760223, 164598.163899999111891 ], [ 97306.853799998760223, 164637.224199999123812 ], [ 97310.07660000026226, 164644.7010000012815 ] ] ] } },
{ "type": "Feature", "properties": { "ID": 20045.0, "NR": "74", "TYPE": "s", "LENGTH": 415.889, "GEMID": "172", "PLANID": "https://geodiensten.oost-vlaanderen.be/Bijlagen/detail/172-D-004.sid", "CEVI_OID": 20019, "GEMEENTE": "Nukerke", "DETAILPLAN": "172-D-004", "TYPE_LABEL": "sentier" }, "geometry": { "type": "MultiLineString", "coordinates": [ [ [ 96996.305600002408028, 164394.225699998438358 ], [ 97062.308399997651577, 164456.103300001472235 ], [ 97087.446099996566772, 164478.533900000154972 ], [ 97164.921999998390675, 164543.892099998891354 ], [ 97160.023400001227856, 164548.661899998784065 ], [ 97196.763199999928474, 164581.792100001126528 ], [ 97212.36150000244379, 164598.937399998307228 ], [ 97235.823499999940395, 164616.727200001478195 ], [ 97301.826200000941753, 164664.424499999731779 ] ] ] } },
{ "type": "Feature", "properties": { "ID": 20046.0, "NR": "75", "TYPE": "s", "LENGTH": 355.024, "GEMID": "172", "PLANID": "https://geodiensten.oost-vlaanderen.be/Bijlagen/detail/172-D-004.sid", "CEVI_OID": 20020, "GEMEENTE": "Nukerke", "DETAILPLAN": "172-D-004", "TYPE_LABEL": "sentier" }, "geometry": { "type": "MultiLineString", "coordinates": [ [ [ 96870.616700001060963, 164354.005199998617172 ], [ 96910.579300001263618, 164373.9864999987185 ], [ 96986.766099996864796, 164409.566199999302626 ], [ 96996.305600002408028, 164394.225699998438358 ], [ 97011.903899997472763, 164369.087900001555681 ], [ 97049.0304000005126, 164288.518100000917912 ], [ 97109.361100003123283, 164221.870799999684095 ] ] ] } },
{ "type": "Feature", "properties": { "ID": 20047.0, "NR": "76", "TYPE": "s", "LENGTH": 649.704, "GEMID": "172", "PLANID": "https://geodiensten.oost-vlaanderen.be/Bijlagen/detail/172-D-004.sid", "CEVI_OID": 20021, "GEMEENTE": "Nukerke", "DETAILPLAN": "172-D-004", "TYPE_LABEL": "sentier" }, "geometry": { "type": "MultiLineString", "coordinates": [ [ [ 96261.509099997580051, 164462.548900000751019 ], [ 96215.745399996638298, 164514.758099999278784 ], [ 96151.547399997711182, 164581.147599998861551 ], [ 96100.369499996304512, 164662.104100000113249 ], [ 96037.718400001525879, 164765.749099999666214 ], [ 96007.037500001490116, 164821.825699999928474 ], [ 95990.536799997091293, 164848.510400000959635 ], [ 95957.277500003576279, 164900.977400001138449 ], [ 95897.591399997472763, 164997.661200001835823 ] ] ] } },
{ "type": "Feature", "properties": { "ID": 20048.0, "NR": "77", "TYPE": "s", "LENGTH": 384.686, "GEMID": "172", "PLANID": "https://geodiensten.oost-vlaanderen.be/Bijlagen/detail/172-D-004.sid", "CEVI_OID": 20022, "GEMEENTE": "Nukerke", "DETAILPLAN": "172-D-004", "TYPE_LABEL": "sentier" }, "geometry": { "type": "MultiLineString", "coordinates": [ [ [ 96215.745399996638298, 164514.758099999278784 ], [ 96223.737999998033047, 164525.844500001519918 ], [ 96229.667900003492832, 164536.415199998766184 ], [ 96226.316200003027916, 164544.149900000542402 ], [ 96286.646899998188019, 164619.176500000059605 ], [ 96303.534299999475479, 164633.098999999463558 ], [ 96332.926100000739098, 164663.264299999922514 ], [ 96338.340400002896786, 164668.034099999815226 ], [ 96367.087700001895428, 164692.785100001841784 ], [ 96392.354400001466274, 164711.735100001096725 ], [ 96484.913000002503395, 164777.351100001484156 ] ] ] } },
{ "type": "Feature", "properties": { "ID": 20049.0, "NR": "78", "TYPE": "s", "LENGTH": 587.046, "GEMID": "172", "PLANID": "https://geodiensten.oost-vlaanderen.be/Bijlagen/detail/172-D-004.sid", "CEVI_OID": 20023, "GEMEENTE": "Nukerke", "DETAILPLAN": "172-D-004", "TYPE_LABEL": "sentier" }, "geometry": { "type": "MultiLineString", "coordinates": [ [ [ 96310.237700000405312, 164925.341699998825788 ], [ 96233.921999998390675, 164879.191399998962879 ], [ 96232.246100001037121, 164785.214800000190735 ], [ 96219.354999996721745, 164773.741599999368191 ], [ 96100.369499996304512, 164662.104100000113249 ], [ 96028.05009999871254, 164594.812199998646975 ], [ 96024.440499998629093, 164593.136399999260902 ], [ 95925.307499997317791, 164524.297499999403954 ] ] ] } },
{ "type": "Feature", "properties": { "ID": 20050.0, "NR": "79", "TYPE": "s", "LENGTH": 260.009, "GEMID": "172", "PLANID": "https://geodiensten.oost-vlaanderen.be/Bijlagen/detail/172-D-004.sid", "CEVI_OID": 20024, "GEMEENTE": "Nukerke", "DETAILPLAN": "172-D-004", "TYPE_LABEL": "sentier" }, "geometry": { "type": "MultiLineString", "coordinates": [ [ [ 96479.369800001382828, 164395.256999999284744 ], [ 96483.237099997699261, 164395.772599998861551 ], [ 96494.065700002014637, 164395.901500001549721 ], [ 96500.51129999756813, 164395.901500001549721 ], [ 96508.890600003302097, 164396.28830000013113 ], [ 96514.691600002348423, 164396.803899999707937 ], [ 96523.070900000631809, 164398.221900001168251 ], [ 96527.067100003361702, 164399.640000000596046 ], [ 96530.676600001752377, 164401.960400000214577 ], [ 96534.286200001835823, 164406.214499998837709 ], [ 96537.50900000333786, 164411.370900001376867 ], [ 96540.989600002765656, 164413.562399998307228 ], [ 96544.212399996817112, 164415.625 ], [ 96548.079700000584126, 164418.461100000888109 ], [ 96550.915799997746944, 164420.265799999237061 ], [ 96554.009700000286102, 164424.648800000548363 ], [ 96555.814400002360344, 164428.645100001245737 ], [ 96557.103500001132488, 164436.766499999910593 ], [ 96558.134800001978874, 164440.633900001645088 ], [ 96559.55290000140667, 164442.825399998575449 ], [ 96561.8733000010252, 164445.145799998193979 ], [ 96565.611699998378754, 164448.368599999696016 ], [ 96566.771899998188019, 164450.688999999314547 ], [ 96567.545400001108646, 164456.489999998360872 ], [ 96567.803199999034405, 164465.771600000560284 ], [ 96568.96339999884367, 164467.834199998527765 ], [ 96573.088600002229214, 164473.635299999266863 ], [ 96581.596699997782707, 164481.62779999896884 ], [ 96597.839599996805191, 164497.612799998372793 ], [ 96610.472999997437, 164508.3125 ], [ 96622.46169999986887, 164515.273699998855591 ], [ 96631.743400000035763, 164520.43019999936223 ], [ 96638.189000003039837, 164522.492800001055002 ], [ 96650.693400003015995, 164523.910799998790026 ], [ 96661.779799997806549, 164523.910799998790026 ], [ 96666.033900000154972, 164525.19990000128746 ], [ 96674.799900002777576, 164528.680500000715256 ] ] ] } },
{ "type": "Feature", "properties": { "ID": 20040.0, "NR": "7", "TYPE": "c", "LENGTH": 467.743, "GEMID": "172", "PLANID": "https://geodiensten.oost-vlaanderen.be/Bijlagen/detail/172-D-004.sid", "CEVI_OID": 20025, "GEMEENTE": "Nukerke", "DETAILPLAN": "172-D-004", "TYPE_LABEL": "chemin" }, "geometry": { "type": "MultiLineString", "coordinates": [ [ [ 97395.029399998486042, 164702.969099998474121 ], [ 97395.673900000751019, 164706.707600001245737 ], [ 97396.447400003671646, 164710.70380000025034 ], [ 97400.830399997532368, 164733.907900001853704 ], [ 97400.572599999606609, 164747.701499998569489 ], [ 97391.806599996984005, 164772.323600001633167 ], [ 97388.068099997937679, 164782.765399999916553 ], [ 97380.333400003612041, 164800.426300000399351 ], [ 97367.700099997222424, 164829.818199999630451 ], [ 97359.965400002896786, 164854.182500001043081 ], [ 97357.773900002241135, 164862.948499999940395 ], [ 97356.097999997437, 164869.651900000870228 ], [ 97356.226899996399879, 164874.550500001758337 ], [ 97357.387199997901917, 164908.583200000226498 ], [ 97352.875200003385544, 164922.118900001049042 ], [ 97307.75620000064373, 164999.852699998766184 ], [ 97308.658500000834465, 165000.755100000649691 ], [ 97417.846699997782707, 165100.790500000119209 ] ] ] } },
{ "type": "Feature", "properties": { "ID": 20051.0, "NR": "80", "TYPE": "s", "LENGTH": 253.197, "GEMID": "172", "PLANID": "https://geodiensten.oost-vlaanderen.be/Bijlagen/detail/172-D-004.sid", "CEVI_OID": 20026, "GEMEENTE": "Nukerke", "DETAILPLAN": "172-D-004", "TYPE_LABEL": "sentier" }, "geometry": { "type": "MultiLineString", "coordinates": [ [ [ 96243.848200000822544, 164448.626400001347065 ], [ 96310.237700000405312, 164314.558299999684095 ], [ 96347.622100003063679, 164239.918400000780821 ], [ 96350.844899997115135, 164220.065999999642372 ] ] ] } },
{ "type": "Feature", "properties": { "ID": 20052.0, "NR": "9997", "TYPE": "par", "LENGTH": 228.936, "GEMID": "172", "PLANID": "https://geodiensten.oost-vlaanderen.be/Bijlagen/detail/172-D-004.sid", "CEVI_OID": 20027, "GEMEENTE": "Nukerke", "DETAILPLAN": "172-D-004", "TYPE_LABEL": "chemin particulier" }, "geometry": { "type": "MultiLineString", "coordinates": [ [ [ 95881.219700001180172, 164802.617800001055002 ], [ 95890.243500001728535, 164808.547800000756979 ], [ 95904.810500003397465, 164816.927000001072884 ], [ 95910.74040000140667, 164821.567800000309944 ], [ 95928.530199997127056, 164838.197500001639128 ], [ 95936.135999999940395, 164845.416499998420477 ], [ 95942.194899998605251, 164849.283900000154972 ], [ 95947.866999998688698, 164851.088599998503923 ], [ 95960.500299997627735, 164850.572999998927116 ], [ 95990.536799997091293, 164848.510400000959635 ], [ 96040.941200003027916, 164846.705600000917912 ], [ 96023.409199997782707, 164896.336599998176098 ] ] ] } },
{ "type": "Feature", "properties": { "ID": 20054.0, "NR": "101", "TYPE": "s", "LENGTH": 543.462, "GEMID": "172", "PLANID": "https://geodiensten.oost-vlaanderen.be/Bijlagen/detail/172-D-005.sid", "CEVI_OID": 20028, "GEMEENTE": "Nukerke", "DETAILPLAN": "172-D-005", "TYPE_LABEL": "sentier" }, "geometry": { "type": "MultiLineString", "coordinates": [ [ [ 95573.765299998223782, 164534.223700001835823 ], [ 95575.441200003027916, 164508.441399998962879 ], [ 95575.956799998879433, 164479.307399999350309 ], [ 95581.5, 164440.633900001645088 ], [ 95587.429999999701977, 164425.551199998706579 ], [ 95594.262299999594688, 164408.405999999493361 ], [ 95596.45380000025034, 164392.034200001507998 ], [ 95596.582699999213219, 164389.455899998545647 ], [ 95596.711599998176098, 164388.037900000810623 ], [ 95587.172200001776218, 164315.46059999987483 ], [ 95544.88910000026226, 164243.914700001478195 ], [ 95512.274499997496605, 164188.740499999374151 ], [ 95504.668700002133846, 164183.326200000941753 ], [ 95365.315200001001358, 164095.924100000411272 ] ] ] } },
{ "type": "Feature", "properties": { "ID": 20056.0, "NR": "121", "TYPE": "s", "LENGTH": 372.239, "GEMID": "172", "PLANID": "https://geodiensten.oost-vlaanderen.be/Bijlagen/detail/172-D-005.sid", "CEVI_OID": 20029, "GEMEENTE": "Nukerke", "DETAILPLAN": "172-D-005", "TYPE_LABEL": "sentier" }, "geometry": { "type": "MultiLineString", "coordinates": [ [ [ 94866.684900000691414, 164910.388000000268221 ], [ 94863.075300000607967, 164893.887299999594688 ], [ 94860.626000002026558, 164883.574400000274181 ], [ 94857.403200000524521, 164875.581799998879433 ], [ 94852.633500002324581, 164865.784600000828505 ], [ 94790.755900003015995, 164747.314699999988079 ], [ 94789.982400000095367, 164743.834100000560284 ], [ 94780.442900002002716, 164715.473499998450279 ], [ 94761.106200002133846, 164656.81870000064373 ], [ 94740.609200000762939, 164630.907499998807907 ], [ 94704.642899997532368, 164578.827199999243021 ] ] ] } },
{ "type": "Feature", "properties": { "ID": 20057.0, "NR": "122", "TYPE": "s", "LENGTH": 99.795, "GEMID": "172", "PLANID": "https://geodiensten.oost-vlaanderen.be/Bijlagen/detail/172-D-005.sid", "CEVI_OID": 20030, "GEMEENTE": "Nukerke", "DETAILPLAN": "172-D-005", "TYPE_LABEL": "sentier" }, "geometry": { "type": "MultiLineString", "coordinates": [ [ [ 95075.779600001871586, 164929.85359999909997 ], [ 95094.3429000005126, 164893.113800000399351 ], [ 95146.681000001728535, 164919.540699999779463 ] ] ] } },
{ "type": "Feature", "properties": { "ID": 20058.0, "NR": "123", "TYPE": "s", "LENGTH": 122.289, "GEMID": "172", "PLANID": "https://geodiensten.oost-vlaanderen.be/Bijlagen/detail/172-D-005.sid", "CEVI_OID": 20031, "GEMEENTE": "Nukerke", "DETAILPLAN": "172-D-005", "TYPE_LABEL": "sentier" }, "geometry": { "type": "MultiLineString", "coordinates": [ [ [ 94673.317400000989437, 164758.916799999773502 ], [ 94693.427599996328354, 164766.264699999243021 ], [ 94703.9983000010252, 164768.842999998480082 ], [ 94719.854500003159046, 164767.682799998670816 ], [ 94730.811999998986721, 164764.717799998819828 ], [ 94789.982400000095367, 164743.834100000560284 ] ] ] } },
{ "type": "Feature", "properties": { "ID": 20059.0, "NR": "124", "TYPE": "s", "LENGTH": 599.667, "GEMID": "172", "PLANID": "https://geodiensten.oost-vlaanderen.be/Bijlagen/detail/172-D-005.sid", "CEVI_OID": 20032, "GEMEENTE": "Nukerke", "DETAILPLAN": "172-D-005", "TYPE_LABEL": "sentier" }, "geometry": { "type": "MultiLineString", "coordinates": [ [ [ 94713.280000001192093, 164559.619300000369549 ], [ 94747.95719999819994, 164567.353999998420477 ], [ 94748.988499999046326, 164558.330200001597404 ], [ 94748.086099997162819, 164551.368999999016523 ], [ 94748.859600000083447, 164544.278900001198053 ], [ 94761.364000000059605, 164544.021000001579523 ], [ 94782.892300002276897, 164538.993500001728535 ], [ 94796.428000003099442, 164535.641800001263618 ], [ 94820.018799997866154, 164534.352699998766184 ], [ 94858.821199998259544, 164425.551199998706579 ], [ 94867.716099999845028, 164417.429800000041723 ], [ 94873.774999998509884, 164410.468499999493361 ], [ 94857.91889999806881, 164377.982799999415874 ] ], [ [ 94820.018799997866154, 164534.352699998766184 ], [ 94825.6908999979496, 164532.418999999761581 ], [ 94842.707299999892712, 164519.656700000166893 ], [ 94863.462099999189377, 164500.964499998837709 ], [ 94896.46339999884367, 164469.510099999606609 ], [ 94912.319600000977516, 164450.431200001388788 ], [ 94917.604999996721745, 164450.431200001388788 ], [ 94983.092100001871586, 164505.99210000038147 ], [ 95036.332599997520447, 164447.595100000500679 ] ] ] } },
{ "type": "Feature", "properties": { "ID": 20060.0, "NR": "125", "TYPE": "s", "LENGTH": 727.201, "GEMID": "172", "PLANID": "https://geodiensten.oost-vlaanderen.be/Bijlagen/detail/172-D-005.sid", "CEVI_OID": 20033, "GEMEENTE": "Nukerke", "DETAILPLAN": "172-D-005", "TYPE_LABEL": "sentier" }, "geometry": { "type": "MultiLineString", "coordinates": [ [ [ 94255.901399999856949, 164190.803100001066923 ], [ 94264.925200000405312, 164193.896899998188019 ], [ 94558.714900001883507, 164241.980999998748302 ], [ 94590.427199997007847, 164232.699400000274181 ], [ 94680.536399997770786, 164180.103399999439716 ], [ 94788.306599996984005, 164115.002999998629093 ] ], [ [ 94853.664800003170967, 164211.171100001782179 ], [ 94966.075699999928474, 164120.288400001823902 ], [ 94976.001900002360344, 164113.327199999243021 ] ] ] } },
{ "type": "Feature", "properties": { "ID": 20055.0, "NR": "12", "TYPE": "c", "LENGTH": 812.476, "GEMID": "172", "PLANID": "https://geodiensten.oost-vlaanderen.be/Bijlagen/detail/172-D-005.sid", "CEVI_OID": 20034, "GEMEENTE": "Nukerke", "DETAILPLAN": "172-D-005", "TYPE_LABEL": "chemin" }, "geometry": { "type": "MultiLineString", "coordinates": [ [ [ 95948.382600001990795, 164437.53999999910593 ], [ 95890.114600002765656, 164503.929499998688698 ], [ 95871.164599999785423, 164524.039700001478195 ], [ 95849.249600000679493, 164544.278900001198053 ], [ 95818.439699999988079, 164579.471700001507998 ], [ 95806.579800002276897, 164598.163899999111891 ], [ 95763.523299999535084, 164666.487100001424551 ], [ 95752.823600001633167, 164683.374499998986721 ], [ 95739.030100002884865, 164694.718800000846386 ], [ 95756.433200001716614, 164703.871500000357628 ], [ 95777.316899999976158, 164717.149399999529123 ], [ 95809.931500002741814, 164737.904199998825788 ], [ 95844.222000002861023, 164762.655200000852346 ], [ 95871.422399997711182, 164786.246100001037121 ], [ 95877.739100001752377, 164794.754200000315905 ], [ 95878.254699997603893, 164803.004599999636412 ], [ 95875.805399999022484, 164809.321199998259544 ], [ 95868.199600003659725, 164815.122299998998642 ], [ 95791.23929999768734, 164845.287599999457598 ], [ 95759.656000003218651, 164857.791999999433756 ], [ 95750.374300003051758, 164865.397799998521805 ], [ 95736.322999998927116, 164885.636900000274181 ], [ 95725.107600003480911, 164905.8761 ], [ 95693.008599996566772, 164949.706000000238419 ], [ 95658.460299998521805, 164988.37950000166893 ] ] ] } },
{ "type": "Feature", "properties": { "ID": 20062.0, "NR": "136", "TYPE": "s", "LENGTH": 236.583, "GEMID": "172", "PLANID": "https://geodiensten.oost-vlaanderen.be/Bijlagen/detail/172-D-005.sid", "CEVI_OID": 20035, "GEMEENTE": "Nukerke", "DETAILPLAN": "172-D-005", "TYPE_LABEL": "sentier" }, "geometry": { "type": "MultiLineString", "coordinates": [ [ [ 95167.822499997913837, 164864.10869999974966 ], [ 95221.707599997520447, 164633.743599999696016 ] ] ] } },
{ "type": "Feature", "properties": { "ID": 20063.0, "NR": "138", "TYPE": "s", "LENGTH": 379.692, "GEMID": "172", "PLANID": "https://geodiensten.oost-vlaanderen.be/Bijlagen/detail/172-D-005.sid", "CEVI_OID": 20036, "GEMEENTE": "Nukerke", "DETAILPLAN": "172-D-005", "TYPE_LABEL": "sentier" }, "geometry": { "type": "MultiLineString", "coordinates": [ [ [ 95388.390399999916553, 164813.704199999570847 ], [ 95443.564599998295307, 164760.205899998545647 ], [ 95508.664899997413158, 164767.811700001358986 ], [ 95555.331000000238419, 164714.313299998641014 ], [ 95608.958200000226498, 164747.443599998950958 ], [ 95669.675599999725819, 164663.908900000154972 ] ] ] } },
{ "type": "Feature", "properties": { "ID": 20061.0, "NR": "13", "TYPE": "c", "LENGTH": 660.105, "GEMID": "172", "PLANID": "https://geodiensten.oost-vlaanderen.be/Bijlagen/detail/172-D-005.sid", "CEVI_OID": 20037, "GEMEENTE": "Nukerke", "DETAILPLAN": "172-D-005", "TYPE_LABEL": "chemin" }, "geometry": { "type": "MultiLineString", "coordinates": [ [ [ 95254.322200000286102, 164343.563400000333786 ], [ 95267.986900001764297, 164343.305599998682737 ], [ 95283.069499999284744, 164350.653499998152256 ], [ 95309.496399998664856, 164364.5760000012815 ], [ 95345.07599999755621, 164381.85020000115037 ], [ 95400.121299996972084, 164416.011700000613928 ], [ 95423.454300001263618, 164430.44990000128746 ], [ 95445.11150000244379, 164442.180799998342991 ], [ 95470.635999999940395, 164463.580200001597404 ], [ 95476.050300002098083, 164468.221000000834465 ], [ 95520.395900003612041, 164504.703000001609325 ], [ 95540.763999998569489, 164520.816899999976158 ], [ 95551.592500001192093, 164527.64919999986887 ], [ 95573.765299998223782, 164534.223700001835823 ], [ 95593.102099999785423, 164539.638000000268221 ], [ 95608.4425999969244, 164536.802000001072884 ], [ 95620.946999996900558, 164532.805700000375509 ], [ 95653.948399998247623, 164521.977099999785423 ], [ 95657.557899996638298, 164522.492800001055002 ], [ 95693.910999998450279, 164530.485300000756979 ], [ 95717.501800000667572, 164528.809500001370907 ], [ 95770.742399998009205, 164531.903299998492002 ], [ 95794.848800003528595, 164529.325100000947714 ], [ 95811.865199998021126, 164527.9070999994874 ], [ 95825.271999999880791, 164532.290100000798702 ], [ 95849.249600000679493, 164544.278900001198053 ] ] ] } },
{ "type": "Feature", "properties": { "ID": 20064.0, "NR": "14", "TYPE": "c", "LENGTH": 261.672, "GEMID": "172", "PLANID": "https://geodiensten.oost-vlaanderen.be/Bijlagen/detail/172-D-005.sid", "CEVI_OID": 20038, "GEMEENTE": "Nukerke", "DETAILPLAN": "172-D-005", "TYPE_LABEL": "chemin" }, "geometry": { "type": "MultiLineString", "coordinates": [ [ [ 95037.492799997329712, 164888.473000001162291 ], [ 95061.857100002467632, 164867.202599998563528 ], [ 95088.155100002884865, 164847.35020000115037 ], [ 95097.049999997019768, 164841.549199998378754 ], [ 95103.624499998986721, 164841.678100001066923 ], [ 95119.738499999046326, 164844.256299998611212 ], [ 95141.137800000607967, 164852.764499999582767 ], [ 95167.822499997913837, 164864.10869999974966 ], [ 95205.078000001609325, 164883.83219999819994 ], [ 95234.727700002491474, 164900.977400001138449 ], [ 95263.732799999415874, 164919.540699999779463 ] ] ] } },
{ "type": "Feature", "properties": { "ID": 20065.0, "NR": "15", "TYPE": "c", "LENGTH": 929.718, "GEMID": "172", "PLANID": "https://geodiensten.oost-vlaanderen.be/Bijlagen/detail/172-D-005.sid", "CEVI_OID": 20039, "GEMEENTE": "Nukerke", "DETAILPLAN": "172-D-005", "TYPE_LABEL": "chemin" }, "geometry": { "type": "MultiLineString", "coordinates": [ [ [ 94828.655900001525879, 164910.001299999654293 ], [ 94802.744699999690056, 164903.297800000756979 ], [ 94785.470499999821186, 164900.977400001138449 ], [ 94765.489200003445148, 164899.301600001752377 ], [ 94743.1875, 164897.239000000059605 ], [ 94733.39019999653101, 164895.434200000017881 ], [ 94726.557899996638298, 164891.438000001013279 ], [ 94719.983400002121925, 164883.187600001692772 ], [ 94703.740500003099442, 164850.315200001001358 ], [ 94700.388800002634525, 164845.545400001108646 ], [ 94692.911899998784065, 164841.935899998992682 ], [ 94673.575199998915195, 164834.71680000051856 ], [ 94660.29730000346899, 164829.173599999397993 ], [ 94654.496200002729893, 164819.892000000923872 ], [ 94642.120700001716614, 164795.785500001162291 ], [ 94640.70269999653101, 164791.015799999237061 ], [ 94641.476199999451637, 164783.538899999111891 ], [ 94643.409800000488758, 164776.964400000870228 ], [ 94648.953000001609325, 164770.905600000172853 ], [ 94658.750299997627735, 164763.686500001698732 ], [ 94673.317400000989437, 164758.916799999773502 ], [ 94671.512599997222424, 164750.408599998801947 ], [ 94664.293499998748302, 164733.005499999970198 ], [ 94663.004399999976158, 164726.044300001114607 ], [ 94664.035700000822544, 164720.243299998342991 ], [ 94686.853100001811981, 164647.666000001132488 ], [ 94698.455099999904633, 164607.445599999278784 ], [ 94704.642899997532368, 164578.827199999243021 ], [ 94706.189800001680851, 164571.994899999350309 ], [ 94713.280000001192093, 164559.619300000369549 ], [ 94723.850699998438358, 164541.056099999696016 ], [ 94736.097300000488758, 164517.723099999129772 ], [ 94741.640500001609325, 164503.671700000762939 ], [ 94745.894599996507168, 164490.393800001591444 ], [ 94747.699400000274181, 164479.307399999350309 ], [ 94747.699400000274181, 164470.799199998378754 ], [ 94745.121200002729893, 164461.775400001555681 ], [ 94736.870800003409386, 164453.524999998509884 ], [ 94726.557899996638298, 164447.208399999886751 ], [ 94719.725599996745586, 164441.665199998766184 ], [ 94719.467699997127056, 164429.418600000441074 ], [ 94721.530299998819828, 164419.105599999427795 ], [ 94727.073499999940395, 164405.054299999028444 ], [ 94730.554099999368191, 164394.225699998438358 ], [ 94733.648000001907349, 164387.909000001847744 ], [ 94739.320100001990795, 164382.623599998652935 ], [ 94749.633100003004074, 164374.3733000010252 ], [ 94760.977300003170967, 164368.572299998253584 ], [ 94775.544299997389317, 164363.673599999397993 ], [ 94783.794699996709824, 164361.86879999935627 ], [ 94799.650799997150898, 164359.80629999935627 ], [ 94812.155199997127056, 164358.903900001198053 ], [ 94820.018799997866154, 164359.290600001811981 ], [ 94834.328000001609325, 164364.060300000011921 ], [ 94845.414399996399879, 164369.603500001132488 ], [ 94857.91889999806881, 164377.982799999415874 ], [ 94875.708700001239777, 164368.830099999904633 ], [ 94897.881499998271465, 164359.54839999973774 ], [ 94925.468599997460842, 164352.587200000882149 ], [ 94948.028099998831749, 164347.817499998956919 ] ] ] } },
{ "type": "Feature", "properties": { "ID": 20053.0, "NR": "1", "TYPE": "c", "LENGTH": 1161.384, "GEMID": "172", "PLANID": "https://geodiensten.oost-vlaanderen.be/Bijlagen/detail/172-D-005.sid", "CEVI_OID": 20040, "GEMEENTE": "Nukerke", "DETAILPLAN": "172-D-005", "TYPE_LABEL": "chemin" }, "geometry": { "type": "MultiLineString", "coordinates": [ [ [ 95342.884499996900558, 165053.222100000828505 ], [ 95332.313799999654293, 165002.173099998384714 ], [ 95321.743000000715256, 164978.195500001311302 ], [ 95289.772900000214577, 164943.647199999541044 ], [ 95263.732799999415874, 164919.540699999779463 ], [ 95301.632799997925758, 164802.875700000673532 ], [ 95304.984499998390675, 164784.312399998307228 ], [ 95302.019500002264977, 164773.999400001019239 ], [ 95285.647799998521805, 164746.927999999374151 ], [ 95245.16950000077486, 164671.385800000280142 ], [ 95221.707599997520447, 164633.743599999696016 ], [ 95185.225599996745586, 164584.757100000977516 ], [ 95147.454499997198582, 164543.247600000351667 ], [ 95113.421800002455711, 164527.9070999994874 ] ], [ [ 95147.712300002574921, 164062.664900001138449 ], [ 95151.579599998891354, 164084.579900000244379 ], [ 95160.0878000035882, 164125.7027000002563 ], [ 95172.721100002527237, 164167.212200000882149 ], [ 95181.744999997317791, 164198.279899999499321 ], [ 95201.210600003600121, 164247.008600000292063 ], [ 95223.512299999594688, 164298.444299999624491 ], [ 95231.762699998915195, 164320.488200001418591 ], [ 95238.594999998807907, 164328.609600000083447 ], [ 95254.322200000286102, 164343.563400000333786 ], [ 95226.864000000059605, 164408.921599999070168 ], [ 95211.523599997162819, 164440.891699999570847 ], [ 95192.573499999940395, 164475.182199999690056 ], [ 95177.748700000345707, 164497.741700001060963 ], [ 95159.185400001704693, 164519.398899998515844 ], [ 95152.86879999935627, 164532.032200001180172 ], [ 95147.454499997198582, 164543.247600000351667 ] ] ] } },
{ "type": "Feature", "properties": { "ID": 20067.0, "NR": "21", "TYPE": "c", "LENGTH": 606.204, "GEMID": "172", "PLANID": "https://geodiensten.oost-vlaanderen.be/Bijlagen/detail/172-D-005.sid", "CEVI_OID": 20041, "GEMEENTE": "Nukerke", "DETAILPLAN": "172-D-005", "TYPE_LABEL": "chemin" }, "geometry": { "type": "MultiLineString", "coordinates": [ [ [ 94763.684399999678135, 164037.269299998879433 ], [ 94765.489200003445148, 164049.773699998855591 ], [ 94767.55179999768734, 164075.556000001728535 ], [ 94768.840899996459484, 164084.579900000244379 ], [ 94788.306599996984005, 164115.002999998629093 ], [ 94853.664800003170967, 164211.171100001782179 ], [ 94931.656300000846386, 164329.125300001353025 ], [ 94938.875399999320507, 164340.727299999445677 ], [ 94948.028099998831749, 164347.817499998956919 ], [ 94959.630199998617172, 164359.032800000160933 ], [ 94986.83049999922514, 164386.619899999350309 ], [ 95010.163500003516674, 164411.113099999725819 ], [ 95036.332599997520447, 164447.595100000500679 ], [ 95112.777199998497963, 164520.945799998939037 ] ] ] } },
{ "type": "Feature", "properties": { "ID": 20066.0, "NR": "2", "TYPE": "c", "LENGTH": 576.851, "GEMID": "172", "PLANID": "https://geodiensten.oost-vlaanderen.be/Bijlagen/detail/172-D-005.sid", "CEVI_OID": 20042, "GEMEENTE": "Nukerke", "DETAILPLAN": "172-D-005", "TYPE_LABEL": "chemin" }, "geometry": { "type": "MultiLineString", "coordinates": [ [ [ 95302.019500002264977, 164773.999400001019239 ], [ 95322.774300001561642, 164781.734099999070168 ], [ 95388.390399999916553, 164813.704199999570847 ], [ 95429.126500003039837, 164831.880800001323223 ], [ 95440.986299999058247, 164840.904599998146296 ], [ 95468.315600000321865, 164861.530499998480082 ], [ 95513.43469999730587, 164892.211399998515844 ], [ 95545.146999999880791, 164913.868599999696016 ], [ 95591.941899999976158, 164941.713500000536442 ], [ 95625.5878000035882, 164963.628499999642372 ], [ 95651.112300001084805, 164979.484600000083447 ], [ 95658.460299998521805, 164988.37950000166893 ], [ 95683.082400001585484, 165029.631299998611212 ], [ 95689.270199999213219, 165042.522399999201298 ], [ 95687.336499996483326, 165048.581300001591444 ], [ 95702.934799998998642, 165076.812899999320507 ], [ 95739.932499997317791, 165121.287500001490116 ] ] ] } },
{ "type": "Feature", "properties": { "ID": 20068.0, "NR": "31", "TYPE": "c", "LENGTH": 344.438, "GEMID": "172", "PLANID": "https://geodiensten.oost-vlaanderen.be/Bijlagen/detail/172-D-005.sid", "CEVI_OID": 20043, "GEMEENTE": "Nukerke", "DETAILPLAN": "172-D-005", "TYPE_LABEL": "chemin" }, "geometry": { "type": "MultiLineString", "coordinates": [ [ [ 94389.969499997794628, 164744.220800001174212 ], [ 94408.661700002849102, 164741.771499998867512 ], [ 94424.131099998950958, 164743.834100000560284 ], [ 94460.097499996423721, 164751.439899999648333 ], [ 94480.207699999213219, 164756.467500001192093 ], [ 94506.3766999989748, 164775.030699998140335 ], [ 94526.615900002419949, 164823.759300000965595 ], [ 94534.737300001084805, 164842.838300000876188 ], [ 94542.85869999974966, 164856.889600001275539 ], [ 94548.788699999451637, 164865.913499999791384 ], [ 94555.105400003492832, 164867.847100000828505 ], [ 94565.418300002813339, 164867.975999999791384 ], [ 94572.37950000166893, 164867.331500001251698 ], [ 94581.145499996840954, 164864.366500001400709 ], [ 94601.9003000035882, 164854.44029999896884 ], [ 94612.986699998378754, 164850.959699999541044 ], [ 94660.29730000346899, 164829.173599999397993 ] ] ] } },
{ "type": "Feature", "properties": { "ID": 20069.0, "NR": "44", "TYPE": "c", "LENGTH": 413.243, "GEMID": "172", "PLANID": "https://geodiensten.oost-vlaanderen.be/Bijlagen/detail/172-D-005.sid", "CEVI_OID": 20044, "GEMEENTE": "Nukerke", "DETAILPLAN": "172-D-005", "TYPE_LABEL": "chemin" }, "geometry": { "type": "MultiLineString", "coordinates": [ [ [ 95223.512299999594688, 164298.444299999624491 ], [ 95296.991999998688698, 164212.460200000554323 ], [ 95315.426399998366833, 164183.455099999904633 ], [ 95365.315200001001358, 164095.924100000411272 ], [ 95369.956000000238419, 164086.642400000244379 ] ], [ [ 95289.644000001251698, 164007.103900000452995 ], [ 95300.988300003111362, 164015.225400000810623 ], [ 95311.17230000346899, 164023.346799999475479 ], [ 95334.763099998235703, 164041.910100001841784 ], [ 95349.9746999964118, 164057.637299999594688 ], [ 95364.67059999704361, 164075.813900001347065 ], [ 95369.956000000238419, 164086.642400000244379 ], [ 95374.983599998056889, 164080.841400001198053 ], [ 95389.03490000218153, 164068.208099998533726 ], [ 95397.027400001883507, 164056.992800001055002 ] ] ] } },
{ "type": "Feature", "properties": { "ID": 20070.0, "NR": "51", "TYPE": "s", "LENGTH": 141.849, "GEMID": "172", "PLANID": "https://geodiensten.oost-vlaanderen.be/Bijlagen/detail/172-D-005.sid", "CEVI_OID": 20045, "GEMEENTE": "Nukerke", "DETAILPLAN": "172-D-005", "TYPE_LABEL": "sentier" }, "geometry": { "type": "MultiLineString", "coordinates": [ [ [ 95625.5878000035882, 164963.628499999642372 ], [ 95605.348700001835823, 164984.254399999976158 ], [ 95531.353399999439716, 165069.593899998813868 ] ] ] } },
{ "type": "Feature", "properties": { "ID": 20071.0, "NR": "52", "TYPE": "s", "LENGTH": 249.342, "GEMID": "172", "PLANID": "https://geodiensten.oost-vlaanderen.be/Bijlagen/detail/172-D-005.sid", "CEVI_OID": 20046, "GEMEENTE": "Nukerke", "DETAILPLAN": "172-D-005", "TYPE_LABEL": "sentier" }, "geometry": { "type": "MultiLineString", "coordinates": [ [ [ 95301.632799997925758, 164802.875700000673532 ], [ 95314.266199998557568, 164816.540300000458956 ], [ 95344.044799998402596, 164849.928399998694658 ], [ 95369.31139999628067, 164878.031199999153614 ], [ 95392.773400001227856, 164906.520599998533726 ], [ 95414.688299998641014, 164934.88120000064373 ], [ 95435.056400001049042, 164967.753699999302626 ], [ 95445.756099998950958, 165002.946600001305342 ] ] ] } },
{ "type": "Feature", "properties": { "ID": 20072.0, "NR": "65", "TYPE": "s", "LENGTH": 889.674, "GEMID": "172", "PLANID": "https://geodiensten.oost-vlaanderen.be/Bijlagen/detail/172-D-005.sid", "CEVI_OID": 20047, "GEMEENTE": "Nukerke", "DETAILPLAN": "172-D-005", "TYPE_LABEL": "sentier" }, "geometry": { "type": "MultiLineString", "coordinates": [ [ [ 95861.109399996697903, 164282.846000000834465 ], [ 95793.55969999730587, 164341.114100001752377 ], [ 95642.475299999117851, 164421.168200001120567 ], [ 95631.904500000178814, 164478.276099998503923 ], [ 95620.946999996900558, 164532.805700000375509 ] ], [ [ 95591.941899999976158, 164941.713500000536442 ], [ 95735.936200000345707, 164699.359600000083447 ] ], [ [ 95608.4425999969244, 164536.802000001072884 ], [ 95626.748000003397465, 164597.003699999302626 ], [ 95626.748000003397465, 164631.809900000691414 ], [ 95645.311300002038479, 164642.896299999207258 ], [ 95649.952100001275539, 164653.338100001215935 ], [ 95669.675599999725819, 164663.908900000154972 ], [ 95735.936200000345707, 164699.359600000083447 ], [ 95739.030100002884865, 164694.718800000846386 ] ] ] } },
{ "type": "Feature", "properties": { "ID": 20073.0, "NR": "78", "TYPE": "s", "LENGTH": 100.92, "GEMID": "172", "PLANID": "https://geodiensten.oost-vlaanderen.be/Bijlagen/detail/172-D-005.sid", "CEVI_OID": 20048, "GEMEENTE": "Nukerke", "DETAILPLAN": "172-D-005", "TYPE_LABEL": "sentier" }, "geometry": { "type": "MultiLineString", "coordinates": [ [ [ 95890.114600002765656, 164503.929499998688698 ], [ 95972.875900000333786, 164561.68189999833703 ] ] ] } },
{ "type": "Feature", "properties": { "ID": 20074.0, "NR": "8", "TYPE": "c", "LENGTH": 82.82, "GEMID": "172", "PLANID": "https://geodiensten.oost-vlaanderen.be/Bijlagen/detail/172-D-005.sid", "CEVI_OID": 20049, "GEMEENTE": "Nukerke", "DETAILPLAN": "172-D-005", "TYPE_LABEL": "chemin" }, "geometry": { "type": "MultiLineString", "coordinates": [ [ [ 95687.336499996483326, 165048.581300001591444 ], [ 95643.506599999964237, 165087.899399999529123 ], [ 95627.77929999679327, 165105.947000000625849 ] ] ] } },
{ "type": "Feature", "properties": { "ID": 20075.0, "NR": "97", "TYPE": "s", "LENGTH": 407.863, "GEMID": "172", "PLANID": "https://geodiensten.oost-vlaanderen.be/Bijlagen/detail/172-D-005.sid", "CEVI_OID": 20050, "GEMEENTE": "Nukerke", "DETAILPLAN": "172-D-005", "TYPE_LABEL": "sentier" }, "geometry": { "type": "MultiLineString", "coordinates": [ [ [ 95309.496399998664856, 164364.5760000012815 ], [ 95323.547799997031689, 164347.172899998724461 ], [ 95337.470299996435642, 164329.898800000548363 ], [ 95367.37780000269413, 164288.518100000917912 ], [ 95413.914899997413158, 164278.97859999909997 ], [ 95491.133000001311302, 164260.802099999040365 ], [ 95523.618699997663498, 164252.938499998301268 ], [ 95544.88910000026226, 164243.914700001478195 ], [ 95645.698100000619888, 164163.602699998766184 ] ] ] } },
{ "type": "Feature", "properties": { "ID": 20076.0, "NR": "9999", "TYPE": "gra", "LENGTH": 975.268, "GEMID": "172", "PLANID": "https://geodiensten.oost-vlaanderen.be/Bijlagen/detail/172-D-005.sid", "CEVI_OID": 20051, "GEMEENTE": "Nukerke", "DETAILPLAN": "172-D-005", "TYPE_LABEL": "grande route" }, "geometry": { "type": "MultiLineString", "coordinates": [ [ [ 95079.646899998188019, 164101.982900001108646 ], [ 95112.777199998497963, 164520.945799998939037 ], [ 95113.421800002455711, 164527.9070999994874 ], [ 95141.137800000607967, 164852.764499999582767 ], [ 95146.681000001728535, 164919.540699999779463 ], [ 95159.443199999630451, 165073.97690000012517 ] ] ] } },
{ "type": "Feature", "properties": { "ID": 20078.0, "NR": "100", "TYPE": "s", "LENGTH": 553.267, "GEMID": "172", "PLANID": "https://geodiensten.oost-vlaanderen.be/Bijlagen/detail/172-D-006.sid", "CEVI_OID": 20052, "GEMEENTE": "Nukerke", "DETAILPLAN": "172-D-006", "TYPE_LABEL": "sentier" }, "geometry": { "type": "MultiLineString", "coordinates": [ [ [ 95383.491700001060963, 163585.562800001353025 ], [ 95409.016199998557568, 163634.936000000685453 ], [ 95413.528099998831749, 163653.757100000977516 ], [ 95418.03999999910593, 163667.035000000149012 ], [ 95431.060099996626377, 163691.399300001561642 ], [ 95438.923699997365475, 163716.02140000090003 ], [ 95446.400600001215935, 163733.2956000007689 ], [ 95450.13910000026226, 163761.785000000149012 ], [ 95451.170299999415874, 163765.265700001269579 ], [ 95453.490800000727177, 163768.488400001078844 ], [ 95466.252999998629093, 163776.738800000399351 ], [ 95516.012900002300739, 163800.200699999928474 ], [ 95570.929300002753735, 163863.883099999278784 ] ], [ [ 95565.257200002670288, 163869.55519999936223 ], [ 95718.662100002169609, 164000.013799998909235 ] ] ] } },
{ "type": "Feature", "properties": { "ID": 20079.0, "NR": "101", "TYPE": "s", "LENGTH": 89.175, "GEMID": "172", "PLANID": "https://geodiensten.oost-vlaanderen.be/Bijlagen/detail/172-D-006.sid", "CEVI_OID": 20053, "GEMEENTE": "Nukerke", "DETAILPLAN": "172-D-006", "TYPE_LABEL": "sentier" }, "geometry": { "type": "MultiLineString", "coordinates": [ [ [ 95364.026100002229214, 164101.982900001108646 ], [ 95439.697200000286102, 164149.164599999785423 ] ] ] } },
{ "type": "Feature", "properties": { "ID": 20080.0, "NR": "102", "TYPE": "s", "LENGTH": 347.805, "GEMID": "172", "PLANID": "https://geodiensten.oost-vlaanderen.be/Bijlagen/detail/172-D-006.sid", "CEVI_OID": 20054, "GEMEENTE": "Nukerke", "DETAILPLAN": "172-D-006", "TYPE_LABEL": "sentier" }, "geometry": { "type": "MultiLineString", "coordinates": [ [ [ 95075.263899996876717, 163836.296000000089407 ], [ 95163.181699998676777, 163769.133000001311302 ], [ 95195.796300001442432, 163695.653400000184774 ], [ 95236.790200002491474, 163620.626800000667572 ], [ 95270.307300001382828, 163557.7179000005126 ] ] ] } },
{ "type": "Feature", "properties": { "ID": 20081.0, "NR": "112", "TYPE": "s", "LENGTH": 140.673, "GEMID": "172", "PLANID": "https://geodiensten.oost-vlaanderen.be/Bijlagen/detail/172-D-006.sid", "CEVI_OID": 20055, "GEMEENTE": "Nukerke", "DETAILPLAN": "172-D-006", "TYPE_LABEL": "sentier" }, "geometry": { "type": "MultiLineString", "coordinates": [ [ [ 95595.551399998366833, 163203.081900000572205 ], [ 95708.73589999973774, 163119.547100000083447 ] ] ] } },
{ "type": "Feature", "properties": { "ID": 20082.0, "NR": "113", "TYPE": "s", "LENGTH": 651.88, "GEMID": "172", "PLANID": "https://geodiensten.oost-vlaanderen.be/Bijlagen/detail/172-D-006.sid", "CEVI_OID": 20056, "GEMEENTE": "Nukerke", "DETAILPLAN": "172-D-006", "TYPE_LABEL": "sentier" }, "geometry": { "type": "MultiLineString", "coordinates": [ [ [ 95282.940600000321865, 163296.027199998497963 ], [ 95351.521600000560284, 163297.574099998921156 ], [ 95422.294100001454353, 163307.371399998664856 ], [ 95465.350599996745586, 163291.644200000911951 ], [ 95579.566399998962879, 163373.116399999707937 ], [ 95603.157200001180172, 163380.206500001251698 ], [ 95707.060000002384186, 163406.246700000017881 ] ], [ [ 95248.392300002276897, 163083.838599998503923 ], [ 95060.696900002658367, 163132.696100000292063 ] ] ] } },
{ "type": "Feature", "properties": { "ID": 20083.0, "NR": "125", "TYPE": "s", "LENGTH": 159.508, "GEMID": "172", "PLANID": "https://geodiensten.oost-vlaanderen.be/Bijlagen/detail/172-D-006.sid", "CEVI_OID": 20057, "GEMEENTE": "Nukerke", "DETAILPLAN": "172-D-006", "TYPE_LABEL": "sentier" }, "geometry": { "type": "MultiLineString", "coordinates": [ [ [ 94963.755300000309944, 164123.38230000063777 ], [ 95005.522699996829033, 164042.296799998730421 ], [ 95070.751999996602535, 164022.057700000703335 ] ] ] } },
{ "type": "Feature", "properties": { "ID": 20084.0, "NR": "126", "TYPE": "s", "LENGTH": 528.888, "GEMID": "172", "PLANID": "https://geodiensten.oost-vlaanderen.be/Bijlagen/detail/172-D-006.sid", "CEVI_OID": 20058, "GEMEENTE": "Nukerke", "DETAILPLAN": "172-D-006", "TYPE_LABEL": "sentier" }, "geometry": { "type": "MultiLineString", "coordinates": [ [ [ 95072.943499997258186, 163694.750999998301268 ], [ 94876.997800000011921, 163650.921000000089407 ], [ 94854.438199996948242, 163729.041499998420477 ], [ 94846.187899999320507, 163727.881299998611212 ], [ 94627.167000003159046, 163802.649999998509884 ], [ 94622.010499998927116, 163807.419799998402596 ] ] ] } },
{ "type": "Feature", "properties": { "ID": 20085.0, "NR": "127", "TYPE": "s", "LENGTH": 839.171, "GEMID": "172", "PLANID": "https://geodiensten.oost-vlaanderen.be/Bijlagen/detail/172-D-006.sid", "CEVI_OID": 20059, "GEMEENTE": "Nukerke", "DETAILPLAN": "172-D-006", "TYPE_LABEL": "sentier" }, "geometry": { "type": "MultiLineString", "coordinates": [ [ [ 95103.237800002098083, 163324.258799999952316 ], [ 95077.713200002908707, 163317.039799999445677 ], [ 95053.735699996352196, 163295.124800000339746 ], [ 95038.652999997138977, 163284.29619999974966 ], [ 95019.703000001609325, 163279.268699999898672 ], [ 94996.885600000619888, 163274.370000001043081 ], [ 94978.966899998486042, 163274.112199999392033 ], [ 94949.317199997603893, 163276.690400000661612 ], [ 94938.488600000739098, 163280.300000000745058 ], [ 94933.976700000464916, 163278.624099999666214 ], [ 94874.935199998319149, 163304.664299998432398 ], [ 94813.186499997973442, 163329.931000001728535 ], [ 94718.82320000231266, 163369.120099999010563 ], [ 94686.853100001811981, 163377.886100001633167 ], [ 94663.133299998939037, 163384.589499998837709 ], [ 94517.205300003290176, 163545.729100000113249 ], [ 94371.148400001227856, 163550.112100001424551 ] ] ] } },
{ "type": "Feature", "properties": { "ID": 20086.0, "NR": "128", "TYPE": "s", "LENGTH": 351.661, "GEMID": "172", "PLANID": "https://geodiensten.oost-vlaanderen.be/Bijlagen/detail/172-D-006.sid", "CEVI_OID": 20060, "GEMEENTE": "Nukerke", "DETAILPLAN": "172-D-006", "TYPE_LABEL": "sentier" }, "geometry": { "type": "MultiLineString", "coordinates": [ [ [ 94691.880599997937679, 162996.436500001698732 ], [ 94786.630699999630451, 162989.604200001806021 ], [ 94792.689599998295307, 162987.799400001764297 ], [ 94804.291599996387959, 162987.799400001764297 ], [ 94906.389600001275539, 162987.283700000494719 ], [ 95041.746899999678135, 162968.591600000858307 ] ] ] } },
{ "type": "Feature", "properties": { "ID": 20087.0, "NR": "129", "TYPE": "s", "LENGTH": 49.111, "GEMID": "172", "PLANID": "https://geodiensten.oost-vlaanderen.be/Bijlagen/detail/172-D-006.sid", "CEVI_OID": 20061, "GEMEENTE": "Nukerke", "DETAILPLAN": "172-D-006", "TYPE_LABEL": "sentier" }, "geometry": { "type": "MultiLineString", "coordinates": [ [ [ 95085.705799996852875, 162974.263700000941753 ], [ 95039.684299997985363, 162991.408900000154972 ] ] ] } },
{ "type": "Feature", "properties": { "ID": 20088.0, "NR": "131", "TYPE": "s", "LENGTH": 167.008, "GEMID": "172", "PLANID": "https://geodiensten.oost-vlaanderen.be/Bijlagen/detail/172-D-006.sid", "CEVI_OID": 20062, "GEMEENTE": "Nukerke", "DETAILPLAN": "172-D-006", "TYPE_LABEL": "sentier" }, "geometry": { "type": "MultiLineString", "coordinates": [ [ [ 94824.272900000214577, 162903.620099999010563 ], [ 94819.632100000977516, 162934.172100000083447 ], [ 94810.092600002884865, 162946.418800000101328 ], [ 94798.361699998378754, 162952.735399998724461 ], [ 94787.14639999717474, 162972.072200000286102 ], [ 94786.630699999630451, 162989.604200001806021 ], [ 94829.042599998414516, 163041.942299999296665 ] ] ] } },
{ "type": "Feature", "properties": { "ID": 20077.0, "NR": "1", "TYPE": "c", "LENGTH": 345.271, "GEMID": "172", "PLANID": "https://geodiensten.oost-vlaanderen.be/Bijlagen/detail/172-D-006.sid", "CEVI_OID": 20063, "GEMEENTE": "Nukerke", "DETAILPLAN": "172-D-006", "TYPE_LABEL": "chemin" }, "geometry": { "type": "MultiLineString", "coordinates": [ [ [ 95057.47410000115633, 163817.217099998146296 ], [ 95065.337700001895428, 163822.244600001722574 ], [ 95075.263899996876717, 163836.296000000089407 ], [ 95096.921099998056889, 163892.888199999928474 ], [ 95110.070100001990795, 163928.725600000470877 ], [ 95121.02759999781847, 163959.66440000012517 ], [ 95144.360600002110004, 164048.742400001734495 ], [ 95145.262999996542931, 164053.383200000971556 ], [ 95157.122800000011921, 164114.874099999666214 ], [ 95162.40820000320673, 164142.074499998241663 ] ] ] } },
{ "type": "Feature", "properties": { "ID": 20089.0, "NR": "20", "TYPE": "c", "LENGTH": 749.088, "GEMID": "172", "PLANID": "https://geodiensten.oost-vlaanderen.be/Bijlagen/detail/172-D-006.sid", "CEVI_OID": 20064, "GEMEENTE": "Nukerke", "DETAILPLAN": "172-D-006", "TYPE_LABEL": "chemin" }, "geometry": { "type": "MultiLineString", "coordinates": [ [ [ 95095.116300001740456, 163524.071899998933077 ], [ 95147.583400003612041, 163532.580099999904633 ], [ 95181.744999997317791, 163537.220899999141693 ], [ 95234.083099998533726, 163547.147100001573563 ], [ 95270.307300001382828, 163557.7179000005126 ], [ 95303.308700002729893, 163566.355000000447035 ], [ 95317.875699996948242, 163573.831799998879433 ], [ 95343.400200001895428, 163584.40260000154376 ], [ 95353.197499997913837, 163586.465199999511242 ], [ 95383.491700001060963, 163585.562800001353025 ], [ 95413.528099998831749, 163578.343699999153614 ], [ 95482.109099999070168, 163561.971999999135733 ], [ 95493.195500001311302, 163560.425000000745058 ], [ 95523.489799998700619, 163562.874299999326468 ], [ 95537.154399998486042, 163561.198499999940395 ], [ 95537.541199997067451, 163554.495099999010563 ], [ 95537.92790000140667, 163547.147100001573563 ], [ 95541.537399999797344, 163527.423599999397993 ], [ 95547.080600000917912, 163515.563799999654293 ], [ 95554.170800000429153, 163514.790300000458956 ], [ 95565.128300003707409, 163519.173300001770258 ], [ 95581.242200002074242, 163538.381099998950958 ], [ 95595.809199996292591, 163574.218600001186132 ], [ 95602.125900000333786, 163591.105999998748302 ], [ 95607.540200002491474, 163600.129799999296665 ], [ 95621.333700001239777, 163615.083599999547005 ], [ 95637.060999996960163, 163629.263799998909235 ], [ 95651.241300001740456, 163639.061099998652935 ], [ 95659.878300003707409, 163643.830899998545647 ], [ 95666.195000000298023, 163645.37779999896884 ], [ 95685.402800001204014, 163640.350299999117851 ], [ 95704.352899998426437, 163633.904699999839067 ], [ 95706.286499999463558, 163633.260099999606609 ], [ 95724.978699997067451, 163626.814500000327826 ] ] ] } },
{ "type": "Feature", "properties": { "ID": 20090.0, "NR": "21", "TYPE": "c", "LENGTH": 826.863, "GEMID": "172", "PLANID": "https://geodiensten.oost-vlaanderen.be/Bijlagen/detail/172-D-006.sid", "CEVI_OID": 20065, "GEMEENTE": "Nukerke", "DETAILPLAN": "172-D-006", "TYPE_LABEL": "chemin" }, "geometry": { "type": "MultiLineString", "coordinates": [ [ [ 94802.486800000071526, 164143.621399998664856 ], [ 94778.638199999928474, 164107.784000001847744 ], [ 94771.677000001072884, 164096.697500001639128 ], [ 94764.329000003635883, 164076.329500000923872 ], [ 94761.492899999022484, 164030.30799999833107 ], [ 94759.172499999403954, 163996.017499998211861 ], [ 94747.699400000274181, 163935.944699998944998 ], [ 94744.605499997735023, 163931.432799998670816 ], [ 94642.120700001716614, 163824.307199999690056 ], [ 94626.006800003349781, 163808.451099999248981 ], [ 94622.010499998927116, 163807.419799998402596 ], [ 94598.935300000011921, 163807.419799998402596 ], [ 94550.335600003600121, 163757.144200000911951 ], [ 94537.831200003623962, 163730.97520000115037 ], [ 94531.514499999582767, 163725.560899998992682 ], [ 94515.529500000178814, 163718.728500001132488 ], [ 94494.774700000882149, 163722.467000000178814 ], [ 94487.942400000989437, 163722.467000000178814 ], [ 94482.528099998831749, 163721.306800000369549 ], [ 94471.957299999892712, 163709.317999999970198 ], [ 94447.979800000786781, 163656.979899998754263 ], [ 94437.795699998736382, 163638.1587999984622 ], [ 94391.516500003635883, 163575.249899998307228 ], [ 94371.148400001227856, 163550.112100001424551 ], [ 94345.62389999628067, 163518.786499999463558 ] ] ] } },
{ "type": "Feature", "properties": { "ID": 20091.0, "NR": "22", "TYPE": "c", "LENGTH": 561.147, "GEMID": "172", "PLANID": "https://geodiensten.oost-vlaanderen.be/Bijlagen/detail/172-D-006.sid", "CEVI_OID": 20066, "GEMEENTE": "Nukerke", "DETAILPLAN": "172-D-006", "TYPE_LABEL": "chemin" }, "geometry": { "type": "MultiLineString", "coordinates": [ [ [ 94583.723700001835823, 162941.906800001859665 ], [ 94602.158100001513958, 162947.063299998641014 ], [ 94666.098300002515316, 162959.696699999272823 ], [ 94682.727899998426437, 162980.580299999564886 ], [ 94691.880599997937679, 162996.436500001698732 ], [ 94710.443899996578693, 163028.406599998474121 ], [ 94717.405100002884865, 163038.719500001519918 ], [ 94732.358900003135204, 163047.614399999380112 ], [ 94792.560599997639656, 163043.747099999338388 ], [ 94835.746100001037121, 163038.719500001519918 ], [ 94847.348099999129772, 163042.715799998492002 ], [ 94863.075300000607967, 163051.481800001114607 ], [ 94886.150499999523163, 163071.205200001597404 ], [ 94905.100500002503395, 163082.678399998694658 ], [ 94987.990699999034405, 163117.355599999427795 ], [ 95015.320000000298023, 163146.747499998658895 ], [ 95063.661899998784065, 163149.841400001198053 ] ] ] } },
{ "type": "Feature", "properties": { "ID": 20093.0, "NR": "44", "TYPE": "c", "LENGTH": 316.824, "GEMID": "172", "PLANID": "https://geodiensten.oost-vlaanderen.be/Bijlagen/detail/172-D-006.sid", "CEVI_OID": 20067, "GEMEENTE": "Nukerke", "DETAILPLAN": "172-D-006", "TYPE_LABEL": "chemin" }, "geometry": { "type": "MultiLineString", "coordinates": [ [ [ 95371.760799996554852, 164092.314599998295307 ], [ 95361.061099998652935, 164078.392099998891354 ], [ 95346.494099996984005, 164060.731199998408556 ], [ 95338.501599997282028, 164053.512099999934435 ], [ 95309.625299997627735, 164030.179099999368191 ], [ 95298.281099997460842, 164020.639699999243021 ], [ 95295.960699997842312, 164018.706000000238419 ], [ 95275.076999999582767, 164000.013799998909235 ], [ 95258.834100000560284, 163988.024999998509884 ], [ 95240.012999996542931, 163975.520599998533726 ], [ 95236.016800001263618, 163972.813400000333786 ], [ 95224.027999997138977, 163964.434200000017881 ], [ 95213.45719999819994, 163955.539299998432398 ], [ 95203.531000003218651, 163945.870900001376867 ], [ 95199.148000001907349, 163942.003499999642372 ], [ 95193.218099996447563, 163938.265099998563528 ], [ 95187.159299999475479, 163934.655600000172853 ], [ 95178.264300003647804, 163934.010999999940395 ], [ 95170.529600001871586, 163933.753199998289347 ], [ 95161.248000003397465, 163936.331399999558926 ], [ 95121.02759999781847, 163959.66440000012517 ] ] ] } },
{ "type": "Feature", "properties": { "ID": 20094.0, "NR": "47", "TYPE": "c", "LENGTH": 617.252, "GEMID": "172", "PLANID": "https://geodiensten.oost-vlaanderen.be/Bijlagen/detail/172-D-006.sid", "CEVI_OID": 20068, "GEMEENTE": "Nukerke", "DETAILPLAN": "172-D-006", "TYPE_LABEL": "chemin" }, "geometry": { "type": "MultiLineString", "coordinates": [ [ [ 95192.057899996638298, 162972.974599998444319 ], [ 95248.392300002276897, 163083.838599998503923 ], [ 95273.143299996852875, 163200.374699998646975 ], [ 95282.940600000321865, 163296.027199998497963 ], [ 95306.789300002157688, 163426.228000000119209 ], [ 95319.551500000059605, 163486.94539999961853 ], [ 95321.098499998450279, 163494.809000000357628 ], [ 95322.387599997222424, 163512.212099999189377 ], [ 95319.809399999678135, 163526.907999999821186 ], [ 95307.691699996590614, 163553.334899999201298 ], [ 95303.308700002729893, 163566.355000000447035 ] ] ] } },
{ "type": "Feature", "properties": { "ID": 20092.0, "NR": "4", "TYPE": "c", "LENGTH": 1005.897, "GEMID": "172", "PLANID": "https://geodiensten.oost-vlaanderen.be/Bijlagen/detail/172-D-006.sid", "CEVI_OID": 20069, "GEMEENTE": "Nukerke", "DETAILPLAN": "172-D-006", "TYPE_LABEL": "chemin" }, "geometry": { "type": "MultiLineString", "coordinates": [ [ [ 94630.647600002586842, 162884.541200000792742 ], [ 94615.951700001955032, 162904.651399999856949 ], [ 94596.614900000393391, 162922.183400001376867 ], [ 94589.524800002574921, 162933.52760000154376 ], [ 94583.723700001835823, 162941.906800001859665 ], [ 94571.605999998748302, 162942.680300001055002 ], [ 94548.530900001525879, 162946.160900000482798 ], [ 94542.214199997484684, 162950.5439000017941 ], [ 94537.831200003623962, 162960.856899999082088 ], [ 94531.256700001657009, 163039.235199999064207 ], [ 94528.42059999704361, 163080.357999999076128 ], [ 94526.873700000345707, 163099.823600001633167 ], [ 94521.072700001299381, 163123.156599998474121 ], [ 94508.568199999630451, 163154.868900001049042 ], [ 94496.063799999654293, 163177.944099999964237 ], [ 94488.329099997878075, 163187.612500000745058 ], [ 94454.554300002753735, 163212.621300000697374 ], [ 94441.792000003159046, 163222.031899999827147 ], [ 94432.768200002610683, 163232.860500000417233 ], [ 94429.287600003182888, 163245.364900000393391 ], [ 94419.232500001788139, 163296.413899999111891 ], [ 94418.330099999904633, 163322.196299999952316 ], [ 94411.239900000393391, 163357.131299998611212 ], [ 94398.735500000417233, 163393.484400000423193 ], [ 94374.629000000655651, 163451.881400000303984 ], [ 94345.62389999628067, 163518.786499999463558 ], [ 94339.307199999690056, 163544.697799999266863 ], [ 94326.545000001788139, 163592.524000000208616 ], [ 94297.02419999986887, 163677.219000000506639 ], [ 94285.679999999701977, 163699.778499998152256 ], [ 94268.019100002944469, 163728.912599999457598 ], [ 94258.0929000005126, 163742.83500000089407 ], [ 94240.431999996304512, 163761.269400000572205 ] ] ] } },
{ "type": "Feature", "properties": { "ID": 20095.0, "NR": "96", "TYPE": "s", "LENGTH": 475.506, "GEMID": "172", "PLANID": "https://geodiensten.oost-vlaanderen.be/Bijlagen/detail/172-D-006.sid", "CEVI_OID": 20070, "GEMEENTE": "Nukerke", "DETAILPLAN": "172-D-006", "TYPE_LABEL": "sentier" }, "geometry": { "type": "MultiLineString", "coordinates": [ [ [ 95322.387599997222424, 163512.212099999189377 ], [ 95332.056000001728535, 163496.227000001817942 ], [ 95337.85700000077486, 163487.718800000846386 ], [ 95342.755599997937679, 163482.304499998688698 ], [ 95353.197499997913837, 163475.730099998414516 ], [ 95361.061099998652935, 163472.378299999982119 ], [ 95380.526799999177456, 163467.092999998480082 ], [ 95405.020000003278255, 163458.842599999159575 ], [ 95455.295500002801418, 163421.329300001263618 ], [ 95464.319300003349781, 163415.012699998915195 ], [ 95579.566399998962879, 163373.116399999707937 ], [ 95609.473899997770786, 163365.123799998313189 ], [ 95650.596699997782707, 163353.135099999606609 ], [ 95678.441600002348423, 163338.439100001007318 ], [ 95735.549500003457069, 163296.800700001418591 ] ] ] } },
{ "type": "Feature", "properties": { "ID": 20096.0, "NR": "97", "TYPE": "s", "LENGTH": 96.236, "GEMID": "172", "PLANID": "https://geodiensten.oost-vlaanderen.be/Bijlagen/detail/172-D-006.sid", "CEVI_OID": 20071, "GEMEENTE": "Nukerke", "DETAILPLAN": "172-D-006", "TYPE_LABEL": "sentier" }, "geometry": { "type": "MultiLineString", "coordinates": [ [ [ 95641.830700002610683, 164175.591499999165535 ], [ 95664.003499999642372, 164168.759199999272823 ], [ 95685.273900002241135, 164161.926899999380112 ], [ 95699.711999997496605, 164156.125799998641014 ], [ 95707.446699999272823, 164152.38740000128746 ], [ 95712.216499999165535, 164149.422400001436472 ], [ 95715.310400001704693, 164145.941799998283386 ], [ 95722.013800002634525, 164131.116999998688698 ] ] ] } },
{ "type": "Feature", "properties": { "ID": 20097.0, "NR": "98", "TYPE": "s", "LENGTH": 540.716, "GEMID": "172", "PLANID": "https://geodiensten.oost-vlaanderen.be/Bijlagen/detail/172-D-006.sid", "CEVI_OID": 20072, "GEMEENTE": "Nukerke", "DETAILPLAN": "172-D-006", "TYPE_LABEL": "sentier" }, "geometry": { "type": "MultiLineString", "coordinates": [ [ [ 95361.189999997615814, 164106.881599999964237 ], [ 95364.026100002229214, 164101.982900001108646 ], [ 95371.760799996554852, 164092.314599998295307 ], [ 95379.753300003707409, 164085.224399998784065 ], [ 95392.902300000190735, 164072.075399998575449 ], [ 95399.734600000083447, 164063.051600001752377 ], [ 95405.406700000166893, 164051.578499998897314 ], [ 95419.715899996459484, 164014.322999998927116 ], [ 95440.986299999058247, 163985.317899998277426 ], [ 95468.960199996829033, 163975.391699999570847 ], [ 95512.145599998533726, 163948.062399998307228 ], [ 95565.257200002670288, 163869.55519999936223 ], [ 95570.929300002753735, 163863.883099999278784 ], [ 95639.896999999880791, 163796.075500000268221 ], [ 95627.134800001978874, 163779.832699999213219 ], [ 95699.196400001645088, 163721.951299998909235 ] ] ] } },
{ "type": "Feature", "properties": { "ID": 20099.0, "NR": "9999", "TYPE": "gra", "LENGTH": 1180.213, "GEMID": "172", "PLANID": "https://geodiensten.oost-vlaanderen.be/Bijlagen/detail/172-D-006.sid", "CEVI_OID": 20073, "GEMEENTE": "Nukerke", "DETAILPLAN": "172-D-006", "TYPE_LABEL": "grande route" }, "geometry": { "type": "MultiLineString", "coordinates": [ [ [ 95042.9070999994874, 162960.3412000015378 ], [ 95041.746899999678135, 162968.591600000858307 ], [ 95039.684299997985363, 162991.408900000154972 ], [ 95038.395199999213219, 163004.686799999326468 ], [ 95060.696900002658367, 163132.696100000292063 ], [ 95063.661899998784065, 163149.841400001198053 ], [ 95103.237800002098083, 163324.258799999952316 ], [ 95112.261600002646446, 163364.737100001424551 ], [ 95103.882299996912479, 163456.006599999964237 ], [ 95095.116300001740456, 163524.071899998933077 ], [ 95072.943499997258186, 163694.750999998301268 ], [ 95057.47410000115633, 163817.217099998146296 ], [ 95061.341499999165535, 163893.790600001811981 ], [ 95068.044900000095367, 163985.446800000965595 ], [ 95070.751999996602535, 164022.057700000703335 ], [ 95077.971100002527237, 164128.667599998414516 ] ] ] } },
{ "type": "Feature", "properties": { "ID": 20098.0, "NR": "99", "TYPE": "s", "LENGTH": 832.762, "GEMID": "172", "PLANID": "https://geodiensten.oost-vlaanderen.be/Bijlagen/detail/172-D-006.sid", "CEVI_OID": 20074, "GEMEENTE": "Nukerke", "DETAILPLAN": "172-D-006", "TYPE_LABEL": "sentier" }, "geometry": { "type": "MultiLineString", "coordinates": [ [ [ 95706.286499999463558, 163633.260099999606609 ], [ 95661.683100000023842, 163556.299800001084805 ], [ 95660.136200003325939, 163552.045800000429153 ], [ 95579.566399998962879, 163373.116399999707937 ], [ 95528.775200001895428, 163251.423799999058247 ], [ 95595.551399998366833, 163203.081900000572205 ], [ 95567.964299999177456, 163162.732500001788139 ], [ 95577.116999998688698, 163155.1266999989748 ], [ 95513.047899998724461, 163068.755899999290705 ], [ 95512.532300002872944, 163062.052499998360872 ], [ 95506.215599998831749, 163013.581700000911951 ], [ 95471.538400001823902, 162965.11089999973774 ], [ 95452.072700001299381, 162938.039500001817942 ] ], [ [ 95704.352899998426437, 163633.904699999839067 ], [ 95710.024999998509884, 163644.346500001847744 ] ] ] } },
{ "type": "Feature", "properties": { "ID": 20100.0, "NR": "100", "TYPE": "s", "LENGTH": 489.14, "GEMID": "172", "PLANID": "https://geodiensten.oost-vlaanderen.be/Bijlagen/detail/172-D-007.sid", "CEVI_OID": 20075, "GEMEENTE": "Nukerke", "DETAILPLAN": "172-D-007", "TYPE_LABEL": "sentier" }, "geometry": { "type": "MultiLineString", "coordinates": [ [ [ 95604.704099997878075, 163908.8733000010252 ], [ 95645.569099999964237, 163942.776999998837709 ], [ 95677.152500003576279, 163968.688299998641014 ], [ 95718.14639999717474, 164002.205299999564886 ], [ 95768.550899997353554, 164088.962799999862909 ], [ 95789.047799997031689, 164119.772700000554323 ], [ 95787.500900000333786, 164123.640099998563528 ], [ 95844.737700000405312, 164160.766600001603365 ], [ 95925.694200001657009, 164228.831999998539686 ], [ 95946.320100001990795, 164245.848299998790026 ] ] ] } },
{ "type": "Feature", "properties": { "ID": 20101.0, "NR": "112", "TYPE": "s", "LENGTH": 168.97, "GEMID": "172", "PLANID": "https://geodiensten.oost-vlaanderen.be/Bijlagen/detail/172-D-007.sid", "CEVI_OID": 20076, "GEMEENTE": "Nukerke", "DETAILPLAN": "172-D-007", "TYPE_LABEL": "sentier" }, "geometry": { "type": "MultiLineString", "coordinates": [ [ [ 95817.408399999141693, 163062.181400001049042 ], [ 95768.808700002729893, 163087.0614 ], [ 95720.46679999679327, 163112.843699999153614 ], [ 95671.738200001418591, 163147.134199999272823 ] ] ] } },
{ "type": "Feature", "properties": { "ID": 20102.0, "NR": "113", "TYPE": "s", "LENGTH": 294.55, "GEMID": "172", "PLANID": "https://geodiensten.oost-vlaanderen.be/Bijlagen/detail/172-D-007.sid", "CEVI_OID": 20077, "GEMEENTE": "Nukerke", "DETAILPLAN": "172-D-007", "TYPE_LABEL": "sentier" }, "geometry": { "type": "MultiLineString", "coordinates": [ [ [ 95704.868500001728535, 163404.957499999552965 ], [ 95899.009499996900558, 163428.290600001811981 ], [ 95997.369099996984005, 163439.634799998253584 ] ] ] } },
{ "type": "Feature", "properties": { "ID": 20103.0, "NR": "114", "TYPE": "s", "LENGTH": 819.219, "GEMID": "172", "PLANID": "https://geodiensten.oost-vlaanderen.be/Bijlagen/detail/172-D-007.sid", "CEVI_OID": 20078, "GEMEENTE": "Nukerke", "DETAILPLAN": "172-D-007", "TYPE_LABEL": "sentier" }, "geometry": { "type": "MultiLineString", "coordinates": [ [ [ 96243.074699997901917, 163117.742400001734495 ], [ 96281.619300000369549, 163182.713799998164177 ], [ 96311.140100002288818, 163233.24720000103116 ], [ 96326.609499998390675, 163258.256099998950958 ], [ 96337.180200003087521, 163273.080899998545647 ], [ 96358.192800000309944, 163301.441500000655651 ], [ 96398.026500001549721, 163344.755800001323223 ], [ 96443.919100001454353, 163371.569400001317263 ], [ 96564.451499998569489, 163443.631000000983477 ], [ 96637.673299998044968, 163489.136900000274181 ], [ 96639.478100001811981, 163490.168200001120567 ], [ 96692.589699998497963, 163528.583799999207258 ], [ 96746.216899998486042, 163565.581500001251698 ], [ 96789.531300000846386, 163600.387600000947714 ] ], [ [ 96824.466300003230572, 163687.403000000864267 ], [ 96773.288400001823902, 163632.228799998760223 ] ] ] } },
{ "type": "Feature", "properties": { "ID": 20104.0, "NR": "12", "TYPE": "c", "LENGTH": 1305.594, "GEMID": "172", "PLANID": "https://geodiensten.oost-vlaanderen.be/Bijlagen/detail/172-D-007.sid", "CEVI_OID": 20079, "GEMEENTE": "Nukerke", "DETAILPLAN": "172-D-007", "TYPE_LABEL": "chemin" }, "geometry": { "type": "MultiLineString", "coordinates": [ [ [ 96057.1841000020504, 163097.760999999940395 ], [ 96061.696000002324581, 163106.913800001144409 ], [ 96069.043999999761581, 163129.989000000059605 ], [ 96074.45830000191927, 163153.837600000202656 ], [ 96080.903800003230572, 163169.564800001680851 ], [ 96092.892599999904633, 163190.319600000977516 ], [ 96094.052799999713898, 163191.60869999974966 ], [ 96108.619800001382828, 163207.980500001460314 ], [ 96129.374600000679493, 163231.829199999570847 ], [ 96132.081799998879433, 163234.665199998766184 ], [ 96147.035499997437, 163250.650299999862909 ], [ 96167.790299996733665, 163272.17850000038743 ], [ 96172.431100003421307, 163276.819400001317263 ], [ 96182.744099996984005, 163287.13230000063777 ], [ 96191.1233000010252, 163298.218699999153614 ], [ 96196.15089999884367, 163309.820700000971556 ], [ 96199.631499998271465, 163322.067299999296665 ], [ 96200.533900000154972, 163326.450300000607967 ], [ 96204.530100002884865, 163345.142499998211861 ], [ 96219.226099997758865, 163381.237799998372793 ], [ 96255.708099998533726, 163503.832800000905991 ], [ 96250.680500000715256, 163521.10700000077486 ], [ 96253.000900000333786, 163530.64640000090003 ], [ 96269.888300001621246, 163608.7668999992311 ], [ 96271.048500001430511, 163614.052299998700619 ], [ 96295.155000001192093, 163641.897199999541044 ], [ 96312.042499996721745, 163655.690699998289347 ], [ 96322.999899998307228, 163668.710799999535084 ], [ 96328.543099999427795, 163675.285300001502037 ], [ 96336.277800001204014, 163684.953699998557568 ], [ 96346.332999996840954, 163705.708500001579523 ], [ 96350.844899997115135, 163722.982599999755621 ], [ 96352.391800001263618, 163736.389400001615286 ], [ 96341.305399999022484, 163765.523499999195337 ], [ 96323.257799997925758, 163808.579999998211861 ], [ 96307.917300000786781, 163836.553800001740456 ], [ 96301.987300001084805, 163845.964400000870228 ], [ 96292.447899997234344, 163860.789200000464916 ], [ 96260.864500001072884, 163905.134799998253584 ], [ 96253.387599997222424, 163915.705600000917912 ], [ 96231.472699999809265, 163949.351500000804663 ], [ 96217.550200000405312, 163970.621899999678135 ], [ 96191.896799996495247, 164005.94370000064373 ], [ 96175.009400002658367, 164036.624699998646975 ], [ 96147.680100001394749, 164075.040399998426437 ], [ 96144.586199998855591, 164084.966600000858307 ], [ 96136.722599998116493, 164119.514899998903275 ], [ 96135.433499999344349, 164125.315900001674891 ], [ 96122.026699997484684, 164162.571400001645088 ], [ 96103.850100003182888, 164199.826900001615286 ], [ 96100.498400002717972, 164206.788100000470877 ], [ 96086.962700001895428, 164220.581700000911951 ], [ 96077.810000002384186, 164229.734400000423193 ], [ 96073.169100001454353, 164238.113600000739098 ] ] ] } },
{ "type": "Feature", "properties": { "ID": 20105.0, "NR": "140", "TYPE": "s", "LENGTH": 37.025, "GEMID": "172", "PLANID": "https://geodiensten.oost-vlaanderen.be/Bijlagen/detail/172-D-007.sid", "CEVI_OID": 20080, "GEMEENTE": "Nukerke", "DETAILPLAN": "172-D-007", "TYPE_LABEL": "sentier" }, "geometry": { "type": "MultiLineString", "coordinates": [ [ [ 96437.731299996376038, 163097.374299999326468 ], [ 96461.064300000667572, 163068.627000000327826 ] ] ] } },
{ "type": "Feature", "properties": { "ID": 20106.0, "NR": "145", "TYPE": "s", "LENGTH": 76.854, "GEMID": "172", "PLANID": "https://geodiensten.oost-vlaanderen.be/Bijlagen/detail/172-D-007.sid", "CEVI_OID": 20081, "GEMEENTE": "Nukerke", "DETAILPLAN": "172-D-007", "TYPE_LABEL": "sentier" }, "geometry": { "type": "MultiLineString", "coordinates": [ [ [ 95909.967000000178814, 163094.53830000013113 ], [ 95890.630199998617172, 163168.920299999415874 ] ] ] } },
{ "type": "Feature", "properties": { "ID": 20107.0, "NR": "19", "TYPE": "c", "LENGTH": 1156.919, "GEMID": "172", "PLANID": "https://geodiensten.oost-vlaanderen.be/Bijlagen/detail/172-D-007.sid", "CEVI_OID": 20082, "GEMEENTE": "Nukerke", "DETAILPLAN": "172-D-007", "TYPE_LABEL": "chemin" }, "geometry": { "type": "MultiLineString", "coordinates": [ [ [ 96147.680100001394749, 164075.040399998426437 ], [ 96138.527400001883507, 164066.532200001180172 ], [ 96121.639899998903275, 164017.416900001466274 ], [ 96106.041599996387959, 163973.715799998492002 ], [ 96096.373199999332428, 163946.515500001609325 ], [ 96094.568499997258186, 163938.522900000214577 ], [ 96094.181699998676777, 163893.661699999123812 ], [ 96091.21679999679327, 163886.700399998575449 ], [ 96084.642300002276897, 163879.094700001180172 ], [ 96066.5945999994874, 163862.851799998432398 ], [ 96063.371799997985363, 163840.936799999326468 ], [ 96061.567100003361702, 163824.049400001764297 ], [ 96060.922499999403954, 163806.904100000858307 ], [ 96060.406900003552437, 163793.497299998998642 ], [ 96066.5945999994874, 163757.27309999987483 ], [ 96068.786100000143051, 163733.03770000115037 ], [ 96065.563299998641014, 163719.759799998253584 ], [ 96061.567100003361702, 163682.762200001627207 ], [ 96065.563299998641014, 163658.526799999177456 ], [ 96075.489500001072884, 163653.499200001358986 ], [ 96081.677299998700619, 163650.4054000005126 ], [ 96089.0253000035882, 163641.639400001615286 ], [ 96091.603500001132488, 163632.744500000029802 ], [ 96093.150399997830391, 163622.818300001323223 ], [ 96085.028999999165535, 163591.621599998325109 ], [ 96081.032700002193451, 163569.190999999642372 ], [ 96074.716099999845028, 163511.180799998342991 ], [ 96068.141599997878075, 163458.842599999159575 ], [ 95997.369099996984005, 163439.634799998253584 ], [ 95990.278899997472763, 163423.520799998193979 ], [ 95978.805799998342991, 163384.331700000911951 ], [ 95972.746899999678135, 163345.52930000051856 ], [ 95969.653099998831749, 163332.767000000923872 ], [ 95958.179899998009205, 163311.109900001436472 ], [ 95947.093500003218651, 163297.960900001227856 ], [ 95925.307499997317791, 163249.747900001704693 ], [ 95907.904399998486042, 163214.683899998664856 ], [ 95905.84179999679327, 163201.79280000180006 ], [ 95902.876800000667572, 163195.218299999833107 ], [ 95899.525100000202656, 163178.846500001847744 ], [ 95890.630199998617172, 163168.920299999415874 ], [ 95867.039399996399879, 163144.813799999654293 ], [ 95858.273400001227856, 163137.208000000566244 ], [ 95851.441100001335144, 163125.477099999785423 ], [ 95846.542400002479553, 163115.937600001692772 ], [ 95843.319600000977516, 163109.878699999302626 ], [ 95835.971699997782707, 163095.053899999707937 ], [ 95817.408399999141693, 163062.181400001049042 ], [ 95816.377099998295307, 163060.3766999989748 ] ] ] } },
{ "type": "Feature", "properties": { "ID": 20108.0, "NR": "20", "TYPE": "c", "LENGTH": 623.282, "GEMID": "172", "PLANID": "https://geodiensten.oost-vlaanderen.be/Bijlagen/detail/172-D-007.sid", "CEVI_OID": 20083, "GEMEENTE": "Nukerke", "DETAILPLAN": "172-D-007", "TYPE_LABEL": "chemin" }, "geometry": { "type": "MultiLineString", "coordinates": [ [ [ 95997.369099996984005, 163439.634799998253584 ], [ 95992.083700001239777, 163448.787500001490116 ], [ 95971.715700000524521, 163469.80009999871254 ], [ 95966.301399998366833, 163473.022900000214577 ], [ 95956.504100002348423, 163478.823899999260902 ], [ 95918.475100003182888, 163500.094399999827147 ], [ 95864.718999996781349, 163530.388599999248981 ], [ 95791.368199996650219, 163576.796799998730421 ], [ 95765.070299997925758, 163596.520300000905991 ], [ 95735.936200000345707, 163621.915899999439716 ], [ 95724.849799998104572, 163629.650600001215935 ], [ 95701.387900002300739, 163638.416600000113249 ], [ 95698.680699996650219, 163639.447900000959635 ], [ 95666.323899999260902, 163648.600600000470877 ], [ 95657.428999997675419, 163649.374099999666214 ], [ 95650.467799998819828, 163648.08500000089407 ], [ 95644.022200003266335, 163644.604299999773502 ] ], [ [ 96068.141599997878075, 163458.842599999159575 ], [ 96080.645999997854233, 163453.170499999076128 ], [ 96087.220499999821186, 163451.881400000303984 ], [ 96137.109300002455711, 163467.608600001782179 ], [ 96188.416199997067451, 163473.796399999409914 ], [ 96194.603900000452995, 163475.730099998414516 ], [ 96224.769299998879433, 163505.379700001329184 ], [ 96237.273699998855591, 163515.177000001072884 ], [ 96250.680500000715256, 163521.10700000077486 ] ] ] } },
{ "type": "Feature", "properties": { "ID": 20109.0, "NR": "26", "TYPE": "c", "LENGTH": 114.79, "GEMID": "172", "PLANID": "https://geodiensten.oost-vlaanderen.be/Bijlagen/detail/172-D-007.sid", "CEVI_OID": 20084, "GEMEENTE": "Nukerke", "DETAILPLAN": "172-D-007", "TYPE_LABEL": "chemin" }, "geometry": { "type": "MultiLineString", "coordinates": [ [ [ 96948.608300000429153, 163675.543099999427795 ], [ 97006.747400000691414, 163645.764499999582767 ], [ 97050.706299997866154, 163623.076099999248981 ] ] ] } },
{ "type": "Feature", "properties": { "ID": 20110.0, "NR": "33", "TYPE": "c", "LENGTH": 706.442, "GEMID": "172", "PLANID": "https://geodiensten.oost-vlaanderen.be/Bijlagen/detail/172-D-007.sid", "CEVI_OID": 20085, "GEMEENTE": "Nukerke", "DETAILPLAN": "172-D-007", "TYPE_LABEL": "chemin" }, "geometry": { "type": "MultiLineString", "coordinates": [ [ [ 96352.391800001263618, 163736.389400001615286 ], [ 96363.607100002467632, 163746.315600000321865 ], [ 96373.275499999523163, 163753.534699998795986 ], [ 96379.463299997150898, 163761.527199998497963 ], [ 96389.260499998927116, 163780.219399999827147 ], [ 96395.83500000089407, 163798.267000000923872 ], [ 96404.085400000214577, 163828.819099999964237 ], [ 96406.148000001907349, 163837.456199999898672 ], [ 96420.07039999961853, 163841.581399999558926 ], [ 96434.250699996948242, 163844.417399998754263 ], [ 96445.337099999189377, 163844.546300001442432 ], [ 96457.454800002276897, 163844.675200000405312 ], [ 96470.990500003099442, 163842.999400001019239 ], [ 96487.620099999010563, 163836.038199998438358 ], [ 96509.148400001227856, 163824.565000001341105 ], [ 96529.129699997603893, 163805.743900001049042 ], [ 96548.337499998509884, 163793.110599998384714 ], [ 96562.904600001871586, 163784.086800001561642 ], [ 96586.10869999974966, 163775.062899999320507 ], [ 96606.605599999427795, 163768.101700000464916 ], [ 96617.047499999403954, 163760.495900001376867 ], [ 96661.779799997806549, 163716.537000000476837 ], [ 96709.219300001859665, 163741.803700000047684 ], [ 96728.685000002384186, 163737.678599998354912 ], [ 96743.896499998867512, 163732.779899999499321 ], [ 96778.186999998986721, 163721.0489999987185 ], [ 96794.172100000083447, 163712.669700000435114 ], [ 96824.466300003230572, 163687.403000000864267 ], [ 96841.611599996685982, 163673.480500001460314 ], [ 96910.708200000226498, 163623.978500001132488 ] ] ] } },
{ "type": "Feature", "properties": { "ID": 20111.0, "NR": "34", "TYPE": "c", "LENGTH": 493.992, "GEMID": "172", "PLANID": "https://geodiensten.oost-vlaanderen.be/Bijlagen/detail/172-D-007.sid", "CEVI_OID": 20086, "GEMEENTE": "Nukerke", "DETAILPLAN": "172-D-007", "TYPE_LABEL": "chemin" }, "geometry": { "type": "MultiLineString", "coordinates": [ [ [ 96312.042499996721745, 163655.690699998289347 ], [ 96354.196599997580051, 163613.278799999505281 ], [ 96416.332000002264977, 163550.885600000619888 ], [ 96418.910199999809265, 163542.506299998611212 ], [ 96443.919100001454353, 163371.569400001317263 ], [ 96466.3496999964118, 163279.010899998247623 ], [ 96509.406199999153614, 163224.610100001096725 ] ] ] } },
{ "type": "Feature", "properties": { "ID": 20112.0, "NR": "38", "TYPE": "c", "LENGTH": 342.77, "GEMID": "172", "PLANID": "https://geodiensten.oost-vlaanderen.be/Bijlagen/detail/172-D-007.sid", "CEVI_OID": 20087, "GEMEENTE": "Nukerke", "DETAILPLAN": "172-D-007", "TYPE_LABEL": "chemin" }, "geometry": { "type": "MultiLineString", "coordinates": [ [ [ 96843.803099997341633, 164237.469099998474121 ], [ 96844.447599999606609, 164227.414000000804663 ], [ 96847.541500002145767, 164216.06980000063777 ], [ 96851.79559999704361, 164208.464000001549721 ], [ 96858.627899996936321, 164198.924499999731779 ], [ 96863.655500002205372, 164192.865699999034405 ], [ 96871.648000001907349, 164183.326200000941753 ], [ 96879.253799997270107, 164174.689100001007318 ], [ 96884.668099999427795, 164166.825500000268221 ], [ 96886.859600000083447, 164158.961899999529123 ], [ 96886.859600000083447, 164153.289799999445677 ], [ 96884.410300001502037, 164146.070700000971556 ], [ 96879.898299999535084, 164137.5625 ], [ 96873.581699997186661, 164126.605099998414516 ], [ 96868.554099999368191, 164117.839099999517202 ], [ 96865.073499999940395, 164110.491099998354912 ], [ 96856.049699999392033, 164088.576099999248981 ], [ 96851.151000000536442, 164075.813900001347065 ], [ 96848.057199999690056, 164064.211800001561642 ], [ 96848.057199999690056, 164057.637299999594688 ], [ 96849.217399999499321, 164050.676100000739098 ], [ 96853.213600002229214, 164044.617199998348951 ], [ 96859.14360000193119, 164039.074000000953674 ], [ 96867.909599997103214, 164033.272999998182058 ], [ 96898.332699999213219, 164006.20160000026226 ], [ 96906.454099997878075, 163998.208999998867512 ], [ 96915.864699997007847, 163986.220300000160933 ], [ 96922.954800002276897, 163975.004900000989437 ], [ 96936.877300001680851, 163951.156300000846386 ] ] ] } },
{ "type": "Feature", "properties": { "ID": 20113.0, "NR": "40", "TYPE": "c", "LENGTH": 465.562, "GEMID": "172", "PLANID": "https://geodiensten.oost-vlaanderen.be/Bijlagen/detail/172-D-007.sid", "CEVI_OID": 20088, "GEMEENTE": "Nukerke", "DETAILPLAN": "172-D-007", "TYPE_LABEL": "chemin" }, "geometry": { "type": "MultiLineString", "coordinates": [ [ [ 96406.148000001907349, 163837.456199999898672 ], [ 96405.116700001060963, 163866.461300000548363 ], [ 96408.726199999451637, 163900.365100000053644 ], [ 96418.394599996507168, 163962.758299998939037 ], [ 96420.07039999961853, 163965.852200001478195 ], [ 96424.324500001966953, 163973.715799998492002 ], [ 96444.6925999969244, 163995.888599999248981 ], [ 96493.16330000013113, 164048.484600000083447 ], [ 96500.253499999642372, 164059.570999998599291 ], [ 96507.988200001418591, 164080.841400001198053 ], [ 96520.105899997055531, 164100.436000000685453 ], [ 96548.208599999547005, 164140.527499999850988 ], [ 96528.098399996757507, 164204.467700000852346 ], [ 96513.015699997544289, 164252.55180000141263 ] ] ] } },
{ "type": "Feature", "properties": { "ID": 20114.0, "NR": "43", "TYPE": "c", "LENGTH": 259.438, "GEMID": "172", "PLANID": "https://geodiensten.oost-vlaanderen.be/Bijlagen/detail/172-D-007.sid", "CEVI_OID": 20089, "GEMEENTE": "Nukerke", "DETAILPLAN": "172-D-007", "TYPE_LABEL": "chemin" }, "geometry": { "type": "MultiLineString", "coordinates": [ [ [ 96661.779799997806549, 163716.537000000476837 ], [ 96673.76860000193119, 163703.388099998235703 ], [ 96687.562100000679493, 163693.332899998873472 ], [ 96699.937700003385544, 163687.145199999213219 ], [ 96715.793799996376038, 163680.312899999320507 ], [ 96726.493500001728535, 163676.058800000697374 ], [ 96737.579899996519089, 163670.257800001651049 ], [ 96750.342100001871586, 163661.620700001716614 ], [ 96761.686300002038479, 163653.885999999940395 ], [ 96766.58500000089407, 163644.733199998736382 ], [ 96773.288400001823902, 163632.228799998760223 ], [ 96781.280900001525879, 163614.181200001388788 ], [ 96789.531300000846386, 163600.387600000947714 ], [ 96814.411200001835823, 163566.999499998986721 ], [ 96837.486400000751019, 163536.447399999946356 ] ] ] } },
{ "type": "Feature", "properties": { "ID": 20116.0, "NR": "65", "TYPE": "s", "LENGTH": 89.69, "GEMID": "172", "PLANID": "https://geodiensten.oost-vlaanderen.be/Bijlagen/detail/172-D-007.sid", "CEVI_OID": 20090, "GEMEENTE": "Nukerke", "DETAILPLAN": "172-D-007", "TYPE_LABEL": "sentier" }, "geometry": { "type": "MultiLineString", "coordinates": [ [ [ 95925.694200001657009, 164228.831999998539686 ], [ 95865.105700001120567, 164294.963700000196695 ] ] ] } },
{ "type": "Feature", "properties": { "ID": 20115.0, "NR": "6", "TYPE": "c", "LENGTH": 888.398, "GEMID": "172", "PLANID": "https://geodiensten.oost-vlaanderen.be/Bijlagen/detail/172-D-007.sid", "CEVI_OID": 20091, "GEMEENTE": "Nukerke", "DETAILPLAN": "172-D-007", "TYPE_LABEL": "chemin" }, "geometry": { "type": "MultiLineString", "coordinates": [ [ [ 96990.246699996292591, 163736.776200000196695 ], [ 96964.206600002944469, 163700.680900000035763 ], [ 96948.608300000429153, 163675.543099999427795 ], [ 96910.708200000226498, 163623.978500001132488 ], [ 96895.496699996292591, 163596.520300000905991 ], [ 96837.486400000751019, 163536.447399999946356 ], [ 96792.625100001692772, 163487.332100000232458 ], [ 96765.424800001084805, 163455.490899998694658 ], [ 96761.170699998736382, 163450.46339999884367 ], [ 96739.77139999717474, 163425.583399999886751 ], [ 96710.37950000166893, 163403.7972999997437 ], [ 96692.718599997460842, 163391.292899999767542 ], [ 96637.931100003421307, 163360.22520000115037 ], [ 96599.128700003027916, 163333.540500000119209 ], [ 96563.678000003099442, 163305.566700000315905 ], [ 96540.087200000882149, 163274.88569999858737 ], [ 96509.406199999153614, 163224.610100001096725 ], [ 96486.331000000238419, 163188.901599999517202 ], [ 96454.489799998700619, 163137.981499999761581 ], [ 96444.305799998342991, 163114.390700001269579 ], [ 96437.731299996376038, 163097.374299999326468 ], [ 96426.773800000548363, 163069.400499999523163 ] ] ] } },
{ "type": "Feature", "properties": { "ID": 20117.0, "NR": "70", "TYPE": "s", "LENGTH": 322.101, "GEMID": "172", "PLANID": "https://geodiensten.oost-vlaanderen.be/Bijlagen/detail/172-D-007.sid", "CEVI_OID": 20092, "GEMEENTE": "Nukerke", "DETAILPLAN": "172-D-007", "TYPE_LABEL": "sentier" }, "geometry": { "type": "MultiLineString", "coordinates": [ [ [ 96420.07039999961853, 163965.852200001478195 ], [ 96412.593599997460842, 163968.559399999678135 ], [ 96301.987300001084805, 163845.964400000870228 ] ], [ [ 96596.679399996995926, 164232.57039999961853 ], [ 96629.93860000371933, 164195.315000001341105 ], [ 96551.302500002086163, 164140.26969999819994 ], [ 96548.208599999547005, 164140.527499999850988 ] ] ] } },
{ "type": "Feature", "properties": { "ID": 20118.0, "NR": "80", "TYPE": "s", "LENGTH": 254.233, "GEMID": "172", "PLANID": "https://geodiensten.oost-vlaanderen.be/Bijlagen/detail/172-D-007.sid", "CEVI_OID": 20093, "GEMEENTE": "Nukerke", "DETAILPLAN": "172-D-007", "TYPE_LABEL": "sentier" }, "geometry": { "type": "MultiLineString", "coordinates": [ [ [ 96444.6925999969244, 163995.888599999248981 ], [ 96375.338100001215935, 164081.486000001430511 ], [ 96353.809799998998642, 164223.933400001376867 ] ] ] } },
{ "type": "Feature", "properties": { "ID": 20119.0, "NR": "86", "TYPE": "s", "LENGTH": 330.236, "GEMID": "172", "PLANID": "https://geodiensten.oost-vlaanderen.be/Bijlagen/detail/172-D-007.sid", "CEVI_OID": 20094, "GEMEENTE": "Nukerke", "DETAILPLAN": "172-D-007", "TYPE_LABEL": "sentier" }, "geometry": { "type": "MultiLineString", "coordinates": [ [ [ 96739.77139999717474, 163425.583399999886751 ], [ 96786.695200003683567, 163387.038800001144409 ], [ 96799.844200000166893, 163379.81980000063777 ], [ 96830.009499996900558, 163358.033700000494719 ], [ 96893.17620000243187, 163310.852000001817942 ], [ 96927.59570000320673, 163257.482599999755621 ], [ 96972.070200003683567, 163197.151900000870228 ] ] ] } },
{ "type": "Feature", "properties": { "ID": 20120.0, "NR": "87", "TYPE": "s", "LENGTH": 51.464, "GEMID": "172", "PLANID": "https://geodiensten.oost-vlaanderen.be/Bijlagen/detail/172-D-007.sid", "CEVI_OID": 20095, "GEMEENTE": "Nukerke", "DETAILPLAN": "172-D-007", "TYPE_LABEL": "sentier" }, "geometry": { "type": "MultiLineString", "coordinates": [ [ [ 97006.747400000691414, 163645.764499999582767 ], [ 97012.80629999935627, 163633.904699999839067 ], [ 97024.150499999523163, 163618.048500001430511 ], [ 97028.920199997723103, 163613.92339999973774 ], [ 97034.076700001955032, 163602.708000000566244 ] ] ] } },
{ "type": "Feature", "properties": { "ID": 20121.0, "NR": "88", "TYPE": "s", "LENGTH": 195.243, "GEMID": "172", "PLANID": "https://geodiensten.oost-vlaanderen.be/Bijlagen/detail/172-D-007.sid", "CEVI_OID": 20096, "GEMEENTE": "Nukerke", "DETAILPLAN": "172-D-007", "TYPE_LABEL": "sentier" }, "geometry": { "type": "MultiLineString", "coordinates": [ [ [ 96799.844200000166893, 163379.81980000063777 ], [ 96921.536799997091293, 163398.640900000929832 ], [ 96992.953900001943111, 163408.567099999636412 ] ] ] } },
{ "type": "Feature", "properties": { "ID": 20122.0, "NR": "92", "TYPE": "s", "LENGTH": 423.65, "GEMID": "172", "PLANID": "https://geodiensten.oost-vlaanderen.be/Bijlagen/detail/172-D-007.sid", "CEVI_OID": 20097, "GEMEENTE": "Nukerke", "DETAILPLAN": "172-D-007", "TYPE_LABEL": "sentier" }, "geometry": { "type": "MultiLineString", "coordinates": [ [ [ 96766.58500000089407, 163644.733199998736382 ], [ 96672.221600003540516, 163621.0135000012815 ], [ 96611.633199997246265, 163608.638000000268221 ], [ 96590.749499998986721, 163604.641699999570847 ], [ 96577.342699997127056, 163603.352600000798702 ], [ 96550.271200001239777, 163594.586599998176098 ], [ 96537.766800001263618, 163588.012099999934435 ], [ 96534.028300002217293, 163585.562800001353025 ], [ 96516.883100003004074, 163584.40260000154376 ], [ 96496.257200002670288, 163584.789299998432398 ], [ 96484.784100003540516, 163586.594099998474121 ], [ 96471.763999998569489, 163588.656700000166893 ], [ 96354.196599997580051, 163613.278799999505281 ] ] ] } },
{ "type": "Feature", "properties": { "ID": 20123.0, "NR": "93", "TYPE": "s", "LENGTH": 534.354, "GEMID": "172", "PLANID": "https://geodiensten.oost-vlaanderen.be/Bijlagen/detail/172-D-007.sid", "CEVI_OID": 20098, "GEMEENTE": "Nukerke", "DETAILPLAN": "172-D-007", "TYPE_LABEL": "sentier" }, "geometry": { "type": "MultiLineString", "coordinates": [ [ [ 96534.028300002217293, 163585.562800001353025 ], [ 96526.293600000441074, 163603.868200000375509 ], [ 96506.956900000572205, 163651.049899999052286 ], [ 96487.233400002121925, 163709.060199998319149 ], [ 96487.233400002121925, 163735.873799998313189 ], [ 96489.167099997401237, 163744.510899998247623 ], [ 96503.991899996995926, 163774.031599998474121 ], [ 96529.129699997603893, 163805.743900001049042 ] ], [ [ 96639.478100001811981, 163490.168200001120567 ], [ 96710.37950000166893, 163403.7972999997437 ] ], [ [ 96637.673299998044968, 163489.136900000274181 ], [ 96484.784100003540516, 163586.594099998474121 ] ] ] } },
{ "type": "Feature", "properties": { "ID": 20124.0, "NR": "94", "TYPE": "s", "LENGTH": 180.093, "GEMID": "172", "PLANID": "https://geodiensten.oost-vlaanderen.be/Bijlagen/detail/172-D-007.sid", "CEVI_OID": 20099, "GEMEENTE": "Nukerke", "DETAILPLAN": "172-D-007", "TYPE_LABEL": "sentier" }, "geometry": { "type": "MultiLineString", "coordinates": [ [ [ 96260.864500001072884, 163905.134799998253584 ], [ 96189.318499997258186, 163904.103500001132488 ], [ 96106.041599996387959, 163973.715799998492002 ] ] ] } },
{ "type": "Feature", "properties": { "ID": 20125.0, "NR": "95", "TYPE": "s", "LENGTH": 182.592, "GEMID": "172", "PLANID": "https://geodiensten.oost-vlaanderen.be/Bijlagen/detail/172-D-007.sid", "CEVI_OID": 20100, "GEMEENTE": "Nukerke", "DETAILPLAN": "172-D-007", "TYPE_LABEL": "sentier" }, "geometry": { "type": "MultiLineString", "coordinates": [ [ [ 96080.645999997854233, 163453.170499999076128 ], [ 96093.923900000751019, 163419.266699999570847 ], [ 96139.171899996697903, 163389.359200000762939 ], [ 96157.219499997794628, 163351.588100001215935 ], [ 96200.533900000154972, 163326.450300000607967 ] ] ] } },
{ "type": "Feature", "properties": { "ID": 20126.0, "NR": "96", "TYPE": "s", "LENGTH": 460.672, "GEMID": "172", "PLANID": "https://geodiensten.oost-vlaanderen.be/Bijlagen/detail/172-D-007.sid", "CEVI_OID": 20101, "GEMEENTE": "Nukerke", "DETAILPLAN": "172-D-007", "TYPE_LABEL": "sentier" }, "geometry": { "type": "MultiLineString", "coordinates": [ [ [ 95902.876800000667572, 163195.218299999833107 ], [ 95897.204700000584126, 163197.667599998414516 ], [ 95894.884300000965595, 163198.698899999260902 ], [ 95882.637699998915195, 163206.5625 ], [ 95877.352300003170967, 163209.914200000464916 ], [ 95866.781599998474121, 163222.676500000059605 ], [ 95852.343500003218651, 163235.180900000035763 ], [ 95840.999200001358986, 163242.915600001811981 ], [ 95733.486900001764297, 163296.413899999111891 ], [ 95735.162699997425079, 163300.152399998158216 ], [ 95671.995999999344349, 163340.759500000625849 ] ], [ [ 95905.84179999679327, 163201.79280000180006 ], [ 96061.696000002324581, 163106.913800001144409 ] ] ] } },
{ "type": "Feature", "properties": { "ID": 20127.0, "NR": "97", "TYPE": "s", "LENGTH": 868.297, "GEMID": "172", "PLANID": "https://geodiensten.oost-vlaanderen.be/Bijlagen/detail/172-D-007.sid", "CEVI_OID": 20102, "GEMEENTE": "Nukerke", "DETAILPLAN": "172-D-007", "TYPE_LABEL": "sentier" }, "geometry": { "type": "MultiLineString", "coordinates": [ [ [ 95789.047799997031689, 164119.772700000554323 ], [ 95805.032899998128414, 164078.134300000965595 ], [ 95822.564900003373623, 164041.136599998921156 ], [ 95829.655000001192093, 164026.311799999326468 ], [ 95892.821699999272823, 163946.773299999535084 ], [ 95946.577899999916553, 163878.578999999910593 ], [ 95998.142499998211861, 163860.789200000464916 ], [ 96011.549400001764297, 163850.34739999845624 ], [ 96063.371799997985363, 163840.936799999326468 ] ], [ [ 96060.922499999403954, 163806.904100000858307 ], [ 96186.998099997639656, 163723.1114999987185 ], [ 96192.928099997341633, 163730.072799999266863 ], [ 96243.977099999785423, 163679.797200001776218 ], [ 96295.155000001192093, 163641.897199999541044 ] ], [ [ 95649.436499997973442, 164177.654100000858307 ], [ 95704.094999998807907, 164156.899300001561642 ], [ 95710.153899997472763, 164154.449999999254942 ], [ 95713.634499996900558, 164153.031899999827147 ], [ 95716.341600000858307, 164149.938099998980761 ], [ 95719.306599996984005, 164142.074499998241663 ], [ 95720.46679999679327, 164137.046900000423193 ], [ 95721.884800001978874, 164136.660199999809265 ], [ 95747.53830000013113, 164139.109499998390675 ], [ 95753.597099997103214, 164139.109499998390675 ], [ 95761.718599997460842, 164138.464899998158216 ], [ 95779.250500001013279, 164129.956799998879433 ], [ 95786.211800001561642, 164125.315900001674891 ], [ 95787.500900000333786, 164123.640099998563528 ] ] ] } },
{ "type": "Feature", "properties": { "ID": 20128.0, "NR": "98", "TYPE": "s", "LENGTH": 435.805, "GEMID": "172", "PLANID": "https://geodiensten.oost-vlaanderen.be/Bijlagen/detail/172-D-007.sid", "CEVI_OID": 20103, "GEMEENTE": "Nukerke", "DETAILPLAN": "172-D-007", "TYPE_LABEL": "sentier" }, "geometry": { "type": "MultiLineString", "coordinates": [ [ [ 95766.875, 163738.967700000852346 ], [ 95909.064599998295307, 163779.31700000166893 ], [ 96011.549400001764297, 163850.34739999845624 ] ], [ [ 95636.545299999415874, 163802.005499999970198 ], [ 95623.783100001513958, 163782.410900000482798 ], [ 95730.39299999922514, 163691.785999998450279 ] ] ] } },
{ "type": "Feature", "properties": { "ID": 20129.0, "NR": "99", "TYPE": "s", "LENGTH": 519.524, "GEMID": "172", "PLANID": "https://geodiensten.oost-vlaanderen.be/Bijlagen/detail/172-D-007.sid", "CEVI_OID": 20104, "GEMEENTE": "Nukerke", "DETAILPLAN": "172-D-007", "TYPE_LABEL": "sentier" }, "geometry": { "type": "MultiLineString", "coordinates": [ [ [ 95698.680699996650219, 163639.447900000959635 ], [ 95730.39299999922514, 163691.785999998450279 ], [ 95766.875, 163738.967700000852346 ], [ 95812.767599999904633, 163798.267000000923872 ], [ 95818.568599998950958, 163883.219799999147654 ], [ 95829.655000001192093, 164026.311799999326468 ] ], [ [ 95701.387900002300739, 163638.416600000113249 ], [ 95657.042300000786781, 163554.366200000047684 ] ] ] } },
{ "type": "Feature", "properties": { "ID": 20130.0, "NR": "26", "TYPE": "c", "LENGTH": 946.754, "GEMID": "172", "PLANID": "https://geodiensten.oost-vlaanderen.be/Bijlagen/detail/172-D-008.sid", "CEVI_OID": 20105, "GEMEENTE": "Nukerke", "DETAILPLAN": "172-D-008", "TYPE_LABEL": "chemin" }, "geometry": { "type": "MultiLineString", "coordinates": [ [ [ 96950.541900001466274, 163685.082600001245737 ], [ 97013.966499999165535, 163653.757100000977516 ], [ 97119.416199997067451, 163605.028499998152256 ], [ 97206.818300001323223, 163579.890700001269579 ], [ 97220.869699999690056, 163575.120900001376867 ], [ 97249.616999998688698, 163558.362399999052286 ], [ 97273.465700000524521, 163544.440000001341105 ], [ 97293.446999996900558, 163537.478700000792742 ], [ 97321.163000002503395, 163531.677700001746416 ], [ 97363.317100003361702, 163525.361000001430511 ], [ 97383.040600001811981, 163530.130800001323223 ], [ 97395.802799999713898, 163533.998100001364946 ], [ 97403.408600002527237, 163533.998100001364946 ], [ 97412.69030000269413, 163532.322299998253584 ], [ 97419.135799996554852, 163527.552499998360872 ], [ 97433.445000000298023, 163512.727699998766184 ], [ 97445.433799996972084, 163500.094399999827147 ], [ 97459.485200002789497, 163486.6875 ], [ 97475.083499997854233, 163464.6435999982059 ], [ 97482.044699996709824, 163450.978999998420477 ], [ 97485.525399997830391, 163437.829999998211861 ], [ 97488.10360000282526, 163427.774900000542402 ], [ 97492.615500003099442, 163409.598400000482798 ], [ 97501.897100001573563, 163383.687100000679493 ], [ 97516.850900001823902, 163345.142499998211861 ], [ 97526.390299998223782, 163327.610500000417233 ], [ 97535.671999998390675, 163315.879599999636412 ], [ 97565.321699999272823, 163288.808100000023842 ], [ 97619.206699997186661, 163237.501299999654293 ], [ 97650.403399996459484, 163210.043099999427795 ], [ 97687.401000000536442, 163194.831500001251698 ] ] ] } },
{ "type": "Feature", "properties": { "ID": 20131.0, "NR": "27", "TYPE": "c", "LENGTH": 363.002, "GEMID": "172", "PLANID": "https://geodiensten.oost-vlaanderen.be/Bijlagen/detail/172-D-008.sid", "CEVI_OID": 20106, "GEMEENTE": "Nukerke", "DETAILPLAN": "172-D-008", "TYPE_LABEL": "chemin" }, "geometry": { "type": "MultiLineString", "coordinates": [ [ [ 97416.042000003159046, 163105.624699998646975 ], [ 97414.108300000429153, 163127.281800001859665 ], [ 97402.89299999922514, 163263.025800000876188 ], [ 97402.89299999922514, 163271.018300000578165 ], [ 97404.182099997997284, 163279.010899998247623 ], [ 97409.596400000154972, 163294.866999998688698 ], [ 97420.553900003433228, 163338.954799998551607 ], [ 97425.968199998140335, 163359.451699998229742 ], [ 97433.573899999260902, 163391.808600001037121 ], [ 97436.66780000180006, 163397.609600000083447 ], [ 97440.664099998772144, 163405.215399999171495 ], [ 97447.367499999701977, 163415.657200001180172 ], [ 97457.809299997985363, 163425.325599998235703 ], [ 97465.028399996459484, 163429.966400001198053 ], [ 97485.525399997830391, 163437.829999998211861 ] ] ] } },
{ "type": "Feature", "properties": { "ID": 20132.0, "NR": "30", "TYPE": "c", "LENGTH": 352.611, "GEMID": "172", "PLANID": "https://geodiensten.oost-vlaanderen.be/Bijlagen/detail/172-D-008.sid", "CEVI_OID": 20107, "GEMEENTE": "Nukerke", "DETAILPLAN": "172-D-008", "TYPE_LABEL": "chemin" }, "geometry": { "type": "MultiLineString", "coordinates": [ [ [ 97652.723800003528595, 164086.38459999859333 ], [ 97612.761200003325939, 164094.892799999564886 ], [ 97573.443099997937679, 164107.655000001192093 ], [ 97564.290399998426437, 164109.459800001233816 ], [ 97505.506700001657009, 164116.807799998670816 ], [ 97453.94200000166893, 164125.7027000002563 ], [ 97443.629100002348423, 164124.800299998372793 ], [ 97407.5337999984622, 164116.807799998670816 ], [ 97378.915399998426437, 164089.349599998444319 ], [ 97374.403499998152256, 164086.38459999859333 ], [ 97370.922899998724461, 164085.997900001704693 ], [ 97338.050399996340275, 164092.572399999946356 ], [ 97318.197999998927116, 164095.795200001448393 ] ] ] } },
{ "type": "Feature", "properties": { "ID": 20133.0, "NR": "38", "TYPE": "c", "LENGTH": 301.796, "GEMID": "172", "PLANID": "https://geodiensten.oost-vlaanderen.be/Bijlagen/detail/172-D-008.sid", "CEVI_OID": 20108, "GEMEENTE": "Nukerke", "DETAILPLAN": "172-D-008", "TYPE_LABEL": "chemin" }, "geometry": { "type": "MultiLineString", "coordinates": [ [ [ 97054.831500001251698, 163857.4375 ], [ 97034.46339999884367, 163866.332400001585484 ], [ 97014.868900001049042, 163874.45380000025034 ], [ 96978.773599997162819, 163903.974599998444319 ], [ 96961.241599999368191, 163927.436500001698732 ], [ 96936.877300001680851, 163964.563099998980761 ], [ 96917.024899996817112, 163995.501899998635054 ], [ 96915.478000000119209, 163997.951200000941753 ], [ 96907.614399999380112, 164009.037599999457598 ], [ 96896.270099997520447, 164019.350499998778105 ], [ 96883.25, 164029.018899999558926 ], [ 96873.839500002563, 164035.851199999451637 ] ], [ [ 96869.972099997103214, 164135.886700000613928 ], [ 96876.675599999725819, 164146.715300001204014 ], [ 96881.832000002264977, 164155.352400001138449 ], [ 96883.894599996507168, 164159.993200000375509 ], [ 96886.215000003576279, 164173.528900001198053 ] ] ] } },
{ "type": "Feature", "properties": { "ID": 20134.0, "NR": "6", "TYPE": "c", "LENGTH": 572.809, "GEMID": "172", "PLANID": "https://geodiensten.oost-vlaanderen.be/Bijlagen/detail/172-D-008.sid", "CEVI_OID": 20109, "GEMEENTE": "Nukerke", "DETAILPLAN": "172-D-008", "TYPE_LABEL": "chemin" }, "geometry": { "type": "MultiLineString", "coordinates": [ [ [ 96936.877300001680851, 163664.456700000911951 ], [ 96950.541900001466274, 163685.082600001245737 ], [ 97034.592299997806549, 163815.541200000792742 ], [ 97054.831500001251698, 163857.4375 ], [ 97066.433499999344349, 163872.39130000025034 ], [ 97075.070600003004074, 163883.477699998766184 ], [ 97078.938000001013279, 163889.2787000015378 ], [ 97124.314900003373623, 163956.957299999892712 ], [ 97130.244800001382828, 163967.270199999213219 ], [ 97130.760399997234344, 163987.509399998933077 ], [ 97124.83049999922514, 164008.779800001531839 ], [ 97124.83049999922514, 164021.026399999856949 ], [ 97131.276100002229214, 164038.816199999302626 ], [ 97151.902000002563, 164097.986699998378754 ], [ 97154.866899996995926, 164104.818999998271465 ], [ 97161.3125, 164113.713899999856949 ], [ 97176.008400000631809, 164125.573800001293421 ], [ 97206.173799999058247, 164148.519999999552965 ], [ 97207.333999998867512, 164149.68019999936223 ] ] ] } },
{ "type": "Feature", "properties": { "ID": 20135.0, "NR": "73", "TYPE": "s", "LENGTH": 57.924, "GEMID": "172", "PLANID": "https://geodiensten.oost-vlaanderen.be/Bijlagen/detail/172-D-008.sid", "CEVI_OID": 20110, "GEMEENTE": "Nukerke", "DETAILPLAN": "172-D-008", "TYPE_LABEL": "sentier" }, "geometry": { "type": "MultiLineString", "coordinates": [ [ [ 97155.898199997842312, 164186.67790000140667 ], [ 97185.547899998724461, 164236.437800001353025 ] ] ] } },
{ "type": "Feature", "properties": { "ID": 20136.0, "NR": "75", "TYPE": "s", "LENGTH": 137.804, "GEMID": "172", "PLANID": "https://geodiensten.oost-vlaanderen.be/Bijlagen/detail/172-D-008.sid", "CEVI_OID": 20111, "GEMEENTE": "Nukerke", "DETAILPLAN": "172-D-008", "TYPE_LABEL": "sentier" }, "geometry": { "type": "MultiLineString", "coordinates": [ [ [ 97108.458700001239777, 164222.128600001335144 ], [ 97155.898199997842312, 164186.67790000140667 ], [ 97206.173799999058247, 164148.519999999552965 ] ], [ [ 97043.616200000047684, 164289.0337999984622 ], [ 97053.542400002479553, 164277.173900000751019 ] ] ] } },
{ "type": "Feature", "properties": { "ID": 20137.0, "NR": "82", "TYPE": "s", "LENGTH": 334.439, "GEMID": "172", "PLANID": "https://geodiensten.oost-vlaanderen.be/Bijlagen/detail/172-D-008.sid", "CEVI_OID": 20112, "GEMEENTE": "Nukerke", "DETAILPLAN": "172-D-008", "TYPE_LABEL": "sentier" }, "geometry": { "type": "MultiLineString", "coordinates": [ [ [ 97102.399899996817112, 163863.109600000083447 ], [ 97104.462499998509884, 163865.043299999088049 ], [ 97258.125200003385544, 163932.721900001168251 ], [ 97272.047600001096725, 163974.747099999338388 ], [ 97274.754799999296665, 163994.857299998402596 ], [ 97276.946299999952316, 164007.619600001722574 ], [ 97278.493199996650219, 164011.873700000345707 ], [ 97313.814999997615814, 164081.357099998742342 ], [ 97314.717399999499321, 164084.966600000858307 ] ] ] } },
{ "type": "Feature", "properties": { "ID": 20138.0, "NR": "83", "TYPE": "s", "LENGTH": 549.149, "GEMID": "172", "PLANID": "https://geodiensten.oost-vlaanderen.be/Bijlagen/detail/172-D-008.sid", "CEVI_OID": 20113, "GEMEENTE": "Nukerke", "DETAILPLAN": "172-D-008", "TYPE_LABEL": "sentier" }, "geometry": { "type": "MultiLineString", "coordinates": [ [ [ 97370.922899998724461, 164085.997900001704693 ], [ 97372.083099998533726, 164060.731199998408556 ], [ 97356.355899997055531, 163989.442999999970198 ], [ 97319.61599999666214, 163941.101199999451637 ], [ 97305.04900000244379, 163823.791600000113249 ], [ 97279.266699999570847, 163739.612199999392033 ], [ 97269.727200001478195, 163659.686999998986721 ], [ 97264.055100001394749, 163622.173700001090765 ], [ 97260.832299999892712, 163603.99720000103116 ], [ 97249.616999998688698, 163558.362399999052286 ] ] ] } },
{ "type": "Feature", "properties": { "ID": 20139.0, "NR": "84", "TYPE": "s", "LENGTH": 488.076, "GEMID": "172", "PLANID": "https://geodiensten.oost-vlaanderen.be/Bijlagen/detail/172-D-008.sid", "CEVI_OID": 20114, "GEMEENTE": "Nukerke", "DETAILPLAN": "172-D-008", "TYPE_LABEL": "sentier" }, "geometry": { "type": "MultiLineString", "coordinates": [ [ [ 97395.802799999713898, 163533.998100001364946 ], [ 97389.744000002741814, 163539.154599998146296 ], [ 97308.529600001871586, 163590.461399998515844 ], [ 97308.271799996495247, 163593.684200000017881 ], [ 97309.303099997341633, 163602.063499998301268 ], [ 97308.013999998569489, 163608.638000000268221 ], [ 97269.727200001478195, 163659.686999998986721 ], [ 97220.483000002801418, 163720.404399998486042 ], [ 97202.435300000011921, 163755.984000001102686 ], [ 97190.70440000295639, 163770.937800001353025 ], [ 97164.148599997162819, 163799.169399999082088 ], [ 97102.399899996817112, 163863.109600000083447 ], [ 97066.433499999344349, 163872.39130000025034 ] ] ] } },
{ "type": "Feature", "properties": { "ID": 20140.0, "NR": "85", "TYPE": "s", "LENGTH": 664.301, "GEMID": "172", "PLANID": "https://geodiensten.oost-vlaanderen.be/Bijlagen/detail/172-D-008.sid", "CEVI_OID": 20115, "GEMEENTE": "Nukerke", "DETAILPLAN": "172-D-008", "TYPE_LABEL": "sentier" }, "geometry": { "type": "MultiLineString", "coordinates": [ [ [ 97652.723800003528595, 164086.38459999859333 ], [ 97636.351999998092651, 164035.077799998223782 ], [ 97627.07039999961853, 164004.267900001257658 ], [ 97617.659800000488758, 163963.145100001245737 ], [ 97604.639700002968311, 163896.111000001430511 ], [ 97581.693499997258186, 163785.375900000333786 ], [ 97578.857400000095367, 163776.86769999936223 ], [ 97574.603299997746944, 163726.592199999839067 ], [ 97562.872400000691414, 163618.435300000011921 ], [ 97552.559399999678135, 163605.544100001454353 ], [ 97550.625699996948242, 163605.286299999803305 ], [ 97539.15259999781847, 163606.833200000226498 ], [ 97537.218900002539158, 163605.544100001454353 ], [ 97535.285300001502037, 163603.352600000798702 ], [ 97475.083499997854233, 163464.6435999982059 ] ] ] } },
{ "type": "Feature", "properties": { "ID": 20141.0, "NR": "86", "TYPE": "s", "LENGTH": 100.124, "GEMID": "172", "PLANID": "https://geodiensten.oost-vlaanderen.be/Bijlagen/detail/172-D-008.sid", "CEVI_OID": 20116, "GEMEENTE": "Nukerke", "DETAILPLAN": "172-D-008", "TYPE_LABEL": "sentier" }, "geometry": { "type": "MultiLineString", "coordinates": [ [ [ 97016.544699996709824, 163111.038899999111891 ], [ 97011.388199999928474, 163117.097800001502037 ], [ 96986.379399999976158, 163154.997800000011921 ], [ 96964.851099997758865, 163196.507399998605251 ] ] ] } },
{ "type": "Feature", "properties": { "ID": 20142.0, "NR": "87", "TYPE": "s", "LENGTH": 556.875, "GEMID": "172", "PLANID": "https://geodiensten.oost-vlaanderen.be/Bijlagen/detail/172-D-008.sid", "CEVI_OID": 20117, "GEMEENTE": "Nukerke", "DETAILPLAN": "172-D-008", "TYPE_LABEL": "sentier" }, "geometry": { "type": "MultiLineString", "coordinates": [ [ [ 97013.966499999165535, 163653.757100000977516 ], [ 97023.505900003015995, 163636.869600001722574 ], [ 97031.756300002336502, 163627.587999999523163 ], [ 97033.818899996578693, 163626.943399999290705 ], [ 97050.190700002014637, 163597.680500000715256 ], [ 97066.949199996888638, 163540.701499998569489 ], [ 97053.800200000405312, 163481.660000000149012 ], [ 97039.233199998736382, 163417.590900000184774 ], [ 97037.557300001382828, 163409.727299999445677 ], [ 97021.314400002360344, 163334.313999999314547 ], [ 97019.380800001323223, 163287.003400001674891 ], [ 97017.318199999630451, 163210.043099999427795 ], [ 97014.997800000011921, 163115.808699999004602 ] ] ] } },
{ "type": "Feature", "properties": { "ID": 20143.0, "NR": "88", "TYPE": "s", "LENGTH": 409.155, "GEMID": "172", "PLANID": "https://geodiensten.oost-vlaanderen.be/Bijlagen/detail/172-D-008.sid", "CEVI_OID": 20118, "GEMEENTE": "Nukerke", "DETAILPLAN": "172-D-008", "TYPE_LABEL": "sentier" }, "geometry": { "type": "MultiLineString", "coordinates": [ [ [ 96976.711000002920628, 163397.351799998432398 ], [ 97039.233199998736382, 163417.590900000184774 ], [ 97111.423699997365475, 163440.923900000751019 ], [ 97362.285800002515316, 163521.364799998700619 ], [ 97363.317100003361702, 163525.361000001430511 ] ] ] } },
{ "type": "Feature", "properties": { "ID": 20144.0, "NR": "89", "TYPE": "s", "LENGTH": 512.117, "GEMID": "172", "PLANID": "https://geodiensten.oost-vlaanderen.be/Bijlagen/detail/172-D-008.sid", "CEVI_OID": 20119, "GEMEENTE": "Nukerke", "DETAILPLAN": "172-D-008", "TYPE_LABEL": "sentier" }, "geometry": { "type": "MultiLineString", "coordinates": [ [ [ 97053.800200000405312, 163481.660000000149012 ], [ 97111.423699997365475, 163440.923900000751019 ], [ 97214.681900002062321, 163363.061299998313189 ], [ 97241.495600000023842, 163342.693199999630451 ], [ 97266.891199998557568, 163321.422800000756979 ], [ 97300.40820000320673, 163288.163600001484156 ], [ 97346.558600001037121, 163203.984299998730421 ], [ 97414.108300000429153, 163127.281800001859665 ] ] ] } },
{ "type": "Feature", "properties": { "ID": 20145.0, "NR": "90", "TYPE": "s", "LENGTH": 562.55, "GEMID": "172", "PLANID": "https://geodiensten.oost-vlaanderen.be/Bijlagen/detail/172-D-008.sid", "CEVI_OID": 20120, "GEMEENTE": "Nukerke", "DETAILPLAN": "172-D-008", "TYPE_LABEL": "sentier" }, "geometry": { "type": "MultiLineString", "coordinates": [ [ [ 97362.285800002515316, 163521.364799998700619 ], [ 97329.542199999094009, 163423.649700000882149 ], [ 97324.514700002968311, 163417.848700001835823 ], [ 97303.244300000369549, 163390.003800000995398 ], [ 97281.715999998152256, 163363.963599998503923 ], [ 97277.719700001180172, 163357.904800001531839 ], [ 97266.891199998557568, 163321.422800000756979 ], [ 97254.257799997925758, 163300.281300000846386 ], [ 97222.287699997425079, 163249.361200001090765 ], [ 97214.939800001680851, 163238.27479999884963 ], [ 97180.649300001561642, 163216.488699998706579 ], [ 97138.624099999666214, 163195.089400000870228 ], [ 97092.086900003254414, 163167.24439999833703 ], [ 97059.472300000488758, 163145.7162000015378 ], [ 97014.997800000011921, 163115.808699999004602 ], [ 97010.872599996626377, 163113.101500000804663 ] ] ] } },
{ "type": "Feature", "properties": { "ID": 20146.0, "NR": "139", "TYPE": "s", "LENGTH": 400.549, "GEMID": "172", "PLANID": "https://geodiensten.oost-vlaanderen.be/Bijlagen/detail/172-D-009.sid", "CEVI_OID": 20121, "GEMEENTE": "Nukerke", "DETAILPLAN": "172-D-009", "TYPE_LABEL": "sentier" }, "geometry": { "type": "MultiLineString", "coordinates": [ [ [ 97454.973300002515316, 162971.685400001704693 ], [ 97532.964800000190735, 162938.684099998325109 ], [ 97543.793399997055531, 162956.602800000458956 ], [ 97550.754699997603893, 162973.490200001746416 ], [ 97562.485600002110004, 162967.947000000625849 ], [ 97613.019000001251698, 163032.144999999552965 ], [ 97623.460799999535084, 163048.516800001263618 ], [ 97650.016599997878075, 163082.0337999984622 ], [ 97665.357100002467632, 163100.597100000828505 ], [ 97672.705099999904633, 163136.305599998682737 ], [ 97675.54110000282526, 163147.134199999272823 ], [ 97683.533699996769428, 163166.728799998760223 ], [ 97692.299699999392033, 163180.651200000196695 ], [ 97697.58500000089407, 163189.67509999871254 ] ] ] } },
{ "type": "Feature", "properties": { "ID": 20147.0, "NR": "25", "TYPE": "c", "LENGTH": 928.327, "GEMID": "172", "PLANID": "https://geodiensten.oost-vlaanderen.be/Bijlagen/detail/172-D-009.sid", "CEVI_OID": 20122, "GEMEENTE": "Nukerke", "DETAILPLAN": "172-D-009", "TYPE_LABEL": "chemin" }, "geometry": { "type": "MultiLineString", "coordinates": [ [ [ 98377.851899996399879, 163212.105700001120567 ], [ 98366.636600002646446, 163167.24439999833703 ], [ 98355.679099999368191, 163123.285599999129772 ], [ 98355.421300001442432, 163071.205200001597404 ], [ 98354.261100001633167, 163061.407999999821186 ], [ 98351.03830000013113, 163050.837200000882149 ], [ 98332.217200003564358, 163020.156199999153614 ], [ 98322.419900000095367, 162988.959600001573563 ], [ 98301.793999999761581, 162936.879299998283386 ], [ 98294.96169999986887, 162906.198300000280142 ], [ 98280.39469999819994, 162840.453400000929832 ], [ 98253.58110000193119, 162770.583200000226498 ], [ 98254.870200000703335, 162759.754700001329184 ], [ 98252.807599999010563, 162738.226399999111891 ], [ 98246.10419999808073, 162719.534200001507998 ], [ 98231.5371999964118, 162691.302600000053644 ], [ 98147.228900000452995, 162636.386199999600649 ], [ 97915.703599996864796, 162477.695900000631809 ] ] ] } },
{ "type": "Feature", "properties": { "ID": 20148.0, "NR": "26", "TYPE": "c", "LENGTH": 91.637, "GEMID": "172", "PLANID": "https://geodiensten.oost-vlaanderen.be/Bijlagen/detail/172-D-009.sid", "CEVI_OID": 20123, "GEMEENTE": "Nukerke", "DETAILPLAN": "172-D-009", "TYPE_LABEL": "chemin" }, "geometry": { "type": "MultiLineString", "coordinates": [ [ [ 97697.58500000089407, 163189.67509999871254 ], [ 97675.79900000244379, 163198.570000000298023 ], [ 97672.962899997830391, 163200.116900000721216 ], [ 97660.200699999928474, 163206.949200000613928 ], [ 97641.250600002706051, 163218.938000001013279 ], [ 97618.948899999260902, 163235.825399998575449 ] ] ] } },
{ "type": "Feature", "properties": { "ID": 20149.0, "NR": "27", "TYPE": "c", "LENGTH": 314.318, "GEMID": "172", "PLANID": "https://geodiensten.oost-vlaanderen.be/Bijlagen/detail/172-D-009.sid", "CEVI_OID": 20124, "GEMEENTE": "Nukerke", "DETAILPLAN": "172-D-009", "TYPE_LABEL": "chemin" }, "geometry": { "type": "MultiLineString", "coordinates": [ [ [ 97411.659000001847744, 163143.653599999845028 ], [ 97416.428700000047684, 163113.617199998348951 ], [ 97422.874300003051758, 163082.4206000007689 ], [ 97452.781800001859665, 162985.092300001531839 ], [ 97454.973300002515316, 162971.685400001704693 ], [ 97453.168499998748302, 162960.3412000015378 ], [ 97444.402500003576279, 162923.73030000180006 ], [ 97429.190999999642372, 162896.6587999984622 ], [ 97424.163400001823902, 162889.826499998569489 ], [ 97383.29839999973774, 162914.964299999177456 ] ] ] } },
{ "type": "Feature", "properties": { "ID": 20150.0, "NR": "28", "TYPE": "c", "LENGTH": 612.073, "GEMID": "172", "PLANID": "https://geodiensten.oost-vlaanderen.be/Bijlagen/detail/172-D-009.sid", "CEVI_OID": 20125, "GEMEENTE": "Nukerke", "DETAILPLAN": "172-D-009", "TYPE_LABEL": "chemin" }, "geometry": { "type": "MultiLineString", "coordinates": [ [ [ 97734.196000002324581, 162194.863699998706579 ], [ 97664.583700001239777, 162352.264899998903275 ], [ 97644.731299996376038, 162388.875799998641014 ], [ 97638.414599999785423, 162401.895899999886751 ], [ 97610.182899996638298, 162446.241500001400709 ], [ 97599.612199999392033, 162456.941199999302626 ], [ 97585.818599998950958, 162466.480599999427795 ], [ 97574.345499999821186, 162473.312899999320507 ], [ 97521.749499998986721, 162497.677200000733137 ], [ 97440.019500002264977, 162541.249400001019239 ], [ 97437.828000001609325, 162546.534800000488758 ], [ 97438.085900001227856, 162555.6875 ], [ 97381.880400002002716, 162602.224599998444319 ] ], [ [ 97721.304799996316433, 162192.801199998706579 ], [ 97713.312299996614456, 162171.015099998563528 ], [ 97706.351000003516674, 162147.553199999034405 ] ] ] } },
{ "type": "Feature", "properties": { "ID": 20151.0, "NR": "29", "TYPE": "c", "LENGTH": 368.549, "GEMID": "172", "PLANID": "https://geodiensten.oost-vlaanderen.be/Bijlagen/detail/172-D-009.sid", "CEVI_OID": 20126, "GEMEENTE": "Nukerke", "DETAILPLAN": "172-D-009", "TYPE_LABEL": "chemin" }, "geometry": { "type": "MultiLineString", "coordinates": [ [ [ 97438.085900001227856, 162555.6875 ], [ 97459.614100001752377, 162594.232099998742342 ], [ 97480.240000002086163, 162635.354899998754263 ], [ 97491.713100001215935, 162663.973299998790026 ], [ 97497.385200001299381, 162683.438999999314547 ], [ 97498.158699996769428, 162692.591699998825788 ], [ 97487.072300001978874, 162711.283900000154972 ], [ 97479.466499999165535, 162742.609400000423193 ], [ 97477.532799996435642, 162813.124099999666214 ], [ 97433.316100001335144, 162872.939100001007318 ], [ 97424.163400001823902, 162889.826499998569489 ] ] ] } },
{ "type": "Feature", "properties": { "ID": 20152.0, "NR": "41", "TYPE": "c", "LENGTH": 1196.008, "GEMID": "172", "PLANID": "https://geodiensten.oost-vlaanderen.be/Bijlagen/detail/172-D-009.sid", "CEVI_OID": 20127, "GEMEENTE": "Nukerke", "DETAILPLAN": "172-D-009", "TYPE_LABEL": "chemin" }, "geometry": { "type": "MultiLineString", "coordinates": [ [ [ 97697.58500000089407, 163189.67509999871254 ], [ 97713.699000000953674, 163184.002999998629093 ], [ 97722.465000003576279, 163180.135600000619888 ], [ 97734.45380000025034, 163171.627399999648333 ], [ 97747.215999998152256, 163162.60359999909997 ], [ 97755.595299996435642, 163157.318199999630451 ], [ 97758.6891999989748, 163156.157999999821186 ], [ 97779.572899997234344, 163155.900199998170137 ], [ 97799.9408999979496, 163155.38459999859333 ], [ 97813.347699999809265, 163154.739999998360872 ], [ 97817.601800002157688, 163153.966499999165535 ], [ 97822.500399999320507, 163151.130499999970198 ], [ 97826.625600002706051, 163147.392000000923872 ], [ 97830.364100001752377, 163144.169199999421835 ], [ 97836.55179999768734, 163138.625999998301268 ], [ 97842.997400000691414, 163135.274300001561642 ], [ 97853.4391999989748, 163128.957699999213219 ], [ 97867.361699998378754, 163121.094099998474121 ], [ 97874.193999998271465, 163117.871300000697374 ], [ 97882.96000000089407, 163114.777399998158216 ], [ 97905.519599996507168, 163109.749800000339746 ], [ 97926.016500003635883, 163105.495700001716614 ], [ 97940.454599998891354, 163102.917500000447035 ], [ 97949.220600001513958, 163102.272999998182058 ], [ 97953.861400000751019, 163102.788600001484156 ], [ 97960.178099997341633, 163103.948800001293421 ], [ 97972.553599998354912, 163111.296799998730421 ], [ 97984.026799999177456, 163116.968899998813868 ], [ 97991.761500000953674, 163120.707299999892712 ], [ 98016.512500002980232, 163132.051600001752377 ], [ 98036.622699998319149, 163137.852600000798702 ], [ 98050.803000003099442, 163139.915199998766184 ], [ 98055.701700001955032, 163139.012800000607967 ], [ 98064.080899998545647, 163136.176699999719858 ], [ 98068.077200002968311, 163133.727400001138449 ], [ 98078.132299996912479, 163123.156599998474121 ], [ 98094.117299996316433, 163108.331799998879433 ], [ 98098.500299997627735, 163103.690999999642372 ], [ 98101.980899997055531, 163091.8310999982059 ], [ 98105.719400003552437, 163075.330400001257658 ], [ 98113.969700001180172, 163038.719500001519918 ], [ 98117.450300000607967, 163022.992300000041723 ], [ 98128.407799996435642, 162996.307599999010563 ], [ 98136.013599999248981, 162973.876899998635054 ], [ 98143.232699997723103, 162956.473900001496077 ], [ 98146.971100002527237, 162946.547699999064207 ], [ 98152.514300003647804, 162935.590199999511242 ], [ 98157.413000002503395, 162929.789099998772144 ], [ 98171.335400000214577, 162919.089499998837709 ], [ 98188.351800002157688, 162905.811599999666214 ], [ 98201.371799997985363, 162895.369699999690056 ], [ 98212.329300001263618, 162884.670099999755621 ], [ 98232.052799999713898, 162864.946600001305342 ], [ 98242.494699999690056, 162853.473400000482798 ], [ 98258.737499997019768, 162847.414599999785423 ], [ 98280.39469999819994, 162840.453400000929832 ], [ 98285.293300002813339, 162837.230599999427795 ], [ 98304.243299998342991, 162818.92509999871254 ], [ 98329.896799996495247, 162799.33049999922514 ], [ 98346.655299998819828, 162787.857400000095367 ], [ 98358.901900000870228, 162778.317899998277426 ], [ 98370.117200002074242, 162767.102600000798702 ], [ 98382.234899997711182, 162757.563200000673532 ], [ 98403.763099998235703, 162747.765900000929832 ], [ 98436.764499999582767, 162733.198899999260902 ], [ 98454.554300002753735, 162722.499200001358986 ], [ 98469.894799999892712, 162709.736900001764297 ], [ 98517.978900000452995, 162654.562699999660254 ], [ 98527.002700001001358, 162645.538899999111891 ], [ 98538.218000002205372, 162637.288600001484156 ], [ 98555.234399996697903, 162624.01069999858737 ], [ 98565.805100001394749, 162614.21339999884367 ], [ 98575.3445999994874, 162602.482400000095367 ], [ 98584.368400000035763, 162588.688900001347065 ], [ 98588.364699997007847, 162582.37220000103116 ], [ 98590.169399999082088, 162577.215700000524521 ] ] ] } },
{ "type": "Feature", "properties": { "ID": 20153.0, "NR": "42", "TYPE": "c", "LENGTH": 527.947, "GEMID": "172", "PLANID": "https://geodiensten.oost-vlaanderen.be/Bijlagen/detail/172-D-009.sid", "CEVI_OID": 20128, "GEMEENTE": "Nukerke", "DETAILPLAN": "172-D-009", "TYPE_LABEL": "chemin" }, "geometry": { "type": "MultiLineString", "coordinates": [ [ [ 97468.766800001263618, 162190.480700001120567 ], [ 97503.444099999964237, 162161.088899999856949 ], [ 97511.178800001740456, 162154.901099998503923 ], [ 97522.780799999833107, 162147.166400000452995 ], [ 97534.125, 162143.299100000411272 ], [ 97546.113799996674061, 162140.076299998909235 ], [ 97562.485600002110004, 162137.369100000709295 ], [ 97570.99379999935627, 162137.755899999290705 ], [ 97603.092799998819828, 162151.549400001764297 ], [ 97619.980200000107288, 162158.768500000238419 ], [ 97663.036700002849102, 162177.073899999260902 ], [ 97684.049300000071526, 162185.968800000846386 ], [ 97704.675200000405312, 162190.222899999469519 ], [ 97721.304799996316433, 162192.801199998706579 ], [ 97734.196000002324581, 162194.863699998706579 ], [ 97742.704099997878075, 162183.390599999576807 ], [ 97768.0996999964118, 162168.565799999982119 ], [ 97785.37389999628067, 162159.799800001084805 ], [ 97812.832099996507168, 162149.744699999690056 ], [ 97820.953500002622604, 162147.553199999034405 ], [ 97844.802199997007847, 162146.650800000876188 ], [ 97870.197800002992153, 162145.748399998992682 ], [ 97881.026299998164177, 162145.490600001066923 ], [ 97896.108999997377396, 162146.779699999839067 ], [ 97932.204300001263618, 162151.0337999984622 ], [ 97954.892700001597404, 162154.643300000578165 ] ] ] } },
{ "type": "Feature", "properties": { "ID": 20154.0, "NR": "5", "TYPE": "c", "LENGTH": 1178.576, "GEMID": "172", "PLANID": "https://geodiensten.oost-vlaanderen.be/Bijlagen/detail/172-D-009.sid", "CEVI_OID": 20129, "GEMEENTE": "Nukerke", "DETAILPLAN": "172-D-009", "TYPE_LABEL": "chemin" }, "geometry": { "type": "MultiLineString", "coordinates": [ [ [ 97447.496399998664856, 162315.267200000584126 ], [ 97458.840599998831749, 162320.552600000053644 ], [ 97481.271300002932549, 162331.638999998569489 ], [ 97554.493100002408028, 162361.159800000488758 ], [ 97578.599600002169609, 162368.765599999576807 ], [ 97616.370700001716614, 162380.238699998706579 ], [ 97644.731299996376038, 162388.875799998641014 ], [ 97687.787799999117851, 162403.056099999696016 ], [ 97915.703599996864796, 162477.695900000631809 ], [ 97927.950199998915195, 162475.375500001013279 ], [ 97951.025399997830391, 162477.309200000017881 ], [ 98181.132700003683567, 162514.693599998950958 ], [ 98217.743600003421307, 162520.623500000685453 ], [ 98590.169399999082088, 162577.215700000524521 ] ] ] } },
{ "type": "Feature", "properties": { "ID": 20155.0, "NR": "81", "TYPE": "s", "LENGTH": 333.69, "GEMID": "172", "PLANID": "https://geodiensten.oost-vlaanderen.be/Bijlagen/detail/172-D-009.sid", "CEVI_OID": 20130, "GEMEENTE": "Nukerke", "DETAILPLAN": "172-D-009", "TYPE_LABEL": "sentier" }, "geometry": { "type": "MultiLineString", "coordinates": [ [ [ 97458.840599998831749, 162320.552600000053644 ], [ 97603.092799998819828, 162151.549400001764297 ] ], [ [ 97454.715499997138977, 162439.924800001084805 ], [ 97481.271300002932549, 162331.638999998569489 ] ] ] } },
{ "type": "Feature", "properties": { "ID": 20156.0, "NR": "91", "TYPE": "s", "LENGTH": 109.322, "GEMID": "172", "PLANID": "https://geodiensten.oost-vlaanderen.be/Bijlagen/detail/172-D-009.sid", "CEVI_OID": 20131, "GEMEENTE": "Nukerke", "DETAILPLAN": "172-D-009", "TYPE_LABEL": "sentier" }, "geometry": { "type": "MultiLineString", "coordinates": [ [ [ 97367.184399999678135, 162988.572900000959635 ], [ 97396.447400003671646, 163042.328999999910593 ], [ 97405.986900001764297, 163059.216499999165535 ], [ 97410.498800002038479, 163066.306600000709295 ], [ 97422.874300003051758, 163082.4206000007689 ] ] ] } },
{ "type": "Feature", "properties": { "ID": 20157.0, "NR": "103", "TYPE": "s", "LENGTH": 491.405, "GEMID": "172", "PLANID": "https://geodiensten.oost-vlaanderen.be/Bijlagen/detail/172-D-010.sid", "CEVI_OID": 20132, "GEMEENTE": "Nukerke", "DETAILPLAN": "172-D-010", "TYPE_LABEL": "sentier" }, "geometry": { "type": "MultiLineString", "coordinates": [ [ [ 96809.125799998641014, 162506.185400001704693 ], [ 96778.831600002944469, 162463.257800001651049 ], [ 96820.08330000191927, 162317.974399998784065 ], [ 96880.800700001418591, 162252.100499998778105 ], [ 96878.995999999344349, 162205.047800000756979 ], [ 96947.319099999964237, 162070.206199999898672 ] ] ] } },
{ "type": "Feature", "properties": { "ID": 20158.0, "NR": "104", "TYPE": "s", "LENGTH": 41.576, "GEMID": "172", "PLANID": "https://geodiensten.oost-vlaanderen.be/Bijlagen/detail/172-D-010.sid", "CEVI_OID": 20133, "GEMEENTE": "Nukerke", "DETAILPLAN": "172-D-010", "TYPE_LABEL": "sentier" }, "geometry": { "type": "MultiLineString", "coordinates": [ [ [ 96385.522100001573563, 162490.200399998575449 ], [ 96379.205399997532368, 162497.16160000115633 ], [ 96371.857500001788139, 162528.487100001424551 ] ] ] } },
{ "type": "Feature", "properties": { "ID": 20159.0, "NR": "105", "TYPE": "s", "LENGTH": 265.945, "GEMID": "172", "PLANID": "https://geodiensten.oost-vlaanderen.be/Bijlagen/detail/172-D-010.sid", "CEVI_OID": 20134, "GEMEENTE": "Nukerke", "DETAILPLAN": "172-D-010", "TYPE_LABEL": "sentier" }, "geometry": { "type": "MultiLineString", "coordinates": [ [ [ 96179.005599997937679, 162731.651900000870228 ], [ 96274.915899999439716, 162634.194699998944998 ], [ 96308.432899996638298, 162509.40819999948144 ] ] ] } },
{ "type": "Feature", "properties": { "ID": 20160.0, "NR": "106", "TYPE": "s", "LENGTH": 236.519, "GEMID": "172", "PLANID": "https://geodiensten.oost-vlaanderen.be/Bijlagen/detail/172-D-010.sid", "CEVI_OID": 20135, "GEMEENTE": "Nukerke", "DETAILPLAN": "172-D-010", "TYPE_LABEL": "sentier" }, "geometry": { "type": "MultiLineString", "coordinates": [ [ [ 97432.027000002563, 162535.190499998629093 ], [ 97412.045699998736382, 162540.991599999368191 ], [ 97243.815999999642372, 162485.301699999719858 ], [ 97207.72070000320673, 162498.708500001579523 ] ] ] } },
{ "type": "Feature", "properties": { "ID": 20161.0, "NR": "114", "TYPE": "s", "LENGTH": 246.646, "GEMID": "172", "PLANID": "https://geodiensten.oost-vlaanderen.be/Bijlagen/detail/172-D-010.sid", "CEVI_OID": 20136, "GEMEENTE": "Nukerke", "DETAILPLAN": "172-D-010", "TYPE_LABEL": "sentier" }, "geometry": { "type": "MultiLineString", "coordinates": [ [ [ 96153.609999999403954, 162975.810600001364946 ], [ 96278.9121999964118, 163188.256999999284744 ] ] ] } },
{ "type": "Feature", "properties": { "ID": 20162.0, "NR": "12", "TYPE": "c", "LENGTH": 304.193, "GEMID": "172", "PLANID": "https://geodiensten.oost-vlaanderen.be/Bijlagen/detail/172-D-010.sid", "CEVI_OID": 20137, "GEMEENTE": "Nukerke", "DETAILPLAN": "172-D-010", "TYPE_LABEL": "chemin" }, "geometry": { "type": "MultiLineString", "coordinates": [ [ [ 96298.24889999628067, 162875.646200001239777 ], [ 96214.585199996829033, 162939.457499999552965 ], [ 96164.180799998342991, 162975.552799999713898 ], [ 96153.609999999403954, 162975.810600001364946 ], [ 96143.425999999046326, 162976.326299998909235 ], [ 96133.757600001990795, 162981.224899999797344 ], [ 96118.288199998438358, 162990.635499998927116 ], [ 96109.393299996852875, 162999.917100001126528 ], [ 96095.084100000560284, 163021.445300001651049 ], [ 96068.270499996840954, 163061.923599999397993 ] ] ] } },
{ "type": "Feature", "properties": { "ID": 20163.0, "NR": "140", "TYPE": "s", "LENGTH": 509.66, "GEMID": "172", "PLANID": "https://geodiensten.oost-vlaanderen.be/Bijlagen/detail/172-D-010.sid", "CEVI_OID": 20138, "GEMEENTE": "Nukerke", "DETAILPLAN": "172-D-010", "TYPE_LABEL": "sentier" }, "geometry": { "type": "MultiLineString", "coordinates": [ [ [ 96429.352099999785423, 163098.276700001209974 ], [ 96437.860200002789497, 163092.217799998819828 ], [ 96441.340899996459484, 163087.705899998545647 ], [ 96452.169399999082088, 163073.396699998527765 ], [ 96463.900399997830391, 163061.665800001472235 ], [ 96474.729000002145767, 163051.610700000077486 ], [ 96484.010600000619888, 163045.422899998724461 ], [ 96491.745300002396107, 163040.910999998450279 ], [ 96508.503799997270107, 163034.078699998557568 ], [ 96521.781700000166893, 163029.824599999934435 ], [ 96554.39639999717474, 163018.093600001186132 ], [ 96558.392599999904633, 163017.062300000339746 ], [ 96579.663099996745586, 162993.213700000196695 ], [ 96585.979699999094009, 162982.771800000220537 ], [ 96541.891999997198582, 162908.905499998480082 ], [ 96543.567800000309944, 162888.795200001448393 ], [ 96532.610299997031689, 162879.77140000090003 ], [ 96522.555200003087521, 162875.13060000166297 ], [ 96561.48650000244379, 162816.089099999517202 ], [ 96595.777000002563, 162776.255399998277426 ], [ 96559.939599998295307, 162735.390399999916553 ] ] ] } },
{ "type": "Feature", "properties": { "ID": 20164.0, "NR": "141", "TYPE": "s", "LENGTH": 771.97, "GEMID": "172", "PLANID": "https://geodiensten.oost-vlaanderen.be/Bijlagen/detail/172-D-010.sid", "CEVI_OID": 20139, "GEMEENTE": "Nukerke", "DETAILPLAN": "172-D-010", "TYPE_LABEL": "sentier" }, "geometry": { "type": "MultiLineString", "coordinates": [ [ [ 96558.392599999904633, 163017.062300000339746 ], [ 96582.627999998629093, 163015.128699999302626 ], [ 96606.218900002539158, 163014.09739999845624 ], [ 96635.868600003421307, 163016.933400001376867 ], [ 96709.219300001859665, 162963.435100000351667 ], [ 96769.549999997019768, 162905.682700000703335 ], [ 96788.24210000038147, 162886.732700001448393 ], [ 96833.748000003397465, 162805.905000001192093 ], [ 96895.883400000631809, 162795.076499998569489 ], [ 96972.199100002646446, 162776.513199999928474 ], [ 97060.632500000298023, 162750.60190000012517 ], [ 97122.123400002717972, 162729.073699999600649 ], [ 97203.724399998784065, 162679.571600001305342 ], [ 97207.72070000320673, 162674.801899999380112 ] ] ] } },
{ "type": "Feature", "properties": { "ID": 20165.0, "NR": "142", "TYPE": "s", "LENGTH": 187.982, "GEMID": "172", "PLANID": "https://geodiensten.oost-vlaanderen.be/Bijlagen/detail/172-D-010.sid", "CEVI_OID": 20140, "GEMEENTE": "Nukerke", "DETAILPLAN": "172-D-010", "TYPE_LABEL": "sentier" }, "geometry": { "type": "MultiLineString", "coordinates": [ [ [ 97072.750200003385544, 163005.073600001633167 ], [ 97150.870700001716614, 162982.642900001257658 ], [ 97178.973399996757507, 162974.263700000941753 ], [ 97190.962200000882149, 162966.657900001853704 ], [ 97195.731899999082088, 162960.470100000500679 ], [ 97201.532999999821186, 162951.317400000989437 ], [ 97209.525499999523163, 162934.043200001120567 ], [ 97213.134999997913837, 162922.312300000339746 ], [ 97214.553000003099442, 162909.16330000013113 ] ] ] } },
{ "type": "Feature", "properties": { "ID": 20166.0, "NR": "27", "TYPE": "c", "LENGTH": 1170.839, "GEMID": "172", "PLANID": "https://geodiensten.oost-vlaanderen.be/Bijlagen/detail/172-D-010.sid", "CEVI_OID": 20141, "GEMEENTE": "Nukerke", "DETAILPLAN": "172-D-010", "TYPE_LABEL": "chemin" }, "geometry": { "type": "MultiLineString", "coordinates": [ [ [ 97056.636200003325939, 162075.36259999871254 ], [ 97064.886600002646446, 162091.605500001460314 ], [ 97079.711400002241135, 162140.205200001597404 ], [ 97094.923000000417233, 162179.523200001567602 ], [ 97105.751599997282028, 162205.176699999719858 ], [ 97124.443800002336502, 162241.01410000026226 ], [ 97150.483900003135204, 162302.118200000375509 ], [ 97168.015900000929832, 162346.077100001275539 ], [ 97180.133599996566772, 162380.238699998706579 ], [ 97188.255000002682209, 162408.728199999779463 ], [ 97197.92339999973774, 162449.464299999177456 ], [ 97203.079899996519089, 162471.379299998283386 ], [ 97207.72070000320673, 162498.708500001579523 ], [ 97209.267700001597404, 162516.4983000010252 ], [ 97208.107400000095367, 162540.604800000786781 ], [ 97206.173799999058247, 162563.551100000739098 ], [ 97207.72070000320673, 162674.801899999380112 ], [ 97208.365299999713898, 162713.99100000038743 ], [ 97207.205099999904633, 162728.815900001674891 ], [ 97206.818300001323223, 162758.723400000482798 ], [ 97191.606799997389317, 162793.658399999141693 ], [ 97176.910800002515316, 162827.304400000721216 ], [ 97173.816899999976158, 162843.547200001776218 ], [ 97176.524099998176098, 162852.571100000292063 ], [ 97185.418999999761581, 162865.719999998807907 ], [ 97214.553000003099442, 162909.16330000013113 ], [ 97220.869699999690056, 162915.995600000023842 ], [ 97226.670699998736382, 162918.7027000002563 ], [ 97235.565600000321865, 162918.315999999642372 ], [ 97240.722099997103214, 162915.995600000023842 ], [ 97251.937399998307228, 162905.811599999666214 ], [ 97256.578199997544289, 162902.717700000852346 ], [ 97260.832299999892712, 162901.557500001043081 ], [ 97264.828599996864796, 162901.944200001657009 ], [ 97295.896300002932549, 162907.358500000089407 ], [ 97306.853799998760223, 162912.128199998289347 ], [ 97340.628600001335144, 162934.687800001353025 ], [ 97382.267099998891354, 162912.128199998289347 ], [ 97420.424999997019768, 162889.826499998569489 ], [ 97427.386200003325939, 162898.076900001615286 ], [ 97438.601499997079372, 162916.511199999600649 ] ], [ [ 97417.588899999856949, 163118.000199999660254 ], [ 97416.428700000047684, 163131.793699998408556 ], [ 97415.913099996745586, 163140.94649999961257 ] ] ] } },
{ "type": "Feature", "properties": { "ID": 20167.0, "NR": "28", "TYPE": "c", "LENGTH": 1514.012, "GEMID": "172", "PLANID": "https://geodiensten.oost-vlaanderen.be/Bijlagen/detail/172-D-010.sid", "CEVI_OID": 20142, "GEMEENTE": "Nukerke", "DETAILPLAN": "172-D-010", "TYPE_LABEL": "chemin" }, "geometry": { "type": "MultiLineString", "coordinates": [ [ [ 97197.92339999973774, 162449.464299999177456 ], [ 97165.695500001311302, 162462.097600001841784 ], [ 97132.951899997889996, 162473.441799998283386 ], [ 97081.516199998557568, 162486.590799998492002 ], [ 97046.452200002968311, 162500.255499999970198 ], [ 97027.759999997913837, 162515.338100001215935 ], [ 97013.579700000584126, 162523.459600001573563 ], [ 96988.570900000631809, 162529.00279999896884 ], [ 96973.101499997079372, 162530.291900001466274 ], [ 96928.755900003015995, 162517.142900001257658 ], [ 96923.857199996709824, 162515.724899999797344 ], [ 96897.946000002324581, 162508.892599999904633 ], [ 96883.379000000655651, 162506.701099999248981 ], [ 96852.440200001001358, 162508.505800001323223 ], [ 96837.744199998676777, 162507.216699998825788 ], [ 96809.125799998641014, 162506.185400001704693 ], [ 96736.677500002086163, 162578.633799999952316 ], [ 96721.208099998533726, 162611.377300001680851 ], [ 96715.793799996376038, 162624.139600001275539 ], [ 96707.027800001204014, 162644.636500000953674 ], [ 96697.488300003111362, 162658.687899999320507 ], [ 96688.464500002563, 162667.840599998831749 ], [ 96676.604599997401237, 162676.090999998152256 ], [ 96667.967600002884865, 162680.602899998426437 ], [ 96642.829800002276897, 162687.950899999588728 ], [ 96629.680799998342991, 162697.490299999713898 ], [ 96584.561700001358986, 162721.596799999475479 ], [ 96559.939599998295307, 162735.390399999916553 ], [ 96543.052199997007847, 162744.800900001078844 ], [ 96527.196000002324581, 162751.633200000971556 ], [ 96520.36370000243187, 162753.051300000399351 ], [ 96513.015699997544289, 162753.051300000399351 ], [ 96494.839199997484684, 162747.508099999278784 ], [ 96484.397399999201298, 162742.996100001037121 ], [ 96475.244599997997284, 162736.163800001144409 ], [ 96467.896700002253056, 162723.014800000935793 ], [ 96456.552400000393391, 162700.584199998527765 ], [ 96450.622500002384186, 162691.560400001704693 ], [ 96443.403399996459484, 162686.017200000584126 ], [ 96434.766400001943111, 162682.923300001770258 ], [ 96429.738799996674061, 162681.505300000309944 ], [ 96422.390799999237061, 162684.212400000542402 ], [ 96400.089100003242493, 162698.392700001597404 ], [ 96367.732299998402596, 162722.885899998247623 ], [ 96348.911200001835823, 162737.066199999302626 ], [ 96283.553000003099442, 162781.669599998742342 ], [ 96251.454000003635883, 162802.940099999308586 ] ], [ [ 97207.72070000320673, 162674.801899999380112 ], [ 97219.451700001955032, 162671.450199998915195 ], [ 97267.922499999403954, 162651.855599999427795 ], [ 97313.041500002145767, 162633.679000001400709 ], [ 97370.793999999761581, 162609.959300000220537 ], [ 97434.734200000762939, 162559.683800000697374 ], [ 97436.023299999535084, 162547.823899999260902 ], [ 97438.472599998116493, 162542.925200000405312 ], [ 97441.308600001037121, 162539.831399999558926 ], [ 97448.269900001585484, 162535.964000001549721 ], [ 97524.585600003600121, 162498.837400000542402 ] ] ] } },
{ "type": "Feature", "properties": { "ID": 20168.0, "NR": "29", "TYPE": "c", "LENGTH": 70.496, "GEMID": "172", "PLANID": "https://geodiensten.oost-vlaanderen.be/Bijlagen/detail/172-D-010.sid", "CEVI_OID": 20143, "GEMEENTE": "Nukerke", "DETAILPLAN": "172-D-010", "TYPE_LABEL": "chemin" }, "geometry": { "type": "MultiLineString", "coordinates": [ [ [ 97420.424999997019768, 162889.826499998569489 ], [ 97446.980800002813339, 162852.571100000292063 ] ], [ [ 97434.734200000762939, 162559.683800000697374 ], [ 97448.785499997437, 162580.05180000141263 ] ] ] } },
{ "type": "Feature", "properties": { "ID": 20169.0, "NR": "39", "TYPE": "s", "LENGTH": 100.697, "GEMID": "172", "PLANID": "https://geodiensten.oost-vlaanderen.be/Bijlagen/detail/172-D-010.sid", "CEVI_OID": 20144, "GEMEENTE": "Nukerke", "DETAILPLAN": "172-D-010", "TYPE_LABEL": "sentier" }, "geometry": { "type": "MultiLineString", "coordinates": [ [ [ 97416.428700000047684, 163131.793699998408556 ], [ 97349.265699997544289, 163206.820300001651049 ] ] ] } },
{ "type": "Feature", "properties": { "ID": 20170.0, "NR": "42", "TYPE": "c", "LENGTH": 135.366, "GEMID": "172", "PLANID": "https://geodiensten.oost-vlaanderen.be/Bijlagen/detail/172-D-010.sid", "CEVI_OID": 20145, "GEMEENTE": "Nukerke", "DETAILPLAN": "172-D-010", "TYPE_LABEL": "chemin" }, "geometry": { "type": "MultiLineString", "coordinates": [ [ [ 97366.926600001752377, 162283.812800001353025 ], [ 97375.177000001072884, 162276.593699999153614 ], [ 97386.907899998128414, 162265.636199999600649 ], [ 97403.279700003564358, 162251.069200001657009 ], [ 97436.538900002837181, 162218.583500001579523 ], [ 97456.649099998176098, 162200.149099998176098 ], [ 97466.575300000607967, 162192.285500001162291 ] ] ] } },
{ "type": "Feature", "properties": { "ID": 20171.0, "NR": "45", "TYPE": "c", "LENGTH": 975.883, "GEMID": "172", "PLANID": "https://geodiensten.oost-vlaanderen.be/Bijlagen/detail/172-D-010.sid", "CEVI_OID": 20146, "GEMEENTE": "Nukerke", "DETAILPLAN": "172-D-010", "TYPE_LABEL": "chemin" }, "geometry": { "type": "MultiLineString", "coordinates": [ [ [ 96202.983199998736382, 162019.5439000017941 ], [ 96240.367600001394749, 162116.227600000798702 ], [ 96256.094800002872944, 162164.182799998670816 ], [ 96265.376400001347065, 162187.000100001692772 ], [ 96293.092399999499321, 162232.377000000327826 ], [ 96306.885999999940395, 162255.9679000005126 ], [ 96319.390399999916553, 162276.593699999153614 ], [ 96328.543099999427795, 162294.383499998599291 ], [ 96330.347900003194809, 162306.243400000035763 ], [ 96333.055100001394749, 162326.224700000137091 ], [ 96332.023800000548363, 162339.631499998271465 ], [ 96330.347900003194809, 162354.843100000172853 ], [ 96325.578199997544289, 162384.234999999403954 ], [ 96323.902300000190735, 162388.489100001752377 ], [ 96321.710799999535084, 162391.196199998259544 ], [ 96316.425499998033047, 162392.3564000017941 ], [ 96299.666900001466274, 162392.3564000017941 ], [ 96283.939699999988079, 162389.391399998217821 ], [ 96279.685599997639656, 162389.649300001561642 ], [ 96275.560500003397465, 162397.512899998575449 ], [ 96275.302599996328354, 162449.593199998140335 ], [ 96276.076099999248981, 162457.585700001567602 ], [ 96280.201300002634525, 162470.219099998474121 ], [ 96286.260099999606609, 162484.657200001180172 ], [ 96293.47919999808073, 162497.290500000119209 ], [ 96297.733300000429153, 162503.091499999165535 ], [ 96301.858400002121925, 162506.314300000667572 ], [ 96308.432899996638298, 162509.40819999948144 ], [ 96338.598300002515316, 162517.787500001490116 ], [ 96364.122800000011921, 162524.748700000345707 ], [ 96371.857500001788139, 162528.487100001424551 ], [ 96384.361900001764297, 162535.448399998247623 ], [ 96392.354400001466274, 162539.831399999558926 ], [ 96396.995200000703335, 162541.636100001633167 ], [ 96403.311899997293949, 162542.538499999791384 ], [ 96407.95269999653101, 162541.893899999558926 ], [ 96416.460900001227856, 162536.995299998670816 ], [ 96423.293200001120567, 162532.612300001084805 ], [ 96429.9966000020504, 162531.194299999624491 ], [ 96436.442199997603893, 162531.838799998164177 ], [ 96443.919100001454353, 162533.514699999243021 ], [ 96451.653800003230572, 162536.221799999475479 ], [ 96459.25959999859333, 162539.831399999558926 ], [ 96464.673900000751019, 162542.280699998140335 ], [ 96489.940600000321865, 162556.718800000846386 ], [ 96507.859300002455711, 162566.000399999320507 ], [ 96516.367399998009205, 162570.512299999594688 ], [ 96531.707900002598763, 162581.212000001221895 ], [ 96538.540299996733665, 162586.626299999654293 ], [ 96563.291299998760223, 162609.701499998569489 ], [ 96600.031099997460842, 162645.281100001186132 ], [ 96625.813400000333786, 162669.516499999910593 ], [ 96639.220299996435642, 162683.181099999696016 ], [ 96642.829800002276897, 162687.950899999588728 ] ] ] } },
{ "type": "Feature", "properties": { "ID": 20172.0, "NR": "46", "TYPE": "c", "LENGTH": 219.694, "GEMID": "172", "PLANID": "https://geodiensten.oost-vlaanderen.be/Bijlagen/detail/172-D-010.sid", "CEVI_OID": 20147, "GEMEENTE": "Nukerke", "DETAILPLAN": "172-D-010", "TYPE_LABEL": "chemin" }, "geometry": { "type": "MultiLineString", "coordinates": [ [ [ 96038.362999998033047, 162786.310499999672174 ], [ 96098.306900002062321, 162860.43470000103116 ], [ 96143.425999999046326, 162976.326299998909235 ] ] ] } },
{ "type": "Feature", "properties": { "ID": 20173.0, "NR": "5", "TYPE": "c", "LENGTH": 1487.35, "GEMID": "172", "PLANID": "https://geodiensten.oost-vlaanderen.be/Bijlagen/detail/172-D-010.sid", "CEVI_OID": 20148, "GEMEENTE": "Nukerke", "DETAILPLAN": "172-D-010", "TYPE_LABEL": "chemin" }, "geometry": { "type": "MultiLineString", "coordinates": [ [ [ 96110.166799999773502, 162050.224800001829863 ], [ 96161.344700001180172, 162026.376200001686811 ], [ 96169.981799997389317, 162023.411200001835823 ], [ 96202.983199998736382, 162019.5439000017941 ], [ 96247.844400003552437, 162014.38740000128746 ], [ 96305.854699999094009, 162004.203400000929832 ], [ 96358.708499997854233, 162000.335999999195337 ], [ 96413.495899997651577, 162001.367300000041723 ], [ 96424.066699996590614, 162004.719000000506639 ], [ 96470.217100001871586, 162021.993200000375509 ], [ 96522.039599999785423, 162035.399999998509884 ], [ 96632.001199997961521, 162055.63910000026226 ], [ 96699.293099999427795, 162057.572799999266863 ], [ 96772.257100000977516, 162065.694200001657009 ], [ 96813.637699998915195, 162069.561599999666214 ], [ 96826.786700002849102, 162069.948300000280142 ], [ 96846.76799999922514, 162070.5929000005126 ], [ 96911.610600002110004, 162070.979600001126528 ], [ 96947.319099999964237, 162070.206199999898672 ], [ 96956.729699999094009, 162070.077199999243021 ], [ 96977.355599999427795, 162066.209899999201298 ], [ 97003.782499998807907, 162068.1435999982059 ], [ 97056.636200003325939, 162075.36259999871254 ], [ 97072.492399998009205, 162081.163600001484156 ], [ 97109.876800000667572, 162110.426600001752377 ], [ 97148.808100000023842, 162132.083799999207258 ], [ 97202.177500002086163, 162161.346700001507998 ], [ 97216.615599997341633, 162169.468100000172853 ], [ 97240.593199998140335, 162192.027699999511242 ], [ 97263.152699999511242, 162212.782499998807907 ], [ 97299.634700000286102, 162247.330800000578165 ], [ 97330.444600000977516, 162268.472300000488758 ], [ 97366.926600001752377, 162283.812800001353025 ], [ 97454.715499997138977, 162323.646499998867512 ], [ 97501.381499998271465, 162344.787999998778105 ] ] ] } },
{ "type": "Feature", "properties": { "ID": 20174.0, "NR": "6", "TYPE": "c", "LENGTH": 649.385, "GEMID": "172", "PLANID": "https://geodiensten.oost-vlaanderen.be/Bijlagen/detail/172-D-010.sid", "CEVI_OID": 20149, "GEMEENTE": "Nukerke", "DETAILPLAN": "172-D-010", "TYPE_LABEL": "chemin" }, "geometry": { "type": "MultiLineString", "coordinates": [ [ [ 96055.766099996864796, 162607.767799999564886 ], [ 96086.318099997937679, 162639.609000001102686 ], [ 96102.818800002336502, 162655.85190000012517 ], [ 96114.549800001084805, 162670.28999999910593 ], [ 96117.256899997591972, 162674.673000000417233 ], [ 96127.183100000023842, 162691.044700000435114 ], [ 96132.081799998879433, 162697.748100001364946 ], [ 96145.875299997627735, 162710.768199998885393 ], [ 96166.6300999969244, 162723.78830000013113 ], [ 96179.005599997937679, 162731.651900000870228 ], [ 96187.771600000560284, 162737.195099998265505 ], [ 96201.565200001001358, 162747.379099998623133 ], [ 96218.452600002288818, 162763.622000001370907 ], [ 96251.454000003635883, 162802.940099999308586 ], [ 96254.28999999910593, 162811.577100001275539 ], [ 96273.88459999859333, 162838.648600000888109 ], [ 96298.24889999628067, 162875.646200001239777 ], [ 96330.734600000083447, 162910.581300001591444 ], [ 96354.712200000882149, 162949.512600000947714 ], [ 96386.037699997425079, 163001.5929000005126 ], [ 96404.343199998140335, 163039.750799998641014 ], [ 96429.352099999785423, 163098.276700001209974 ], [ 96437.860200002789497, 163120.191700000315905 ] ] ] } },
{ "type": "Feature", "properties": { "ID": 20175.0, "NR": "81", "TYPE": "s", "LENGTH": 209.116, "GEMID": "172", "PLANID": "https://geodiensten.oost-vlaanderen.be/Bijlagen/detail/172-D-010.sid", "CEVI_OID": 20150, "GEMEENTE": "Nukerke", "DETAILPLAN": "172-D-010", "TYPE_LABEL": "sentier" }, "geometry": { "type": "MultiLineString", "coordinates": [ [ [ 97454.715499997138977, 162323.646499998867512 ], [ 97468.50900000333786, 162307.403599999845028 ], [ 97489.779399998486042, 162281.105599999427795 ], [ 97523.296499997377396, 162242.818900000303984 ] ], [ [ 97436.023299999535084, 162547.823899999260902 ], [ 97432.027000002563, 162535.190499998629093 ], [ 97460.903200000524521, 162450.108800001442432 ] ] ] } },
{ "type": "Feature", "properties": { "ID": 20176.0, "NR": "86", "TYPE": "s", "LENGTH": 578.955, "GEMID": "172", "PLANID": "https://geodiensten.oost-vlaanderen.be/Bijlagen/detail/172-D-010.sid", "CEVI_OID": 20151, "GEMEENTE": "Nukerke", "DETAILPLAN": "172-D-010", "TYPE_LABEL": "sentier" }, "geometry": { "type": "MultiLineString", "coordinates": [ [ [ 96969.105200000107288, 163194.315900001674891 ], [ 96993.469499997794628, 163154.739999998360872 ], [ 97020.154200002551079, 163116.839999999850988 ], [ 97023.248099997639656, 163113.746100001037121 ], [ 97061.148100003600121, 163031.113699998706579 ], [ 97065.015500001609325, 163026.859600000083447 ], [ 97072.750200003385544, 163005.073600001633167 ], [ 97094.536300003528595, 162924.374899998307228 ], [ 97121.478799998760223, 162839.679900001734495 ], [ 97127.666599996387959, 162833.75 ], [ 97198.696900002658367, 162751.504299998283386 ], [ 97199.728200003504753, 162748.539299998432398 ], [ 97199.986000001430511, 162722.885899998247623 ], [ 97203.724399998784065, 162679.571600001305342 ] ] ] } },
{ "type": "Feature", "properties": { "ID": 20177.0, "NR": "90", "TYPE": "s", "LENGTH": 1320.314, "GEMID": "172", "PLANID": "https://geodiensten.oost-vlaanderen.be/Bijlagen/detail/172-D-010.sid", "CEVI_OID": 20152, "GEMEENTE": "Nukerke", "DETAILPLAN": "172-D-010", "TYPE_LABEL": "sentier" }, "geometry": { "type": "MultiLineString", "coordinates": [ [ [ 96667.967600002884865, 162680.602899998426437 ], [ 96711.281900003552437, 162756.660799998790026 ], [ 96735.517300002276897, 162800.619699999690056 ], [ 96757.818999998271465, 162844.320700000971556 ], [ 96768.389799997210503, 162882.607500001788139 ], [ 96775.737700000405312, 162905.940499998629093 ], [ 96882.992200002074242, 163000.432700000703335 ], [ 96928.111299999058247, 163040.137499999254942 ], [ 97000.430799998342991, 163091.057599999010563 ], [ 97000.68860000371933, 163094.409299999475479 ], [ 97005.844999998807907, 163105.495700001716614 ], [ 97012.677400000393391, 163110.910000000149012 ], [ 97020.154200002551079, 163116.839999999850988 ] ], [ [ 96323.902300000190735, 162388.489100001752377 ], [ 96356.645900003612041, 162415.689399998635054 ], [ 96352.778499998152256, 162418.783300001174212 ], [ 96385.522100001573563, 162490.200399998575449 ], [ 96468.025600001215935, 162451.526900000870228 ], [ 96471.119400002062321, 162452.944899998605251 ], [ 96570.123599998652935, 162514.822500001639128 ], [ 96578.631800003349781, 162519.334399998188019 ], [ 96590.8783999979496, 162523.201799999922514 ], [ 96612.793399997055531, 162527.842599999159575 ], [ 96641.024999998509884, 162527.713700000196695 ], [ 96715.793799996376038, 162624.139600001275539 ] ], [ [ 96283.939699999988079, 162389.391399998217821 ], [ 96275.431500002741814, 162379.336300000548363 ], [ 96254.41889999806881, 162359.226100001484156 ], [ 96233.406300000846386, 162340.920699998736382 ], [ 96119.319499999284744, 162257.385899998247623 ] ] ] } },
{ "type": "Feature", "properties": { "ID": 20178.0, "NR": "91", "TYPE": "s", "LENGTH": 422.714, "GEMID": "172", "PLANID": "https://geodiensten.oost-vlaanderen.be/Bijlagen/detail/172-D-010.sid", "CEVI_OID": 20153, "GEMEENTE": "Nukerke", "DETAILPLAN": "172-D-010", "TYPE_LABEL": "sentier" }, "geometry": { "type": "MultiLineString", "coordinates": [ [ [ 97382.267099998891354, 162912.128199998289347 ], [ 97349.781400002539158, 162867.6537000015378 ], [ 97345.785099998116493, 162859.403400000184774 ], [ 97267.922499999403954, 162651.855599999427795 ] ], [ [ 97340.628600001335144, 162934.687800001353025 ], [ 97344.36710000038147, 162964.079599998891354 ], [ 97366.2820999994874, 162987.02589999884367 ], [ 97403.279700003564358, 163052.770899999886751 ] ] ] } },
{ "type": "Feature", "properties": { "ID": 20179.0, "NR": "9997", "TYPE": "par", "LENGTH": 91.384, "GEMID": "172", "PLANID": "https://geodiensten.oost-vlaanderen.be/Bijlagen/detail/172-D-010.sid", "CEVI_OID": 20154, "GEMEENTE": "Nukerke", "DETAILPLAN": "172-D-010", "TYPE_LABEL": "chemin particulier" }, "geometry": { "type": "MultiLineString", "coordinates": [ [ [ 96837.744199998676777, 162507.216699998825788 ], [ 96852.955799996852875, 162597.3260000012815 ] ] ] } },
{ "type": "Feature", "properties": { "ID": 20181.0, "NR": "107", "TYPE": "s", "LENGTH": 288.918, "GEMID": "172", "PLANID": "https://geodiensten.oost-vlaanderen.be/Bijlagen/detail/172-D-011.sid", "CEVI_OID": 20155, "GEMEENTE": "Nukerke", "DETAILPLAN": "172-D-011", "TYPE_LABEL": "sentier" }, "geometry": { "type": "MultiLineString", "coordinates": [ [ [ 95929.045900002121925, 162666.293699998408556 ], [ 95882.251000002026558, 162719.276399999856949 ], [ 95868.457400001585484, 162737.324000000953674 ], [ 95848.347199998795986, 162764.137699998915195 ], [ 95810.704999998211861, 162811.83500000089407 ], [ 95779.379399999976158, 162845.6097999997437 ], [ 95751.405599996447563, 162861.594900000840425 ], [ 95729.619499996304512, 162868.813900001347065 ] ] ] } },
{ "type": "Feature", "properties": { "ID": 20182.0, "NR": "108", "TYPE": "s", "LENGTH": 587.82, "GEMID": "172", "PLANID": "https://geodiensten.oost-vlaanderen.be/Bijlagen/detail/172-D-011.sid", "CEVI_OID": 20156, "GEMEENTE": "Nukerke", "DETAILPLAN": "172-D-011", "TYPE_LABEL": "sentier" }, "geometry": { "type": "MultiLineString", "coordinates": [ [ [ 96044.035099998116493, 162593.974300000816584 ], [ 95956.761900000274181, 162541.378299999982119 ], [ 95866.394799999892712, 162455.007500000298023 ] ], [ [ 95747.151500001549721, 162306.114500001072884 ], [ 95752.952600002288818, 162315.782900001853704 ], [ 95759.78490000218153, 162328.158399999141693 ], [ 95765.843699999153614, 162336.408700000494719 ], [ 95795.106700003147125, 162365.671700000762939 ], [ 95866.910499997437, 162439.795899998396635 ] ], [ [ 95745.346799999475479, 162289.613800000399351 ], [ 95719.435500003397465, 162281.363499999046326 ], [ 95607.411300003528595, 162176.429400000721216 ] ] ] } },
{ "type": "Feature", "properties": { "ID": 20183.0, "NR": "109", "TYPE": "s", "LENGTH": 658.658, "GEMID": "172", "PLANID": "https://geodiensten.oost-vlaanderen.be/Bijlagen/detail/172-D-011.sid", "CEVI_OID": 20157, "GEMEENTE": "Nukerke", "DETAILPLAN": "172-D-011", "TYPE_LABEL": "sentier" }, "geometry": { "type": "MultiLineString", "coordinates": [ [ [ 95436.990099996328354, 162638.964400000870228 ], [ 95492.035300001502037, 162620.014400001615286 ], [ 95504.152999997138977, 162615.502500001341105 ], [ 95522.716300003230572, 162610.990600001066923 ], [ 95556.877899996936321, 162601.96680000051856 ], [ 95588.590199999511242, 162590.235800001770258 ], [ 95592.457500003278255, 162545.503499999642372 ], [ 95594.906900003552437, 162517.013999998569489 ], [ 95596.067100003361702, 162509.27930000051856 ], [ 95601.610299997031689, 162495.614700000733137 ], [ 95666.968500003218651, 162400.864599999040365 ], [ 95681.277699999511242, 162406.021000001579523 ], [ 95694.426700003445148, 162378.047200001776218 ], [ 95719.693300001323223, 162343.62779999896884 ], [ 95747.151500001549721, 162306.114500001072884 ], [ 95745.346799999475479, 162297.2195999994874 ], [ 95745.346799999475479, 162289.613800000399351 ], [ 95751.405599996447563, 162272.85530000180006 ], [ 95760.945100001990795, 162255.194400001317263 ], [ 95767.777400001883507, 162240.111699998378754 ], [ 95773.191699996590614, 162224.513399999588728 ], [ 95777.832500003278255, 162204.5320999994874 ], [ 95781.184199996292591, 162188.418200001120567 ], [ 95783.504600003361702, 162165.342999998480082 ], [ 95784.406999997794628, 162160.444299999624491 ] ] ] } },
{ "type": "Feature", "properties": { "ID": 20184.0, "NR": "110", "TYPE": "s", "LENGTH": 299.382, "GEMID": "172", "PLANID": "https://geodiensten.oost-vlaanderen.be/Bijlagen/detail/172-D-011.sid", "CEVI_OID": 20158, "GEMEENTE": "Nukerke", "DETAILPLAN": "172-D-011", "TYPE_LABEL": "sentier" }, "geometry": { "type": "MultiLineString", "coordinates": [ [ [ 95588.590199999511242, 162590.235800001770258 ], [ 95659.104900002479553, 162570.899099998176098 ], [ 95829.268299996852875, 162470.219099998474121 ], [ 95856.597499996423721, 162461.968699999153614 ] ] ] } },
{ "type": "Feature", "properties": { "ID": 20185.0, "NR": "111", "TYPE": "s", "LENGTH": 256.403, "GEMID": "172", "PLANID": "https://geodiensten.oost-vlaanderen.be/Bijlagen/detail/172-D-011.sid", "CEVI_OID": 20159, "GEMEENTE": "Nukerke", "DETAILPLAN": "172-D-011", "TYPE_LABEL": "sentier" }, "geometry": { "type": "MultiLineString", "coordinates": [ [ [ 95410.176399998366833, 162698.134899999946356 ], [ 95523.489799998700619, 162779.349199999123812 ], [ 95532.255800001323223, 162804.100299999117851 ], [ 95543.857799999415874, 162830.269299998879433 ], [ 95570.413599997758865, 162864.559799998998642 ], [ 95567.061899997293949, 162882.994199998676777 ] ] ] } },
{ "type": "Feature", "properties": { "ID": 20186.0, "NR": "112", "TYPE": "s", "LENGTH": 121.155, "GEMID": "172", "PLANID": "https://geodiensten.oost-vlaanderen.be/Bijlagen/detail/172-D-011.sid", "CEVI_OID": 20160, "GEMEENTE": "Nukerke", "DETAILPLAN": "172-D-011", "TYPE_LABEL": "sentier" }, "geometry": { "type": "MultiLineString", "coordinates": [ [ [ 95819.471000000834465, 163069.529399998486042 ], [ 95712.345399998128414, 163126.121599998325109 ] ] ] } },
{ "type": "Feature", "properties": { "ID": 20188.0, "NR": "128", "TYPE": "s", "LENGTH": 132.702, "GEMID": "172", "PLANID": "https://geodiensten.oost-vlaanderen.be/Bijlagen/detail/172-D-011.sid", "CEVI_OID": 20161, "GEMEENTE": "Nukerke", "DETAILPLAN": "172-D-011", "TYPE_LABEL": "sentier" }, "geometry": { "type": "MultiLineString", "coordinates": [ [ [ 94909.741300001740456, 162988.057199999690056 ], [ 95041.102300003170967, 162969.236099999397993 ] ] ] } },
{ "type": "Feature", "properties": { "ID": 20189.0, "NR": "129", "TYPE": "s", "LENGTH": 148.907, "GEMID": "172", "PLANID": "https://geodiensten.oost-vlaanderen.be/Bijlagen/detail/172-D-011.sid", "CEVI_OID": 20162, "GEMEENTE": "Nukerke", "DETAILPLAN": "172-D-011", "TYPE_LABEL": "sentier" }, "geometry": { "type": "MultiLineString", "coordinates": [ [ [ 95037.106100000441074, 162992.311299998313189 ], [ 95173.752400003373623, 162933.140799999237061 ] ] ] } },
{ "type": "Feature", "properties": { "ID": 20187.0, "NR": "12", "TYPE": "c", "LENGTH": 186.806, "GEMID": "172", "PLANID": "https://geodiensten.oost-vlaanderen.be/Bijlagen/detail/172-D-011.sid", "CEVI_OID": 20163, "GEMEENTE": "Nukerke", "DETAILPLAN": "172-D-011", "TYPE_LABEL": "chemin" }, "geometry": { "type": "MultiLineString", "coordinates": [ [ [ 96078.454499997198582, 163154.997800000011921 ], [ 96071.106499999761581, 163134.629799999296665 ], [ 96066.207900002598763, 163115.808699999004602 ], [ 96065.434399999678135, 163104.980099998414516 ], [ 96065.692299999296665, 163093.764800000935793 ], [ 96066.85249999910593, 163087.319200001657009 ], [ 96068.657200001180172, 163081.131400000303984 ], [ 96069.559600003063679, 163079.584499999880791 ], [ 96076.7787000015378, 163067.208999998867512 ], [ 96106.299400001764297, 163019.640599999576807 ], [ 96116.741300001740456, 163006.233800001442432 ], [ 96131.179399996995926, 162990.248700000345707 ] ] ] } },
{ "type": "Feature", "properties": { "ID": 20190.0, "NR": "130", "TYPE": "s", "LENGTH": 448.032, "GEMID": "172", "PLANID": "https://geodiensten.oost-vlaanderen.be/Bijlagen/detail/172-D-011.sid", "CEVI_OID": 20164, "GEMEENTE": "Nukerke", "DETAILPLAN": "172-D-011", "TYPE_LABEL": "sentier" }, "geometry": { "type": "MultiLineString", "coordinates": [ [ [ 94684.790500000119209, 162605.576299998909235 ], [ 94792.045000001788139, 162638.706599999219179 ], [ 94855.082800000905991, 162700.455299999564886 ], [ 94924.437299996614456, 162722.628100000321865 ], [ 94925.339699998497963, 162714.893399998545647 ], [ 95076.166299998760223, 162786.439399998635054 ] ] ] } },
{ "type": "Feature", "properties": { "ID": 20191.0, "NR": "131", "TYPE": "s", "LENGTH": 249.806, "GEMID": "172", "PLANID": "https://geodiensten.oost-vlaanderen.be/Bijlagen/detail/172-D-011.sid", "CEVI_OID": 20165, "GEMEENTE": "Nukerke", "DETAILPLAN": "172-D-011", "TYPE_LABEL": "sentier" }, "geometry": { "type": "MultiLineString", "coordinates": [ [ [ 94855.082800000905991, 162700.455299999564886 ], [ 94858.563400000333786, 162721.983500000089407 ], [ 94857.274300001561642, 162733.843400001525879 ], [ 94852.76240000128746, 162751.762099999934435 ], [ 94837.679700002074242, 162790.951299998909235 ], [ 94847.476999998092651, 162825.370700001716614 ], [ 94848.508299998939037, 162829.109099999070168 ], [ 94849.152900002896786, 162840.84010000154376 ], [ 94846.316799998283386, 162848.832600001245737 ], [ 94845.285499997437, 162852.055399999022484 ], [ 94838.066500000655651, 162866.751299999654293 ], [ 94832.523299999535084, 162876.548599999397993 ], [ 94827.495700001716614, 162885.314599998295307 ], [ 94823.757299996912479, 162896.143199998885393 ], [ 94821.694700002670288, 162907.229600001126528 ], [ 94816.667099997401237, 162938.684099998325109 ] ] ] } },
{ "type": "Feature", "properties": { "ID": 20192.0, "NR": "132", "TYPE": "s", "LENGTH": 541.244, "GEMID": "172", "PLANID": "https://geodiensten.oost-vlaanderen.be/Bijlagen/detail/172-D-011.sid", "CEVI_OID": 20166, "GEMEENTE": "Nukerke", "DETAILPLAN": "172-D-011", "TYPE_LABEL": "sentier" }, "geometry": { "type": "MultiLineString", "coordinates": [ [ [ 94688.271099999547005, 162468.156500000506639 ], [ 94777.34910000115633, 162442.116300001740456 ], [ 94801.068800002336502, 162384.492800001055002 ], [ 94892.853900000452995, 162412.853399999439716 ], [ 94933.976700000464916, 162334.217199999839067 ], [ 94941.066899999976158, 162311.915500000119209 ], [ 94946.223300002515316, 162296.574999999254942 ], [ 94954.98929999768734, 162275.562399998307228 ], [ 94954.731499999761581, 162272.984200000762939 ], [ 94967.10700000077486, 162254.936599999666214 ], [ 94964.915500000119209, 162242.432100001722574 ], [ 94964.270999997854233, 162225.415800001472235 ], [ 94990.053300000727177, 162190.867499999701977 ], [ 95019.574100002646446, 162161.475600000470877 ] ] ] } },
{ "type": "Feature", "properties": { "ID": 20193.0, "NR": "133", "TYPE": "s", "LENGTH": 445.423, "GEMID": "172", "PLANID": "https://geodiensten.oost-vlaanderen.be/Bijlagen/detail/172-D-011.sid", "CEVI_OID": 20167, "GEMEENTE": "Nukerke", "DETAILPLAN": "172-D-011", "TYPE_LABEL": "sentier" }, "geometry": { "type": "MultiLineString", "coordinates": [ [ [ 94733.776900000870228, 162223.095400001853704 ], [ 94818.729699999094009, 162280.203299999237061 ], [ 94941.066899999976158, 162311.915500000119209 ] ], [ [ 95077.842200003564358, 162297.090700000524521 ], [ 95157.122800000011921, 162314.880499999970198 ] ], [ [ 94954.98929999768734, 162275.562399998307228 ], [ 94995.467600002884865, 162286.004299998283386 ], [ 95002.686700001358986, 162291.418600000441074 ], [ 95053.993500001728535, 162310.626400001347065 ], [ 95059.92339999973774, 162309.079500000923872 ], [ 95075.263899996876717, 162291.031800001859665 ] ] ] } },
{ "type": "Feature", "properties": { "ID": 20194.0, "NR": "134", "TYPE": "s", "LENGTH": 115.211, "GEMID": "172", "PLANID": "https://geodiensten.oost-vlaanderen.be/Bijlagen/detail/172-D-011.sid", "CEVI_OID": 20168, "GEMEENTE": "Nukerke", "DETAILPLAN": "172-D-011", "TYPE_LABEL": "sentier" }, "geometry": { "type": "MultiLineString", "coordinates": [ [ [ 94801.068800002336502, 162384.492800001055002 ], [ 94687.626500003039837, 162364.382599998265505 ] ] ] } },
{ "type": "Feature", "properties": { "ID": 20195.0, "NR": "135", "TYPE": "s", "LENGTH": 98.334, "GEMID": "172", "PLANID": "https://geodiensten.oost-vlaanderen.be/Bijlagen/detail/172-D-011.sid", "CEVI_OID": 20169, "GEMEENTE": "Nukerke", "DETAILPLAN": "172-D-011", "TYPE_LABEL": "sentier" }, "geometry": { "type": "MultiLineString", "coordinates": [ [ [ 94975.228500001132488, 161890.632199998944998 ], [ 94916.186899997293949, 161969.268300000578165 ] ] ] } },
{ "type": "Feature", "properties": { "ID": 20196.0, "NR": "143", "TYPE": "s", "LENGTH": 159.367, "GEMID": "172", "PLANID": "https://geodiensten.oost-vlaanderen.be/Bijlagen/detail/172-D-011.sid", "CEVI_OID": 20170, "GEMEENTE": "Nukerke", "DETAILPLAN": "172-D-011", "TYPE_LABEL": "sentier" }, "geometry": { "type": "MultiLineString", "coordinates": [ [ [ 95175.041599996387959, 162930.562600001692772 ], [ 95068.302699998021126, 162812.221700001507998 ] ] ] } },
{ "type": "Feature", "properties": { "ID": 20197.0, "NR": "144", "TYPE": "s", "LENGTH": 552.894, "GEMID": "172", "PLANID": "https://geodiensten.oost-vlaanderen.be/Bijlagen/detail/172-D-011.sid", "CEVI_OID": 20171, "GEMEENTE": "Nukerke", "DETAILPLAN": "172-D-011", "TYPE_LABEL": "sentier" }, "geometry": { "type": "MultiLineString", "coordinates": [ [ [ 95954.054799996316433, 162688.079799998551607 ], [ 95880.059500001370907, 162764.137699998915195 ], [ 95901.587700001895428, 162787.599599998444319 ], [ 95890.887999996542931, 162798.299199998378754 ], [ 95930.33500000089407, 162842.644900001585484 ], [ 95908.29110000282526, 162954.798000000417233 ], [ 95942.194899998605251, 162999.27250000089407 ], [ 95956.246299996972084, 162998.112300001084805 ], [ 95962.949699997901917, 163004.815699998289347 ], [ 95971.58669999986887, 163010.230000000447035 ], [ 95981.77080000191927, 163014.226300001144409 ], [ 95988.474200002849102, 163016.160000000149012 ], [ 95999.044900000095367, 163017.449099998921156 ], [ 96009.486800000071526, 163017.449099998921156 ], [ 96015.41669999808073, 163017.706900000572205 ], [ 96020.18639999628067, 163019.898400001227856 ], [ 96027.276600003242493, 163026.601799998432398 ], [ 96032.819799996912479, 163034.981100000441074 ], [ 96037.202799998223782, 163045.422899998724461 ], [ 96040.683399997651577, 163059.732099998742342 ], [ 96046.355499997735023, 163075.072599999606609 ], [ 96054.73480000346899, 163081.776000000536442 ], [ 96061.696000002324581, 163084.998799998313189 ], [ 96066.85249999910593, 163087.319200001657009 ] ] ] } },
{ "type": "Feature", "properties": { "ID": 20198.0, "NR": "145", "TYPE": "s", "LENGTH": 104.835, "GEMID": "172", "PLANID": "https://geodiensten.oost-vlaanderen.be/Bijlagen/detail/172-D-011.sid", "CEVI_OID": 20172, "GEMEENTE": "Nukerke", "DETAILPLAN": "172-D-011", "TYPE_LABEL": "sentier" }, "geometry": { "type": "MultiLineString", "coordinates": [ [ [ 95942.194899998605251, 162999.27250000089407 ], [ 95917.314900003373623, 163101.112799998372793 ] ] ] } },
{ "type": "Feature", "properties": { "ID": 20199.0, "NR": "19", "TYPE": "c", "LENGTH": 1293.287, "GEMID": "172", "PLANID": "https://geodiensten.oost-vlaanderen.be/Bijlagen/detail/172-D-011.sid", "CEVI_OID": 20173, "GEMEENTE": "Nukerke", "DETAILPLAN": "172-D-011", "TYPE_LABEL": "chemin" }, "geometry": { "type": "MultiLineString", "coordinates": [ [ [ 95159.314300000667572, 162322.872999999672174 ], [ 95195.796300001442432, 162372.890700001269579 ], [ 95251.872900001704693, 162444.823499999940395 ], [ 95300.214800000190735, 162507.861299999058247 ], [ 95330.89580000191927, 162554.914000000804663 ], [ 95350.232500001788139, 162588.431099999696016 ], [ 95356.678099997341633, 162598.743999999016523 ], [ 95364.026100002229214, 162608.670200001448393 ], [ 95369.827100001275539, 162613.182100001722574 ], [ 95374.983599998056889, 162615.502500001341105 ], [ 95387.616899996995926, 162618.725299999117851 ], [ 95407.340400002896786, 162622.592599999159575 ], [ 95415.7195999994874, 162624.526299998164177 ], [ 95426.290399998426437, 162630.327300000935793 ], [ 95436.990099996328354, 162638.964400000870228 ], [ 95432.478200003504753, 162652.242300000041723 ], [ 95420.231499999761581, 162680.345100000500679 ], [ 95410.176399998366833, 162698.134899999946356 ], [ 95404.246500000357628, 162707.158700000494719 ], [ 95365.959700003266335, 162765.813499998301268 ], [ 95356.935900002717972, 162777.157699998468161 ], [ 95352.166199997067451, 162792.627099998295307 ], [ 95350.877099998295307, 162802.03770000115037 ], [ 95351.779500000178814, 162808.483300000429153 ], [ 95354.099899999797344, 162814.542100001126528 ], [ 95361.189999997615814, 162823.9527000002563 ], [ 95371.116200000047684, 162832.331900000572205 ], [ 95381.171300001442432, 162837.746199999004602 ], [ 95394.707000002264977, 162843.547200001776218 ], [ 95402.441699996590614, 162844.836399998515844 ], [ 95408.242799997329712, 162845.86769999936223 ], [ 95432.736000001430511, 162844.578499998897314 ], [ 95459.936300002038479, 162843.934000000357628 ], [ 95466.639700002968311, 162845.86769999936223 ], [ 95524.392200000584126, 162865.2043999992311 ], [ 95543.471100002527237, 162870.103000000119209 ], [ 95552.752700001001358, 162873.583700001239777 ], [ 95567.061899997293949, 162882.994199998676777 ], [ 95586.398699998855591, 162899.752700001001358 ], [ 95602.125900000333786, 162911.741500001400709 ], [ 95619.271200001239777, 162922.312300000339746 ], [ 95666.066100001335144, 162951.704100001603365 ], [ 95677.668099999427795, 162960.083399999886751 ], [ 95691.203900001943111, 162969.751800000667572 ], [ 95697.391599997878075, 162974.263700000941753 ], [ 95707.060000002384186, 162978.517799999564886 ], [ 95716.083800002932549, 162983.287500001490116 ], [ 95746.764799997210503, 163010.487799998372793 ], [ 95752.565800003707409, 163014.355200000107288 ], [ 95762.234200000762939, 163018.86710000038147 ], [ 95779.637299999594688, 163022.992300000041723 ], [ 95789.950199998915195, 163033.691899999976158 ], [ 95811.607400000095367, 163055.864799998700619 ], [ 95819.471000000834465, 163069.529399998486042 ], [ 95839.323399998247623, 163104.335499998182058 ], [ 95853.503700003027916, 163127.668600000441074 ], [ 95861.88289999961853, 163141.462099999189377 ], [ 95866.137000001966953, 163146.618599999696016 ], [ 95872.711499996483326, 163153.19310000166297 ], [ 95882.379900000989437, 163161.701200000941753 ] ] ] } },
{ "type": "Feature", "properties": { "ID": 20180.0, "NR": "1", "TYPE": "c", "LENGTH": 463.283, "GEMID": "172", "PLANID": "https://geodiensten.oost-vlaanderen.be/Bijlagen/detail/172-D-011.sid", "CEVI_OID": 20174, "GEMEENTE": "Nukerke", "DETAILPLAN": "172-D-011", "TYPE_LABEL": "chemin" }, "geometry": { "type": "MultiLineString", "coordinates": [ [ [ 94944.676399998366833, 162017.094500001519918 ], [ 94974.841700002551079, 162046.099700000137091 ], [ 95153.899999998509884, 162308.177099999040365 ], [ 95157.122800000011921, 162314.880499999970198 ], [ 95107.749700002372265, 162397.899599999189377 ] ] ] } },
{ "type": "Feature", "properties": { "ID": 20200.0, "NR": "23", "TYPE": "c", "LENGTH": 318.627, "GEMID": "172", "PLANID": "https://geodiensten.oost-vlaanderen.be/Bijlagen/detail/172-D-011.sid", "CEVI_OID": 20175, "GEMEENTE": "Nukerke", "DETAILPLAN": "172-D-011", "TYPE_LABEL": "chemin" }, "geometry": { "type": "MultiLineString", "coordinates": [ [ [ 95157.122800000011921, 162314.880499999970198 ], [ 95159.314300000667572, 162322.872999999672174 ], [ 95170.142899997532368, 162320.423700001090765 ], [ 95177.748700000345707, 162302.762800000607967 ], [ 95207.656199999153614, 162212.524599999189377 ], [ 95225.317100003361702, 162176.429400000721216 ], [ 95241.560000002384186, 162156.963700000196695 ], [ 95252.388599999248981, 162142.912300001829863 ], [ 95265.795400001108646, 162120.868400000035763 ], [ 95302.277400001883507, 162054.350000001490116 ] ] ] } },
{ "type": "Feature", "properties": { "ID": 20201.0, "NR": "24", "TYPE": "c", "LENGTH": 789.382, "GEMID": "172", "PLANID": "https://geodiensten.oost-vlaanderen.be/Bijlagen/detail/172-D-011.sid", "CEVI_OID": 20176, "GEMEENTE": "Nukerke", "DETAILPLAN": "172-D-011", "TYPE_LABEL": "chemin" }, "geometry": { "type": "MultiLineString", "coordinates": [ [ [ 95979.192500002682209, 162328.802999999374151 ], [ 95971.457800000905991, 162335.635299999266863 ], [ 95920.4087999984622, 162383.332600001245737 ], [ 95886.118299998342991, 162414.787000000476837 ], [ 95866.910499997437, 162439.795899998396635 ], [ 95859.820299997925758, 162455.007500000298023 ], [ 95856.597499996423721, 162461.968699999153614 ], [ 95849.249600000679493, 162478.082699999213219 ], [ 95837.776399999856949, 162500.771099999547005 ], [ 95816.763800002634525, 162530.162999998778105 ], [ 95794.462099999189377, 162589.978000000119209 ], [ 95776.414499998092651, 162628.651500001549721 ], [ 95763.136600002646446, 162657.012099999934435 ], [ 95732.971199996769428, 162717.729499999433756 ], [ 95724.592000000178814, 162732.683200001716614 ], [ 95720.724600002169609, 162744.543099999427795 ], [ 95721.111400000751019, 162779.99379999935627 ], [ 95720.59570000320673, 162793.013900000602007 ], [ 95718.017499998211861, 162808.612199999392033 ], [ 95717.630800001323223, 162821.24549999833107 ], [ 95721.498099997639656, 162840.711199998855591 ], [ 95729.619499996304512, 162868.813900001347065 ], [ 95734.518200002610683, 162880.931600000709295 ], [ 95743.284199997782707, 162905.682700000703335 ], [ 95761.202899999916553, 162938.555100001394749 ], [ 95770.355599999427795, 162952.348700001835823 ], [ 95776.156700000166893, 162959.567699998617172 ], [ 95777.574699997901917, 163003.526599999517202 ], [ 95779.637299999594688, 163022.992300000041723 ] ] ] } },
{ "type": "Feature", "properties": { "ID": 20203.0, "NR": "46", "TYPE": "c", "LENGTH": 506.683, "GEMID": "172", "PLANID": "https://geodiensten.oost-vlaanderen.be/Bijlagen/detail/172-D-011.sid", "CEVI_OID": 20177, "GEMEENTE": "Nukerke", "DETAILPLAN": "172-D-011", "TYPE_LABEL": "chemin" }, "geometry": { "type": "MultiLineString", "coordinates": [ [ [ 95866.910499997437, 162439.795899998396635 ], [ 95865.879199996590614, 162450.495600000023842 ], [ 95866.394799999892712, 162455.007500000298023 ], [ 95875.289700001478195, 162535.706199999898672 ], [ 95901.587700001895428, 162641.800500001758337 ], [ 95929.045900002121925, 162666.293699998408556 ], [ 95954.054799996316433, 162688.079799998551607 ], [ 95979.06360000371933, 162714.248799998313189 ], [ 96021.475599996745586, 162761.817200001329184 ], [ 96049.191600002348423, 162795.463199999183416 ], [ 96105.912699997425079, 162861.981600001454353 ] ] ] } },
{ "type": "Feature", "properties": { "ID": 20204.0, "NR": "47", "TYPE": "c", "LENGTH": 306.416, "GEMID": "172", "PLANID": "https://geodiensten.oost-vlaanderen.be/Bijlagen/detail/172-D-011.sid", "CEVI_OID": 20178, "GEMEENTE": "Nukerke", "DETAILPLAN": "172-D-011", "TYPE_LABEL": "chemin" }, "geometry": { "type": "MultiLineString", "coordinates": [ [ [ 95365.959700003266335, 162765.813499998301268 ], [ 95352.55290000140667, 162775.997499998658895 ], [ 95176.072899997234344, 162928.628899998962879 ], [ 95175.041599996387959, 162930.562600001692772 ], [ 95173.752400003373623, 162933.140799999237061 ], [ 95171.560900002717972, 162939.070799998939037 ], [ 95192.186800003051758, 162978.904500000178814 ] ] ] } },
{ "type": "Feature", "properties": { "ID": 20202.0, "NR": "4", "TYPE": "c", "LENGTH": 1061.858, "GEMID": "172", "PLANID": "https://geodiensten.oost-vlaanderen.be/Bijlagen/detail/172-D-011.sid", "CEVI_OID": 20179, "GEMEENTE": "Nukerke", "DETAILPLAN": "172-D-011", "TYPE_LABEL": "chemin" }, "geometry": { "type": "MultiLineString", "coordinates": [ [ [ 94910.256999999284744, 161959.986699998378754 ], [ 94886.5371999964118, 162046.099700000137091 ], [ 94877.1266999989748, 162078.327599998563528 ], [ 94862.946400001645088, 162101.660599999129772 ], [ 94849.410700000822544, 162118.934799998998642 ], [ 94829.945000000298023, 162139.431699998676777 ], [ 94808.030000001192093, 162158.510600000619888 ], [ 94761.492899999022484, 162190.094000000506639 ], [ 94745.894599996507168, 162207.110300000756979 ], [ 94733.776900000870228, 162223.095400001853704 ], [ 94726.686800003051758, 162235.728700000792742 ], [ 94710.443899996578693, 162274.531100001186132 ], [ 94690.075900003314018, 162337.440000001341105 ], [ 94685.950699999928474, 162364.253699999302626 ], [ 94684.790500000119209, 162396.99720000103116 ], [ 94684.790500000119209, 162415.818300001323223 ], [ 94688.271099999547005, 162468.156500000506639 ], [ 94680.665299996733665, 162523.97520000115037 ], [ 94683.372500002384186, 162580.567400000989437 ], [ 94684.790500000119209, 162605.576299998909235 ], [ 94686.724200002849102, 162641.155900001525879 ], [ 94685.177199997007847, 162648.375 ], [ 94681.052100002765656, 162657.012099999934435 ], [ 94675.379900000989437, 162669.129799999296665 ], [ 94664.164599999785423, 162715.795800000429153 ], [ 94661.070699997246265, 162738.097500000149012 ], [ 94658.879199996590614, 162801.393100000917912 ], [ 94651.660199999809265, 162845.86769999936223 ], [ 94647.148299999535084, 162861.981600001454353 ], [ 94641.862899996340275, 162873.325800001621246 ], [ 94631.678900003433228, 162888.408500000834465 ], [ 94620.721400000154972, 162900.526200000196695 ], [ 94598.548600003123283, 162924.245900001376867 ] ] ] } },
{ "type": "Feature", "properties": { "ID": 20205.0, "NR": "5", "TYPE": "c", "LENGTH": 1363.968, "GEMID": "172", "PLANID": "https://geodiensten.oost-vlaanderen.be/Bijlagen/detail/172-D-011.sid", "CEVI_OID": 20180, "GEMEENTE": "Nukerke", "DETAILPLAN": "172-D-011", "TYPE_LABEL": "chemin" }, "geometry": { "type": "MultiLineString", "coordinates": [ [ [ 96129.761399999260902, 162045.197299998253584 ], [ 96061.95380000025034, 162073.815699998289347 ], [ 96046.226599998772144, 162082.452799998223782 ], [ 95986.798299998044968, 162107.332699999213219 ], [ 95912.287399999797344, 162140.076299998909235 ], [ 95868.070699997246265, 162152.967399999499321 ], [ 95839.194499999284744, 162158.639600001275539 ], [ 95784.406999997794628, 162160.444299999624491 ], [ 95710.153899997472763, 162155.158900000154972 ], [ 95698.80969999730587, 162155.545699998736382 ], [ 95674.1875, 162159.155200000852346 ], [ 95607.411300003528595, 162176.429400000721216 ], [ 95604.446299999952316, 162177.202799998223782 ], [ 95575.183399997651577, 162172.433100000023842 ], [ 95528.904100000858307, 162158.897399999201298 ], [ 95506.602399997413158, 162149.744699999690056 ], [ 95471.79619999974966, 162132.083799999207258 ], [ 95434.411799997091293, 162111.200100000947714 ], [ 95395.093800000846386, 162086.964699998497963 ], [ 95363.897100001573563, 162072.655499998480082 ], [ 95302.277400001883507, 162054.350000001490116 ], [ 95275.979400001466274, 162047.775499999523163 ], [ 95208.042900003492832, 162027.665300000458956 ], [ 95191.155500002205372, 162020.961899999529123 ], [ 95144.231700003147125, 161992.47239999845624 ], [ 95115.355499997735023, 161967.850299999117851 ], [ 95088.155100002884865, 161942.196899998933077 ], [ 95056.958499997854233, 161921.313200000673532 ], [ 95035.301299996674061, 161908.421999998390675 ], [ 95019.703000001609325, 161900.300599999725819 ], [ 95000.624099999666214, 161895.272999998182058 ], [ 94975.228500001132488, 161890.632199998944998 ], [ 94937.972999997437, 161884.186599999666214 ], [ 94863.848800003528595, 161873.229100000113249 ] ] ] } },
{ "type": "Feature", "properties": { "ID": 20206.0, "NR": "6", "TYPE": "c", "LENGTH": 694.6, "GEMID": "172", "PLANID": "https://geodiensten.oost-vlaanderen.be/Bijlagen/detail/172-D-011.sid", "CEVI_OID": 20181, "GEMEENTE": "Nukerke", "DETAILPLAN": "172-D-011", "TYPE_LABEL": "chemin" }, "geometry": { "type": "MultiLineString", "coordinates": [ [ [ 96046.226599998772144, 162082.452799998223782 ], [ 96037.847300000488758, 162107.590500000864267 ], [ 96011.162600003182888, 162185.19539999961853 ], [ 95999.947300001978874, 162250.94029999896884 ], [ 95992.599299997091293, 162294.254599999636412 ], [ 95983.446599997580051, 162319.2635000012815 ], [ 95979.192500002682209, 162328.802999999374151 ], [ 95981.38400000333786, 162339.631499998271465 ], [ 95978.676899999380112, 162366.831900000572205 ], [ 95979.192500002682209, 162380.238699998706579 ], [ 95983.962300002574921, 162411.048599999397993 ], [ 95995.564300000667572, 162437.346599999815226 ], [ 96024.182700000703335, 162499.739799998700619 ], [ 96027.66330000013113, 162510.568399999290705 ], [ 96036.687100000679493, 162542.538499999791384 ], [ 96041.070100001990795, 162565.871500000357628 ], [ 96044.035099998116493, 162593.974300000816584 ], [ 96046.226599998772144, 162601.837900001555681 ], [ 96078.712300002574921, 162633.80799999833107 ], [ 96097.275600001215935, 162651.984499998390675 ], [ 96118.0304000005126, 162678.798099998384714 ], [ 96132.081799998879433, 162697.748100001364946 ], [ 96149.226999998092651, 162714.764499999582767 ] ] ] } },
{ "type": "Feature", "properties": { "ID": 20207.0, "NR": "90", "TYPE": "s", "LENGTH": 188.839, "GEMID": "172", "PLANID": "https://geodiensten.oost-vlaanderen.be/Bijlagen/detail/172-D-011.sid", "CEVI_OID": 20182, "GEMEENTE": "Nukerke", "DETAILPLAN": "172-D-011", "TYPE_LABEL": "sentier" }, "geometry": { "type": "MultiLineString", "coordinates": [ [ [ 96011.162600003182888, 162185.19539999961853 ], [ 96165.598800003528595, 162293.867899999022484 ] ] ] } },
{ "type": "Feature", "properties": { "ID": 20208.0, "NR": "98", "TYPE": "s", "LENGTH": 72.338, "GEMID": "172", "PLANID": "https://geodiensten.oost-vlaanderen.be/Bijlagen/detail/172-D-011.sid", "CEVI_OID": 20183, "GEMEENTE": "Nukerke", "DETAILPLAN": "172-D-011", "TYPE_LABEL": "sentier" }, "geometry": { "type": "MultiLineString", "coordinates": [ [ [ 96066.207900002598763, 163115.808699999004602 ], [ 96004.201399996876717, 163153.0641999989748 ] ] ] } },
{ "type": "Feature", "properties": { "ID": 20210.0, "NR": "9999", "TYPE": "gra", "LENGTH": 1186.188, "GEMID": "172", "PLANID": "https://geodiensten.oost-vlaanderen.be/Bijlagen/detail/172-D-011.sid", "CEVI_OID": 20184, "GEMEENTE": "Nukerke", "DETAILPLAN": "172-D-011", "TYPE_LABEL": "grande route" }, "geometry": { "type": "MultiLineString", "coordinates": [ [ [ 94863.848800003528595, 161873.229100000113249 ], [ 94880.349500000476837, 161913.062800001353025 ], [ 94910.256999999284744, 161959.986699998378754 ], [ 94916.186899997293949, 161969.268300000578165 ], [ 94927.788999997079372, 161987.573800001293421 ], [ 94944.676399998366833, 162017.094500001519918 ], [ 94988.764200001955032, 162094.183699999004602 ], [ 95019.574100002646446, 162161.475600000470877 ], [ 95075.263899996876717, 162291.031800001859665 ], [ 95077.842200003564358, 162297.090700000524521 ], [ 95093.698299996554852, 162334.603999998420477 ], [ 95107.749700002372265, 162397.899599999189377 ], [ 95110.714599996805191, 162539.573499999940395 ], [ 95103.882299996912479, 162606.478700000792742 ], [ 95068.302699998021126, 162812.221700001507998 ], [ 95041.102300003170967, 162969.236099999397993 ], [ 95037.106100000441074, 162992.311299998313189 ], [ 95036.203699998557568, 162996.436500001698732 ] ] ] } },
{ "type": "Feature", "properties": { "ID": 20209.0, "NR": "99", "TYPE": "s", "LENGTH": 196.245, "GEMID": "172", "PLANID": "https://geodiensten.oost-vlaanderen.be/Bijlagen/detail/172-D-011.sid", "CEVI_OID": 20185, "GEMEENTE": "Nukerke", "DETAILPLAN": "172-D-011", "TYPE_LABEL": "sentier" }, "geometry": { "type": "MultiLineString", "coordinates": [ [ [ 95402.441699996590614, 162844.836399998515844 ], [ 95427.321699999272823, 162905.682700000703335 ], [ 95451.943800002336502, 162942.809200000017881 ], [ 95503.250699996948242, 163011.776999998837709 ] ] ] } },
{ "type": "Feature", "properties": { "ID": 23985.0, "NR": "10", "TYPE": "c", "LENGTH": 826.624, "GEMID": "210", "PLANID": "https://geodiensten.oost-vlaanderen.be/Bijlagen/detail/210-D-001.sid", "CEVI_OID": 23960, "GEMEENTE": "Schorisse", "DETAILPLAN": "210-D-001", "TYPE_LABEL": "chemin" }, "geometry": { "type": "MultiLineString", "coordinates": [ [ [ 102024.89190000295639, 166917.026999998837709 ], [ 102045.388800002634525, 166857.469799999147654 ], [ 102049.25620000064373, 166807.838799998164177 ], [ 102047.322499997913837, 166786.181600000709295 ], [ 102043.455099999904633, 166748.926199998706579 ], [ 102043.712999999523163, 166734.616999998688698 ], [ 102061.50280000269413, 166711.155099999159575 ], [ 102109.8445999994874, 166663.586599998176098 ], [ 102133.822200000286102, 166640.511500000953674 ], [ 102182.164099998772144, 166594.747800000011921 ], [ 102215.294399999082088, 166569.094399999827147 ], [ 102239.271999999880791, 166552.078099999576807 ], [ 102257.577399998903275, 166535.577399998903275 ], [ 102292.383599996566772, 166496.259300000965595 ], [ 102308.755300000309944, 166478.469500001519918 ], [ 102328.092100001871586, 166446.628299999982119 ], [ 102368.183600001037121, 166372.633000001311302 ], [ 102385.973399996757507, 166344.27250000089407 ], [ 102396.415299996733665, 166324.162200000137091 ], [ 102410.466600000858307, 166293.223400000482798 ], [ 102414.72070000320673, 166283.684000000357628 ], [ 102423.100000001490116, 166259.190799999982119 ], [ 102426.83839999884367, 166236.760099999606609 ] ] ] } },
{ "type": "Feature", "properties": { "ID": 23986.0, "NR": "11", "TYPE": "c", "LENGTH": 769.373, "GEMID": "210", "PLANID": "https://geodiensten.oost-vlaanderen.be/Bijlagen/detail/210-D-001.sid", "CEVI_OID": 23961, "GEMEENTE": "Schorisse", "DETAILPLAN": "210-D-001", "TYPE_LABEL": "chemin" }, "geometry": { "type": "MultiLineString", "coordinates": [ [ [ 102756.336599998176098, 167044.520599998533726 ], [ 102750.148900002241135, 167037.817200001329184 ], [ 102722.561800003051758, 167006.749499998986721 ], [ 102677.184900000691414, 166957.892000000923872 ], [ 102657.074699997901917, 166938.94200000166893 ], [ 102638.511399999260902, 166935.203499998897314 ], [ 102620.334799997508526, 166942.293699998408556 ], [ 102604.092000000178814, 166945.903200000524521 ], [ 102591.329700000584126, 166944.098400000482798 ], [ 102572.508599996566772, 166937.523899998515844 ], [ 102543.89019999653101, 166925.921900000423193 ], [ 102527.518399998545647, 166915.866799999028444 ], [ 102519.268100000917912, 166904.006900001317263 ], [ 102514.111599996685982, 166895.756599999964237 ], [ 102504.314300000667572, 166875.517400000244379 ], [ 102500.833700001239777, 166868.29839999973774 ], [ 102481.625900000333786, 166828.464699998497963 ], [ 102476.211599998176098, 166815.831300001591444 ], [ 102465.254100002348423, 166788.631000000983477 ], [ 102450.042499996721745, 166748.023800000548363 ], [ 102441.4054000005126, 166723.788400001823902 ], [ 102426.580600000917912, 166688.079900000244379 ], [ 102407.243900001049042, 166643.734299998730421 ], [ 102399.251299999654293, 166625.299899999052286 ], [ 102396.028499998152256, 166619.24100000038743 ], [ 102366.636699996888638, 166592.427400000393391 ], [ 102354.003300003707409, 166577.860399998724461 ], [ 102328.221000000834465, 166544.085499998182058 ], [ 102318.939400002360344, 166531.065499998629093 ], [ 102295.477399997413158, 166500.1266999989748 ], [ 102292.383599996566772, 166496.259300000965595 ] ] ] } },
{ "type": "Feature", "properties": { "ID": 23987.0, "NR": "19", "TYPE": "c", "LENGTH": 510.056, "GEMID": "210", "PLANID": "https://geodiensten.oost-vlaanderen.be/Bijlagen/detail/210-D-001.sid", "CEVI_OID": 23962, "GEMEENTE": "Schorisse", "DETAILPLAN": "210-D-001", "TYPE_LABEL": "chemin" }, "geometry": { "type": "MultiLineString", "coordinates": [ [ [ 102328.092100001871586, 166446.628299999982119 ], [ 102340.467600002884865, 166452.300400000065565 ], [ 102370.761900000274181, 166456.425599999725819 ], [ 102437.924800001084805, 166462.097699999809265 ], [ 102484.848700001835823, 166454.749699998646975 ], [ 102497.997699998319149, 166450.237799998372793 ], [ 102523.522200003266335, 166429.611999999731779 ], [ 102559.488499999046326, 166399.059900000691414 ], [ 102589.138199999928474, 166385.52419999986887 ], [ 102631.034500002861023, 166369.796999998390675 ], [ 102667.258699998259544, 166341.4364 ], [ 102687.111100003123283, 166326.224800001829863 ], [ 102697.42400000244379, 166322.873100001364946 ], [ 102708.768200002610683, 166320.552700001746416 ], [ 102717.663099996745586, 166316.169700000435114 ], [ 102722.046099998056889, 166294.512499999254942 ], [ 102726.171300001442432, 166278.656399998813868 ], [ 102742.543099999427795, 166258.417300000786781 ], [ 102747.054999999701977, 166247.459800001233816 ] ] ] } },
{ "type": "Feature", "properties": { "ID": 23988.0, "NR": "33", "TYPE": "c", "LENGTH": 865.963, "GEMID": "210", "PLANID": "https://geodiensten.oost-vlaanderen.be/Bijlagen/detail/210-D-001.sid", "CEVI_OID": 23963, "GEMEENTE": "Schorisse", "DETAILPLAN": "210-D-001", "TYPE_LABEL": "chemin" }, "geometry": { "type": "MultiLineString", "coordinates": [ [ [ 102750.148900002241135, 167037.817200001329184 ], [ 102757.625799998641014, 167025.312800001353025 ], [ 102769.743500001728535, 167011.777100000530481 ], [ 102782.76349999755621, 167001.721900001168251 ], [ 102809.963899999856949, 166989.217500001192093 ], [ 102874.032999999821186, 166960.341299999505281 ], [ 102905.487400002777576, 166966.013399999588728 ], [ 102940.035800002515316, 166916.769200000911951 ], [ 102952.024599999189377, 166896.272199999541044 ], [ 102958.728000000119209, 166878.482400000095367 ], [ 102959.759300000965595, 166863.1418999992311 ], [ 102960.145999997854233, 166831.945300001651049 ], [ 102960.274899996817112, 166822.792599998414516 ], [ 102969.169799998402596, 166786.955099999904633 ], [ 102974.841899998486042, 166760.141499999910593 ], [ 102985.412699997425079, 166702.260099999606609 ], [ 102986.959600001573563, 166685.501600001007318 ], [ 102991.213699996471405, 166660.750599998980761 ], [ 102994.565399996936321, 166640.769299998879433 ], [ 103000.237499997019768, 166609.959399998188019 ], [ 103006.811999998986721, 166570.89919999986887 ], [ 103017.640600003302097, 166521.139299999922514 ], [ 103018.671899996697903, 166509.021600000560284 ], [ 103013.386500000953674, 166501.286899998784065 ], [ 103003.976000003516674, 166493.552200000733137 ], [ 102981.545299999415874, 166482.85249999910593 ], [ 102964.142300002276897, 166478.985100001096725 ], [ 102958.985799998044968, 166455.523200001567602 ], [ 102954.602799996733665, 166434.381700001657009 ], [ 102946.997000001370907, 166402.024900000542402 ], [ 102940.035800002515316, 166372.633000001311302 ], [ 102936.168399997055531, 166355.229899998754263 ], [ 102933.461300000548363, 166340.018399998545647 ] ] ] } },
{ "type": "Feature", "properties": { "ID": 23989.0, "NR": "65", "TYPE": "s", "LENGTH": 36.809, "GEMID": "210", "PLANID": "https://geodiensten.oost-vlaanderen.be/Bijlagen/detail/210-D-001.sid", "CEVI_OID": 23964, "GEMEENTE": "Schorisse", "DETAILPLAN": "210-D-001", "TYPE_LABEL": "sentier" }, "geometry": { "type": "MultiLineString", "coordinates": [ [ [ 103216.035700000822544, 166267.312199998646975 ], [ 103179.553599998354912, 166262.413499999791384 ] ] ] } },
{ "type": "Feature", "properties": { "ID": 23990.0, "NR": "78", "TYPE": "c", "LENGTH": 438.371, "GEMID": "210", "PLANID": "https://geodiensten.oost-vlaanderen.be/Bijlagen/detail/210-D-001.sid", "CEVI_OID": 23965, "GEMEENTE": "Schorisse", "DETAILPLAN": "210-D-001", "TYPE_LABEL": "chemin" }, "geometry": { "type": "MultiLineString", "coordinates": [ [ [ 102399.251299999654293, 166625.299899999052286 ], [ 102354.519000001251698, 166661.910799998790026 ], [ 102268.663800001144409, 166733.070000000298023 ], [ 102214.7787000015378, 166777.802400000393391 ], [ 102130.212700001895428, 166846.512299999594688 ], [ 102124.024899996817112, 166845.738800000399351 ], [ 102049.25620000064373, 166807.838799998164177 ] ] ] } },
{ "type": "Feature", "properties": { "ID": 23991.0, "NR": "79", "TYPE": "c", "LENGTH": 371.117, "GEMID": "210", "PLANID": "https://geodiensten.oost-vlaanderen.be/Bijlagen/detail/210-D-001.sid", "CEVI_OID": 23966, "GEMEENTE": "Schorisse", "DETAILPLAN": "210-D-001", "TYPE_LABEL": "chemin" }, "geometry": { "type": "MultiLineString", "coordinates": [ [ [ 102631.034500002861023, 166369.796999998390675 ], [ 102638.124700002372265, 166378.0472999997437 ], [ 102656.559000000357628, 166396.997299998998642 ], [ 102691.365199998021126, 166429.22520000115037 ], [ 102708.123700000345707, 166443.405499998480082 ], [ 102720.885899998247623, 166451.1402000002563 ], [ 102746.539399996399879, 166461.710999999195337 ], [ 102768.841099999845028, 166466.094000000506639 ], [ 102804.67849999666214, 166469.058899998664856 ], [ 102843.480899997055531, 166469.832400001585484 ], [ 102860.239500001072884, 166473.184099998325109 ], [ 102880.09179999679327, 166478.21169999986887 ], [ 102925.984399996697903, 166489.169199999421835 ], [ 102964.142300002276897, 166478.985100001096725 ] ] ] } },
{ "type": "Feature", "properties": { "ID": 23992.0, "NR": "80", "TYPE": "s", "LENGTH": 592.539, "GEMID": "210", "PLANID": "https://geodiensten.oost-vlaanderen.be/Bijlagen/detail/210-D-001.sid", "CEVI_OID": 23967, "GEMEENTE": "Schorisse", "DETAILPLAN": "210-D-001", "TYPE_LABEL": "sentier" }, "geometry": { "type": "MultiLineString", "coordinates": [ [ [ 102647.406300000846386, 166595.650199998170137 ], [ 102675.3800999969244, 166600.806699998676777 ], [ 102709.155000001192093, 166607.252199999988079 ], [ 102745.250200003385544, 166612.924400001764297 ], [ 102789.337999999523163, 166620.787999998778105 ], [ 102805.967600002884865, 166622.077100001275539 ], [ 102815.507100000977516, 166620.272300001233816 ], [ 102836.133000001311302, 166617.694099999964237 ], [ 102849.797600001096725, 166616.018199998885393 ], [ 102867.200699999928474, 166641.027100000530481 ], [ 102876.740099996328354, 166655.85190000012517 ], [ 102875.966700002551079, 166659.332600001245737 ], [ 102871.970399998128414, 166666.422699999064207 ], [ 102985.412699997425079, 166702.260099999606609 ] ], [ [ 102497.997699998319149, 166450.237799998372793 ], [ 102518.623499996960163, 166471.121500000357628 ], [ 102546.726300001144409, 166500.1266999989748 ], [ 102573.539899997413158, 166527.842700000852346 ], [ 102600.482400000095367, 166555.300799999386072 ], [ 102629.745399996638298, 166585.208399999886751 ], [ 102641.089599996805191, 166590.880499999970198 ], [ 102647.664099998772144, 166594.232200000435114 ] ] ] } },
{ "type": "Feature", "properties": { "ID": 23993.0, "NR": "81", "TYPE": "c", "LENGTH": 675.106, "GEMID": "210", "PLANID": "https://geodiensten.oost-vlaanderen.be/Bijlagen/detail/210-D-001.sid", "CEVI_OID": 23968, "GEMEENTE": "Schorisse", "DETAILPLAN": "210-D-001", "TYPE_LABEL": "chemin" }, "geometry": { "type": "MultiLineString", "coordinates": [ [ [ 102809.963899999856949, 166989.217500001192093 ], [ 102801.197899997234344, 166966.400199998170137 ], [ 102788.435699999332428, 166934.043299999088049 ], [ 102771.935000002384186, 166892.791600000113249 ], [ 102735.839699998497963, 166834.523499999195337 ], [ 102721.014899998903275, 166810.288100000470877 ], [ 102713.280199997127056, 166798.686099998652935 ], [ 102702.967200003564358, 166787.212900001555681 ], [ 102698.584200002253056, 166786.568399999290705 ], [ 102688.529100000858307, 166786.310600001364946 ], [ 102676.411399997770786, 166787.857500001788139 ], [ 102668.28999999910593, 166717.858500000089407 ], [ 102661.32880000025034, 166663.586599998176098 ], [ 102644.828100003302097, 166633.679099999368191 ], [ 102643.667900003492832, 166623.237300001084805 ], [ 102647.406300000846386, 166595.650199998170137 ], [ 102647.664099998772144, 166594.232200000435114 ], [ 102661.070900000631809, 166497.41950000077486 ], [ 102638.124700002372265, 166378.0472999997437 ] ] ] } },
{ "type": "Feature", "properties": { "ID": 23994.0, "NR": "82", "TYPE": "s", "LENGTH": 96.797, "GEMID": "210", "PLANID": "https://geodiensten.oost-vlaanderen.be/Bijlagen/detail/210-D-001.sid", "CEVI_OID": 23969, "GEMEENTE": "Schorisse", "DETAILPLAN": "210-D-001", "TYPE_LABEL": "sentier" }, "geometry": { "type": "MultiLineString", "coordinates": [ [ [ 102940.680299997329712, 166253.776500001549721 ], [ 102954.860600002110004, 166290.129599999636412 ], [ 102956.278599999845028, 166310.368700001388788 ], [ 102948.157200001180172, 166319.650299999862909 ], [ 102940.422499999403954, 166329.189800001680851 ], [ 102933.461300000548363, 166340.018399998545647 ] ] ] } },
{ "type": "Feature", "properties": { "ID": 23995.0, "NR": "83", "TYPE": "s", "LENGTH": 336.973, "GEMID": "210", "PLANID": "https://geodiensten.oost-vlaanderen.be/Bijlagen/detail/210-D-001.sid", "CEVI_OID": 23970, "GEMEENTE": "Schorisse", "DETAILPLAN": "210-D-001", "TYPE_LABEL": "sentier" }, "geometry": { "type": "MultiLineString", "coordinates": [ [ [ 102981.545299999415874, 166482.85249999910593 ], [ 102989.795699998736382, 166475.246700000017881 ], [ 103007.972199998795986, 166459.906199999153614 ], [ 103023.183799996972084, 166447.015000000596046 ], [ 103041.618199996650219, 166430.772199999541044 ], [ 103049.739600002765656, 166423.939899999648333 ], [ 103064.048799999058247, 166415.302799999713898 ], [ 103084.803599998354912, 166402.927299998700619 ], [ 103094.729800000786781, 166389.907200001180172 ], [ 103103.753600001335144, 166379.465300001204014 ], [ 103126.69990000128746, 166350.202399998903275 ], [ 103142.684900000691414, 166330.478900000452995 ], [ 103158.28320000320673, 166311.142200000584126 ], [ 103169.369599997997284, 166299.540100000798702 ], [ 103180.842799998819828, 166292.192099999636412 ], [ 103190.124399997293949, 166301.602699998766184 ], [ 103198.632600001990795, 166296.317299999296665 ], [ 103207.011799998581409, 166290.774099998176098 ], [ 103211.265900000929832, 166284.070700000971556 ], [ 103213.715199999511242, 166278.011900000274181 ], [ 103216.035700000822544, 166267.312199998646975 ] ] ] } },
{ "type": "Feature", "properties": { "ID": 23996.0, "NR": "15", "TYPE": "c", "LENGTH": 211.184, "GEMID": "210", "PLANID": "https://geodiensten.oost-vlaanderen.be/Bijlagen/detail/210-D-002.sid", "CEVI_OID": 23971, "GEMEENTE": "Schorisse", "DETAILPLAN": "210-D-002", "TYPE_LABEL": "chemin" }, "geometry": { "type": "MultiLineString", "coordinates": [ [ [ 101042.456000000238419, 166217.42339999973774 ], [ 101055.733900003135204, 166275.046900000423193 ], [ 101146.616700001060963, 166240.627500001341105 ], [ 101197.407899998128414, 166219.872699998319149 ] ] ] } },
{ "type": "Feature", "properties": { "ID": 23998.0, "NR": "20", "TYPE": "c", "LENGTH": 87.131, "GEMID": "210", "PLANID": "https://geodiensten.oost-vlaanderen.be/Bijlagen/detail/210-D-002.sid", "CEVI_OID": 23972, "GEMEENTE": "Schorisse", "DETAILPLAN": "210-D-002", "TYPE_LABEL": "chemin" }, "geometry": { "type": "MultiLineString", "coordinates": [ [ [ 101380.978100001811981, 166465.836199998855591 ], [ 101393.095799997448921, 166456.296700000762939 ], [ 101456.004699997603893, 166421.877300001680851 ] ] ] } },
{ "type": "Feature", "properties": { "ID": 23999.0, "NR": "22", "TYPE": "c", "LENGTH": 41.51, "GEMID": "210", "PLANID": "https://geodiensten.oost-vlaanderen.be/Bijlagen/detail/210-D-002.sid", "CEVI_OID": 23973, "GEMEENTE": "Schorisse", "DETAILPLAN": "210-D-002", "TYPE_LABEL": "chemin" }, "geometry": { "type": "MultiLineString", "coordinates": [ [ [ 101244.073899999260902, 166239.209399998188019 ], [ 101281.07150000333786, 166220.388300001621246 ] ] ] } },
{ "type": "Feature", "properties": { "ID": 23997.0, "NR": "2", "TYPE": "c", "LENGTH": 1180.867, "GEMID": "210", "PLANID": "https://geodiensten.oost-vlaanderen.be/Bijlagen/detail/210-D-002.sid", "CEVI_OID": 23974, "GEMEENTE": "Schorisse", "DETAILPLAN": "210-D-002", "TYPE_LABEL": "chemin" }, "geometry": { "type": "MultiLineString", "coordinates": [ [ [ 101465.286300003528595, 167141.977800000458956 ], [ 101473.278800003230572, 167131.922699999064207 ], [ 101484.494099996984005, 167111.8125 ], [ 101500.737000003457069, 167088.350600000470877 ], [ 101519.686999998986721, 167076.490699999034405 ], [ 101543.664599999785423, 167065.662099998444319 ], [ 101554.235399998724461, 167058.572000000625849 ], [ 101565.063900001347065, 167045.165199998766184 ], [ 101578.5996999964118, 167027.504299998283386 ], [ 101599.612300001084805, 167000.303899999707937 ], [ 101613.019100002944469, 166976.455299999564886 ], [ 101608.378300003707409, 166962.146099999547005 ], [ 101603.479599997401237, 166948.997099999338388 ], [ 101587.236699998378754, 166924.374899998307228 ], [ 101559.649700000882149, 166895.240899998694658 ], [ 101527.034999996423721, 166861.208200000226498 ], [ 101493.38910000026226, 166827.949000000953674 ], [ 101453.426399998366833, 166787.212900001555681 ], [ 101415.655299998819828, 166751.246599998325109 ], [ 101410.112099997699261, 166737.195199999958277 ], [ 101412.690399996936321, 166728.558100000023842 ], [ 101429.964500002563, 166711.284000001847744 ], [ 101469.411499999463558, 166682.407800000160933 ], [ 101492.486699998378754, 166652.629200000315905 ], [ 101484.494099996984005, 166611.248500000685453 ], [ 101474.568000003695488, 166584.306000001728535 ], [ 101458.196199998259544, 166558.781500000506639 ], [ 101438.343800000846386, 166528.874000001698732 ], [ 101421.972000002861023, 166514.177999999374151 ], [ 101411.401199996471405, 166510.05290000140667 ], [ 101397.349899999797344, 166499.739900000393391 ], [ 101382.267200000584126, 166482.207899998873472 ], [ 101381.880500003695488, 166479.243000000715256 ], [ 101380.978100001811981, 166465.836199998855591 ], [ 101372.856600001454353, 166445.468100000172853 ], [ 101359.578699998557568, 166418.654500000178814 ], [ 101345.527400001883507, 166397.513000000268221 ], [ 101303.3733000010252, 166348.6554000005126 ], [ 101288.677299998700619, 166327.256099998950958 ], [ 101269.21169999986887, 166292.707800000905991 ], [ 101244.073899999260902, 166239.209399998188019 ], [ 101232.60080000013113, 166219.872699998319149 ] ] ] } },
{ "type": "Feature", "properties": { "ID": 24000.0, "NR": "6", "TYPE": "c", "LENGTH": 518.464, "GEMID": "210", "PLANID": "https://geodiensten.oost-vlaanderen.be/Bijlagen/detail/210-D-002.sid", "CEVI_OID": 23975, "GEMEENTE": "Schorisse", "DETAILPLAN": "210-D-002", "TYPE_LABEL": "chemin" }, "geometry": { "type": "MultiLineString", "coordinates": [ [ [ 101303.3733000010252, 166348.6554000005126 ], [ 101295.50959999859333, 166368.378899998962879 ], [ 101284.938900001347065, 166413.884700000286102 ], [ 101271.660999998450279, 166460.679699998348951 ], [ 101263.926299996674061, 166486.848799999803305 ], [ 101259.414399996399879, 166501.931400001049042 ], [ 101254.000100001692772, 166525.135499998927116 ], [ 101249.745999999344349, 166546.663800001144409 ], [ 101244.331699997186661, 166585.595100000500679 ], [ 101237.112700000405312, 166606.092000000178814 ], [ 101231.440499998629093, 166616.533900000154972 ], [ 101223.319099999964237, 166631.74549999833107 ], [ 101217.389200001955032, 166642.703000001609325 ], [ 101212.103799998760223, 166653.531500000506639 ], [ 101176.395300000905991, 166726.624499998986721 ], [ 101145.714299999177456, 166779.607099998742342 ], [ 101111.810500003397465, 166823.952799998223782 ] ] ] } },
{ "type": "Feature", "properties": { "ID": 24001.0, "NR": "74", "TYPE": "s", "LENGTH": 1002.256, "GEMID": "210", "PLANID": "https://geodiensten.oost-vlaanderen.be/Bijlagen/detail/210-D-002.sid", "CEVI_OID": 23976, "GEMEENTE": "Schorisse", "DETAILPLAN": "210-D-002", "TYPE_LABEL": "sentier" }, "geometry": { "type": "MultiLineString", "coordinates": [ [ [ 101440.535300001502037, 167173.561200000345707 ], [ 101433.445100001990795, 167157.962900001555681 ], [ 101420.42509999871254, 167125.992800001055002 ], [ 101400.959399998188019, 167080.486999999731779 ], [ 101363.703900001943111, 167028.406700000166893 ], [ 101302.470899999141693, 166943.969500001519918 ], [ 101316.135499998927116, 166933.785500001162291 ], [ 101291.900100000202656, 166906.971900001168251 ], [ 101252.453199997544289, 166861.981699999421835 ], [ 101216.873499996960163, 166777.157800000160933 ], [ 101184.387800000607967, 166698.392799999564886 ], [ 101178.715700000524521, 166682.407800000160933 ], [ 101174.332699999213219, 166665.64919999986887 ], [ 101167.113600000739098, 166642.960799999535084 ], [ 101155.382700003683567, 166606.349899999797344 ], [ 101146.616700001060963, 166571.801500000059605 ], [ 101140.944600000977516, 166552.722600001841784 ], [ 101127.279899999499321, 166508.634799998253584 ], [ 101121.092200003564358, 166486.590900000184774 ], [ 101117.61150000244379, 166474.988899998366833 ], [ 101108.20099999755621, 166444.436799999326468 ], [ 101102.786700002849102, 166427.549400001764297 ], [ 101098.016999997198582, 166411.693300001323223 ], [ 101090.668999999761581, 166386.813299998641014 ], [ 101083.192100003361702, 166364.511599998921156 ], [ 101075.715300001204014, 166339.760499998927116 ], [ 101063.726499997079372, 166302.63399999961257 ], [ 101055.733900003135204, 166275.046900000423193 ] ] ] } },
{ "type": "Feature", "properties": { "ID": 24002.0, "NR": "75", "TYPE": "s", "LENGTH": 95.725, "GEMID": "210", "PLANID": "https://geodiensten.oost-vlaanderen.be/Bijlagen/detail/210-D-002.sid", "CEVI_OID": 23977, "GEMEENTE": "Schorisse", "DETAILPLAN": "210-D-002", "TYPE_LABEL": "sentier" }, "geometry": { "type": "MultiLineString", "coordinates": [ [ [ 101613.019100002944469, 166976.455299999564886 ], [ 101628.617399998009205, 166976.326299998909235 ], [ 101666.775200001895428, 166978.131099998950958 ], [ 101698.358599998056889, 166978.260000001639128 ], [ 101708.671499997377396, 166979.033500000834465 ] ] ] } },
{ "type": "Feature", "properties": { "ID": 24003.0, "NR": "76", "TYPE": "c", "LENGTH": 109.904, "GEMID": "210", "PLANID": "https://geodiensten.oost-vlaanderen.be/Bijlagen/detail/210-D-002.sid", "CEVI_OID": 23978, "GEMEENTE": "Schorisse", "DETAILPLAN": "210-D-002", "TYPE_LABEL": "chemin" }, "geometry": { "type": "MultiLineString", "coordinates": [ [ [ 101595.61599999666214, 166630.971999999135733 ], [ 101566.22410000115633, 166648.117199998348951 ], [ 101517.49549999833107, 166658.688000001013279 ], [ 101495.45160000026226, 166654.691700000315905 ], [ 101492.486699998378754, 166652.629200000315905 ] ] ] } },
{ "type": "Feature", "properties": { "ID": 24004.0, "NR": "77", "TYPE": "c", "LENGTH": 163.191, "GEMID": "210", "PLANID": "https://geodiensten.oost-vlaanderen.be/Bijlagen/detail/210-D-002.sid", "CEVI_OID": 23979, "GEMEENTE": "Schorisse", "DETAILPLAN": "210-D-002", "TYPE_LABEL": "chemin" }, "geometry": { "type": "MultiLineString", "coordinates": [ [ [ 101474.568000003695488, 166584.306000001728535 ], [ 101527.808499999344349, 166554.527399998158216 ], [ 101560.809900000691414, 166591.009399998933077 ], [ 101595.61599999666214, 166630.971999999135733 ] ] ] } },
{ "type": "Feature", "properties": { "ID": 24006.0, "NR": "84", "TYPE": "s", "LENGTH": 364.215, "GEMID": "210", "PLANID": "https://geodiensten.oost-vlaanderen.be/Bijlagen/detail/210-D-002.sid", "CEVI_OID": 23980, "GEMEENTE": "Schorisse", "DETAILPLAN": "210-D-002", "TYPE_LABEL": "sentier" }, "geometry": { "type": "MultiLineString", "coordinates": [ [ [ 101492.486699998378754, 166652.629200000315905 ], [ 101494.549300000071526, 166657.785599999129772 ], [ 101555.137699998915195, 166722.628199998289347 ], [ 101593.29559999704361, 166764.395599998533726 ], [ 101646.020499996840954, 166821.761300001293421 ], [ 101675.283399999141693, 166853.3445999994874 ], [ 101683.404899999499321, 166869.200800001621246 ], [ 101694.491300001740456, 166892.791600000113249 ], [ 101713.699100002646446, 166931.722899999469519 ], [ 101716.664099998772144, 166935.848099999129772 ] ] ] } },
{ "type": "Feature", "properties": { "ID": 24007.0, "NR": "85", "TYPE": "s", "LENGTH": 148.352, "GEMID": "210", "PLANID": "https://geodiensten.oost-vlaanderen.be/Bijlagen/detail/210-D-002.sid", "CEVI_OID": 23981, "GEMEENTE": "Schorisse", "DETAILPLAN": "210-D-002", "TYPE_LABEL": "sentier" }, "geometry": { "type": "MultiLineString", "coordinates": [ [ [ 101249.745999999344349, 166546.663800001144409 ], [ 101277.719800002872944, 166532.225699998438358 ], [ 101315.362000003457069, 166512.631099998950958 ], [ 101346.300800003111362, 166496.517099998891354 ], [ 101381.880500003695488, 166479.243000000715256 ] ] ] } },
{ "type": "Feature", "properties": { "ID": 24008.0, "NR": "86", "TYPE": "s", "LENGTH": 145.33, "GEMID": "210", "PLANID": "https://geodiensten.oost-vlaanderen.be/Bijlagen/detail/210-D-002.sid", "CEVI_OID": 23982, "GEMEENTE": "Schorisse", "DETAILPLAN": "210-D-002", "TYPE_LABEL": "sentier" }, "geometry": { "type": "MultiLineString", "coordinates": [ [ [ 101117.61150000244379, 166474.988899998366833 ], [ 101136.561599999666214, 166482.723600000143051 ], [ 101207.8496999964118, 166508.634799998253584 ], [ 101254.000100001692772, 166525.135499998927116 ] ] ] } },
{ "type": "Feature", "properties": { "ID": 24009.0, "NR": "87", "TYPE": "s", "LENGTH": 653.237, "GEMID": "210", "PLANID": "https://geodiensten.oost-vlaanderen.be/Bijlagen/detail/210-D-002.sid", "CEVI_OID": 23983, "GEMEENTE": "Schorisse", "DETAILPLAN": "210-D-002", "TYPE_LABEL": "sentier" }, "geometry": { "type": "MultiLineString", "coordinates": [ [ [ 101284.938900001347065, 166413.884700000286102 ], [ 101222.80349999666214, 166436.315400000661612 ], [ 101201.017399996519089, 166389.907200001180172 ], [ 101102.786700002849102, 166427.549400001764297 ], [ 101031.627499997615814, 166433.092599999159575 ], [ 100940.100199997425079, 166423.810899998992682 ], [ 100890.98480000346899, 166440.827300000935793 ], [ 100845.350100003182888, 166431.80350000038743 ], [ 100820.3412000015378, 166420.588199999183416 ], [ 100807.192299999296665, 166411.177600000053644 ], [ 100788.500100001692772, 166391.067400000989437 ], [ 100778.573899999260902, 166373.019799999892712 ], [ 100760.268399998545647, 166375.984700001776218 ], [ 100755.756499998271465, 166381.656800001859665 ], [ 100724.559900000691414, 166400.606800001114607 ], [ 100709.863899998366833, 166403.185100000351667 ] ] ] } },
{ "type": "Feature", "properties": { "ID": 24010.0, "NR": "88", "TYPE": "s", "LENGTH": 208.653, "GEMID": "210", "PLANID": "https://geodiensten.oost-vlaanderen.be/Bijlagen/detail/210-D-002.sid", "CEVI_OID": 23984, "GEMEENTE": "Schorisse", "DETAILPLAN": "210-D-002", "TYPE_LABEL": "sentier" }, "geometry": { "type": "MultiLineString", "coordinates": [ [ [ 100709.863899998366833, 166403.185100000351667 ], [ 100713.215700000524521, 166396.868400000035763 ], [ 100712.957800000905991, 166392.227600000798702 ], [ 100707.156800001859665, 166387.715700000524521 ], [ 100702.258199997246265, 166385.266399998217821 ], [ 100697.488399997353554, 166378.949700001627207 ], [ 100694.781300000846386, 166369.925900001078844 ], [ 100692.718699999153614, 166363.866999998688698 ], [ 100692.718699999153614, 166350.717999998480082 ], [ 100692.718699999153614, 166343.756799999624491 ], [ 100690.784999996423721, 166332.928199999034405 ], [ 100690.140500001609325, 166326.482599999755621 ], [ 100692.460900001227856, 166317.2010000012815 ], [ 100694.136699996888638, 166311.142200000584126 ], [ 100693.878899998962879, 166306.114599999040365 ], [ 100689.366999998688698, 166293.352299999445677 ], [ 100692.718699999153614, 166283.555100001394749 ], [ 100692.718699999153614, 166276.078200001269579 ], [ 100691.687399998307228, 166270.277199998497963 ], [ 100694.781300000846386, 166258.67509999871254 ], [ 100696.457099996507168, 166252.616300001740456 ], [ 100693.492200002074242, 166242.947900000959635 ], [ 100713.215700000524521, 166212.653599999845028 ] ] ] } },
{ "type": "Feature", "properties": { "ID": 24005.0, "NR": "8", "TYPE": "c", "LENGTH": 365.751, "GEMID": "210", "PLANID": "https://geodiensten.oost-vlaanderen.be/Bijlagen/detail/210-D-002.sid", "CEVI_OID": 23985, "GEMEENTE": "Schorisse", "DETAILPLAN": "210-D-002", "TYPE_LABEL": "chemin" }, "geometry": { "type": "MultiLineString", "coordinates": [ [ [ 101465.286300003528595, 167141.977800000458956 ], [ 101440.535300001502037, 167173.561200000345707 ], [ 101431.511500000953674, 167189.675200000405312 ], [ 101420.553999997675419, 167213.523800000548363 ], [ 101408.3074000030756, 167226.41499999910593 ], [ 101381.622599996626377, 167245.364999998360872 ], [ 101350.941699996590614, 167265.47520000115037 ], [ 101319.358300000429153, 167282.491599999368191 ], [ 101264.1841000020504, 167312.785799998790026 ], [ 101242.01129999756813, 167325.032400000840425 ], [ 101227.444300003349781, 167324.774599999189377 ], [ 101194.314000003039837, 167326.579300001263618 ], [ 101172.914700001478195, 167330.833399999886751 ] ] ] } },
{ "type": "Feature", "properties": { "ID": 24012.0, "NR": "49", "TYPE": "c", "LENGTH": 21.932, "GEMID": "210", "PLANID": "https://geodiensten.oost-vlaanderen.be/Bijlagen/detail/210-D-003.sid", "CEVI_OID": 23986, "GEMEENTE": "Schorisse", "DETAILPLAN": "210-D-003", "TYPE_LABEL": "chemin" }, "geometry": { "type": "MultiLineString", "coordinates": [ [ [ 100174.751599997282028, 164948.932599999010563 ], [ 100163.278499998152256, 164967.624800000339746 ] ] ] } },
{ "type": "Feature", "properties": { "ID": 24011.0, "NR": "4", "TYPE": "c", "LENGTH": 502.409, "GEMID": "210", "PLANID": "https://geodiensten.oost-vlaanderen.be/Bijlagen/detail/210-D-003.sid", "CEVI_OID": 23987, "GEMEENTE": "Schorisse", "DETAILPLAN": "210-D-003", "TYPE_LABEL": "chemin" }, "geometry": { "type": "MultiLineString", "coordinates": [ [ [ 100264.47410000115633, 165259.996399998664856 ], [ 100170.497500002384186, 165207.271600000560284 ], [ 100023.538199998438358, 165162.539200000464916 ], [ 99996.982400000095367, 165152.999699998646975 ], [ 99991.82599999755621, 165151.195000000298023 ], [ 99899.00959999859333, 165100.146000001579523 ], [ 99844.479900002479553, 165094.087099999189377 ], [ 99798.587399996817112, 165086.223499998450279 ] ] ] } },
{ "type": "Feature", "properties": { "ID": 24013.0, "NR": "89", "TYPE": "s", "LENGTH": 416.655, "GEMID": "210", "PLANID": "https://geodiensten.oost-vlaanderen.be/Bijlagen/detail/210-D-003.sid", "CEVI_OID": 23988, "GEMEENTE": "Schorisse", "DETAILPLAN": "210-D-003", "TYPE_LABEL": "sentier" }, "geometry": { "type": "MultiLineString", "coordinates": [ [ [ 100257.2550999969244, 165625.589899998158216 ], [ 100250.680600002408028, 165620.820199999958277 ], [ 100251.840800002217293, 165618.370900001376867 ], [ 100226.445200003683567, 165601.225600000470877 ], [ 100177.716600000858307, 165568.224199999123812 ], [ 100175.911799997091293, 165569.771200001239777 ], [ 100147.42230000346899, 165547.727299999445677 ], [ 100102.561099998652935, 165528.132699999958277 ], [ 100096.244400002062321, 165525.296599999070168 ], [ 100087.607299998402596, 165518.464299999177456 ], [ 100067.883799999952316, 165497.709499999880791 ], [ 100040.16780000180006, 165468.059900000691414 ], [ 100026.245399996638298, 165454.653000000864267 ], [ 99998.142599999904633, 165428.999600000679493 ], [ 99963.207599997520447, 165398.834300000220537 ], [ 99934.331399999558926, 165373.69649999961257 ] ] ] } },
{ "type": "Feature", "properties": { "ID": 24014.0, "NR": "100", "TYPE": "s", "LENGTH": 246.947, "GEMID": "210", "PLANID": "https://geodiensten.oost-vlaanderen.be/Bijlagen/detail/210-D-004.sid", "CEVI_OID": 23989, "GEMEENTE": "Schorisse", "DETAILPLAN": "210-D-004", "TYPE_LABEL": "sentier" }, "geometry": { "type": "MultiLineString", "coordinates": [ [ [ 101638.285800002515316, 165515.11259999871254 ], [ 101655.688799999654293, 165515.886100001633167 ], [ 101676.701399996876717, 165509.182700000703335 ], [ 101690.62389999628067, 165578.795000001788139 ], [ 101696.424900002777576, 165608.057900000363588 ], [ 101698.358599998056889, 165616.179400000721216 ], [ 101712.538900002837181, 165644.024300001561642 ], [ 101721.433799996972084, 165676.896800000220537 ], [ 101729.94200000166893, 165704.612799998372793 ], [ 101729.6841000020504, 165708.609000001102686 ] ] ] } },
{ "type": "Feature", "properties": { "ID": 24015.0, "NR": "101", "TYPE": "s", "LENGTH": 100.324, "GEMID": "210", "PLANID": "https://geodiensten.oost-vlaanderen.be/Bijlagen/detail/210-D-004.sid", "CEVI_OID": 23990, "GEMEENTE": "Schorisse", "DETAILPLAN": "210-D-004", "TYPE_LABEL": "sentier" }, "geometry": { "type": "MultiLineString", "coordinates": [ [ [ 101654.528599999845028, 165099.243599999696016 ], [ 101715.503899998962879, 165178.910999998450279 ] ] ] } },
{ "type": "Feature", "properties": { "ID": 24016.0, "NR": "102", "TYPE": "s", "LENGTH": 164.8, "GEMID": "210", "PLANID": "https://geodiensten.oost-vlaanderen.be/Bijlagen/detail/210-D-004.sid", "CEVI_OID": 23991, "GEMEENTE": "Schorisse", "DETAILPLAN": "210-D-004", "TYPE_LABEL": "sentier" }, "geometry": { "type": "MultiLineString", "coordinates": [ [ [ 101582.209200002253056, 165610.12049999833107 ], [ 101582.595899999141693, 165596.584800001233816 ], [ 101583.369400002062321, 165575.314399998635054 ], [ 101583.111599996685982, 165566.806200001388788 ], [ 101581.17790000140667, 165543.602099999785423 ], [ 101579.759900003671646, 165521.429299999028444 ], [ 101584.787399999797344, 165520.784699998795986 ], [ 101593.16669999808073, 165463.676899999380112 ], [ 101603.221799999475479, 165455.168699998408556 ] ] ] } },
{ "type": "Feature", "properties": { "ID": 24017.0, "NR": "103", "TYPE": "s", "LENGTH": 307.111, "GEMID": "210", "PLANID": "https://geodiensten.oost-vlaanderen.be/Bijlagen/detail/210-D-004.sid", "CEVI_OID": 23992, "GEMEENTE": "Schorisse", "DETAILPLAN": "210-D-004", "TYPE_LABEL": "sentier" }, "geometry": { "type": "MultiLineString", "coordinates": [ [ [ 101505.764600001275539, 165635.902800001204014 ], [ 101519.300300002098083, 165695.073300000280142 ], [ 101512.983599998056889, 165696.878100000321865 ], [ 101504.604400001466274, 165802.456700000911951 ], [ 101549.723499998450279, 165857.115299999713898 ], [ 101588.783699996769428, 165906.617300000041723 ] ] ] } },
{ "type": "Feature", "properties": { "ID": 24018.0, "NR": "104", "TYPE": "s", "LENGTH": 207.788, "GEMID": "210", "PLANID": "https://geodiensten.oost-vlaanderen.be/Bijlagen/detail/210-D-004.sid", "CEVI_OID": 23993, "GEMEENTE": "Schorisse", "DETAILPLAN": "210-D-004", "TYPE_LABEL": "sentier" }, "geometry": { "type": "MultiLineString", "coordinates": [ [ [ 101446.336300000548363, 166047.131099998950958 ], [ 101487.459100000560284, 166084.128699999302626 ], [ 101520.331600002944469, 166146.26410000026226 ], [ 101556.168999999761581, 166143.814800001680851 ], [ 101590.201700001955032, 166175.140299998223782 ] ] ] } },
{ "type": "Feature", "properties": { "ID": 24020.0, "NR": "138", "TYPE": "s", "LENGTH": 19.347, "GEMID": "210", "PLANID": "https://geodiensten.oost-vlaanderen.be/Bijlagen/detail/210-D-004.sid", "CEVI_OID": 23994, "GEMEENTE": "Schorisse", "DETAILPLAN": "210-D-004", "TYPE_LABEL": "sentier" }, "geometry": { "type": "MultiLineString", "coordinates": [ [ [ 100909.677000001072884, 164978.195500001311302 ], [ 100907.356600001454353, 164958.987700000405312 ] ] ] } },
{ "type": "Feature", "properties": { "ID": 24019.0, "NR": "13", "TYPE": "c", "LENGTH": 458.341, "GEMID": "210", "PLANID": "https://geodiensten.oost-vlaanderen.be/Bijlagen/detail/210-D-004.sid", "CEVI_OID": 23995, "GEMEENTE": "Schorisse", "DETAILPLAN": "210-D-004", "TYPE_LABEL": "chemin" }, "geometry": { "type": "MultiLineString", "coordinates": [ [ [ 100660.490800000727177, 165246.331799998879433 ], [ 100658.685999996960163, 165238.468199998140335 ], [ 100671.963899999856949, 165209.849800001829863 ], [ 100689.882600001990795, 165180.844700001180172 ], [ 100718.501000002026558, 165165.890900000929832 ], [ 100734.486100003123283, 165149.261300001293421 ], [ 100748.537399999797344, 165124.768100000917912 ], [ 100768.260899998247623, 165086.610199999064207 ], [ 100780.120800003409386, 165067.144600000232458 ], [ 100808.0945999994874, 165020.607500001788139 ], [ 100820.083400003612041, 165014.935300000011921 ], [ 100841.740599997341633, 165004.622400000691414 ], [ 100886.601800002157688, 164983.867600001394749 ], [ 100909.677000001072884, 164978.195500001311302 ], [ 100966.011399999260902, 164964.144200000911951 ], [ 100978.258000001311302, 164961.69480000063777 ] ] ] } },
{ "type": "Feature", "properties": { "ID": 24021.0, "NR": "15", "TYPE": "c", "LENGTH": 782.667, "GEMID": "210", "PLANID": "https://geodiensten.oost-vlaanderen.be/Bijlagen/detail/210-D-004.sid", "CEVI_OID": 23996, "GEMEENTE": "Schorisse", "DETAILPLAN": "210-D-004", "TYPE_LABEL": "chemin" }, "geometry": { "type": "MultiLineString", "coordinates": [ [ [ 101042.58500000089407, 166219.099199999123812 ], [ 101036.783900000154972, 166176.042700000107288 ], [ 101031.369599997997284, 166127.829799998551607 ], [ 101029.178099997341633, 166093.023600000888109 ], [ 101028.533600002527237, 166082.968499999493361 ], [ 101027.502300001680851, 166052.416400000452995 ], [ 101027.760099999606609, 166014.645300000905991 ], [ 101029.564900003373623, 165974.811599999666214 ], [ 101030.725100003182888, 165915.125500001013279 ], [ 101032.143100000917912, 165886.378199998289347 ], [ 101033.561099998652935, 165853.247900001704693 ], [ 101033.947899997234344, 165795.753299999982119 ], [ 101033.561099998652935, 165770.615499999374151 ], [ 101026.342100001871586, 165715.183499999344349 ], [ 101023.892800003290176, 165678.185899998992682 ], [ 101023.119300000369549, 165642.219500001519918 ], [ 101022.4746999964118, 165598.776299998164177 ], [ 101030.338299997150898, 165534.062600001692772 ], [ 101035.365900002419949, 165493.842199999839067 ], [ 101035.494800001382828, 165484.689500000327826 ] ], [ [ 101186.579300001263618, 166220.388300001621246 ], [ 101230.151399999856949, 166205.692400000989437 ] ] ] } },
{ "type": "Feature", "properties": { "ID": 24022.0, "NR": "16", "TYPE": "c", "LENGTH": 773.2, "GEMID": "210", "PLANID": "https://geodiensten.oost-vlaanderen.be/Bijlagen/detail/210-D-004.sid", "CEVI_OID": 23997, "GEMEENTE": "Schorisse", "DETAILPLAN": "210-D-004", "TYPE_LABEL": "chemin" }, "geometry": { "type": "MultiLineString", "coordinates": [ [ [ 101763.330099999904633, 164974.714899998158216 ], [ 101731.488899998366833, 165006.556099999696016 ], [ 101709.702799998223782, 165036.334699999541044 ], [ 101692.299800001084805, 165061.085700001567602 ], [ 101686.112000003457069, 165069.851700000464916 ], [ 101654.528599999845028, 165099.243599999696016 ], [ 101622.816399998962879, 165111.747999999672174 ], [ 101586.592200003564358, 165139.85080000013113 ], [ 101580.404399998486042, 165144.62049999833107 ], [ 101532.836000002920628, 165174.012299999594688 ], [ 101488.49040000140667, 165196.571899998933077 ], [ 101483.849600002169609, 165198.892299998551607 ], [ 101450.590400002896786, 165209.978700000792742 ], [ 101416.299900002777576, 165230.475699998438358 ], [ 101392.193400003015995, 165247.491999998688698 ], [ 101377.755300000309944, 165255.613400001078844 ], [ 101371.696400001645088, 165259.996399998664856 ], [ 101330.831399999558926, 165271.340700000524521 ], [ 101285.712399996817112, 165281.782499998807907 ], [ 101247.941200003027916, 165282.684900000691414 ], [ 101186.1925999969244, 165273.274300001561642 ], [ 101103.689099997282028, 165258.96510000154376 ], [ 101096.469999998807907, 165258.062800001353025 ] ] ] } },
{ "type": "Feature", "properties": { "ID": 24023.0, "NR": "170", "TYPE": "s", "LENGTH": 99.125, "GEMID": "210", "PLANID": "https://geodiensten.oost-vlaanderen.be/Bijlagen/detail/210-D-004.sid", "CEVI_OID": 23998, "GEMEENTE": "Schorisse", "DETAILPLAN": "210-D-004", "TYPE_LABEL": "sentier" }, "geometry": { "type": "MultiLineString", "coordinates": [ [ [ 101131.147299997508526, 165881.479600001126528 ], [ 101032.143100000917912, 165886.378199998289347 ] ] ] } },
{ "type": "Feature", "properties": { "ID": 24024.0, "NR": "174", "TYPE": "s", "LENGTH": 119.012, "GEMID": "210", "PLANID": "https://geodiensten.oost-vlaanderen.be/Bijlagen/detail/210-D-004.sid", "CEVI_OID": 23999, "GEMEENTE": "Schorisse", "DETAILPLAN": "210-D-004", "TYPE_LABEL": "sentier" }, "geometry": { "type": "MultiLineString", "coordinates": [ [ [ 101488.49040000140667, 165196.571899998933077 ], [ 101486.943499997258186, 165192.446699999272823 ], [ 101502.026100002229214, 165186.25899999961257 ], [ 101523.941100001335144, 165173.883400000631809 ], [ 101546.242799997329712, 165161.50789999961853 ], [ 101563.388099998235703, 165151.581700000911951 ], [ 101583.627199999988079, 165138.046000000089407 ], [ 101586.592200003564358, 165139.85080000013113 ] ] ] } },
{ "type": "Feature", "properties": { "ID": 24025.0, "NR": "175", "TYPE": "s", "LENGTH": 38.505, "GEMID": "210", "PLANID": "https://geodiensten.oost-vlaanderen.be/Bijlagen/detail/210-D-004.sid", "CEVI_OID": 24000, "GEMEENTE": "Schorisse", "DETAILPLAN": "210-D-004", "TYPE_LABEL": "sentier" }, "geometry": { "type": "MultiLineString", "coordinates": [ [ [ 101673.220799997448921, 165757.208700001239777 ], [ 101659.814000003039837, 165721.113499999046326 ] ] ] } },
{ "type": "Feature", "properties": { "ID": 24026.0, "NR": "18", "TYPE": "c", "LENGTH": 268.957, "GEMID": "210", "PLANID": "https://geodiensten.oost-vlaanderen.be/Bijlagen/detail/210-D-004.sid", "CEVI_OID": 24001, "GEMEENTE": "Schorisse", "DETAILPLAN": "210-D-004", "TYPE_LABEL": "chemin" }, "geometry": { "type": "MultiLineString", "coordinates": [ [ [ 102017.672799997031689, 165065.597600001841784 ], [ 102004.394900001585484, 165059.925500001758337 ], [ 101967.139399997889996, 165044.58500000089407 ], [ 101911.965199999511242, 165018.416000001132488 ], [ 101878.834899999201298, 165000.755100000649691 ], [ 101847.251599997282028, 164975.488400001078844 ] ], [ [ 101975.002999998629093, 165548.242899999022484 ], [ 101974.745200000703335, 165534.70719999819994 ], [ 101978.870399996638298, 165516.659600000828505 ], [ 101992.79280000180006, 165502.994899999350309 ], [ 102009.809199996292591, 165486.623100001364946 ] ] ] } },
{ "type": "Feature", "properties": { "ID": 24029.0, "NR": "22ter", "TYPE": "c", "LENGTH": 118.915, "GEMID": "210", "PLANID": "https://geodiensten.oost-vlaanderen.be/Bijlagen/detail/210-D-004.sid", "CEVI_OID": 24002, "GEMEENTE": "Schorisse", "DETAILPLAN": "210-D-004", "TYPE_LABEL": "chemin" }, "geometry": { "type": "MultiLineString", "coordinates": [ [ [ 101148.421400003135204, 165971.07319999858737 ], [ 101029.564900003373623, 165974.811599999666214 ] ] ] } },
{ "type": "Feature", "properties": { "ID": 24028.0, "NR": "22", "TYPE": "c", "LENGTH": 704.63, "GEMID": "210", "PLANID": "https://geodiensten.oost-vlaanderen.be/Bijlagen/detail/210-D-004.sid", "CEVI_OID": 24003, "GEMEENTE": "Schorisse", "DETAILPLAN": "210-D-004", "TYPE_LABEL": "chemin" }, "geometry": { "type": "MultiLineString", "coordinates": [ [ [ 101729.6841000020504, 165708.609000001102686 ], [ 101714.988200001418591, 165724.207299999892712 ], [ 101698.487499997019768, 165739.161100000143051 ], [ 101673.220799997448921, 165757.208700001239777 ], [ 101662.778999999165535, 165776.029800001531839 ], [ 101626.683700002729893, 165846.157800000160933 ], [ 101614.694899998605251, 165866.525800000876188 ], [ 101588.783699996769428, 165906.617300000041723 ], [ 101569.060199998319149, 165934.977899998426437 ], [ 101543.148999996483326, 165968.75279999896884 ], [ 101537.476800002157688, 165976.100699998438358 ], [ 101526.777199998497963, 165988.089499998837709 ], [ 101502.670699998736382, 166002.52760000154376 ], [ 101459.485299997031689, 166027.923200000077486 ], [ 101446.336300000548363, 166047.131099998950958 ], [ 101415.526399999856949, 166093.281399998813868 ], [ 101398.1233000010252, 166118.805900000035763 ], [ 101381.10700000077486, 166135.306600000709295 ], [ 101344.625, 166165.600900001823902 ], [ 101315.23309999704361, 166188.418200001120567 ], [ 101265.859999999403954, 166221.548500001430511 ] ] ] } },
{ "type": "Feature", "properties": { "ID": 24030.0, "NR": "23", "TYPE": "c", "LENGTH": 81.167, "GEMID": "210", "PLANID": "https://geodiensten.oost-vlaanderen.be/Bijlagen/detail/210-D-004.sid", "CEVI_OID": 24004, "GEMEENTE": "Schorisse", "DETAILPLAN": "210-D-004", "TYPE_LABEL": "chemin" }, "geometry": { "type": "MultiLineString", "coordinates": [ [ [ 100808.0945999994874, 165020.607500001788139 ], [ 100801.133400000631809, 165015.966600000858307 ], [ 100758.721500001847744, 164956.79619999974966 ] ] ] } },
{ "type": "Feature", "properties": { "ID": 24031.0, "NR": "24", "TYPE": "s", "LENGTH": 286.68, "GEMID": "210", "PLANID": "https://geodiensten.oost-vlaanderen.be/Bijlagen/detail/210-D-004.sid", "CEVI_OID": 24005, "GEMEENTE": "Schorisse", "DETAILPLAN": "210-D-004", "TYPE_LABEL": "sentier" }, "geometry": { "type": "MultiLineString", "coordinates": [ [ [ 118775.802699998021126, 167291.515399999916553 ], [ 118785.213200002908707, 167286.358899999409914 ], [ 118889.760600000619888, 167235.438799999654293 ], [ 119031.176700003445148, 167168.791499998420477 ], [ 119033.883799999952316, 167166.857799999415874 ] ] ] } },
{ "type": "Feature", "properties": { "ID": 24027.0, "NR": "2", "TYPE": "c", "LENGTH": 753.895, "GEMID": "210", "PLANID": "https://geodiensten.oost-vlaanderen.be/Bijlagen/detail/210-D-004.sid", "CEVI_OID": 24006, "GEMEENTE": "Schorisse", "DETAILPLAN": "210-D-004", "TYPE_LABEL": "chemin" }, "geometry": { "type": "MultiLineString", "coordinates": [ [ [ 101230.151399999856949, 166205.692400000989437 ], [ 101221.901100002229214, 166183.13289999961853 ], [ 101192.638099998235703, 166110.813400000333786 ], [ 101169.691899999976158, 166053.447700001299381 ], [ 101160.925899997353554, 166024.829300001263618 ], [ 101151.644199997186661, 165988.347300000488758 ], [ 101148.421400003135204, 165971.07319999858737 ], [ 101144.038400001823902, 165949.416000001132488 ], [ 101131.147299997508526, 165881.479600001126528 ], [ 101124.830600000917912, 165851.443199999630451 ], [ 101115.54900000244379, 165819.344099998474121 ], [ 101109.103399999439716, 165779.897199999541044 ], [ 101101.497599996626377, 165728.977099999785423 ], [ 101093.891800001263618, 165662.716499999165535 ], [ 101086.801700003445148, 165613.085499998182058 ], [ 101083.063199996948242, 165597.229299999773502 ], [ 101046.968000002205372, 165491.650699999183416 ], [ 101035.494800001382828, 165484.689500000327826 ] ] ] } },
{ "type": "Feature", "properties": { "ID": 24033.0, "NR": "30bis", "TYPE": "c", "LENGTH": 77.64, "GEMID": "210", "PLANID": "https://geodiensten.oost-vlaanderen.be/Bijlagen/detail/210-D-004.sid", "CEVI_OID": 24007, "GEMEENTE": "Schorisse", "DETAILPLAN": "210-D-004", "TYPE_LABEL": "chemin" }, "geometry": { "type": "MultiLineString", "coordinates": [ [ [ 101707.769199997186661, 165442.406399998813868 ], [ 101693.202100001275539, 165451.172400001436472 ], [ 101642.926600001752377, 165485.076200000941753 ] ] ] } },
{ "type": "Feature", "properties": { "ID": 24032.0, "NR": "30", "TYPE": "c", "LENGTH": 179.245, "GEMID": "210", "PLANID": "https://geodiensten.oost-vlaanderen.be/Bijlagen/detail/210-D-004.sid", "CEVI_OID": 24008, "GEMEENTE": "Schorisse", "DETAILPLAN": "210-D-004", "TYPE_LABEL": "chemin" }, "geometry": { "type": "MultiLineString", "coordinates": [ [ [ 101617.65990000218153, 165609.218100000172853 ], [ 101625.910199999809265, 165601.741300001740456 ], [ 101629.004100002348423, 165596.326999999582767 ], [ 101634.031700000166893, 165550.047699999064207 ], [ 101638.285800002515316, 165515.11259999871254 ], [ 101640.992899999022484, 165497.967399999499321 ], [ 101642.926600001752377, 165485.076200000941753 ], [ 101617.273199997842312, 165466.770700000226498 ], [ 101603.221799999475479, 165455.168699998408556 ] ] ] } },
{ "type": "Feature", "properties": { "ID": 24034.0, "NR": "4", "TYPE": "c", "LENGTH": 2070.785, "GEMID": "210", "PLANID": "https://geodiensten.oost-vlaanderen.be/Bijlagen/detail/210-D-004.sid", "CEVI_OID": 24009, "GEMEENTE": "Schorisse", "DETAILPLAN": "210-D-004", "TYPE_LABEL": "chemin" }, "geometry": { "type": "MultiLineString", "coordinates": [ [ [ 102008.520099997520447, 165549.403099998831749 ], [ 101982.737700000405312, 165546.695999998599291 ], [ 101975.002999998629093, 165548.242899999022484 ], [ 101948.318300001323223, 165563.71229999884963 ], [ 101919.313199996948242, 165581.11540000140667 ], [ 101863.752300001680851, 165614.761300001293421 ], [ 101804.968599997460842, 165652.661400001496077 ], [ 101729.6841000020504, 165708.609000001102686 ], [ 101699.003200002014637, 165727.043400000780821 ], [ 101683.018100000917912, 165735.164799999445677 ], [ 101676.572499997913837, 165736.9695999994874 ], [ 101659.814000003039837, 165721.113499999046326 ], [ 101650.532399997115135, 165699.327399998903275 ], [ 101646.278300002217293, 165686.307300001382828 ], [ 101627.199400000274181, 165657.302200000733137 ], [ 101617.65990000218153, 165609.218100000172853 ], [ 101608.893899999558926, 165606.253199998289347 ], [ 101594.326899997889996, 165606.639899998903275 ], [ 101582.209200002253056, 165610.12049999833107 ], [ 101542.375500001013279, 165628.683800000697374 ], [ 101512.983599998056889, 165636.031800001859665 ], [ 101505.764600001275539, 165635.902800001204014 ], [ 101480.497900001704693, 165632.680100001394749 ], [ 101459.35639999806881, 165631.261999998241663 ], [ 101405.600199997425079, 165636.418499998748302 ], [ 101376.723999999463558, 165633.066799998283386 ], [ 101359.449799999594688, 165629.586199998855591 ], [ 101323.096699997782707, 165616.566100001335144 ], [ 101303.631099998950958, 165599.807599999010563 ], [ 101295.380699999630451, 165592.8462999984622 ], [ 101215.584399998188019, 165521.687100000679493 ], [ 101211.974899999797344, 165520.913600001484156 ], [ 101040.909100003540516, 165485.849700000137091 ], [ 101035.494800001382828, 165484.689500000327826 ], [ 101012.677500002086163, 165472.571800000965595 ], [ 100991.535899996757507, 165460.067299999296665 ], [ 100961.88629999756813, 165430.546599999070168 ], [ 100933.267899997532368, 165399.607799999415874 ], [ 100924.115099996328354, 165384.396200001239777 ], [ 100906.583099998533726, 165355.777800001204014 ], [ 100886.21509999781847, 165332.186999998986721 ], [ 100877.449100002646446, 165323.936599999666214 ], [ 100866.362700000405312, 165318.780099999159575 ], [ 100830.783100001513958, 165316.459699999541044 ], [ 100786.050700001418591, 165318.780099999159575 ], [ 100721.465999998152256, 165325.741399999707937 ], [ 100695.039099998772144, 165306.791400000452995 ], [ 100675.702399998903275, 165284.231800001114607 ], [ 100664.61599999666214, 165256.515799999237061 ], [ 100660.490800000727177, 165246.331799998879433 ], [ 100605.187700003385544, 165259.996399998664856 ], [ 100588.558100000023842, 165264.121599998325109 ], [ 100528.872000001370907, 165279.977699998766184 ], [ 100489.167199999094009, 165295.318199999630451 ], [ 100413.882799997925758, 165304.471000000834465 ], [ 100347.880000002682209, 165309.627399999648333 ], [ 100331.250399999320507, 165303.05290000140667 ], [ 100263.571800000965595, 165260.512099999934435 ] ] ] } },
{ "type": "Feature", "properties": { "ID": 24036.0, "NR": "53", "TYPE": "s", "LENGTH": 82.623, "GEMID": "210", "PLANID": "https://geodiensten.oost-vlaanderen.be/Bijlagen/detail/210-D-004.sid", "CEVI_OID": 24010, "GEMEENTE": "Schorisse", "DETAILPLAN": "210-D-004", "TYPE_LABEL": "sentier" }, "geometry": { "type": "MultiLineString", "coordinates": [ [ [ 100484.01070000231266, 164983.6097999997437 ], [ 100561.228799998760223, 164954.217999998480082 ] ] ] } },
{ "type": "Feature", "properties": { "ID": 24037.0, "NR": "54", "TYPE": "s", "LENGTH": 197.849, "GEMID": "210", "PLANID": "https://geodiensten.oost-vlaanderen.be/Bijlagen/detail/210-D-004.sid", "CEVI_OID": 24011, "GEMEENTE": "Schorisse", "DETAILPLAN": "210-D-004", "TYPE_LABEL": "sentier" }, "geometry": { "type": "MultiLineString", "coordinates": [ [ [ 101622.816399998962879, 165111.747999999672174 ], [ 101608.378300003707409, 165083.903099998831749 ], [ 101593.940200001001358, 165065.855500001460314 ], [ 101576.666000001132488, 165044.198300000280142 ], [ 101547.145199999213219, 165005.911499999463558 ], [ 101533.093800000846386, 165014.806400001049042 ], [ 101509.245200000703335, 164970.074099998921156 ] ] ] } },
{ "type": "Feature", "properties": { "ID": 24035.0, "NR": "5", "TYPE": "c", "LENGTH": 417.569, "GEMID": "210", "PLANID": "https://geodiensten.oost-vlaanderen.be/Bijlagen/detail/210-D-004.sid", "CEVI_OID": 24012, "GEMEENTE": "Schorisse", "DETAILPLAN": "210-D-004", "TYPE_LABEL": "chemin" }, "geometry": { "type": "MultiLineString", "coordinates": [ [ [ 100528.872000001370907, 165279.977699998766184 ], [ 100523.586599998176098, 165266.828699998557568 ], [ 100492.390000000596046, 165227.381799999624491 ], [ 100438.504900000989437, 165162.796999998390675 ], [ 100394.288199998438358, 165142.30009999871254 ], [ 100377.013999998569489, 165133.534099999815226 ], [ 100363.607199996709824, 165121.674199998378754 ], [ 100362.1891999989748, 165109.298700001090765 ], [ 100369.66610000282526, 165085.063299998641014 ], [ 100374.951399996876717, 165060.441199999302626 ], [ 100376.369499996304512, 165033.756499998271465 ], [ 100377.658600002527237, 165005.6537000015378 ], [ 100377.658600002527237, 164994.953999999910593 ], [ 100344.528300002217293, 164951.7685999982059 ] ] ] } },
{ "type": "Feature", "properties": { "ID": 24038.0, "NR": "66", "TYPE": "c", "LENGTH": 137.03, "GEMID": "210", "PLANID": "https://geodiensten.oost-vlaanderen.be/Bijlagen/detail/210-D-004.sid", "CEVI_OID": 24013, "GEMEENTE": "Schorisse", "DETAILPLAN": "210-D-004", "TYPE_LABEL": "chemin" }, "geometry": { "type": "MultiLineString", "coordinates": [ [ [ 100350.458200000226498, 165685.276000000536442 ], [ 100449.204599998891354, 165780.283900000154972 ] ] ] } },
{ "type": "Feature", "properties": { "ID": 24039.0, "NR": "67", "TYPE": "c", "LENGTH": 109.346, "GEMID": "210", "PLANID": "https://geodiensten.oost-vlaanderen.be/Bijlagen/detail/210-D-004.sid", "CEVI_OID": 24014, "GEMEENTE": "Schorisse", "DETAILPLAN": "210-D-004", "TYPE_LABEL": "chemin" }, "geometry": { "type": "MultiLineString", "coordinates": [ [ [ 100377.658600002527237, 165005.6537000015378 ], [ 100384.877599999308586, 165004.106800001114607 ], [ 100466.092000000178814, 164975.875100001692772 ], [ 100481.174699999392033, 164970.589699998497963 ] ] ] } },
{ "type": "Feature", "properties": { "ID": 24040.0, "NR": "68", "TYPE": "c", "LENGTH": 212.61, "GEMID": "210", "PLANID": "https://geodiensten.oost-vlaanderen.be/Bijlagen/detail/210-D-004.sid", "CEVI_OID": 24015, "GEMEENTE": "Schorisse", "DETAILPLAN": "210-D-004", "TYPE_LABEL": "chemin" }, "geometry": { "type": "MultiLineString", "coordinates": [ [ [ 101148.421400003135204, 165971.07319999858737 ], [ 101156.156099997460842, 165968.6239 ], [ 101174.590499997138977, 165963.5962999984622 ], [ 101210.814699999988079, 165952.123199999332428 ], [ 101262.379299998283386, 165928.016699999570847 ], [ 101313.299500003457069, 165904.812600001692772 ], [ 101346.429799996316433, 165895.144200000911951 ] ] ] } },
{ "type": "Feature", "properties": { "ID": 24041.0, "NR": "69", "TYPE": "s", "LENGTH": 485.748, "GEMID": "210", "PLANID": "https://geodiensten.oost-vlaanderen.be/Bijlagen/detail/210-D-004.sid", "CEVI_OID": 24016, "GEMEENTE": "Schorisse", "DETAILPLAN": "210-D-004", "TYPE_LABEL": "sentier" }, "geometry": { "type": "MultiLineString", "coordinates": [ [ [ 101303.631099998950958, 165599.807599999010563 ], [ 101302.599799998104572, 165629.328299999237061 ], [ 101301.568499997258186, 165664.779100000858307 ], [ 101299.376999996602535, 165720.726700000464916 ], [ 101291.900100000202656, 165721.242400001734495 ], [ 101298.861299999058247, 165746.380100000649691 ], [ 101303.244300000369549, 165760.689300000667572 ], [ 101307.885200001299381, 165779.252599999308586 ], [ 101316.135499998927116, 165809.160100001841784 ], [ 101323.612400002777576, 165817.797200001776218 ], [ 101329.284500002861023, 165839.067600000649691 ], [ 101335.601199999451637, 165860.724800001829863 ], [ 101343.335900001227856, 165884.315600000321865 ], [ 101346.429799996316433, 165895.144200000911951 ] ], [ [ 101415.526399999856949, 166093.281399998813868 ], [ 101397.607699997723103, 166067.885800000280142 ], [ 101385.103299997746944, 166042.619199998676777 ], [ 101378.528800003230572, 166024.958299998193979 ], [ 101371.954300001263618, 165989.249699998646975 ], [ 101360.352200001478195, 165930.852699998766184 ] ] ] } },
{ "type": "Feature", "properties": { "ID": 24043.0, "NR": "70", "TYPE": "c", "LENGTH": 185.832, "GEMID": "210", "PLANID": "https://geodiensten.oost-vlaanderen.be/Bijlagen/detail/210-D-004.sid", "CEVI_OID": 24017, "GEMEENTE": "Schorisse", "DETAILPLAN": "210-D-004", "TYPE_LABEL": "chemin" }, "geometry": { "type": "MultiLineString", "coordinates": [ [ [ 101658.267099998891354, 166100.500500001013279 ], [ 101637.25450000166893, 166063.889600001275539 ], [ 101626.168099999427795, 166044.939599998295307 ], [ 101609.151699997484684, 166016.707899998873472 ], [ 101593.424500003457069, 165990.023200001567602 ], [ 101545.856100000441074, 165977.131999999284744 ], [ 101537.476800002157688, 165976.100699998438358 ] ] ] } },
{ "type": "Feature", "properties": { "ID": 24044.0, "NR": "71", "TYPE": "c", "LENGTH": 160.494, "GEMID": "210", "PLANID": "https://geodiensten.oost-vlaanderen.be/Bijlagen/detail/210-D-004.sid", "CEVI_OID": 24018, "GEMEENTE": "Schorisse", "DETAILPLAN": "210-D-004", "TYPE_LABEL": "chemin" }, "geometry": { "type": "MultiLineString", "coordinates": [ [ [ 101543.148999996483326, 165968.75279999896884 ], [ 101508.342799998819828, 165927.500999998301268 ], [ 101466.704300001263618, 165873.100299999117851 ], [ 101450.848200000822544, 165838.552000001072884 ] ] ] } },
{ "type": "Feature", "properties": { "ID": 24045.0, "NR": "72", "TYPE": "c", "LENGTH": 335.766, "GEMID": "210", "PLANID": "https://geodiensten.oost-vlaanderen.be/Bijlagen/detail/210-D-004.sid", "CEVI_OID": 24019, "GEMEENTE": "Schorisse", "DETAILPLAN": "210-D-004", "TYPE_LABEL": "chemin" }, "geometry": { "type": "MultiLineString", "coordinates": [ [ [ 101639.188100002706051, 165296.607299998402596 ], [ 101654.399700000882149, 165269.793699998408556 ], [ 101677.990599997341633, 165226.092700000852346 ], [ 101697.198399998247623, 165201.857299998402596 ], [ 101715.503899998962879, 165178.910999998450279 ], [ 101724.140900000929832, 165168.727000001817942 ], [ 101737.934500001370907, 165145.136100001633167 ], [ 101741.286200001835823, 165140.237500000745058 ], [ 101739.35249999910593, 165138.561599999666214 ], [ 101754.821900002658367, 165119.998399998992682 ], [ 101759.204899996519089, 165114.197299998253584 ], [ 101776.350199997425079, 165097.696600001305342 ], [ 101709.702799998223782, 165036.334699999541044 ] ] ] } },
{ "type": "Feature", "properties": { "ID": 24046.0, "NR": "72", "TYPE": "s", "LENGTH": 165.9, "GEMID": "210", "PLANID": "https://geodiensten.oost-vlaanderen.be/Bijlagen/detail/210-D-004.sid", "CEVI_OID": 24020, "GEMEENTE": "Schorisse", "DETAILPLAN": "210-D-004", "TYPE_LABEL": "sentier" }, "geometry": { "type": "MultiLineString", "coordinates": [ [ [ 101603.221799999475479, 165455.168699998408556 ], [ 101609.409599997103214, 165442.922100000083447 ], [ 101616.886399999260902, 165423.198600001633167 ], [ 101623.460900001227856, 165413.272399999201298 ], [ 101627.586099997162819, 165399.607799999415874 ], [ 101640.090499997138977, 165359.12950000166893 ], [ 101640.348399996757507, 165349.718899998813868 ], [ 101639.832699999213219, 165335.667599998414516 ], [ 101639.188100002706051, 165296.607299998402596 ] ] ] } },
{ "type": "Feature", "properties": { "ID": 24047.0, "NR": "73", "TYPE": "s", "LENGTH": 109.694, "GEMID": "210", "PLANID": "https://geodiensten.oost-vlaanderen.be/Bijlagen/detail/210-D-004.sid", "CEVI_OID": 24021, "GEMEENTE": "Schorisse", "DETAILPLAN": "210-D-004", "TYPE_LABEL": "sentier" }, "geometry": { "type": "MultiLineString", "coordinates": [ [ [ 101844.28660000115633, 165183.422899998724461 ], [ 101813.992399998009205, 165158.027300000190735 ], [ 101782.666799999773502, 165132.760600000619888 ], [ 101759.204899996519089, 165114.197299998253584 ] ] ] } },
{ "type": "Feature", "properties": { "ID": 24048.0, "NR": "79ter", "TYPE": "c", "LENGTH": 222.918, "GEMID": "210", "PLANID": "https://geodiensten.oost-vlaanderen.be/Bijlagen/detail/210-D-004.sid", "CEVI_OID": 24022, "GEMEENTE": "Schorisse", "DETAILPLAN": "210-D-004", "TYPE_LABEL": "chemin" }, "geometry": { "type": "MultiLineString", "coordinates": [ [ [ 101919.571000002324581, 166118.934900000691414 ], [ 101887.987700000405312, 166136.724700000137091 ], [ 101819.019900001585484, 166176.171599999070168 ], [ 101758.044699996709824, 166212.138000000268221 ], [ 101726.332400001585484, 166230.056699998676777 ] ] ] } },
{ "type": "Feature", "properties": { "ID": 24042.0, "NR": "7", "TYPE": "c", "LENGTH": 437.191, "GEMID": "210", "PLANID": "https://geodiensten.oost-vlaanderen.be/Bijlagen/detail/210-D-004.sid", "CEVI_OID": 24023, "GEMEENTE": "Schorisse", "DETAILPLAN": "210-D-004", "TYPE_LABEL": "chemin" }, "geometry": { "type": "MultiLineString", "coordinates": [ [ [ 100489.167199999094009, 165295.318199999630451 ], [ 100492.905599996447563, 165336.312100000679493 ], [ 100498.190999999642372, 165382.591400001198053 ], [ 100500.124700002372265, 165410.17850000038743 ], [ 100497.030799999833107, 165427.968299999833107 ], [ 100480.014399997889996, 165451.81700000166893 ], [ 100458.357299998402596, 165485.97859999909997 ], [ 100425.742600001394749, 165535.996300000697374 ], [ 100379.592299997806549, 165618.113000001758337 ], [ 100350.458200000226498, 165685.276000000536442 ], [ 100347.75110000371933, 165691.592700000852346 ] ] ] } },
{ "type": "Feature", "properties": { "ID": 24049.0, "NR": "88", "TYPE": "s", "LENGTH": 397.659, "GEMID": "210", "PLANID": "https://geodiensten.oost-vlaanderen.be/Bijlagen/detail/210-D-004.sid", "CEVI_OID": 24024, "GEMEENTE": "Schorisse", "DETAILPLAN": "210-D-004", "TYPE_LABEL": "sentier" }, "geometry": { "type": "MultiLineString", "coordinates": [ [ [ 101029.178099997341633, 166093.023600000888109 ], [ 100998.755000002682209, 166096.246399998664856 ], [ 100938.811099998652935, 166103.594399999827147 ], [ 100893.820900000631809, 166108.621899999678135 ], [ 100849.217500001192093, 166113.520599998533726 ], [ 100817.118500001728535, 166117.516800001263618 ], [ 100770.710299998521805, 166115.583200000226498 ], [ 100757.04559999704361, 166114.80970000103116 ], [ 100754.467399999499321, 166128.474300000816584 ], [ 100729.458499997854233, 166130.794700000435114 ], [ 100715.020400002598763, 166171.0152000002563 ], [ 100715.020400002598763, 166186.742400001734495 ], [ 100715.79389999806881, 166213.298200000077486 ] ] ] } },
{ "type": "Feature", "properties": { "ID": 24050.0, "NR": "89", "TYPE": "s", "LENGTH": 114.325, "GEMID": "210", "PLANID": "https://geodiensten.oost-vlaanderen.be/Bijlagen/detail/210-D-004.sid", "CEVI_OID": 24025, "GEMEENTE": "Schorisse", "DETAILPLAN": "210-D-004", "TYPE_LABEL": "sentier" }, "geometry": { "type": "MultiLineString", "coordinates": [ [ [ 100347.75110000371933, 165691.592700000852346 ], [ 100335.633400000631809, 165682.955600000917912 ], [ 100255.708099998533726, 165623.785100001841784 ] ] ] } },
{ "type": "Feature", "properties": { "ID": 24051.0, "NR": "90", "TYPE": "s", "LENGTH": 343.571, "GEMID": "210", "PLANID": "https://geodiensten.oost-vlaanderen.be/Bijlagen/detail/210-D-004.sid", "CEVI_OID": 24026, "GEMEENTE": "Schorisse", "DETAILPLAN": "210-D-004", "TYPE_LABEL": "sentier" }, "geometry": { "type": "MultiLineString", "coordinates": [ [ [ 100475.373599998652935, 164952.671000000089407 ], [ 100479.627700001001358, 164962.081599999219179 ], [ 100481.174699999392033, 164970.589699998497963 ], [ 100481.819200001657009, 164974.843800000846386 ], [ 100483.495099999010563, 164978.969000000506639 ], [ 100484.01070000231266, 164983.6097999997437 ], [ 100484.526399999856949, 164995.340799998492002 ], [ 100485.428700000047684, 165003.2043999992311 ], [ 100485.815499998629093, 165010.810199998319149 ], [ 100483.881800003349781, 165015.837699998170137 ], [ 100485.428700000047684, 165026.666299998760223 ], [ 100484.655299998819828, 165033.369699999690056 ], [ 100484.655299998819828, 165040.975499998778105 ], [ 100485.299800001084805, 165045.874099999666214 ], [ 100486.46000000089407, 165053.479899998754263 ], [ 100487.749099999666214, 165062.761599998921156 ], [ 100488.651500001549721, 165078.488800000399351 ], [ 100488.135899998247623, 165101.950699999928474 ], [ 100488.135899998247623, 165105.173500001430511 ], [ 100509.535199999809265, 165134.436500001698732 ], [ 100520.750500001013279, 165149.776999998837709 ], [ 100535.44650000333786, 165170.531700000166893 ], [ 100552.076099999248981, 165193.478000000119209 ], [ 100559.8108000010252, 165203.662000000476837 ], [ 100570.768299996852875, 165226.866099998354912 ], [ 100583.917199999094009, 165255.355599999427795 ], [ 100588.558100000023842, 165264.121599998325109 ] ] ] } },
{ "type": "Feature", "properties": { "ID": 24052.0, "NR": "91", "TYPE": "s", "LENGTH": 406.518, "GEMID": "210", "PLANID": "https://geodiensten.oost-vlaanderen.be/Bijlagen/detail/210-D-004.sid", "CEVI_OID": 24027, "GEMEENTE": "Schorisse", "DETAILPLAN": "210-D-004", "TYPE_LABEL": "sentier" }, "geometry": { "type": "MultiLineString", "coordinates": [ [ [ 100820.083400003612041, 165014.935300000011921 ], [ 100829.365099996328354, 165028.986699998378754 ], [ 100855.276299998164177, 165076.555100001394749 ], [ 100862.366400003433228, 165094.989500001072884 ], [ 100878.480400003492832, 165110.201099999248981 ], [ 100887.375299997627735, 165153.128699999302626 ], [ 100900.266500003635883, 165152.355200000107288 ], [ 100907.872299998998642, 165164.344000000506639 ], [ 100918.571900002658367, 165197.732099998742342 ], [ 100922.82599999755621, 165226.350499998778105 ], [ 100926.951200000941753, 165263.477000001817942 ], [ 100928.498099997639656, 165300.60359999909997 ], [ 100926.951200000941753, 165342.628800000995398 ], [ 100926.435500003397465, 165376.0168999992311 ], [ 100924.115099996328354, 165384.396200001239777 ] ] ] } },
{ "type": "Feature", "properties": { "ID": 24053.0, "NR": "92", "TYPE": "s", "LENGTH": 395.289, "GEMID": "210", "PLANID": "https://geodiensten.oost-vlaanderen.be/Bijlagen/detail/210-D-004.sid", "CEVI_OID": 24028, "GEMEENTE": "Schorisse", "DETAILPLAN": "210-D-004", "TYPE_LABEL": "sentier" }, "geometry": { "type": "MultiLineString", "coordinates": [ [ [ 101096.469999998807907, 165258.062800001353025 ], [ 101067.980599999427795, 165345.078099999576807 ], [ 101041.424800001084805, 165457.231300000101328 ], [ 101035.494800001382828, 165484.689500000327826 ] ], [ [ 101078.680200003087521, 165329.99549999833107 ], [ 101072.363600000739098, 165353.715199999511242 ], [ 101065.402300000190735, 165382.591400001198053 ], [ 101058.054399996995926, 165411.080899998545647 ], [ 101049.932899996638298, 165447.820700000971556 ], [ 101040.909100003540516, 165485.849700000137091 ] ] ] } },
{ "type": "Feature", "properties": { "ID": 24054.0, "NR": "93", "TYPE": "s", "LENGTH": 633.086, "GEMID": "210", "PLANID": "https://geodiensten.oost-vlaanderen.be/Bijlagen/detail/210-D-004.sid", "CEVI_OID": 24029, "GEMEENTE": "Schorisse", "DETAILPLAN": "210-D-004", "TYPE_LABEL": "sentier" }, "geometry": { "type": "MultiLineString", "coordinates": [ [ [ 101147.390100002288818, 164962.726100001484156 ], [ 101148.421400003135204, 164976.390799999237061 ], [ 101149.45269999653101, 164990.957800000905991 ], [ 101153.706799998879433, 165016.224500000476837 ], [ 101157.058499999344349, 165040.201999999582767 ], [ 101162.988499999046326, 165079.004399999976158 ], [ 101107.556400001049042, 165101.435100000351667 ], [ 101107.427500002086163, 165137.014699999243021 ], [ 101106.911899998784065, 165167.051100000739098 ], [ 101106.267300002276897, 165193.091299999505281 ], [ 101104.204700000584126, 165218.357999999076128 ], [ 101102.915600001811981, 165234.729699999094009 ], [ 101103.689099997282028, 165258.96510000154376 ] ], [ [ 101083.83669999986887, 164961.308100000023842 ], [ 101100.595200002193451, 165082.614000000059605 ], [ 101102.915600001811981, 165102.853100001811981 ], [ 101102.399999998509884, 165150.163699999451637 ], [ 101096.469999998807907, 165258.062800001353025 ] ] ] } },
{ "type": "Feature", "properties": { "ID": 24055.0, "NR": "94", "TYPE": "s", "LENGTH": 765.803, "GEMID": "210", "PLANID": "https://geodiensten.oost-vlaanderen.be/Bijlagen/detail/210-D-004.sid", "CEVI_OID": 24030, "GEMEENTE": "Schorisse", "DETAILPLAN": "210-D-004", "TYPE_LABEL": "sentier" }, "geometry": { "type": "MultiLineString", "coordinates": [ [ [ 101371.696400001645088, 165259.996399998664856 ], [ 101349.39469999819994, 165295.704999998211861 ], [ 101305.4358000010252, 165369.184599999338388 ], [ 101218.033699996769428, 165513.565699998289347 ], [ 101211.974899999797344, 165520.913600001484156 ] ], [ [ 101377.755300000309944, 165255.613400001078844 ], [ 101377.626400001347065, 165246.331799998879433 ], [ 101380.591300003230572, 165220.678399998694658 ], [ 101381.751599997282028, 165205.080099999904633 ], [ 101382.524999998509884, 165196.185199998319149 ], [ 101381.493699997663498, 165181.10249999910593 ], [ 101380.591300003230572, 165175.172499999403954 ], [ 101377.368600003421307, 165162.668099999427795 ], [ 101373.114500001072884, 165147.327599998563528 ], [ 101365.508699998259544, 165115.744300000369549 ], [ 101361.770199999213219, 165097.954500000923872 ], [ 101355.582500003278255, 165070.496300000697374 ], [ 101349.910400003194809, 165049.48369999974966 ], [ 101342.30460000038147, 165021.638799998909235 ], [ 101332.3783999979496, 164984.898899998515844 ], [ 101326.964100003242493, 164966.72239999845624 ] ], [ [ 101215.584399998188019, 165521.687100000679493 ], [ 101209.009900003671646, 165526.972500000149012 ], [ 101183.61429999768734, 165548.242899999022484 ], [ 101160.152400001883507, 165575.185400001704693 ], [ 101130.760499998927116, 165598.905200000852346 ], [ 101117.095899999141693, 165609.991599999368191 ], [ 101104.591499999165535, 165614.245700001716614 ], [ 101086.801700003445148, 165613.085499998182058 ] ] ] } },
{ "type": "Feature", "properties": { "ID": 24056.0, "NR": "95", "TYPE": "s", "LENGTH": 307.203, "GEMID": "210", "PLANID": "https://geodiensten.oost-vlaanderen.be/Bijlagen/detail/210-D-004.sid", "CEVI_OID": 24031, "GEMEENTE": "Schorisse", "DETAILPLAN": "210-D-004", "TYPE_LABEL": "sentier" }, "geometry": { "type": "MultiLineString", "coordinates": [ [ [ 101616.886399999260902, 165423.198600001633167 ], [ 101555.653399996459484, 165426.421399999409914 ], [ 101544.180299997329712, 165376.4037000015378 ], [ 101540.570699997246265, 165362.094500001519918 ], [ 101497.901000000536442, 165316.201900001615286 ], [ 101495.45160000026226, 165313.494800001382828 ], [ 101491.584299996495247, 165304.342000000178814 ], [ 101487.587999999523163, 165297.380800001323223 ], [ 101487.072400003671646, 165292.997800000011921 ], [ 101482.560500003397465, 165280.493400000035763 ], [ 101479.208800002932549, 165271.4695999994874 ], [ 101473.020999997854233, 165259.223000001162291 ], [ 101469.024700000882149, 165251.875 ], [ 101465.415200002491474, 165244.913800001144409 ], [ 101461.547899998724461, 165237.179099999368191 ], [ 101457.809399999678135, 165231.506900001317263 ], [ 101451.363899998366833, 165215.521899998188019 ], [ 101450.590400002896786, 165209.978700000792742 ] ] ] } },
{ "type": "Feature", "properties": { "ID": 24057.0, "NR": "96", "TYPE": "s", "LENGTH": 377.917, "GEMID": "210", "PLANID": "https://geodiensten.oost-vlaanderen.be/Bijlagen/detail/210-D-004.sid", "CEVI_OID": 24032, "GEMEENTE": "Schorisse", "DETAILPLAN": "210-D-004", "TYPE_LABEL": "sentier" }, "geometry": { "type": "MultiLineString", "coordinates": [ [ [ 101778.2837999984622, 165279.204300001263618 ], [ 101791.046099998056889, 165257.933800000697374 ], [ 101794.784500002861023, 165255.355599999427795 ], [ 101805.35530000180006, 165240.272900000214577 ], [ 101812.703299999237061, 165230.733500000089407 ], [ 101826.239000000059605, 165207.013700000941753 ], [ 101827.528099998831749, 165205.724599998444319 ], [ 101844.28660000115633, 165183.422899998724461 ], [ 101862.076399996876717, 165144.749400001019239 ], [ 101874.967600002884865, 165134.178599998354912 ], [ 101876.514499999582767, 165131.729299999773502 ], [ 101876.901299998164177, 165111.490200001746416 ], [ 101879.092799998819828, 165108.267400000244379 ], [ 101882.960100002586842, 165105.43129999935627 ], [ 101902.296899996697903, 165106.462600000202656 ], [ 101922.149300001561642, 165097.181000001728535 ], [ 101951.154399998486042, 165127.990899998694658 ], [ 102004.394900001585484, 165059.925500001758337 ] ] ] } },
{ "type": "Feature", "properties": { "ID": 24058.0, "NR": "97", "TYPE": "s", "LENGTH": 241.041, "GEMID": "210", "PLANID": "https://geodiensten.oost-vlaanderen.be/Bijlagen/detail/210-D-004.sid", "CEVI_OID": 24033, "GEMEENTE": "Schorisse", "DETAILPLAN": "210-D-004", "TYPE_LABEL": "sentier" }, "geometry": { "type": "MultiLineString", "coordinates": [ [ [ 101776.350199997425079, 165097.696600001305342 ], [ 101795.815800003707409, 165082.227200001478195 ], [ 101837.583200000226498, 165109.814300000667572 ], [ 101876.12780000269413, 165059.280999999493361 ], [ 101884.249200001358986, 165059.796599999070168 ], [ 101911.965199999511242, 165018.416000001132488 ] ], [ [ 101837.583200000226498, 165109.814300000667572 ], [ 101874.967600002884865, 165134.178599998354912 ] ] ] } },
{ "type": "Feature", "properties": { "ID": 24059.0, "NR": "98", "TYPE": "s", "LENGTH": 843.137, "GEMID": "210", "PLANID": "https://geodiensten.oost-vlaanderen.be/Bijlagen/detail/210-D-004.sid", "CEVI_OID": 24034, "GEMEENTE": "Schorisse", "DETAILPLAN": "210-D-004", "TYPE_LABEL": "sentier" }, "geometry": { "type": "MultiLineString", "coordinates": [ [ [ 101497.901000000536442, 165316.201900001615286 ], [ 101503.959799997508526, 165314.268199998885393 ], [ 101513.370399996638298, 165311.561099998652935 ], [ 101520.718299999833107, 165306.920299999415874 ], [ 101528.324100002646446, 165301.634899999946356 ], [ 101532.449299998581409, 165299.958999998867512 ], [ 101534.640799999237061, 165299.056699998676777 ], [ 101539.92620000243187, 165298.025400001555681 ], [ 101551.785999998450279, 165297.896499998867512 ], [ 101560.165299996733665, 165296.865200001746416 ], [ 101568.802400000393391, 165296.994100000709295 ], [ 101576.27929999679327, 165296.994100000709295 ], [ 101592.135399997234344, 165296.349500000476837 ], [ 101602.577200002968311, 165296.865200001746416 ], [ 101609.151699997484684, 165295.189300000667572 ], [ 101616.499700002372265, 165294.931499999016523 ], [ 101639.188100002706051, 165296.607299998402596 ], [ 101644.860299997031689, 165298.28319999948144 ], [ 101649.50110000371933, 165299.185600001364946 ], [ 101655.302100002765656, 165297.638599999248981 ], [ 101663.036799997091293, 165294.931499999016523 ], [ 101666.904200002551079, 165294.802600000053644 ], [ 101673.478699997067451, 165296.220600001513958 ], [ 101680.310999996960163, 165296.349500000476837 ], [ 101684.822899997234344, 165297.896499998867512 ], [ 101689.205899998545647, 165301.248199999332428 ], [ 101693.202100001275539, 165306.017900001257658 ], [ 101702.612700000405312, 165308.982900001108646 ], [ 101713.828000001609325, 165311.818900000303984 ], [ 101722.336199998855591, 165313.107999999076128 ], [ 101729.168499998748302, 165312.076699998229742 ], [ 101734.325000002980232, 165309.627399999648333 ], [ 101739.35249999910593, 165302.9239999987185 ], [ 101745.282499998807907, 165296.349500000476837 ], [ 101748.376299999654293, 165293.642400000244379 ], [ 101754.564099997282028, 165290.419599998742342 ], [ 101767.584200002253056, 165283.458299998193979 ], [ 101772.740599997341633, 165279.719900000840425 ], [ 101775.705600000917912, 165278.044100001454353 ], [ 101778.2837999984622, 165279.204300001263618 ], [ 101789.756999999284744, 165285.005300000309944 ], [ 101797.233900003135204, 165284.747499998658895 ], [ 101808.578100003302097, 165287.196800000965595 ], [ 101817.730800002813339, 165289.130499999970198 ], [ 101822.758400000631809, 165290.032800000160933 ], [ 101828.043700002133846, 165288.48589999973774 ], [ 101835.907399997115135, 165290.419599998742342 ], [ 101843.255300000309944, 165293.771299999207258 ], [ 101845.833499997854233, 165299.443399999290705 ], [ 101848.798500001430511, 165304.471000000834465 ], [ 101853.568199999630451, 165308.338300000876188 ], [ 101861.17400000244379, 165315.557399999350309 ], [ 101868.264200001955032, 165324.710099998861551 ], [ 101874.451899997889996, 165327.28830000013113 ], [ 101884.506999999284744, 165331.800200000405312 ], [ 101892.499600000679493, 165339.019299998879433 ], [ 101899.589699998497963, 165344.691399998962879 ], [ 101920.08669999986887, 165363.770300000905991 ] ], [ [ 101303.631099998950958, 165599.807599999010563 ], [ 101309.818800002336502, 165591.170499999076128 ], [ 101314.975299999117851, 165579.697399999946356 ], [ 101325.932800002396107, 165573.122900001704693 ], [ 101332.765100002288818, 165569.900100000202656 ], [ 101337.663800001144409, 165565.259300000965595 ], [ 101345.656300000846386, 165555.719799999147654 ], [ 101353.519900001585484, 165541.410599999129772 ], [ 101356.355999998748302, 165535.351700000464916 ], [ 101357.902900002896786, 165529.9375 ], [ 101358.547499999403954, 165520.011300001293421 ], [ 101359.965499997138977, 165510.085099998861551 ], [ 101360.609999999403954, 165503.639499999582767 ], [ 101360.223300002515316, 165497.967399999499321 ], [ 101358.418499998748302, 165490.103700000792742 ], [ 101357.000500001013279, 165485.97859999909997 ], [ 101357.902900002896786, 165476.825800001621246 ], [ 101359.063100002706051, 165471.540500000119209 ], [ 101358.160700000822544, 165467.157499998807907 ], [ 101359.063100002706051, 165461.61430000141263 ], [ 101362.285899996757507, 165455.684300001710653 ], [ 101367.442400000989437, 165446.78940000012517 ], [ 101373.114500001072884, 165434.54280000180006 ], [ 101378.528800003230572, 165427.581599999219179 ], [ 101388.841700002551079, 165414.174800001084805 ], [ 101399.412399999797344, 165402.572700001299381 ], [ 101411.916900001466274, 165389.037000000476837 ], [ 101431.253600001335144, 165367.637699998915195 ], [ 101450.848200000822544, 165345.851599998772144 ], [ 101471.2162000015378, 165326.514800000935793 ], [ 101478.693099997937679, 165318.651200000196695 ], [ 101482.302699998021126, 165315.815200001001358 ], [ 101488.36150000244379, 165314.010400000959635 ], [ 101491.584299996495247, 165313.623700000345707 ], [ 101495.45160000026226, 165313.494800001382828 ] ] ] } },
{ "type": "Feature", "properties": { "ID": 24060.0, "NR": "99", "TYPE": "s", "LENGTH": 333.28, "GEMID": "210", "PLANID": "https://geodiensten.oost-vlaanderen.be/Bijlagen/detail/210-D-004.sid", "CEVI_OID": 24035, "GEMEENTE": "Schorisse", "DETAILPLAN": "210-D-004", "TYPE_LABEL": "sentier" }, "geometry": { "type": "MultiLineString", "coordinates": [ [ [ 101707.769199997186661, 165442.406399998813868 ], [ 101725.687899999320507, 165428.484000001102686 ], [ 101756.884499996900558, 165405.4087999984622 ], [ 101781.377700001001358, 165386.716600000858307 ], [ 101806.386600002646446, 165368.668999999761581 ], [ 101811.027400001883507, 165367.122000001370907 ], [ 101821.598200000822544, 165359.387299999594688 ], [ 101832.16889999806881, 165356.164500001817942 ], [ 101840.161399997770786, 165354.617600001394749 ], [ 101853.181500002741814, 165354.488699998706579 ], [ 101871.100199997425079, 165356.809099998325109 ], [ 101898.687299996614456, 165360.547499999403954 ], [ 101920.08669999986887, 165363.770300000905991 ], [ 101926.016599997878075, 165364.672699999064207 ], [ 101943.032899998128414, 165366.864199999719858 ], [ 101959.533600002527237, 165369.184599999338388 ], [ 101995.5, 165373.825399998575449 ], [ 102011.614000000059605, 165376.274700000882149 ] ] ] } },
{ "type": "Feature", "properties": { "ID": 24062.0, "NR": "105", "TYPE": "s", "LENGTH": 380.172, "GEMID": "210", "PLANID": "https://geodiensten.oost-vlaanderen.be/Bijlagen/detail/210-D-005.sid", "CEVI_OID": 24036, "GEMEENTE": "Schorisse", "DETAILPLAN": "210-D-005", "TYPE_LABEL": "sentier" }, "geometry": { "type": "MultiLineString", "coordinates": [ [ [ 102501.220499999821186, 165006.427200000733137 ], [ 102525.971500001847744, 165023.314599998295307 ], [ 102580.243299998342991, 165060.183299999684095 ], [ 102648.308700002729893, 165105.947000000625849 ], [ 102718.823399998247623, 165153.902100000530481 ], [ 102742.027500003576279, 165169.113699998706579 ], [ 102753.371699996292591, 165179.039900001138449 ], [ 102757.625799998641014, 165184.067499998956919 ], [ 102781.861199997365475, 165220.291600000113249 ], [ 102795.13910000026226, 165240.659699998795986 ] ] ] } },
{ "type": "Feature", "properties": { "ID": 24063.0, "NR": "106", "TYPE": "s", "LENGTH": 591.272, "GEMID": "210", "PLANID": "https://geodiensten.oost-vlaanderen.be/Bijlagen/detail/210-D-005.sid", "CEVI_OID": 24037, "GEMEENTE": "Schorisse", "DETAILPLAN": "210-D-005", "TYPE_LABEL": "sentier" }, "geometry": { "type": "MultiLineString", "coordinates": [ [ [ 102358.257399998605251, 165175.945999998599291 ], [ 102423.357799999415874, 165234.60080000013113 ], [ 102474.535700000822544, 165282.427099999040365 ], [ 102517.20549999922514, 165321.745099999010563 ], [ 102553.558600001037121, 165351.394799999892712 ], [ 102577.020499996840954, 165371.504999998956919 ], [ 102603.060699999332428, 165397.93189999833703 ] ], [ [ 102663.64919999986887, 165357.969300001859665 ], [ 102668.41889999806881, 165357.324700001627207 ], [ 102673.704300001263618, 165358.098200000822544 ], [ 102678.989600002765656, 165360.547499999403954 ], [ 102682.728100001811981, 165365.059399999678135 ], [ 102685.950900003314018, 165368.797899998724461 ], [ 102693.041000001132488, 165372.020700000226498 ], [ 102698.842000000178814, 165373.954300001263618 ], [ 102707.2212999984622, 165374.212200000882149 ], [ 102714.956000000238419, 165373.69649999961257 ], [ 102719.081200003623962, 165374.341099999845028 ], [ 102724.882200002670288, 165377.177099999040365 ], [ 102729.007399998605251, 165378.853000000119209 ], [ 102734.550599999725819, 165378.72410000115633 ], [ 102739.0625, 165380.657699998468161 ], [ 102743.574400000274181, 165382.333599999547005 ], [ 102751.438000001013279, 165383.236000001430511 ], [ 102760.7195999994874, 165381.560100000351667 ], [ 102768.58330000191927, 165379.884300000965595 ], [ 102774.899899996817112, 165379.497499998658895 ], [ 102780.3141999989748, 165380.657699998468161 ], [ 102791.400600001215935, 165380.271000001579523 ], [ 102800.424400001764297, 165381.04450000077486 ], [ 102811.897600002586842, 165381.17339999973774 ], [ 102824.402000002563, 165381.688999999314547 ], [ 102834.457099996507168, 165382.849199999123812 ], [ 102843.223099999129772, 165383.49379999935627 ], [ 102850.313299998641014, 165383.49379999935627 ], [ 102859.337099999189377, 165385.169700000435114 ], [ 102863.5912000015378, 165385.94310000166297 ], [ 102873.775200001895428, 165393.677799999713898 ], [ 102892.209499999880791, 165407.600299999117851 ], [ 102900.717699997127056, 165413.272399999201298 ], [ 102906.776600003242493, 165415.592799998819828 ] ] ] } },
{ "type": "Feature", "properties": { "ID": 24064.0, "NR": "107", "TYPE": "s", "LENGTH": 323.466, "GEMID": "210", "PLANID": "https://geodiensten.oost-vlaanderen.be/Bijlagen/detail/210-D-005.sid", "CEVI_OID": 24038, "GEMEENTE": "Schorisse", "DETAILPLAN": "210-D-005", "TYPE_LABEL": "sentier" }, "geometry": { "type": "MultiLineString", "coordinates": [ [ [ 103008.229999996721745, 165455.039799999445677 ], [ 102868.489799998700619, 165463.161200001835823 ], [ 102868.36089999973774, 165460.840799998492002 ], [ 102892.209499999880791, 165407.600299999117851 ] ], [ [ 102811.639799997210503, 165536.769799999892712 ], [ 102808.288000002503395, 165487.525499999523163 ], [ 102820.534699998795986, 165465.223799999803305 ], [ 102868.36089999973774, 165460.840799998492002 ] ] ] } },
{ "type": "Feature", "properties": { "ID": 24065.0, "NR": "108", "TYPE": "s", "LENGTH": 322.865, "GEMID": "210", "PLANID": "https://geodiensten.oost-vlaanderen.be/Bijlagen/detail/210-D-005.sid", "CEVI_OID": 24039, "GEMEENTE": "Schorisse", "DETAILPLAN": "210-D-005", "TYPE_LABEL": "sentier" }, "geometry": { "type": "MultiLineString", "coordinates": [ [ [ 102801.842500001192093, 165537.285399999469519 ], [ 102811.639799997210503, 165536.769799999892712 ], [ 102818.343199998140335, 165536.383000001311302 ], [ 102885.377199999988079, 165545.277899999171495 ], [ 102935.652800001204014, 165552.754799999296665 ], [ 102938.746699996292591, 165553.270500000566244 ], [ 102960.790600001811981, 165557.137800000607967 ], [ 102982.57660000026226, 165562.165399998426437 ], [ 103008.616800002753735, 165562.809900000691414 ], [ 103077.326700001955032, 165563.196699999272823 ], [ 103105.429399996995926, 165563.454500000923872 ], [ 103114.324299998581409, 165564.743599999696016 ], [ 103121.930100001394749, 165567.708599999547005 ] ] ] } },
{ "type": "Feature", "properties": { "ID": 24066.0, "NR": "109", "TYPE": "s", "LENGTH": 257.971, "GEMID": "210", "PLANID": "https://geodiensten.oost-vlaanderen.be/Bijlagen/detail/210-D-005.sid", "CEVI_OID": 24040, "GEMEENTE": "Schorisse", "DETAILPLAN": "210-D-005", "TYPE_LABEL": "sentier" }, "geometry": { "type": "MultiLineString", "coordinates": [ [ [ 102863.5912000015378, 165898.753699999302626 ], [ 102877.642499998211861, 165889.729899998754263 ], [ 102873.646300002932549, 165847.833599999547005 ], [ 102870.165600001811981, 165810.707100000232458 ], [ 102867.716300003230572, 165787.889699999243021 ], [ 102858.821400001645088, 165726.140999998897314 ], [ 102853.149300001561642, 165684.760400000959635 ], [ 102849.024099998176098, 165650.212000001221895 ] ] ] } },
{ "type": "Feature", "properties": { "ID": 24061.0, "NR": "10", "TYPE": "c", "LENGTH": 99.392, "GEMID": "210", "PLANID": "https://geodiensten.oost-vlaanderen.be/Bijlagen/detail/210-D-005.sid", "CEVI_OID": 24041, "GEMEENTE": "Schorisse", "DETAILPLAN": "210-D-005", "TYPE_LABEL": "chemin" }, "geometry": { "type": "MultiLineString", "coordinates": [ [ [ 102421.810900002717972, 166239.596200000494719 ], [ 102416.009800001978874, 166198.860100001096725 ], [ 102413.947300001978874, 166161.346799999475479 ], [ 102415.365299999713898, 166140.720899999141693 ] ] ] } },
{ "type": "Feature", "properties": { "ID": 24067.0, "NR": "110", "TYPE": "s", "LENGTH": 324.862, "GEMID": "210", "PLANID": "https://geodiensten.oost-vlaanderen.be/Bijlagen/detail/210-D-005.sid", "CEVI_OID": 24042, "GEMEENTE": "Schorisse", "DETAILPLAN": "210-D-005", "TYPE_LABEL": "sentier" }, "geometry": { "type": "MultiLineString", "coordinates": [ [ [ 102290.44990000128746, 165254.839999999850988 ], [ 102310.431199997663498, 165278.6886 ], [ 102328.736699998378754, 165302.279500000178814 ], [ 102340.854299999773502, 165313.881499998271465 ], [ 102349.233599998056889, 165335.022999998182058 ], [ 102377.465300001204014, 165362.610100001096725 ], [ 102409.82209999859333, 165394.322399999946356 ], [ 102410.724500000476837, 165442.277499999850988 ], [ 102422.06870000064373, 165462.000999998301268 ], [ 102424.002400003373623, 165477.986099999397993 ], [ 102426.322800002992153, 165512.018699999898672 ], [ 102434.31530000269413, 165526.714699998497963 ], [ 102435.862199999392033, 165527.874899998307228 ] ] ] } },
{ "type": "Feature", "properties": { "ID": 24068.0, "NR": "111", "TYPE": "s", "LENGTH": 149.781, "GEMID": "210", "PLANID": "https://geodiensten.oost-vlaanderen.be/Bijlagen/detail/210-D-005.sid", "CEVI_OID": 24043, "GEMEENTE": "Schorisse", "DETAILPLAN": "210-D-005", "TYPE_LABEL": "sentier" }, "geometry": { "type": "MultiLineString", "coordinates": [ [ [ 102322.03320000320673, 165239.886199999600649 ], [ 102258.093099996447563, 165211.138900000602007 ], [ 102255.128100000321865, 165214.490600001066923 ], [ 102231.795100003480911, 165205.46680000051856 ], [ 102213.747400000691414, 165204.306600000709295 ], [ 102181.648400001227856, 165204.306600000709295 ] ] ] } },
{ "type": "Feature", "properties": { "ID": 24069.0, "NR": "112", "TYPE": "s", "LENGTH": 267.537, "GEMID": "210", "PLANID": "https://geodiensten.oost-vlaanderen.be/Bijlagen/detail/210-D-005.sid", "CEVI_OID": 24044, "GEMEENTE": "Schorisse", "DETAILPLAN": "210-D-005", "TYPE_LABEL": "sentier" }, "geometry": { "type": "MultiLineString", "coordinates": [ [ [ 102213.747400000691414, 165204.306600000709295 ], [ 102220.966499999165535, 165187.805900000035763 ], [ 102227.15429999679327, 165174.012299999594688 ], [ 102241.592399999499321, 165148.487799998372793 ], [ 102245.201899997889996, 165114.455200001597404 ], [ 102245.717500001192093, 165110.072200000286102 ], [ 102242.752599999308586, 165098.470100000500679 ], [ 102270.726400002837181, 165073.203400000929832 ], [ 102252.034199997782707, 165045.358500000089407 ], [ 102227.0253000035882, 165008.103000000119209 ], [ 102225.220600001513958, 165003.719999998807907 ], [ 102205.626000002026558, 164976.390799999237061 ] ] ] } },
{ "type": "Feature", "properties": { "ID": 24070.0, "NR": "113", "TYPE": "s", "LENGTH": 131.369, "GEMID": "210", "PLANID": "https://geodiensten.oost-vlaanderen.be/Bijlagen/detail/210-D-005.sid", "CEVI_OID": 24045, "GEMEENTE": "Schorisse", "DETAILPLAN": "210-D-005", "TYPE_LABEL": "sentier" }, "geometry": { "type": "MultiLineString", "coordinates": [ [ [ 102465.898699998855591, 165046.776500001549721 ], [ 102353.616599999368191, 164978.582299999892712 ] ] ] } },
{ "type": "Feature", "properties": { "ID": 24071.0, "NR": "114", "TYPE": "c", "LENGTH": 54.908, "GEMID": "210", "PLANID": "https://geodiensten.oost-vlaanderen.be/Bijlagen/detail/210-D-005.sid", "CEVI_OID": 24046, "GEMEENTE": "Schorisse", "DETAILPLAN": "210-D-005", "TYPE_LABEL": "chemin" }, "geometry": { "type": "MultiLineString", "coordinates": [ [ [ 103392.000100001692772, 165012.228199999779463 ], [ 103344.302799999713898, 164985.027800001204014 ] ] ] } },
{ "type": "Feature", "properties": { "ID": 24072.0, "NR": "176", "TYPE": "s", "LENGTH": 88.971, "GEMID": "210", "PLANID": "https://geodiensten.oost-vlaanderen.be/Bijlagen/detail/210-D-005.sid", "CEVI_OID": 24047, "GEMEENTE": "Schorisse", "DETAILPLAN": "210-D-005", "TYPE_LABEL": "sentier" }, "geometry": { "type": "MultiLineString", "coordinates": [ [ [ 102299.860399998724461, 165720.855599999427795 ], [ 102219.548500001430511, 165759.142400000244379 ] ] ] } },
{ "type": "Feature", "properties": { "ID": 24073.0, "NR": "18", "TYPE": "c", "LENGTH": 602.338, "GEMID": "210", "PLANID": "https://geodiensten.oost-vlaanderen.be/Bijlagen/detail/210-D-005.sid", "CEVI_OID": 24048, "GEMEENTE": "Schorisse", "DETAILPLAN": "210-D-005", "TYPE_LABEL": "chemin" }, "geometry": { "type": "MultiLineString", "coordinates": [ [ [ 102010.711599998176098, 165483.916000001132488 ], [ 102035.591499999165535, 165443.179900001734495 ], [ 102060.213699996471405, 165407.986999999731779 ], [ 102099.016099996864796, 165361.063200000673532 ], [ 102123.122500002384186, 165334.249499998986721 ], [ 102140.267800003290176, 165305.888999998569489 ], [ 102151.740900002419949, 165292.095400001853704 ], [ 102162.311700001358986, 165279.848799999803305 ], [ 102170.94879999756813, 165274.950199998915195 ], [ 102173.011399999260902, 165254.453200001269579 ], [ 102179.843699999153614, 165218.100099999457598 ], [ 102181.648400001227856, 165204.306600000709295 ], [ 102182.292999997735023, 165192.833399999886751 ], [ 102183.582099996507168, 165164.601799998432398 ], [ 102180.746100001037121, 165143.460299998521805 ], [ 102177.909999996423721, 165129.537799999117851 ], [ 102173.398100003600121, 165117.291200000792742 ], [ 102166.436899997293949, 165102.595300000160933 ], [ 102159.862400002777576, 165093.958200000226498 ], [ 102145.939900003373623, 165089.059599999338388 ], [ 102092.828299999237061, 165089.446299999952316 ], [ 102015.739100001752377, 165059.538800001144409 ] ] ] } },
{ "type": "Feature", "properties": { "ID": 24074.0, "NR": "19", "TYPE": "c", "LENGTH": 702.634, "GEMID": "210", "PLANID": "https://geodiensten.oost-vlaanderen.be/Bijlagen/detail/210-D-005.sid", "CEVI_OID": 24049, "GEMEENTE": "Schorisse", "DETAILPLAN": "210-D-005", "TYPE_LABEL": "chemin" }, "geometry": { "type": "MultiLineString", "coordinates": [ [ [ 102741.511799998581409, 166238.95160000026226 ], [ 102744.218999996781349, 166227.736299999058247 ], [ 102747.699600003659725, 166219.614900000393391 ], [ 102759.817299999296665, 166208.270599998533726 ], [ 102768.325400002300739, 166193.832499999552965 ], [ 102778.122699998319149, 166167.792399998754263 ], [ 102787.79110000282526, 166144.459399998188019 ], [ 102796.428199999034405, 166127.314100001007318 ], [ 102813.186700001358986, 166112.618200000375509 ], [ 102828.269400000572205, 166097.019900001585484 ], [ 102844.125500001013279, 166055.897100001573563 ], [ 102868.618699997663498, 165985.769099999219179 ], [ 102870.68129999935627, 165971.331000000238419 ], [ 102868.747599996626377, 165932.528599999845028 ], [ 102866.813900001347065, 165911.902699999511242 ], [ 102865.266999997198582, 165904.039099998772144 ], [ 102863.5912000015378, 165898.753699999302626 ], [ 102819.761200003325939, 165871.811200000345707 ], [ 102790.627199999988079, 165852.732299998402596 ], [ 102770.64580000191927, 165838.938700001686811 ], [ 102737.257700003683567, 165821.277800001204014 ], [ 102723.593099996447563, 165810.707100000232458 ], [ 102718.565499998629093, 165806.453000001609325 ], [ 102708.123700000345707, 165792.014899998903275 ], [ 102693.298799999058247, 165769.842099998146296 ], [ 102676.540299996733665, 165755.146099999547005 ], [ 102658.6216000020504, 165738.000900000333786 ], [ 102647.664099998772144, 165728.590300001204014 ], [ 102611.955600000917912, 165695.975699998438358 ] ] ] } },
{ "type": "Feature", "properties": { "ID": 24075.0, "NR": "20", "TYPE": "c", "LENGTH": 668.411, "GEMID": "210", "PLANID": "https://geodiensten.oost-vlaanderen.be/Bijlagen/detail/210-D-005.sid", "CEVI_OID": 24050, "GEMEENTE": "Schorisse", "DETAILPLAN": "210-D-005", "TYPE_LABEL": "chemin" }, "geometry": { "type": "MultiLineString", "coordinates": [ [ [ 102876.482299998402596, 165646.473600000143051 ], [ 102849.024099998176098, 165650.212000001221895 ], [ 102778.380500003695488, 165664.907999999821186 ], [ 102728.749600000679493, 165668.001800000667572 ], [ 102692.525399997830391, 165670.451200000941753 ], [ 102640.960699997842312, 165682.697799999266863 ], [ 102611.955600000917912, 165695.975699998438358 ], [ 102602.931800000369549, 165697.393699999898672 ], [ 102576.633799999952316, 165712.734200000762939 ], [ 102537.315700002014637, 165751.407699998468161 ], [ 102505.474500000476837, 165783.893399998545647 ], [ 102463.70719999819994, 165798.073699999600649 ], [ 102398.091099999845028, 165824.371700000017881 ], [ 102349.104699999094009, 165846.157800000160933 ], [ 102313.138300001621246, 165872.842500001192093 ], [ 102276.011799998581409, 165896.820099998265505 ] ] ] } },
{ "type": "Feature", "properties": { "ID": 24076.0, "NR": "22bis", "TYPE": "c", "LENGTH": 493.372, "GEMID": "210", "PLANID": "https://geodiensten.oost-vlaanderen.be/Bijlagen/detail/210-D-005.sid", "CEVI_OID": 24051, "GEMEENTE": "Schorisse", "DETAILPLAN": "210-D-005", "TYPE_LABEL": "chemin" }, "geometry": { "type": "MultiLineString", "coordinates": [ [ [ 102528.678599998354912, 164976.51969999819994 ], [ 102501.220499999821186, 165006.427200000733137 ], [ 102490.778599999845028, 165018.544900000095367 ], [ 102465.898699998855591, 165046.776500001549721 ], [ 102413.560500003397465, 165109.040899999439716 ], [ 102376.820699997246265, 165148.101100001484156 ], [ 102365.605400003492832, 165163.183800000697374 ], [ 102358.257399998605251, 165175.945999998599291 ], [ 102348.073399998247623, 165197.603199999779463 ], [ 102344.077100001275539, 165206.240299999713898 ], [ 102333.506399996578693, 165227.252900000661612 ], [ 102324.095799997448921, 165238.210400000214577 ], [ 102322.03320000320673, 165239.886199999600649 ], [ 102299.860399998724461, 165250.585900001227856 ], [ 102290.44990000128746, 165254.839999999850988 ], [ 102249.456000000238419, 165265.281800001859665 ], [ 102207.946400001645088, 165271.856300000101328 ], [ 102181.906300000846386, 165275.723600000143051 ], [ 102170.94879999756813, 165274.950199998915195 ] ] ] } },
{ "type": "Feature", "properties": { "ID": 24077.0, "NR": "29", "TYPE": "c", "LENGTH": 364.859, "GEMID": "210", "PLANID": "https://geodiensten.oost-vlaanderen.be/Bijlagen/detail/210-D-005.sid", "CEVI_OID": 24052, "GEMEENTE": "Schorisse", "DETAILPLAN": "210-D-005", "TYPE_LABEL": "chemin" }, "geometry": { "type": "MultiLineString", "coordinates": [ [ [ 102969.943300001323223, 165639.383499998599291 ], [ 102982.57660000026226, 165562.165399998426437 ], [ 102988.377599999308586, 165532.129000000655651 ], [ 103008.229999996721745, 165455.039799999445677 ], [ 103012.870899997651577, 165441.504099998623133 ], [ 103020.605599999427795, 165424.874400001019239 ], [ 103035.172600001096725, 165411.209800001233816 ], [ 103067.91610000282526, 165393.162200000137091 ], [ 103118.965199999511242, 165365.317299999296665 ], [ 103142.942699998617172, 165350.363499999046326 ] ] ] } },
{ "type": "Feature", "properties": { "ID": 24079.0, "NR": "31", "TYPE": "c", "LENGTH": 249.952, "GEMID": "210", "PLANID": "https://geodiensten.oost-vlaanderen.be/Bijlagen/detail/210-D-005.sid", "CEVI_OID": 24053, "GEMEENTE": "Schorisse", "DETAILPLAN": "210-D-005", "TYPE_LABEL": "chemin" }, "geometry": { "type": "MultiLineString", "coordinates": [ [ [ 102349.104699999094009, 165846.157800000160933 ], [ 102328.607699997723103, 165794.721999999135733 ], [ 102299.860399998724461, 165720.855599999427795 ], [ 102292.383599996566772, 165701.905600000172853 ], [ 102288.773999996483326, 165607.026599999517202 ] ] ] } },
{ "type": "Feature", "properties": { "ID": 24080.0, "NR": "32", "TYPE": "c", "LENGTH": 159.828, "GEMID": "210", "PLANID": "https://geodiensten.oost-vlaanderen.be/Bijlagen/detail/210-D-005.sid", "CEVI_OID": 24054, "GEMEENTE": "Schorisse", "DETAILPLAN": "210-D-005", "TYPE_LABEL": "chemin" }, "geometry": { "type": "MultiLineString", "coordinates": [ [ [ 102493.098999999463558, 165589.752500001341105 ], [ 102497.353100001811981, 165596.971500001847744 ], [ 102551.882700003683567, 165643.379700001329184 ], [ 102611.955600000917912, 165695.975699998438358 ] ] ] } },
{ "type": "Feature", "properties": { "ID": 24078.0, "NR": "3", "TYPE": "c", "LENGTH": 464.513, "GEMID": "210", "PLANID": "https://geodiensten.oost-vlaanderen.be/Bijlagen/detail/210-D-005.sid", "CEVI_OID": 24055, "GEMEENTE": "Schorisse", "DETAILPLAN": "210-D-005", "TYPE_LABEL": "chemin" }, "geometry": { "type": "MultiLineString", "coordinates": [ [ [ 102973.552799999713898, 164981.934000000357628 ], [ 103040.071199998259544, 165087.125900000333786 ], [ 103097.952600002288818, 165180.844700001180172 ], [ 103152.482199996709824, 165266.44200000166893 ], [ 103150.548500001430511, 165308.982900001108646 ], [ 103142.942699998617172, 165350.363499999046326 ], [ 103160.60360000282526, 165357.195799998939037 ], [ 103185.22580000013113, 165360.289700001478195 ] ] ] } },
{ "type": "Feature", "properties": { "ID": 24081.0, "NR": "4", "TYPE": "c", "LENGTH": 1260.517, "GEMID": "210", "PLANID": "https://geodiensten.oost-vlaanderen.be/Bijlagen/detail/210-D-005.sid", "CEVI_OID": 24056, "GEMEENTE": "Schorisse", "DETAILPLAN": "210-D-005", "TYPE_LABEL": "chemin" }, "geometry": { "type": "MultiLineString", "coordinates": [ [ [ 103165.244499996304512, 165553.270500000566244 ], [ 103126.957699999213219, 165564.614700000733137 ], [ 103105.429399996995926, 165578.795000001788139 ], [ 103092.667199999094009, 165598.00279999896884 ], [ 103079.776000000536442, 165621.851500000804663 ], [ 103069.076399996876717, 165627.265799999237061 ], [ 102988.893299996852875, 165637.063000001013279 ], [ 102969.943300001323223, 165639.383499998599291 ], [ 102876.482299998402596, 165646.473600000143051 ], [ 102854.180600002408028, 165603.417100001126528 ], [ 102831.75, 165562.681000001728535 ], [ 102816.409500002861023, 165542.699700001627207 ], [ 102801.842500001192093, 165537.285399999469519 ], [ 102751.695799998939037, 165536.511900000274181 ], [ 102676.282499998807907, 165541.023899998515844 ], [ 102605.252199999988079, 165555.977600000798702 ], [ 102493.098999999463558, 165589.752500001341105 ], [ 102455.714599996805191, 165591.299400001764297 ], [ 102429.029899999499321, 165590.91270000115037 ], [ 102401.185000002384186, 165591.815099999308586 ], [ 102362.511500000953674, 165596.713700000196695 ], [ 102331.443800002336502, 165600.452100001275539 ], [ 102288.773999996483326, 165607.026599999517202 ], [ 102262.862800002098083, 165605.866399999707937 ], [ 102220.064099997282028, 165597.229299999773502 ], [ 102161.022600002586842, 165579.697399999946356 ], [ 102120.286499999463558, 165570.544599998742342 ], [ 102012.645199999213219, 165550.176600001752377 ] ] ] } },
{ "type": "Feature", "properties": { "ID": 24082.0, "NR": "60", "TYPE": "c", "LENGTH": 114.493, "GEMID": "210", "PLANID": "https://geodiensten.oost-vlaanderen.be/Bijlagen/detail/210-D-005.sid", "CEVI_OID": 24057, "GEMEENTE": "Schorisse", "DETAILPLAN": "210-D-005", "TYPE_LABEL": "chemin" }, "geometry": { "type": "MultiLineString", "coordinates": [ [ [ 102087.542900003492832, 164971.620999999344349 ], [ 102066.530299998819828, 164987.477200001478195 ], [ 102023.602700002491474, 165047.678899999707937 ], [ 102015.739100001752377, 165059.538800001144409 ] ] ] } },
{ "type": "Feature", "properties": { "ID": 24083.0, "NR": "61", "TYPE": "s", "LENGTH": 332.916, "GEMID": "210", "PLANID": "https://geodiensten.oost-vlaanderen.be/Bijlagen/detail/210-D-005.sid", "CEVI_OID": 24058, "GEMEENTE": "Schorisse", "DETAILPLAN": "210-D-005", "TYPE_LABEL": "sentier" }, "geometry": { "type": "MultiLineString", "coordinates": [ [ [ 102288.773999996483326, 165607.026599999517202 ], [ 102286.066899999976158, 165600.581000000238419 ], [ 102274.980499997735023, 165536.254099998623133 ], [ 102246.104299999773502, 165470.638099998235703 ], [ 102219.419600002467632, 165424.874400001019239 ], [ 102201.500799998641014, 165402.057100001722574 ], [ 102186.547100000083447, 165394.064599998295307 ], [ 102174.429399996995926, 165392.775400001555681 ], [ 102123.122500002384186, 165334.249499998986721 ] ] ] } },
{ "type": "Feature", "properties": { "ID": 24084.0, "NR": "62", "TYPE": "c", "LENGTH": 238.763, "GEMID": "210", "PLANID": "https://geodiensten.oost-vlaanderen.be/Bijlagen/detail/210-D-005.sid", "CEVI_OID": 24059, "GEMEENTE": "Schorisse", "DETAILPLAN": "210-D-005", "TYPE_LABEL": "chemin" }, "geometry": { "type": "MultiLineString", "coordinates": [ [ [ 102429.029899999499321, 165590.91270000115037 ], [ 102432.510499998927116, 165559.973900001496077 ], [ 102434.31530000269413, 165544.762299999594688 ], [ 102435.862199999392033, 165527.874899998307228 ], [ 102438.311599999666214, 165523.363000001758337 ], [ 102477.758500002324581, 165483.400299999862909 ], [ 102504.314300000667572, 165455.684300001710653 ], [ 102513.853799998760223, 165446.402699999511242 ], [ 102524.940200001001358, 165439.183600001037121 ], [ 102542.343299999833107, 165428.870700001716614 ], [ 102568.770199999213219, 165417.139699999243021 ] ] ] } },
{ "type": "Feature", "properties": { "ID": 24085.0, "NR": "62", "TYPE": "s", "LENGTH": 586.259, "GEMID": "210", "PLANID": "https://geodiensten.oost-vlaanderen.be/Bijlagen/detail/210-D-005.sid", "CEVI_OID": 24060, "GEMEENTE": "Schorisse", "DETAILPLAN": "210-D-005", "TYPE_LABEL": "sentier" }, "geometry": { "type": "MultiLineString", "coordinates": [ [ [ 102568.770199999213219, 165417.139699999243021 ], [ 102584.626299999654293, 165408.889400001615286 ], [ 102598.935500003397465, 165399.736699998378754 ], [ 102603.060699999332428, 165397.93189999833703 ], [ 102624.46000000089407, 165388.650299999862909 ], [ 102657.332500003278255, 165362.867899999022484 ], [ 102663.64919999986887, 165357.969300001859665 ], [ 102667.000900000333786, 165353.715199999511242 ], [ 102702.967200003564358, 165325.483600001782179 ], [ 102706.576700001955032, 165297.509700000286102 ], [ 102753.500600002706051, 165270.309399999678135 ], [ 102795.13910000026226, 165240.659699998795986 ], [ 102835.230599999427795, 165217.197799999266863 ], [ 102906.518700003623962, 165171.691899999976158 ], [ 103008.745700001716614, 165106.720499999821186 ], [ 103040.071199998259544, 165087.125900000333786 ] ] ] } },
{ "type": "Feature", "properties": { "ID": 24086.0, "NR": "63", "TYPE": "c", "LENGTH": 561.256, "GEMID": "210", "PLANID": "https://geodiensten.oost-vlaanderen.be/Bijlagen/detail/210-D-005.sid", "CEVI_OID": 24061, "GEMEENTE": "Schorisse", "DETAILPLAN": "210-D-005", "TYPE_LABEL": "chemin" }, "geometry": { "type": "MultiLineString", "coordinates": [ [ [ 103097.952600002288818, 165180.844700001180172 ], [ 103136.368199996650219, 165158.542899999767542 ], [ 103213.457400001585484, 165112.650400001555681 ], [ 103291.577899999916553, 165067.789099998772144 ], [ 103366.346699997782707, 165024.8614999987185 ], [ 103387.359300002455711, 165013.13060000166297 ], [ 103392.000100001692772, 165012.228199999779463 ], [ 103449.365800000727177, 165066.113299999386072 ], [ 103474.890299998223782, 165087.770399998873472 ], [ 103496.676299996674061, 165101.950699999928474 ], [ 103567.190999999642372, 165147.327599998563528 ] ] ] } },
{ "type": "Feature", "properties": { "ID": 24087.0, "NR": "64", "TYPE": "s", "LENGTH": 330.002, "GEMID": "210", "PLANID": "https://geodiensten.oost-vlaanderen.be/Bijlagen/detail/210-D-005.sid", "CEVI_OID": 24062, "GEMEENTE": "Schorisse", "DETAILPLAN": "210-D-005", "TYPE_LABEL": "sentier" }, "geometry": { "type": "MultiLineString", "coordinates": [ [ [ 103035.172600001096725, 165411.209800001233816 ], [ 103014.031099997460842, 165378.4662000015378 ], [ 103057.474299997091293, 165345.980500001460314 ], [ 102995.596699997782707, 165253.550799999386072 ], [ 103097.952600002288818, 165180.844700001180172 ] ] ] } },
{ "type": "Feature", "properties": { "ID": 24088.0, "NR": "65", "TYPE": "c", "LENGTH": 115.492, "GEMID": "210", "PLANID": "https://geodiensten.oost-vlaanderen.be/Bijlagen/detail/210-D-005.sid", "CEVI_OID": 24063, "GEMEENTE": "Schorisse", "DETAILPLAN": "210-D-005", "TYPE_LABEL": "chemin" }, "geometry": { "type": "MultiLineString", "coordinates": [ [ [ 102945.579000003635883, 166071.882100000977516 ], [ 102868.618699997663498, 165985.769099999219179 ] ] ] } },
{ "type": "Feature", "properties": { "ID": 24089.0, "NR": "65", "TYPE": "s", "LENGTH": 289.138, "GEMID": "210", "PLANID": "https://geodiensten.oost-vlaanderen.be/Bijlagen/detail/210-D-005.sid", "CEVI_OID": 24064, "GEMEENTE": "Schorisse", "DETAILPLAN": "210-D-005", "TYPE_LABEL": "sentier" }, "geometry": { "type": "MultiLineString", "coordinates": [ [ [ 103179.811499997973442, 166239.467300001531839 ], [ 103127.602200001478195, 166203.758699998259544 ], [ 103043.55179999768734, 166146.39299999922514 ], [ 103028.98480000346899, 166137.756000000983477 ], [ 102969.814400002360344, 166098.953499998897314 ], [ 102962.853100001811981, 166092.89469999819994 ], [ 102945.579000003635883, 166071.882100000977516 ] ] ] } },
{ "type": "Feature", "properties": { "ID": 24090.0, "NR": "82", "TYPE": "s", "LENGTH": 213.171, "GEMID": "210", "PLANID": "https://geodiensten.oost-vlaanderen.be/Bijlagen/detail/210-D-005.sid", "CEVI_OID": 24065, "GEMEENTE": "Schorisse", "DETAILPLAN": "210-D-005", "TYPE_LABEL": "sentier" }, "geometry": { "type": "MultiLineString", "coordinates": [ [ [ 102932.945600003004074, 166239.725099999457598 ], [ 102923.792900003492832, 166219.872699998319149 ], [ 102894.530000001192093, 166189.836300000548363 ], [ 102878.416000001132488, 166173.33559999987483 ], [ 102874.677599996328354, 166165.214099999517202 ], [ 102858.950300000607967, 166118.677000001072884 ], [ 102856.501000002026558, 166102.820900000631809 ], [ 102854.696199998259544, 166085.933499999344349 ], [ 102852.118000000715256, 166071.108600001782179 ], [ 102852.375799998641014, 166060.280000001192093 ], [ 102844.125500001013279, 166055.897100001573563 ] ] ] } },
{ "type": "Feature", "properties": { "ID": 24091.0, "NR": "99", "TYPE": "c", "LENGTH": 55.707, "GEMID": "210", "PLANID": "https://geodiensten.oost-vlaanderen.be/Bijlagen/detail/210-D-005.sid", "CEVI_OID": 24066, "GEMEENTE": "Schorisse", "DETAILPLAN": "210-D-005", "TYPE_LABEL": "chemin" }, "geometry": { "type": "MultiLineString", "coordinates": [ [ [ 102060.213699996471405, 165407.986999999731779 ], [ 102013.547600001096725, 165377.563900001347065 ] ] ] } },
{ "type": "Feature", "properties": { "ID": 24092.0, "NR": "114", "TYPE": "s", "LENGTH": 462.161, "GEMID": "210", "PLANID": "https://geodiensten.oost-vlaanderen.be/Bijlagen/detail/210-D-006.sid", "CEVI_OID": 24067, "GEMEENTE": "Schorisse", "DETAILPLAN": "210-D-006", "TYPE_LABEL": "sentier" }, "geometry": { "type": "MultiLineString", "coordinates": [ [ [ 102998.174900002777576, 164701.808899998664856 ], [ 103061.470600001513958, 164790.758000001311302 ], [ 103101.562100000679493, 164847.35020000115037 ], [ 103196.956699997186661, 164898.785900000482798 ], [ 103277.268700003623962, 164943.389400001615286 ], [ 103318.133699998259544, 164965.948899999260902 ], [ 103350.103799998760223, 164983.996500000357628 ] ] ] } },
{ "type": "Feature", "properties": { "ID": 24093.0, "NR": "115", "TYPE": "s", "LENGTH": 308.403, "GEMID": "210", "PLANID": "https://geodiensten.oost-vlaanderen.be/Bijlagen/detail/210-D-006.sid", "CEVI_OID": 24068, "GEMEENTE": "Schorisse", "DETAILPLAN": "210-D-006", "TYPE_LABEL": "sentier" }, "geometry": { "type": "MultiLineString", "coordinates": [ [ [ 102862.044200003147125, 163967.399099998176098 ], [ 102872.357100002467632, 163935.55799999833107 ], [ 102931.269799999892712, 163870.457600001245737 ], [ 103055.153899997472763, 163730.201699998229742 ] ] ] } },
{ "type": "Feature", "properties": { "ID": 24094.0, "NR": "116", "TYPE": "s", "LENGTH": 448.706, "GEMID": "210", "PLANID": "https://geodiensten.oost-vlaanderen.be/Bijlagen/detail/210-D-006.sid", "CEVI_OID": 24069, "GEMEENTE": "Schorisse", "DETAILPLAN": "210-D-006", "TYPE_LABEL": "sentier" }, "geometry": { "type": "MultiLineString", "coordinates": [ [ [ 102444.628200002014637, 163966.625700000673532 ], [ 102459.324199996888638, 163959.535500001162291 ], [ 102526.229299999773502, 163921.764400001615286 ], [ 102546.59740000218153, 163910.420200001448393 ], [ 102551.753799997270107, 163918.41270000115037 ], [ 102585.399800002574921, 163896.239900000393391 ], [ 102620.592699997127056, 163890.052099999040365 ], [ 102644.570200003683567, 163873.938200000673532 ], [ 102682.083499997854233, 163923.569200001657009 ], [ 102740.867200002074242, 164003.752199999988079 ], [ 102774.513199999928474, 164048.742400001734495 ] ] ] } },
{ "type": "Feature", "properties": { "ID": 24095.0, "NR": "117", "TYPE": "s", "LENGTH": 587.127, "GEMID": "210", "PLANID": "https://geodiensten.oost-vlaanderen.be/Bijlagen/detail/210-D-006.sid", "CEVI_OID": 24070, "GEMEENTE": "Schorisse", "DETAILPLAN": "210-D-006", "TYPE_LABEL": "sentier" }, "geometry": { "type": "MultiLineString", "coordinates": [ [ [ 102549.949100002646446, 164304.889899998903275 ], [ 102579.340899996459484, 164304.889899998903275 ], [ 102630.003200002014637, 164304.374200001358986 ], [ 102666.743000000715256, 164304.245299998670816 ], [ 102706.963500000536442, 164304.374200001358986 ], [ 102777.864900000393391, 164304.374200001358986 ], [ 102861.399700000882149, 164304.889899998903275 ], [ 102888.471100002527237, 164275.884799998253584 ], [ 102980.25620000064373, 164171.208500001579523 ], [ 103044.711999997496605, 164099.01799999922514 ] ] ] } },
{ "type": "Feature", "properties": { "ID": 24096.0, "NR": "118", "TYPE": "s", "LENGTH": 249.085, "GEMID": "210", "PLANID": "https://geodiensten.oost-vlaanderen.be/Bijlagen/detail/210-D-006.sid", "CEVI_OID": 24071, "GEMEENTE": "Schorisse", "DETAILPLAN": "210-D-006", "TYPE_LABEL": "sentier" }, "geometry": { "type": "MultiLineString", "coordinates": [ [ [ 102603.447400003671646, 164889.375399999320507 ], [ 102552.785099998116493, 164844.127399999648333 ], [ 102473.117700003087521, 164771.55009999871254 ], [ 102418.588100001215935, 164722.434799998998642 ] ] ] } },
{ "type": "Feature", "properties": { "ID": 24097.0, "NR": "12", "TYPE": "c", "LENGTH": 1370.561, "GEMID": "210", "PLANID": "https://geodiensten.oost-vlaanderen.be/Bijlagen/detail/210-D-006.sid", "CEVI_OID": 24072, "GEMEENTE": "Schorisse", "DETAILPLAN": "210-D-006", "TYPE_LABEL": "chemin" }, "geometry": { "type": "MultiLineString", "coordinates": [ [ [ 102420.908500000834465, 164456.747800000011921 ], [ 102479.305500000715256, 164388.8114 ], [ 102549.949100002646446, 164304.889899998903275 ], [ 102568.51240000128746, 164280.912300001829863 ], [ 102635.675300002098083, 164205.370099999010563 ], [ 102774.513199999928474, 164048.742400001734495 ], [ 102822.726199999451637, 163993.954999998211861 ], [ 102835.488399997353554, 163985.575699999928474 ], [ 102848.76630000025034, 163972.684500001370907 ], [ 102856.758799999952316, 163967.399099998176098 ], [ 102862.044200003147125, 163967.399099998176098 ], [ 102869.134400002658367, 163969.203899998217821 ], [ 102887.697599999606609, 163982.481800001114607 ], [ 102901.877899996936321, 163998.85359999909997 ], [ 102916.444899998605251, 164013.807300001382828 ], [ 102948.286100000143051, 164041.652300000190735 ], [ 102988.506599999964237, 164073.106699999421835 ], [ 103029.500500001013279, 164095.150600001215935 ], [ 103044.711999997496605, 164099.01799999922514 ], [ 103097.179099999368191, 164112.424800001084805 ], [ 103197.085600003600121, 164135.886700000613928 ], [ 103307.17620000243187, 164160.637699998915195 ], [ 103427.837499998509884, 164173.915600001811981 ], [ 103441.11540000140667, 164177.396299999207258 ], [ 103482.109300002455711, 164198.279899999499321 ], [ 103507.891699999570847, 164213.491500001400709 ] ] ] } },
{ "type": "Feature", "properties": { "ID": 24098.0, "NR": "16", "TYPE": "c", "LENGTH": 18.045, "GEMID": "210", "PLANID": "https://geodiensten.oost-vlaanderen.be/Bijlagen/detail/210-D-006.sid", "CEVI_OID": 24073, "GEMEENTE": "Schorisse", "DETAILPLAN": "210-D-006", "TYPE_LABEL": "chemin" }, "geometry": { "type": "MultiLineString", "coordinates": [ [ [ 102444.499300003051758, 163959.9222999997437 ], [ 102428.385399997234344, 163968.043699998408556 ] ] ] } },
{ "type": "Feature", "properties": { "ID": 24099.0, "NR": "22bis", "TYPE": "c", "LENGTH": 387.915, "GEMID": "210", "PLANID": "https://geodiensten.oost-vlaanderen.be/Bijlagen/detail/210-D-006.sid", "CEVI_OID": 24074, "GEMEENTE": "Schorisse", "DETAILPLAN": "210-D-006", "TYPE_LABEL": "chemin" }, "geometry": { "type": "MultiLineString", "coordinates": [ [ [ 102526.229299999773502, 164974.972699999809265 ], [ 102603.447400003671646, 164889.375399999320507 ], [ 102685.693099997937679, 164799.652899999171495 ], [ 102725.397799998521805, 164755.178300000727177 ], [ 102787.6621999964118, 164688.402100000530481 ] ] ] } },
{ "type": "Feature", "properties": { "ID": 24100.0, "NR": "3", "TYPE": "c", "LENGTH": 1404.17, "GEMID": "210", "PLANID": "https://geodiensten.oost-vlaanderen.be/Bijlagen/detail/210-D-006.sid", "CEVI_OID": 24075, "GEMEENTE": "Schorisse", "DETAILPLAN": "210-D-006", "TYPE_LABEL": "chemin" }, "geometry": { "type": "MultiLineString", "coordinates": [ [ [ 102973.552799999713898, 164979.097899999469519 ], [ 102909.225900001823902, 164878.160100001841784 ], [ 102863.075499996542931, 164804.551500000059605 ], [ 102787.6621999964118, 164688.402100000530481 ], [ 102723.722000002861023, 164584.11259999871254 ], [ 102669.321299999952316, 164497.355000000447035 ], [ 102641.476400002837181, 164449.271000001579523 ], [ 102590.040600001811981, 164368.443300001323223 ], [ 102549.949100002646446, 164304.889899998903275 ], [ 102473.117700003087521, 164166.438799999654293 ], [ 102455.972499996423721, 164134.597600001841784 ], [ 102451.20269999653101, 164105.463500000536442 ], [ 102447.206500001251698, 164026.698499999940395 ], [ 102444.628200002014637, 163966.625700000673532 ], [ 102444.499300003051758, 163959.9222999997437 ], [ 102442.436700001358986, 163855.632699999958277 ], [ 102457.003799997270107, 163722.595899999141693 ] ] ] } },
{ "type": "Feature", "properties": { "ID": 24101.0, "NR": "79bis", "TYPE": "c", "LENGTH": 477.396, "GEMID": "210", "PLANID": "https://geodiensten.oost-vlaanderen.be/Bijlagen/detail/210-D-006.sid", "CEVI_OID": 24076, "GEMEENTE": "Schorisse", "DETAILPLAN": "210-D-006", "TYPE_LABEL": "chemin" }, "geometry": { "type": "MultiLineString", "coordinates": [ [ [ 103243.236000001430511, 164515.78940000012517 ], [ 103143.071599997580051, 164591.331599999219179 ], [ 103062.759700000286102, 164652.693599998950958 ], [ 102998.174900002777576, 164701.808899998664856 ], [ 102957.052100002765656, 164733.134399998933077 ], [ 102863.075499996542931, 164804.551500000059605 ] ] ] } },
{ "type": "Feature", "properties": { "ID": 24102.0, "NR": "112", "TYPE": "s", "LENGTH": 74.563, "GEMID": "210", "PLANID": "https://geodiensten.oost-vlaanderen.be/Bijlagen/detail/210-D-007.sid", "CEVI_OID": 24077, "GEMEENTE": "Schorisse", "DETAILPLAN": "210-D-007", "TYPE_LABEL": "sentier" }, "geometry": { "type": "MultiLineString", "coordinates": [ [ [ 102249.456000000238419, 164915.67339999973774 ], [ 102204.594700001180172, 164975.230599999427795 ] ] ] } },
{ "type": "Feature", "properties": { "ID": 24103.0, "NR": "113", "TYPE": "s", "LENGTH": 147.058, "GEMID": "210", "PLANID": "https://geodiensten.oost-vlaanderen.be/Bijlagen/detail/210-D-007.sid", "CEVI_OID": 24078, "GEMEENTE": "Schorisse", "DETAILPLAN": "210-D-007", "TYPE_LABEL": "sentier" }, "geometry": { "type": "MultiLineString", "coordinates": [ [ [ 102221.740000002086163, 164890.664500001817942 ], [ 102240.303199999034405, 164908.325399998575449 ], [ 102249.456000000238419, 164915.67339999973774 ], [ 102276.140699997544289, 164940.295499999076128 ], [ 102309.78660000115633, 164958.600900001823902 ], [ 102339.951999999582767, 164976.51969999819994 ] ] ] } },
{ "type": "Feature", "properties": { "ID": 24104.0, "NR": "118", "TYPE": "s", "LENGTH": 136.714, "GEMID": "210", "PLANID": "https://geodiensten.oost-vlaanderen.be/Bijlagen/detail/210-D-007.sid", "CEVI_OID": 24079, "GEMEENTE": "Schorisse", "DETAILPLAN": "210-D-007", "TYPE_LABEL": "sentier" }, "geometry": { "type": "MultiLineString", "coordinates": [ [ [ 102320.486299999058247, 164632.067699998617172 ], [ 102325.384900003671646, 164635.16160000115633 ], [ 102357.870700001716614, 164663.780000001192093 ], [ 102422.971100002527237, 164722.434799998998642 ] ] ] } },
{ "type": "Feature", "properties": { "ID": 24105.0, "NR": "119", "TYPE": "s", "LENGTH": 122.16, "GEMID": "210", "PLANID": "https://geodiensten.oost-vlaanderen.be/Bijlagen/detail/210-D-007.sid", "CEVI_OID": 24080, "GEMEENTE": "Schorisse", "DETAILPLAN": "210-D-007", "TYPE_LABEL": "sentier" }, "geometry": { "type": "MultiLineString", "coordinates": [ [ [ 102013.805500000715256, 164698.328299999237061 ], [ 101972.038099996745586, 164690.722500000149012 ], [ 101900.234300002455711, 164686.081700000911951 ], [ 101892.499600000679493, 164685.565999999642372 ] ] ] } },
{ "type": "Feature", "properties": { "ID": 24107.0, "NR": "120", "TYPE": "s", "LENGTH": 931.645, "GEMID": "210", "PLANID": "https://geodiensten.oost-vlaanderen.be/Bijlagen/detail/210-D-007.sid", "CEVI_OID": 24081, "GEMEENTE": "Schorisse", "DETAILPLAN": "210-D-007", "TYPE_LABEL": "sentier" }, "geometry": { "type": "MultiLineString", "coordinates": [ [ [ 101565.450699999928474, 163712.282999999821186 ], [ 101603.995300002396107, 163786.7939000017941 ], [ 101608.249300003051758, 163794.399700000882149 ], [ 101646.66499999910593, 163861.820500001311302 ], [ 101584.529600001871586, 163899.849399998784065 ], [ 101605.284400001168251, 163936.718199998140335 ], [ 101621.656199999153614, 163990.216499999165535 ], [ 101637.125600002706051, 164043.843800000846386 ], [ 101654.27080000191927, 164100.693799998611212 ], [ 101664.841600000858307, 164141.043200001120567 ], [ 101666.517399996519089, 164144.136999998241663 ], [ 101672.060599997639656, 164149.293499998748302 ], [ 101686.240900002419949, 164157.801699999719858 ], [ 101710.862999998033047, 164171.337400000542402 ], [ 101716.277300000190735, 164174.43129999935627 ], [ 101767.326300002634525, 164203.307500001043081 ], [ 101811.414099998772144, 164227.800700001418591 ], [ 101825.723300002515316, 164235.664299998432398 ], [ 101827.528099998831749, 164235.922100000083447 ], [ 101905.261799998581409, 164305.018800001591444 ], [ 101900.749899998307228, 164346.657299999147654 ], [ 101915.832599997520447, 164366.122900001704693 ], [ 101922.4070999994874, 164384.815099999308586 ], [ 101965.721400000154972, 164416.914099998772144 ] ] ] } },
{ "type": "Feature", "properties": { "ID": 24108.0, "NR": "121", "TYPE": "s", "LENGTH": 373.868, "GEMID": "210", "PLANID": "https://geodiensten.oost-vlaanderen.be/Bijlagen/detail/210-D-007.sid", "CEVI_OID": 24082, "GEMEENTE": "Schorisse", "DETAILPLAN": "210-D-007", "TYPE_LABEL": "sentier" }, "geometry": { "type": "MultiLineString", "coordinates": [ [ [ 102161.409299999475479, 163718.34180000051856 ], [ 102195.957599997520447, 163760.753699999302626 ], [ 102225.607299998402596, 163796.848999999463558 ], [ 102229.345799997448921, 163801.103100001811981 ], [ 102255.772600002586842, 163851.636500000953674 ], [ 102291.996799997985363, 163920.217500001192093 ], [ 102313.525100000202656, 163960.309000000357628 ], [ 102315.716600000858307, 163966.496800001710653 ], [ 102322.420000001788139, 163977.067499998956919 ], [ 102329.896899998188019, 163986.091299999505281 ], [ 102346.26860000193119, 164003.752199999988079 ], [ 102368.441399998962879, 164026.569600000977516 ] ] ] } },
{ "type": "Feature", "properties": { "ID": 24109.0, "NR": "122", "TYPE": "s", "LENGTH": 538.976, "GEMID": "210", "PLANID": "https://geodiensten.oost-vlaanderen.be/Bijlagen/detail/210-D-007.sid", "CEVI_OID": 24083, "GEMEENTE": "Schorisse", "DETAILPLAN": "210-D-007", "TYPE_LABEL": "sentier" }, "geometry": { "type": "MultiLineString", "coordinates": [ [ [ 101716.277300000190735, 164174.43129999935627 ], [ 101722.980700001120567, 164169.66160000115633 ], [ 101730.586499996483326, 164163.731600001454353 ], [ 101736.387500002980232, 164158.446199998259544 ], [ 101742.704199999570847, 164149.551300000399351 ], [ 101747.216099999845028, 164141.816599998623133 ], [ 101750.825699999928474, 164136.531300000846386 ], [ 101758.302500002086163, 164123.38230000063777 ], [ 101762.041000001132488, 164116.807799998670816 ], [ 101766.55290000140667, 164097.084300000220537 ], [ 101781.764499999582767, 164075.427099999040365 ], [ 101800.843400001525879, 164049.386999998241663 ], [ 101824.047499999403954, 164016.514499999582767 ], [ 101849.571999996900558, 163982.739599999040365 ], [ 101874.065200001001358, 163950.125 ], [ 101905.13289999961853, 163908.744300000369549 ], [ 101920.08669999986887, 163879.997000001370907 ], [ 101949.607400000095367, 163812.705099999904633 ], [ 101960.822800002992153, 163784.860199999064207 ], [ 101975.002999998629093, 163751.214299999177456 ], [ 101990.343500003218651, 163716.666000001132488 ] ] ] } },
{ "type": "Feature", "properties": { "ID": 24110.0, "NR": "123", "TYPE": "s", "LENGTH": 117.608, "GEMID": "210", "PLANID": "https://geodiensten.oost-vlaanderen.be/Bijlagen/detail/210-D-007.sid", "CEVI_OID": 24084, "GEMEENTE": "Schorisse", "DETAILPLAN": "210-D-007", "TYPE_LABEL": "sentier" }, "geometry": { "type": "MultiLineString", "coordinates": [ [ [ 101945.224399998784065, 164571.479200001806021 ], [ 101992.406099997460842, 164579.987399999052286 ], [ 102036.7516999989748, 164561.939800001680851 ], [ 102048.611599996685982, 164555.365299999713898 ], [ 102055.314999997615814, 164550.595499999821186 ] ] ] } },
{ "type": "Feature", "properties": { "ID": 24111.0, "NR": "124", "TYPE": "s", "LENGTH": 134.86, "GEMID": "210", "PLANID": "https://geodiensten.oost-vlaanderen.be/Bijlagen/detail/210-D-007.sid", "CEVI_OID": 24085, "GEMEENTE": "Schorisse", "DETAILPLAN": "210-D-007", "TYPE_LABEL": "sentier" }, "geometry": { "type": "MultiLineString", "coordinates": [ [ [ 101859.369300000369549, 164708.512299999594688 ], [ 101846.73589999973774, 164687.370799999684095 ], [ 101817.472999997437, 164638.899999998509884 ], [ 101789.756999999284744, 164593.007500000298023 ] ] ] } },
{ "type": "Feature", "properties": { "ID": 24112.0, "NR": "125", "TYPE": "s", "LENGTH": 357.549, "GEMID": "210", "PLANID": "https://geodiensten.oost-vlaanderen.be/Bijlagen/detail/210-D-007.sid", "CEVI_OID": 24086, "GEMEENTE": "Schorisse", "DETAILPLAN": "210-D-007", "TYPE_LABEL": "sentier" }, "geometry": { "type": "MultiLineString", "coordinates": [ [ [ 101819.406700000166893, 164726.688900001347065 ], [ 101810.253899998962879, 164728.364700000733137 ], [ 101789.112400002777576, 164737.001800000667572 ], [ 101763.71679999679327, 164747.830400001257658 ], [ 101745.411399997770786, 164755.565099999308586 ], [ 101722.46509999781847, 164768.456199999898672 ], [ 101708.413699999451637, 164775.417500000447035 ], [ 101697.069499999284744, 164781.218499999493361 ], [ 101691.655199997127056, 164783.538899999111891 ], [ 101671.673900000751019, 164745.381099998950958 ], [ 101656.978000000119209, 164716.633799999952316 ], [ 101654.528599999845028, 164714.313299998641014 ], [ 101619.593599997460842, 164647.537099998444319 ], [ 101590.201700001955032, 164591.589400000870228 ] ] ] } },
{ "type": "Feature", "properties": { "ID": 24113.0, "NR": "126", "TYPE": "s", "LENGTH": 360.488, "GEMID": "210", "PLANID": "https://geodiensten.oost-vlaanderen.be/Bijlagen/detail/210-D-007.sid", "CEVI_OID": 24087, "GEMEENTE": "Schorisse", "DETAILPLAN": "210-D-007", "TYPE_LABEL": "sentier" }, "geometry": { "type": "MultiLineString", "coordinates": [ [ [ 101677.088200002908707, 164557.04109999909997 ], [ 101661.876599997282028, 164535.641800001263618 ], [ 101625.781300000846386, 164488.202300000935793 ], [ 101591.104099996387959, 164442.825399998575449 ], [ 101556.555799998342991, 164397.448499999940395 ], [ 101536.961199998855591, 164379.01410000026226 ], [ 101497.127499997615814, 164360.579700000584126 ], [ 101415.784199997782707, 164322.808600001037121 ] ] ] } },
{ "type": "Feature", "properties": { "ID": 24114.0, "NR": "127", "TYPE": "s", "LENGTH": 156.88, "GEMID": "210", "PLANID": "https://geodiensten.oost-vlaanderen.be/Bijlagen/detail/210-D-007.sid", "CEVI_OID": 24088, "GEMEENTE": "Schorisse", "DETAILPLAN": "210-D-007", "TYPE_LABEL": "sentier" }, "geometry": { "type": "MultiLineString", "coordinates": [ [ [ 101965.721400000154972, 164416.914099998772144 ], [ 101960.951700001955032, 164416.140700001269579 ], [ 101907.58219999819994, 164431.867899999022484 ], [ 101841.063799999654293, 164451.849199999123812 ], [ 101815.023699998855591, 164458.810400001704693 ] ] ] } },
{ "type": "Feature", "properties": { "ID": 24115.0, "NR": "128", "TYPE": "s", "LENGTH": 363.005, "GEMID": "210", "PLANID": "https://geodiensten.oost-vlaanderen.be/Bijlagen/detail/210-D-007.sid", "CEVI_OID": 24089, "GEMEENTE": "Schorisse", "DETAILPLAN": "210-D-007", "TYPE_LABEL": "sentier" }, "geometry": { "type": "MultiLineString", "coordinates": [ [ [ 102405.825800001621246, 164475.440000001341105 ], [ 102340.467600002884865, 164450.560100000351667 ], [ 102309.528800003230572, 164438.958000000566244 ], [ 102277.558700002729893, 164427.613800000399351 ], [ 102257.190700002014637, 164419.750199999660254 ], [ 102229.21679999679327, 164409.179400000721216 ], [ 102224.44709999859333, 164407.116799999028444 ], [ 102180.746100001037121, 164390.745099999010563 ], [ 102141.943599998950958, 164375.791299998760223 ], [ 102096.051100000739098, 164442.4386 ] ] ] } },
{ "type": "Feature", "properties": { "ID": 24116.0, "NR": "129", "TYPE": "s", "LENGTH": 160.931, "GEMID": "210", "PLANID": "https://geodiensten.oost-vlaanderen.be/Bijlagen/detail/210-D-007.sid", "CEVI_OID": 24090, "GEMEENTE": "Schorisse", "DETAILPLAN": "210-D-007", "TYPE_LABEL": "sentier" }, "geometry": { "type": "MultiLineString", "coordinates": [ [ [ 101605.284400001168251, 163936.718199998140335 ], [ 101547.918700002133846, 163966.754599999636412 ], [ 101544.309199996292591, 163960.309000000357628 ], [ 101467.091099999845028, 164004.138999998569489 ] ] ] } },
{ "type": "Feature", "properties": { "ID": 24106.0, "NR": "12", "TYPE": "c", "LENGTH": 566.975, "GEMID": "210", "PLANID": "https://geodiensten.oost-vlaanderen.be/Bijlagen/detail/210-D-007.sid", "CEVI_OID": 24091, "GEMEENTE": "Schorisse", "DETAILPLAN": "210-D-007", "TYPE_LABEL": "chemin" }, "geometry": { "type": "MultiLineString", "coordinates": [ [ [ 101979.772799998521805, 164403.50730000063777 ], [ 101987.249600000679493, 164407.632500000298023 ], [ 102017.41499999910593, 164421.941700000315905 ], [ 102045.904500000178814, 164431.996800001710653 ], [ 102086.124899998307228, 164440.762800000607967 ], [ 102096.051100000739098, 164442.4386 ], [ 102101.594300001859665, 164443.469900000840425 ], [ 102126.732100002467632, 164459.58390000090003 ], [ 102160.377999998629093, 164485.237300001084805 ], [ 102186.675999999046326, 164513.726799998432398 ], [ 102209.106600001454353, 164532.161200001835823 ], [ 102242.752599999308586, 164555.623100001364946 ], [ 102291.094400003552437, 164587.077500000596046 ], [ 102301.149599999189377, 164592.878600001335144 ], [ 102312.10700000077486, 164585.659499999135733 ], [ 102335.955700002610683, 164562.713199999183416 ], [ 102393.965999998152256, 164490.264899998903275 ], [ 102405.825800001621246, 164475.440000001341105 ], [ 102424.646899998188019, 164452.493700001388788 ] ] ] } },
{ "type": "Feature", "properties": { "ID": 24118.0, "NR": "130", "TYPE": "s", "LENGTH": 788.781, "GEMID": "210", "PLANID": "https://geodiensten.oost-vlaanderen.be/Bijlagen/detail/210-D-007.sid", "CEVI_OID": 24092, "GEMEENTE": "Schorisse", "DETAILPLAN": "210-D-007", "TYPE_LABEL": "sentier" }, "geometry": { "type": "MultiLineString", "coordinates": [ [ [ 100851.280000001192093, 164259.6418999992311 ], [ 100873.839599996805191, 164243.270100001245737 ], [ 100900.266500003635883, 164223.15989999845624 ], [ 100941.002599999308586, 164192.221099998801947 ], [ 100946.545800000429153, 164183.068399999290705 ], [ 100955.569600000977516, 164179.587799999862909 ], [ 100970.652199998497963, 164177.267299998551607 ], [ 100987.152900002896786, 164171.079599998891354 ], [ 100998.62610000371933, 164159.090799998492002 ], [ 101007.520999997854233, 164150.195900000631809 ], [ 101018.091700002551079, 164141.043200001120567 ], [ 101029.693800002336502, 164131.632599998265505 ], [ 101042.58500000089407, 164121.577500000596046 ], [ 101055.218299999833107, 164113.19819999858737 ], [ 101071.718999996781349, 164102.756400000303984 ], [ 101088.47749999910593, 164092.314599998295307 ], [ 101118.642800003290176, 164073.106699999421835 ], [ 101139.91330000013113, 164060.086599998176098 ], [ 101169.305100001394749, 164042.425700001418591 ], [ 101189.544299997389317, 164029.792399998754263 ], [ 101223.447999998927116, 164000.142700001597404 ], [ 101260.445699997246265, 163967.657000001519918 ], [ 101296.669900000095367, 163937.104899998754263 ], [ 101305.4358000010252, 163866.590199999511242 ], [ 101414.366200000047684, 163745.542199999094009 ] ] ] } },
{ "type": "Feature", "properties": { "ID": 24119.0, "NR": "131", "TYPE": "s", "LENGTH": 926.835, "GEMID": "210", "PLANID": "https://geodiensten.oost-vlaanderen.be/Bijlagen/detail/210-D-007.sid", "CEVI_OID": 24093, "GEMEENTE": "Schorisse", "DETAILPLAN": "210-D-007", "TYPE_LABEL": "sentier" }, "geometry": { "type": "MultiLineString", "coordinates": [ [ [ 101455.875799998641014, 164201.889499999582767 ], [ 101402.764200001955032, 164176.364999998360872 ], [ 101356.098099999129772, 164152.645199999213219 ], [ 101331.476000003516674, 164140.398600000888109 ], [ 101325.288199998438358, 164140.011900000274181 ], [ 101285.454499997198582, 164108.815200001001358 ], [ 101227.831000000238419, 164061.117899999022484 ], [ 101189.544299997389317, 164029.792399998754263 ], [ 101183.743199996650219, 164027.471999999135733 ], [ 101138.366300001740456, 164005.94370000064373 ], [ 101080.227200001478195, 163978.227699998766184 ], [ 101021.701300002634525, 163950.640599999576807 ], [ 100951.444399997591972, 163917.510299999266863 ], [ 100929.271600000560284, 163907.455200001597404 ], [ 100903.618199996650219, 163893.146000001579523 ], [ 100879.769500002264977, 163875.743000000715256 ], [ 100857.983499996364117, 163859.113299999386072 ], [ 100847.2837999984622, 163850.476300001144409 ], [ 100825.497699998319149, 163832.041900001466274 ], [ 100795.461300000548363, 163807.290899999439716 ], [ 100789.144599996507168, 163801.747699998319149 ], [ 100769.034400001168251, 163777.254399999976158 ], [ 100746.603799998760223, 163750.827500000596046 ], [ 100727.653800003230572, 163728.654699999839067 ], [ 100726.364600002765656, 163728.912599999457598 ], [ 100723.915299996733665, 163728.26799999922514 ], [ 100685.499600000679493, 163706.610800001770258 ] ] ] } },
{ "type": "Feature", "properties": { "ID": 24120.0, "NR": "132", "TYPE": "s", "LENGTH": 353.862, "GEMID": "210", "PLANID": "https://geodiensten.oost-vlaanderen.be/Bijlagen/detail/210-D-007.sid", "CEVI_OID": 24094, "GEMEENTE": "Schorisse", "DETAILPLAN": "210-D-007", "TYPE_LABEL": "sentier" }, "geometry": { "type": "MultiLineString", "coordinates": [ [ [ 100716.696299999952316, 164049.90260000154376 ], [ 100715.536100000143051, 164038.300599999725819 ], [ 100705.480999998748302, 163996.791000001132488 ], [ 100705.867700003087521, 163986.60700000077486 ], [ 100707.027900002896786, 163976.680799998342991 ], [ 100709.477200001478195, 163962.500500001013279 ], [ 100713.08669999986887, 163938.651799999177456 ], [ 100717.598600000143051, 163886.700399998575449 ], [ 100719.919100001454353, 163864.785500001162291 ], [ 100722.239500001072884, 163836.424899999052286 ], [ 100723.915299996733665, 163802.392200000584126 ], [ 100725.20440000295639, 163779.961599998176098 ], [ 100726.235699996352196, 163737.678599998354912 ], [ 100726.364600002765656, 163728.912599999457598 ], [ 100726.493600003421307, 163698.360500000417233 ] ] ] } },
{ "type": "Feature", "properties": { "ID": 24121.0, "NR": "133", "TYPE": "s", "LENGTH": 398.53, "GEMID": "210", "PLANID": "https://geodiensten.oost-vlaanderen.be/Bijlagen/detail/210-D-007.sid", "CEVI_OID": 24095, "GEMEENTE": "Schorisse", "DETAILPLAN": "210-D-007", "TYPE_LABEL": "sentier" }, "geometry": { "type": "MultiLineString", "coordinates": [ [ [ 101189.544299997389317, 164029.792399998754263 ], [ 101187.739500001072884, 164027.085200000554323 ], [ 101178.200000002980232, 163976.9386 ], [ 101171.754399999976158, 163961.469200000166893 ], [ 101161.054799996316433, 163948.706999998539686 ], [ 101141.202399998903275, 163921.893300000578165 ], [ 101117.869400002062321, 163889.020899999886751 ], [ 101106.138400003314018, 163872.906899999827147 ], [ 101086.930600002408028, 163856.406199999153614 ], [ 101064.886699996888638, 163836.553800001740456 ], [ 101040.522399999201298, 163804.454799998551607 ], [ 101025.181900002062321, 163784.215700000524521 ], [ 100974.648500002920628, 163701.969999998807907 ] ] ] } },
{ "type": "Feature", "properties": { "ID": 24122.0, "NR": "134", "TYPE": "s", "LENGTH": 43.945, "GEMID": "210", "PLANID": "https://geodiensten.oost-vlaanderen.be/Bijlagen/detail/210-D-007.sid", "CEVI_OID": 24096, "GEMEENTE": "Schorisse", "DETAILPLAN": "210-D-007", "TYPE_LABEL": "sentier" }, "geometry": { "type": "MultiLineString", "coordinates": [ [ [ 100726.364600002765656, 163728.912599999457598 ], [ 100728.040500000119209, 163725.81870000064373 ], [ 100757.947999998927116, 163698.618299998342991 ] ] ] } },
{ "type": "Feature", "properties": { "ID": 24123.0, "NR": "135", "TYPE": "s", "LENGTH": 72.949, "GEMID": "210", "PLANID": "https://geodiensten.oost-vlaanderen.be/Bijlagen/detail/210-D-007.sid", "CEVI_OID": 24097, "GEMEENTE": "Schorisse", "DETAILPLAN": "210-D-007", "TYPE_LABEL": "sentier" }, "geometry": { "type": "MultiLineString", "coordinates": [ [ [ 100738.869099996984005, 164663.393199998885393 ], [ 100666.807499997317791, 164652.0489999987185 ] ] ] } },
{ "type": "Feature", "properties": { "ID": 24124.0, "NR": "137", "TYPE": "s", "LENGTH": 95.825, "GEMID": "210", "PLANID": "https://geodiensten.oost-vlaanderen.be/Bijlagen/detail/210-D-007.sid", "CEVI_OID": 24098, "GEMEENTE": "Schorisse", "DETAILPLAN": "210-D-007", "TYPE_LABEL": "sentier" }, "geometry": { "type": "MultiLineString", "coordinates": [ [ [ 100749.95549999922514, 164101.467300001531839 ], [ 100724.688799999654293, 164123.511199999600649 ], [ 100697.101700000464916, 164147.875500001013279 ], [ 100677.249300003051758, 164163.860500000417233 ] ] ] } },
{ "type": "Feature", "properties": { "ID": 24125.0, "NR": "138", "TYPE": "s", "LENGTH": 337.148, "GEMID": "210", "PLANID": "https://geodiensten.oost-vlaanderen.be/Bijlagen/detail/210-D-007.sid", "CEVI_OID": 24099, "GEMEENTE": "Schorisse", "DETAILPLAN": "210-D-007", "TYPE_LABEL": "sentier" }, "geometry": { "type": "MultiLineString", "coordinates": [ [ [ 100991.278099998831749, 164644.314300000667572 ], [ 100977.226700000464916, 164676.542199999094009 ], [ 100966.011399999260902, 164705.289500001817942 ], [ 100954.409400001168251, 164735.06810000166297 ], [ 100952.733499996364117, 164739.579999998211861 ], [ 100935.459399998188019, 164766.651500001549721 ], [ 100906.969899997115135, 164814.348799999803305 ], [ 100901.942299999296665, 164877.902199998497963 ], [ 100901.039899997413158, 164886.797200001776218 ], [ 100901.297799997031689, 164931.529500000178814 ], [ 100901.039899997413158, 164960.792399998754263 ] ] ] } },
{ "type": "Feature", "properties": { "ID": 24117.0, "NR": "13", "TYPE": "c", "LENGTH": 1437.638, "GEMID": "210", "PLANID": "https://geodiensten.oost-vlaanderen.be/Bijlagen/detail/210-D-007.sid", "CEVI_OID": 24100, "GEMEENTE": "Schorisse", "DETAILPLAN": "210-D-007", "TYPE_LABEL": "chemin" }, "geometry": { "type": "MultiLineString", "coordinates": [ [ [ 101420.682899996638298, 163709.060199998319149 ], [ 101423.647799998521805, 163737.291799999773502 ], [ 101424.80799999833107, 163749.022799998521805 ], [ 101426.870600000023842, 163761.914000000804663 ], [ 101425.839299999177456, 163795.173200000077486 ], [ 101433.574000000953674, 163839.389899998903275 ], [ 101448.656700000166893, 163902.814399998635054 ], [ 101461.547899998724461, 163961.082499999552965 ], [ 101464.383900001645088, 163979.25899999961257 ], [ 101467.091099999845028, 164004.138999998569489 ], [ 101466.83330000191927, 164036.109099999070168 ], [ 101457.422700002789497, 164072.848900001496077 ], [ 101452.781900003552437, 164089.349599998444319 ], [ 101455.231200002133846, 164124.413600001484156 ], [ 101456.64919999986887, 164155.610199999064207 ], [ 101455.875799998641014, 164201.889499999582767 ], [ 101453.168600000441074, 164214.909499999135733 ], [ 101436.410099998116493, 164266.087499998509884 ], [ 101415.784199997782707, 164322.808600001037121 ], [ 101392.193400003015995, 164392.291999999433756 ], [ 101371.825400002300739, 164449.78660000115633 ], [ 101353.648800000548363, 164497.870700001716614 ], [ 101331.218199998140335, 164565.162500001490116 ], [ 101320.002899996936321, 164594.167700000107288 ], [ 101307.756300002336502, 164613.891199998557568 ], [ 101295.767499998211861, 164627.555799998342991 ], [ 101258.254199996590614, 164660.815000001341105 ], [ 101241.882399998605251, 164691.753800000995398 ], [ 101235.178999997675419, 164711.735100001096725 ], [ 101230.02250000089407, 164734.9391999989748 ], [ 101229.377999998629093, 164749.76410000026226 ], [ 101229.89360000193119, 164758.659000001847744 ], [ 101230.280299998819828, 164763.557599999010563 ], [ 101228.088799998164177, 164772.452500000596046 ], [ 101193.153800003230572, 164831.880800001323223 ], [ 101171.367700003087521, 164854.3114 ], [ 101139.139799997210503, 164886.926100000739098 ], [ 101134.498999997973442, 164890.019900001585484 ], [ 101116.967000000178814, 164901.622000001370907 ], [ 101085.899300001561642, 164918.509399998933077 ], [ 101077.133299998939037, 164921.345499999821186 ] ], [ [ 101078.293499998748302, 164937.20160000026226 ], [ 101058.570000000298023, 164944.291799999773502 ], [ 100985.090400002896786, 164961.823699999600649 ] ] ] } },
{ "type": "Feature", "properties": { "ID": 24126.0, "NR": "14", "TYPE": "c", "LENGTH": 198.213, "GEMID": "210", "PLANID": "https://geodiensten.oost-vlaanderen.be/Bijlagen/detail/210-D-007.sid", "CEVI_OID": 24101, "GEMEENTE": "Schorisse", "DETAILPLAN": "210-D-007", "TYPE_LABEL": "chemin" }, "geometry": { "type": "MultiLineString", "coordinates": [ [ [ 101546.113899998366833, 163711.638399999588728 ], [ 101538.250299997627735, 163725.045200001448393 ], [ 101524.714599996805191, 163739.870099999010563 ], [ 101503.31530000269413, 163751.085400000214577 ], [ 101489.392800003290176, 163754.694899998605251 ], [ 101465.930900000035763, 163755.081599999219179 ], [ 101446.722999997437, 163751.085400000214577 ], [ 101429.964500002563, 163746.186700001358986 ], [ 101424.80799999833107, 163749.022799998521805 ], [ 101414.366200000047684, 163745.542199999094009 ], [ 101402.248499996960163, 163729.814899999648333 ], [ 101386.005599997937679, 163708.54450000077486 ] ] ] } },
{ "type": "Feature", "properties": { "ID": 24127.0, "NR": "158", "TYPE": "s", "LENGTH": 50.331, "GEMID": "210", "PLANID": "https://geodiensten.oost-vlaanderen.be/Bijlagen/detail/210-D-007.sid", "CEVI_OID": 24102, "GEMEENTE": "Schorisse", "DETAILPLAN": "210-D-007", "TYPE_LABEL": "sentier" }, "geometry": { "type": "MultiLineString", "coordinates": [ [ [ 101429.964500002563, 163746.186700001358986 ], [ 101429.448899999260902, 163742.7060999982059 ], [ 101453.813199996948242, 163721.951299998909235 ], [ 101462.321299999952316, 163709.833599999547005 ] ] ] } },
{ "type": "Feature", "properties": { "ID": 24128.0, "NR": "159", "TYPE": "s", "LENGTH": 15.854, "GEMID": "210", "PLANID": "https://geodiensten.oost-vlaanderen.be/Bijlagen/detail/210-D-007.sid", "CEVI_OID": 24103, "GEMEENTE": "Schorisse", "DETAILPLAN": "210-D-007", "TYPE_LABEL": "sentier" }, "geometry": { "type": "MultiLineString", "coordinates": [ [ [ 101538.250299997627735, 163725.045200001448393 ], [ 101531.160199999809265, 163710.864900000393391 ] ] ] } },
{ "type": "Feature", "properties": { "ID": 24130.0, "NR": "169", "TYPE": "s", "LENGTH": 254.289, "GEMID": "210", "PLANID": "https://geodiensten.oost-vlaanderen.be/Bijlagen/detail/210-D-007.sid", "CEVI_OID": 24104, "GEMEENTE": "Schorisse", "DETAILPLAN": "210-D-007", "TYPE_LABEL": "sentier" }, "geometry": { "type": "MultiLineString", "coordinates": [ [ [ 101230.02250000089407, 164734.9391999989748 ], [ 101198.18129999935627, 164713.668800000101328 ], [ 101159.25, 164686.984099999070168 ], [ 101077.262199997901917, 164630.262899998575449 ], [ 101074.812899999320507, 164613.633299998939037 ], [ 101048.901600003242493, 164615.051399998366833 ], [ 101031.885300002992153, 164594.941100001335144 ] ] ] } },
{ "type": "Feature", "properties": { "ID": 24129.0, "NR": "16", "TYPE": "c", "LENGTH": 1294.303, "GEMID": "210", "PLANID": "https://geodiensten.oost-vlaanderen.be/Bijlagen/detail/210-D-007.sid", "CEVI_OID": 24105, "GEMEENTE": "Schorisse", "DETAILPLAN": "210-D-007", "TYPE_LABEL": "chemin" }, "geometry": { "type": "MultiLineString", "coordinates": [ [ [ 102428.385399997234344, 163970.364100001752377 ], [ 102368.441399998962879, 164026.569600000977516 ], [ 102271.499899998307228, 164119.257100000977516 ], [ 102170.304200001060963, 164219.937100000679493 ], [ 102121.188900001347065, 164268.021200001239777 ], [ 101979.772799998521805, 164403.50730000063777 ], [ 101965.721400000154972, 164416.914099998772144 ], [ 101955.279600001871586, 164452.751600001007318 ], [ 101945.740099996328354, 164485.881900001317263 ], [ 101949.349600002169609, 164492.971999999135733 ], [ 101948.833999998867512, 164538.477800000458956 ], [ 101945.224399998784065, 164571.479200001806021 ], [ 101932.462200000882149, 164612.730900000780821 ], [ 101907.324400000274181, 164657.20549999922514 ], [ 101892.499600000679493, 164685.565999999642372 ], [ 101883.346799999475479, 164695.492199998348951 ], [ 101859.369300000369549, 164708.512299999594688 ], [ 101819.406700000166893, 164726.688900001347065 ], [ 101797.8783999979496, 164746.154500000178814 ], [ 101789.241300001740456, 164757.885499998927116 ], [ 101781.506599999964237, 164772.194699998944998 ], [ 101772.353900000452995, 164797.332499999552965 ], [ 101766.16610000282526, 164820.794399999082088 ], [ 101766.16610000282526, 164835.619199998676777 ], [ 101769.259999997913837, 164853.022300001233816 ], [ 101771.322599999606609, 164861.272599998861551 ], [ 101786.663099996745586, 164891.438000001013279 ], [ 101802.390299998223782, 164922.376800000667572 ], [ 101793.10869999974966, 164942.486999999731779 ], [ 101778.928400002419949, 164960.405699998140335 ], [ 101767.197400003671646, 164971.878899998962879 ] ] ] } },
{ "type": "Feature", "properties": { "ID": 24131.0, "NR": "17", "TYPE": "c", "LENGTH": 878.761, "GEMID": "210", "PLANID": "https://geodiensten.oost-vlaanderen.be/Bijlagen/detail/210-D-007.sid", "CEVI_OID": 24106, "GEMEENTE": "Schorisse", "DETAILPLAN": "210-D-007", "TYPE_LABEL": "chemin" }, "geometry": { "type": "MultiLineString", "coordinates": [ [ [ 101945.740099996328354, 164485.881900001317263 ], [ 101930.270700000226498, 164486.784299999475479 ], [ 101900.749899998307228, 164481.370000001043081 ], [ 101894.046499997377396, 164483.432500001043081 ], [ 101879.608400002121925, 164500.964499998837709 ], [ 101856.920000001788139, 164528.422699999064207 ], [ 101836.036300003528595, 164550.595499999821186 ], [ 101804.581799998879433, 164579.600699998438358 ], [ 101792.593000002205372, 164590.171399999409914 ], [ 101789.756999999284744, 164593.007500000298023 ], [ 101779.443999998271465, 164596.101300001144409 ], [ 101760.622900001704693, 164594.038800001144409 ], [ 101737.805600002408028, 164584.370400000363588 ], [ 101722.336199998855591, 164577.022399999201298 ], [ 101694.104500003159046, 164562.584300000220537 ], [ 101677.088200002908707, 164557.04109999909997 ], [ 101665.744000002741814, 164556.267599999904633 ], [ 101590.201700001955032, 164591.589400000870228 ], [ 101564.806100003421307, 164602.160199999809265 ], [ 101516.335299998521805, 164606.929900001734495 ], [ 101499.447899997234344, 164612.086399998515844 ], [ 101483.076099999248981, 164642.509500000625849 ], [ 101477.403999999165535, 164653.595899999141693 ], [ 101463.610500000417233, 164672.030299998819828 ], [ 101440.793099999427795, 164691.753800000995398 ], [ 101420.167199999094009, 164706.191899999976158 ], [ 101399.799199998378754, 164754.276000000536442 ], [ 101386.392399996519089, 164769.874299999326468 ], [ 101374.14580000191927, 164780.445000000298023 ], [ 101366.53999999910593, 164781.34739999845624 ], [ 101351.843999996781349, 164777.480099998414516 ], [ 101311.236900001764297, 164759.819200001657009 ], [ 101285.841300003230572, 164754.66270000115037 ], [ 101273.85249999910593, 164752.21339999884367 ], [ 101254.902500003576279, 164751.053199999034405 ], [ 101237.628300003707409, 164755.307300001382828 ], [ 101229.89360000193119, 164758.659000001847744 ] ] ] } },
{ "type": "Feature", "properties": { "ID": 24132.0, "NR": "18", "TYPE": "c", "LENGTH": 73.13, "GEMID": "210", "PLANID": "https://geodiensten.oost-vlaanderen.be/Bijlagen/detail/210-D-007.sid", "CEVI_OID": 24107, "GEMEENTE": "Schorisse", "DETAILPLAN": "210-D-007", "TYPE_LABEL": "chemin" }, "geometry": { "type": "MultiLineString", "coordinates": [ [ [ 101853.052599996328354, 164972.523400001227856 ], [ 101834.231499999761581, 164944.420699998736382 ], [ 101817.215199999511242, 164929.337999999523163 ], [ 101807.933499999344349, 164923.665899999439716 ], [ 101802.390299998223782, 164922.376800000667572 ] ] ] } },
{ "type": "Feature", "properties": { "ID": 24134.0, "NR": "23", "TYPE": "c", "LENGTH": 210.187, "GEMID": "210", "PLANID": "https://geodiensten.oost-vlaanderen.be/Bijlagen/detail/210-D-007.sid", "CEVI_OID": 24108, "GEMEENTE": "Schorisse", "DETAILPLAN": "210-D-007", "TYPE_LABEL": "chemin" }, "geometry": { "type": "MultiLineString", "coordinates": [ [ [ 100669.514600001275539, 164768.456199999898672 ], [ 100689.753700003027916, 164836.908300001174212 ], [ 100696.972800001502037, 164862.046100001782179 ], [ 100732.036799997091293, 164924.052600000053644 ], [ 100754.080600000917912, 164959.116599999368191 ] ] ] } },
{ "type": "Feature", "properties": { "ID": 24133.0, "NR": "2", "TYPE": "c", "LENGTH": 1070.769, "GEMID": "210", "PLANID": "https://geodiensten.oost-vlaanderen.be/Bijlagen/detail/210-D-007.sid", "CEVI_OID": 24109, "GEMEENTE": "Schorisse", "DETAILPLAN": "210-D-007", "TYPE_LABEL": "chemin" }, "geometry": { "type": "MultiLineString", "coordinates": [ [ [ 100679.827500000596046, 163999.240299999713898 ], [ 100716.696299999952316, 164049.90260000154376 ], [ 100749.95549999922514, 164101.467300001531839 ], [ 100770.323499999940395, 164134.210799999535084 ], [ 100781.40990000218153, 164158.188400000333786 ], [ 100803.067100003361702, 164197.506499998271465 ], [ 100851.280000001192093, 164259.6418999992311 ], [ 100857.21000000089407, 164267.247699998319149 ], [ 100948.866200000047684, 164403.636199999600649 ], [ 101008.681199997663498, 164493.874400001019239 ], [ 101031.498599998652935, 164591.589400000870228 ], [ 101031.885300002992153, 164594.941100001335144 ], [ 101032.6587999984622, 164622.6570999994874 ], [ 101033.045500002801418, 164634.388099998235703 ], [ 101034.334600001573563, 164668.9364 ], [ 101050.835299998521805, 164757.885499998927116 ], [ 101066.046899996697903, 164850.444099999964237 ], [ 101077.133299998939037, 164921.345499999821186 ], [ 101078.293499998748302, 164937.20160000026226 ], [ 101082.934299997985363, 164963.112900000065565 ] ] ] } },
{ "type": "Feature", "properties": { "ID": 24135.0, "NR": "38", "TYPE": "s", "LENGTH": 219.366, "GEMID": "210", "PLANID": "https://geodiensten.oost-vlaanderen.be/Bijlagen/detail/210-D-007.sid", "CEVI_OID": 24110, "GEMEENTE": "Schorisse", "DETAILPLAN": "210-D-007", "TYPE_LABEL": "sentier" }, "geometry": { "type": "MultiLineString", "coordinates": [ [ [ 101960.822800002992153, 163784.860199999064207 ], [ 101929.755000002682209, 163766.296900000423193 ], [ 101928.208099998533726, 163763.589800000190735 ], [ 101894.691100001335144, 163733.03770000115037 ], [ 101860.529500000178814, 163772.871399998664856 ], [ 101803.163800001144409, 163713.958799999207258 ] ] ] } },
{ "type": "Feature", "properties": { "ID": 24136.0, "NR": "51", "TYPE": "s", "LENGTH": 232.891, "GEMID": "210", "PLANID": "https://geodiensten.oost-vlaanderen.be/Bijlagen/detail/210-D-007.sid", "CEVI_OID": 24111, "GEMEENTE": "Schorisse", "DETAILPLAN": "210-D-007", "TYPE_LABEL": "sentier" }, "geometry": { "type": "MultiLineString", "coordinates": [ [ [ 100857.21000000089407, 164267.247699998319149 ], [ 100799.199699997901917, 164305.792300000786781 ], [ 100794.558899998664856, 164300.506900001317263 ], [ 100786.566399998962879, 164290.709600001573563 ], [ 100774.577600002288818, 164274.982400000095367 ], [ 100756.658900000154972, 164259.770799998193979 ], [ 100732.036799997091293, 164239.144900001585484 ], [ 100712.313299998641014, 164228.960900001227856 ], [ 100702.902699999511242, 164220.581700000911951 ], [ 100690.913900002837181, 164212.846999999135733 ], [ 100676.47580000013113, 164200.342500001192093 ] ] ] } },
{ "type": "Feature", "properties": { "ID": 24137.0, "NR": "52", "TYPE": "s", "LENGTH": 467.687, "GEMID": "210", "PLANID": "https://geodiensten.oost-vlaanderen.be/Bijlagen/detail/210-D-007.sid", "CEVI_OID": 24112, "GEMEENTE": "Schorisse", "DETAILPLAN": "210-D-007", "TYPE_LABEL": "sentier" }, "geometry": { "type": "MultiLineString", "coordinates": [ [ [ 101033.045500002801418, 164634.388099998235703 ], [ 100991.278099998831749, 164644.314300000667572 ], [ 100946.159000001847744, 164655.658500000834465 ], [ 100918.185199998319149, 164662.232999999076128 ], [ 100893.820900000631809, 164668.549699999392033 ], [ 100858.627999998629093, 164684.534699998795986 ], [ 100831.169799998402596, 164651.791200000792742 ], [ 100807.192299999296665, 164623.172800000756979 ], [ 100740.931699998676777, 164660.170400001108646 ], [ 100738.869099996984005, 164663.393199998885393 ], [ 100669.514600001275539, 164768.456199999898672 ] ] ] } },
{ "type": "Feature", "properties": { "ID": 24138.0, "NR": "53", "TYPE": "s", "LENGTH": 30.052, "GEMID": "210", "PLANID": "https://geodiensten.oost-vlaanderen.be/Bijlagen/detail/210-D-007.sid", "CEVI_OID": 24113, "GEMEENTE": "Schorisse", "DETAILPLAN": "210-D-007", "TYPE_LABEL": "sentier" }, "geometry": { "type": "MultiLineString", "coordinates": [ [ [ 100689.753700003027916, 164836.908300001174212 ], [ 100663.326800003647804, 164851.217500001192093 ] ] ] } },
{ "type": "Feature", "properties": { "ID": 24139.0, "NR": "54", "TYPE": "c", "LENGTH": 268.048, "GEMID": "210", "PLANID": "https://geodiensten.oost-vlaanderen.be/Bijlagen/detail/210-D-007.sid", "CEVI_OID": 24114, "GEMEENTE": "Schorisse", "DETAILPLAN": "210-D-007", "TYPE_LABEL": "chemin" }, "geometry": { "type": "MultiLineString", "coordinates": [ [ [ 101374.14580000191927, 164780.445000000298023 ], [ 101396.060699999332428, 164802.102200001478195 ], [ 101429.835600003600121, 164834.458999998867512 ], [ 101463.481499999761581, 164867.460400000214577 ], [ 101475.857100002467632, 164878.160100001841784 ], [ 101491.455399997532368, 164888.086300000548363 ], [ 101515.17509999871254, 164900.203999999910593 ], [ 101495.322700001299381, 164913.997499998658895 ], [ 101496.225100003182888, 164925.341699998825788 ], [ 101513.241499997675419, 164968.398200001567602 ] ] ] } },
{ "type": "Feature", "properties": { "ID": 24140.0, "NR": "55", "TYPE": "c", "LENGTH": 330.628, "GEMID": "210", "PLANID": "https://geodiensten.oost-vlaanderen.be/Bijlagen/detail/210-D-007.sid", "CEVI_OID": 24115, "GEMEENTE": "Schorisse", "DETAILPLAN": "210-D-007", "TYPE_LABEL": "chemin" }, "geometry": { "type": "MultiLineString", "coordinates": [ [ [ 101879.608400002121925, 164500.964499998837709 ], [ 101815.023699998855591, 164458.810400001704693 ], [ 101743.735500000417233, 164413.175700001418591 ], [ 101675.025600001215935, 164408.53489999845624 ], [ 101650.661300003528595, 164440.762800000607967 ], [ 101591.104099996387959, 164442.825399998575449 ] ] ] } },
{ "type": "Feature", "properties": { "ID": 24141.0, "NR": "56", "TYPE": "c", "LENGTH": 144.28, "GEMID": "210", "PLANID": "https://geodiensten.oost-vlaanderen.be/Bijlagen/detail/210-D-007.sid", "CEVI_OID": 24116, "GEMEENTE": "Schorisse", "DETAILPLAN": "210-D-007", "TYPE_LABEL": "chemin" }, "geometry": { "type": "MultiLineString", "coordinates": [ [ [ 101955.279600001871586, 164452.751600001007318 ], [ 102024.118400000035763, 164509.472699999809265 ], [ 102031.079599998891354, 164515.40260000154376 ], [ 102038.040799997746944, 164515.660500001162291 ], [ 102055.314999997615814, 164550.595499999821186 ] ] ] } },
{ "type": "Feature", "properties": { "ID": 24142.0, "NR": "56", "TYPE": "s", "LENGTH": 449.705, "GEMID": "210", "PLANID": "https://geodiensten.oost-vlaanderen.be/Bijlagen/detail/210-D-007.sid", "CEVI_OID": 24117, "GEMEENTE": "Schorisse", "DETAILPLAN": "210-D-007", "TYPE_LABEL": "sentier" }, "geometry": { "type": "MultiLineString", "coordinates": [ [ [ 102202.403200000524521, 164904.715900000184774 ], [ 102161.795999996364117, 164868.233899999409914 ], [ 102132.790899999439716, 164850.572999998927116 ], [ 102122.34910000115633, 164834.587900001555681 ], [ 102109.071199998259544, 164819.376400001347065 ], [ 102088.832000002264977, 164794.625300001353025 ], [ 102074.780699998140335, 164778.640299998223782 ], [ 102045.517700001597404, 164740.353500001132488 ], [ 102032.11089999973774, 164723.337200000882149 ], [ 102020.251000002026558, 164710.059300001710653 ], [ 102013.805500000715256, 164698.328299999237061 ], [ 102015.610200002789497, 164693.945300001651049 ], [ 102033.271099999547005, 164659.13910000026226 ], [ 102039.20099999755621, 164648.310600001364946 ], [ 102044.486400000751019, 164639.415699999779463 ], [ 102056.990900002419949, 164622.141499999910593 ], [ 102062.534100003540516, 164609.121399998664856 ], [ 102073.749399997293949, 164583.854699999094009 ], [ 102048.611599996685982, 164555.365299999713898 ] ] ] } },
{ "type": "Feature", "properties": { "ID": 24143.0, "NR": "57", "TYPE": "c", "LENGTH": 96.189, "GEMID": "210", "PLANID": "https://geodiensten.oost-vlaanderen.be/Bijlagen/detail/210-D-007.sid", "CEVI_OID": 24118, "GEMEENTE": "Schorisse", "DETAILPLAN": "210-D-007", "TYPE_LABEL": "chemin" }, "geometry": { "type": "MultiLineString", "coordinates": [ [ [ 102038.040799997746944, 164515.660500001162291 ], [ 102063.952100001275539, 164485.237300001084805 ], [ 102101.594300001859665, 164443.469900000840425 ] ] ] } },
{ "type": "Feature", "properties": { "ID": 24144.0, "NR": "58", "TYPE": "c", "LENGTH": 269.351, "GEMID": "210", "PLANID": "https://geodiensten.oost-vlaanderen.be/Bijlagen/detail/210-D-007.sid", "CEVI_OID": 24119, "GEMEENTE": "Schorisse", "DETAILPLAN": "210-D-007", "TYPE_LABEL": "chemin" }, "geometry": { "type": "MultiLineString", "coordinates": [ [ [ 102301.149599999189377, 164592.878600001335144 ], [ 102310.689000003039837, 164612.086399998515844 ], [ 102320.486299999058247, 164632.067699998617172 ], [ 102323.064499996602535, 164637.353100001811981 ], [ 102327.318599998950958, 164654.75620000064373 ], [ 102332.732900001108646, 164677.573499999940395 ], [ 102332.08839999884367, 164689.175599999725819 ], [ 102327.318599998950958, 164717.278299998492002 ], [ 102326.674099996685982, 164728.106899999082088 ], [ 102334.279899999499321, 164764.46000000089407 ], [ 102339.049599997699261, 164781.991999998688698 ], [ 102354.776799999177456, 164852.377700001001358 ] ] ] } },
{ "type": "Feature", "properties": { "ID": 24145.0, "NR": "59", "TYPE": "c", "LENGTH": 130.123, "GEMID": "210", "PLANID": "https://geodiensten.oost-vlaanderen.be/Bijlagen/detail/210-D-007.sid", "CEVI_OID": 24120, "GEMEENTE": "Schorisse", "DETAILPLAN": "210-D-007", "TYPE_LABEL": "chemin" }, "geometry": { "type": "MultiLineString", "coordinates": [ [ [ 102121.188900001347065, 164268.021200001239777 ], [ 102022.958200000226498, 164182.681600000709295 ] ] ] } },
{ "type": "Feature", "properties": { "ID": 24146.0, "NR": "60", "TYPE": "s", "LENGTH": 324.828, "GEMID": "210", "PLANID": "https://geodiensten.oost-vlaanderen.be/Bijlagen/detail/210-D-007.sid", "CEVI_OID": 24121, "GEMEENTE": "Schorisse", "DETAILPLAN": "210-D-007", "TYPE_LABEL": "sentier" }, "geometry": { "type": "MultiLineString", "coordinates": [ [ [ 102339.049599997699261, 164781.991999998688698 ], [ 102315.587700001895428, 164808.805599998682737 ], [ 102282.972999997437, 164839.486600000411272 ], [ 102262.347099997103214, 164858.823300000280142 ], [ 102251.002899996936321, 164868.878400001674891 ], [ 102221.740000002086163, 164890.664500001817942 ], [ 102202.403200000524521, 164904.715900000184774 ], [ 102183.582099996507168, 164918.638300001621246 ], [ 102161.151500001549721, 164926.115200001746416 ], [ 102138.591899998486042, 164933.592099998146296 ], [ 102125.958599999547005, 164940.682199999690056 ], [ 102118.094999998807907, 164945.709800001233816 ], [ 102082.128600001335144, 164974.328200001269579 ] ] ] } },
{ "type": "Feature", "properties": { "ID": 24147.0, "NR": "93", "TYPE": "s", "LENGTH": 74.833, "GEMID": "210", "PLANID": "https://geodiensten.oost-vlaanderen.be/Bijlagen/detail/210-D-007.sid", "CEVI_OID": 24122, "GEMEENTE": "Schorisse", "DETAILPLAN": "210-D-007", "TYPE_LABEL": "sentier" }, "geometry": { "type": "MultiLineString", "coordinates": [ [ [ 101134.498999997973442, 164890.019900001585484 ], [ 101146.487800002098083, 164963.886300001293421 ] ] ] } },
{ "type": "Feature", "properties": { "ID": 24148.0, "NR": "94", "TYPE": "s", "LENGTH": 241.138, "GEMID": "210", "PLANID": "https://geodiensten.oost-vlaanderen.be/Bijlagen/detail/210-D-007.sid", "CEVI_OID": 24123, "GEMEENTE": "Schorisse", "DETAILPLAN": "210-D-007", "TYPE_LABEL": "sentier" }, "geometry": { "type": "MultiLineString", "coordinates": [ [ [ 101230.280299998819828, 164763.557599999010563 ], [ 101306.080399997532368, 164824.661699999123812 ], [ 101317.166799999773502, 164865.913499999791384 ], [ 101328.510999999940395, 164966.33559999987483 ] ] ] } },
{ "type": "Feature", "properties": { "ID": 24150.0, "NR": "131", "TYPE": "s", "LENGTH": 28.31, "GEMID": "210", "PLANID": "https://geodiensten.oost-vlaanderen.be/Bijlagen/detail/210-D-008.sid", "CEVI_OID": 24124, "GEMEENTE": "Schorisse", "DETAILPLAN": "210-D-008", "TYPE_LABEL": "sentier" }, "geometry": { "type": "MultiLineString", "coordinates": [ [ [ 100662.682300001382828, 163700.552000001072884 ], [ 100687.820100001990795, 163713.57209999859333 ] ] ] } },
{ "type": "Feature", "properties": { "ID": 24151.0, "NR": "136", "TYPE": "s", "LENGTH": 481.567, "GEMID": "210", "PLANID": "https://geodiensten.oost-vlaanderen.be/Bijlagen/detail/210-D-008.sid", "CEVI_OID": 24125, "GEMEENTE": "Schorisse", "DETAILPLAN": "210-D-008", "TYPE_LABEL": "sentier" }, "geometry": { "type": "MultiLineString", "coordinates": [ [ [ 100487.104599997401237, 164627.8136 ], [ 100564.064900003373623, 164691.238200001418591 ], [ 100589.073700003325939, 164686.726199999451637 ], [ 100591.26519999653101, 164688.917700000107288 ], [ 100608.15259999781847, 164666.487100001424551 ], [ 100619.883599996566772, 164642.122800000011921 ], [ 100661.522100001573563, 164650.502099998295307 ], [ 100671.448299996554852, 164651.404399998486042 ] ], [ [ 100466.092000000178814, 164662.619800001382828 ], [ 100532.73929999768734, 164721.403499998152256 ], [ 100564.064900003373623, 164691.238200001418591 ] ], [ [ 100591.26519999653101, 164688.917700000107288 ], [ 100670.030199997127056, 164770.518800001591444 ] ] ] } },
{ "type": "Feature", "properties": { "ID": 24152.0, "NR": "137", "TYPE": "s", "LENGTH": 22.46, "GEMID": "210", "PLANID": "https://geodiensten.oost-vlaanderen.be/Bijlagen/detail/210-D-008.sid", "CEVI_OID": 24126, "GEMEENTE": "Schorisse", "DETAILPLAN": "210-D-008", "TYPE_LABEL": "sentier" }, "geometry": { "type": "MultiLineString", "coordinates": [ [ [ 100665.131599999964237, 164177.525199998170137 ], [ 100679.440800003707409, 164164.762899998575449 ] ], [ [ 100662.682300001382828, 163700.552000001072884 ], [ 100660.233000002801418, 163702.743500001728535 ] ] ] } },
{ "type": "Feature", "properties": { "ID": 24153.0, "NR": "139", "TYPE": "s", "LENGTH": 272.697, "GEMID": "210", "PLANID": "https://geodiensten.oost-vlaanderen.be/Bijlagen/detail/210-D-008.sid", "CEVI_OID": 24127, "GEMEENTE": "Schorisse", "DETAILPLAN": "210-D-008", "TYPE_LABEL": "sentier" }, "geometry": { "type": "MultiLineString", "coordinates": [ [ [ 100376.75620000064373, 163982.481800001114607 ], [ 100350.715999998152256, 163952.960999999195337 ], [ 100336.277900002896786, 163935.944699998944998 ], [ 100317.327899999916553, 163914.545400001108646 ], [ 100292.576899997889996, 163887.860700000077486 ], [ 100248.102399997413158, 163856.921900000423193 ], [ 100209.557800002396107, 163827.787799999117851 ], [ 100189.0608000010252, 163789.372099999338388 ] ] ] } },
{ "type": "Feature", "properties": { "ID": 24154.0, "NR": "140", "TYPE": "s", "LENGTH": 495.223, "GEMID": "210", "PLANID": "https://geodiensten.oost-vlaanderen.be/Bijlagen/detail/210-D-008.sid", "CEVI_OID": 24128, "GEMEENTE": "Schorisse", "DETAILPLAN": "210-D-008", "TYPE_LABEL": "sentier" }, "geometry": { "type": "MultiLineString", "coordinates": [ [ [ 100240.625500001013279, 164148.519999999552965 ], [ 100241.914599999785423, 164139.625100001692772 ], [ 100253.645599998533726, 164109.588700000196695 ], [ 100260.864600002765656, 164089.607400000095367 ], [ 100269.630599997937679, 164066.661100000143051 ], [ 100273.755800001323223, 164038.816199999302626 ], [ 100301.987400002777576, 164006.846099998801947 ], [ 100331.637100003659725, 163974.102600000798702 ], [ 100350.715999998152256, 163952.960999999195337 ], [ 100351.231700003147125, 163945.999800000339746 ], [ 100349.555799998342991, 163925.116099998354912 ], [ 100348.137800000607967, 163908.228700000792742 ], [ 100346.590899996459484, 163893.403900001198053 ], [ 100344.657200001180172, 163867.105900000780821 ], [ 100341.305500000715256, 163832.041900001466274 ], [ 100337.95380000025034, 163799.298300001770258 ], [ 100336.277900002896786, 163776.86769999936223 ], [ 100337.82490000128746, 163762.816300000995398 ], [ 100341.563299998641014, 163738.709899999201298 ], [ 100344.91499999910593, 163713.314300000667572 ], [ 100358.966399997472763, 163694.1064000017941 ] ] ] } },
{ "type": "Feature", "properties": { "ID": 24155.0, "NR": "141", "TYPE": "s", "LENGTH": 357.07, "GEMID": "210", "PLANID": "https://geodiensten.oost-vlaanderen.be/Bijlagen/detail/210-D-008.sid", "CEVI_OID": 24129, "GEMEENTE": "Schorisse", "DETAILPLAN": "210-D-008", "TYPE_LABEL": "sentier" }, "geometry": { "type": "MultiLineString", "coordinates": [ [ [ 99867.941899999976158, 164588.88230000063777 ], [ 99879.801700003445148, 164578.053700000047684 ], [ 99898.365000002086163, 164561.8108000010252 ], [ 99923.11599999666214, 164538.735700000077486 ], [ 99945.804499998688698, 164517.207400001585484 ], [ 99993.372900001704693, 164474.408700000494719 ], [ 100006.26410000026226, 164463.193399999290705 ] ], [ [ 100532.610399998724461, 163815.154500000178814 ], [ 100540.087300002574921, 163808.837799999862909 ], [ 100565.096100002527237, 163788.340799998492002 ], [ 100582.112499997019768, 163774.160599999129772 ], [ 100603.640699997544289, 163754.9527000002563 ], [ 100646.826099999248981, 163716.408100001513958 ], [ 100660.233000002801418, 163702.743500001728535 ] ] ] } },
{ "type": "Feature", "properties": { "ID": 24156.0, "NR": "149", "TYPE": "s", "LENGTH": 29.028, "GEMID": "210", "PLANID": "https://geodiensten.oost-vlaanderen.be/Bijlagen/detail/210-D-008.sid", "CEVI_OID": 24130, "GEMEENTE": "Schorisse", "DETAILPLAN": "210-D-008", "TYPE_LABEL": "sentier" }, "geometry": { "type": "MultiLineString", "coordinates": [ [ [ 100471.248499996960163, 163710.99379999935627 ], [ 100463.900499999523163, 163710.091499999165535 ], [ 100456.939300000667572, 163707.384300000965595 ], [ 100448.302199997007847, 163696.168999999761581 ] ] ] } },
{ "type": "Feature", "properties": { "ID": 24157.0, "NR": "171", "TYPE": "s", "LENGTH": 85.702, "GEMID": "210", "PLANID": "https://geodiensten.oost-vlaanderen.be/Bijlagen/detail/210-D-008.sid", "CEVI_OID": 24131, "GEMEENTE": "Schorisse", "DETAILPLAN": "210-D-008", "TYPE_LABEL": "sentier" }, "geometry": { "type": "MultiLineString", "coordinates": [ [ [ 100443.274599999189377, 164684.534699998795986 ], [ 100437.473600000143051, 164693.429699998348951 ], [ 100401.12049999833107, 164710.961599998176098 ], [ 100370.568400003015995, 164727.46229999884963 ] ] ] } },
{ "type": "Feature", "properties": { "ID": 24158.0, "NR": "172", "TYPE": "s", "LENGTH": 150.681, "GEMID": "210", "PLANID": "https://geodiensten.oost-vlaanderen.be/Bijlagen/detail/210-D-008.sid", "CEVI_OID": 24132, "GEMEENTE": "Schorisse", "DETAILPLAN": "210-D-008", "TYPE_LABEL": "sentier" }, "geometry": { "type": "MultiLineString", "coordinates": [ [ [ 100074.32940000295639, 164364.833799999207258 ], [ 100082.450900003314018, 164351.298099998384714 ], [ 100098.178099997341633, 164314.687199998646975 ], [ 100112.100599996745586, 164283.748399998992682 ], [ 100120.350900001823902, 164260.415399998426437 ], [ 100131.824000000953674, 164229.863299999386072 ], [ 100129.116899996995926, 164227.285100001841784 ] ] ] } },
{ "type": "Feature", "properties": { "ID": 24159.0, "NR": "173", "TYPE": "s", "LENGTH": 137.584, "GEMID": "210", "PLANID": "https://geodiensten.oost-vlaanderen.be/Bijlagen/detail/210-D-008.sid", "CEVI_OID": 24133, "GEMEENTE": "Schorisse", "DETAILPLAN": "210-D-008", "TYPE_LABEL": "sentier" }, "geometry": { "type": "MultiLineString", "coordinates": [ [ [ 100129.116899996995926, 164227.285100001841784 ], [ 100156.575099997222424, 164246.364000000059605 ], [ 100204.530199997127056, 164280.396699998527765 ], [ 100236.242499999701977, 164301.538199998438358 ], [ 100243.332599997520447, 164302.956199999898672 ] ] ] } },
{ "type": "Feature", "properties": { "ID": 24149.0, "NR": "1", "TYPE": "c", "LENGTH": 392.739, "GEMID": "210", "PLANID": "https://geodiensten.oost-vlaanderen.be/Bijlagen/detail/210-D-008.sid", "CEVI_OID": 24134, "GEMEENTE": "Schorisse", "DETAILPLAN": "210-D-008", "TYPE_LABEL": "chemin" }, "geometry": { "type": "MultiLineString", "coordinates": [ [ [ 99720.337999999523163, 163982.997499998658895 ], [ 99759.269299998879433, 163947.933499999344349 ], [ 99781.700000002980232, 163921.635499998927116 ], [ 99797.556100003421307, 163895.208599999547005 ], [ 99800.263199999928474, 163879.094700001180172 ], [ 99793.559799998998642, 163865.172200001776218 ], [ 99766.746200002729893, 163816.572500001639128 ], [ 99764.039099998772144, 163805.872800000011921 ], [ 99770.484600000083447, 163796.333399999886751 ], [ 99806.45099999755621, 163786.278299998492002 ], [ 99823.467299997806549, 163780.864000000059605 ], [ 99836.229599997401237, 163765.265700001269579 ], [ 99852.085699997842312, 163731.104100000113249 ], [ 99854.921800002455711, 163722.724800001829863 ], [ 99874.000699996948242, 163691.270399998873472 ], [ 99877.0945999994874, 163685.598200000822544 ] ] ] } },
{ "type": "Feature", "properties": { "ID": 24161.0, "NR": "21", "TYPE": "c", "LENGTH": 1464.46, "GEMID": "210", "PLANID": "https://geodiensten.oost-vlaanderen.be/Bijlagen/detail/210-D-008.sid", "CEVI_OID": 24135, "GEMEENTE": "Schorisse", "DETAILPLAN": "210-D-008", "TYPE_LABEL": "chemin" }, "geometry": { "type": "MultiLineString", "coordinates": [ [ [ 100252.485399998724461, 164854.698100000619888 ], [ 100259.446599997580051, 164842.19370000064373 ], [ 100282.392899997532368, 164813.1886 ], [ 100311.398000001907349, 164779.542599998414516 ], [ 100345.817400000989437, 164741.900400001555681 ], [ 100360.771200001239777, 164726.817800000309944 ], [ 100386.940200001001358, 164709.930300001055002 ], [ 100413.495999999344349, 164697.425900001078844 ], [ 100443.274599999189377, 164684.534699998795986 ], [ 100466.092000000178814, 164662.619800001382828 ], [ 100473.182099997997284, 164653.853799998760223 ], [ 100487.104599997401237, 164627.8136 ], [ 100514.175999999046326, 164572.639400001615286 ], [ 100522.555299997329712, 164552.915899999439716 ], [ 100518.043399997055531, 164542.087400000542402 ], [ 100503.089599996805191, 164520.945799998939037 ], [ 100495.483800001442432, 164512.050900001078844 ], [ 100455.779100000858307, 164484.721700001507998 ], [ 100392.741200000047684, 164453.267200000584126 ], [ 100355.485799998044968, 164422.715199999511242 ], [ 100322.871100001037121, 164408.792700000107288 ], [ 100306.757200002670288, 164399.124299999326468 ], [ 100277.751999996602535, 164378.627399999648333 ], [ 100270.146300002932549, 164367.154199998825788 ], [ 100258.286399997770786, 164338.149099998176098 ], [ 100251.582999996840954, 164319.843600001186132 ], [ 100243.332599997520447, 164302.956199999898672 ], [ 100272.208800002932549, 164263.122499998658895 ], [ 100292.061200000345707, 164227.027199998497963 ], [ 100290.514300003647804, 164215.811900001019239 ], [ 100267.568000003695488, 164190.803100001066923 ], [ 100233.406400002539158, 164157.1570999994874 ], [ 100240.625500001013279, 164148.519999999552965 ], [ 100282.392899997532368, 164107.784000001847744 ], [ 100298.63570000231266, 164095.537300001829863 ], [ 100319.003799997270107, 164085.868999999016523 ], [ 100328.156499996781349, 164079.810100000351667 ], [ 100336.406800001859665, 164066.532200001180172 ], [ 100351.102799996733665, 164035.464499998837709 ], [ 100376.75620000064373, 163982.481800001114607 ], [ 100385.264399997889996, 163968.172600001096725 ], [ 100392.354500003159046, 163956.441700000315905 ], [ 100418.39469999819994, 163914.674300000071526 ], [ 100449.978000000119209, 163861.691599998623133 ], [ 100482.592699997127056, 163808.837799999862909 ], [ 100503.476400002837181, 163775.191899999976158 ] ] ] } },
{ "type": "Feature", "properties": { "ID": 24162.0, "NR": "24", "TYPE": "c", "LENGTH": 407.112, "GEMID": "210", "PLANID": "https://geodiensten.oost-vlaanderen.be/Bijlagen/detail/210-D-008.sid", "CEVI_OID": 24136, "GEMEENTE": "Schorisse", "DETAILPLAN": "210-D-008", "TYPE_LABEL": "chemin" }, "geometry": { "type": "MultiLineString", "coordinates": [ [ [ 100233.406400002539158, 164157.1570999994874 ], [ 100216.261200003325939, 164157.285999998450279 ], [ 100190.478799998760223, 164161.668999999761581 ], [ 100167.14580000191927, 164172.755399998277426 ], [ 100155.156999997794628, 164182.166000001132488 ], [ 100129.116899996995926, 164227.285100001841784 ], [ 100104.881499998271465, 164291.0962999984622 ], [ 100085.415799997746944, 164334.281800001859665 ], [ 100074.32940000295639, 164364.833799999207258 ], [ 100059.504600003361702, 164386.748799998313189 ], [ 100047.773599997162819, 164402.218199998140335 ], [ 100025.471900001168251, 164427.098099999129772 ], [ 100023.924999997019768, 164440.247099999338388 ], [ 100022.893700003623962, 164446.821600001305342 ], [ 100006.26410000026226, 164463.193399999290705 ] ] ] } },
{ "type": "Feature", "properties": { "ID": 24160.0, "NR": "2", "TYPE": "c", "LENGTH": 369.693, "GEMID": "210", "PLANID": "https://geodiensten.oost-vlaanderen.be/Bijlagen/detail/210-D-008.sid", "CEVI_OID": 24137, "GEMEENTE": "Schorisse", "DETAILPLAN": "210-D-008", "TYPE_LABEL": "chemin" }, "geometry": { "type": "MultiLineString", "coordinates": [ [ [ 100682.405799999833107, 163992.665800001472235 ], [ 100640.122699998319149, 163936.331399999558926 ], [ 100605.058799996972084, 163895.853199999779463 ], [ 100575.538000002503395, 163862.46510000154376 ], [ 100532.610399998724461, 163815.154500000178814 ], [ 100503.476400002837181, 163775.191899999976158 ], [ 100486.846799999475479, 163744.897599998861551 ], [ 100471.248499996960163, 163710.99379999935627 ], [ 100464.545000001788139, 163696.555700000375509 ] ] ] } },
{ "type": "Feature", "properties": { "ID": 24163.0, "NR": "33bis", "TYPE": "c", "LENGTH": 174.434, "GEMID": "210", "PLANID": "https://geodiensten.oost-vlaanderen.be/Bijlagen/detail/210-D-008.sid", "CEVI_OID": 24138, "GEMEENTE": "Schorisse", "DETAILPLAN": "210-D-008", "TYPE_LABEL": "chemin" }, "geometry": { "type": "MultiLineString", "coordinates": [ [ [ 100059.504600003361702, 164386.748799998313189 ], [ 100005.619499996304512, 164319.199099998921156 ], [ 99985.638199999928474, 164306.694699998944998 ], [ 99983.575599998235703, 164305.147700000554323 ], [ 99966.688199996948242, 164292.385499998927116 ], [ 99947.86710000038147, 164256.290199998766184 ] ] ] } },
{ "type": "Feature", "properties": { "ID": 24164.0, "NR": "34", "TYPE": "s", "LENGTH": 494.322, "GEMID": "210", "PLANID": "https://geodiensten.oost-vlaanderen.be/Bijlagen/detail/210-D-008.sid", "CEVI_OID": 24139, "GEMEENTE": "Schorisse", "DETAILPLAN": "210-D-008", "TYPE_LABEL": "sentier" }, "geometry": { "type": "MultiLineString", "coordinates": [ [ [ 99940.776900000870228, 164645.603399999439716 ], [ 99954.054799996316433, 164629.876200001686811 ], [ 99979.70830000191927, 164599.066300000995398 ], [ 100008.971199996769428, 164570.447900000959635 ], [ 100042.875, 164539.122400000691414 ], [ 100062.4695999994874, 164521.332600001245737 ], [ 100084.384499996900558, 164500.577799998223782 ], [ 100160.700199998915195, 164413.949200000613928 ], [ 100203.88570000231266, 164445.919300001114607 ], [ 100225.156099997460842, 164402.604899998754263 ], [ 100258.286399997770786, 164338.149099998176098 ] ] ] } },
{ "type": "Feature", "properties": { "ID": 24165.0, "NR": "44", "TYPE": "s", "LENGTH": 510.049, "GEMID": "210", "PLANID": "https://geodiensten.oost-vlaanderen.be/Bijlagen/detail/210-D-008.sid", "CEVI_OID": 24140, "GEMEENTE": "Schorisse", "DETAILPLAN": "210-D-008", "TYPE_LABEL": "sentier" }, "geometry": { "type": "MultiLineString", "coordinates": [ [ [ 99852.085699997842312, 163731.104100000113249 ], [ 99881.735399998724461, 163747.73369999974966 ], [ 99930.335100002586842, 163762.558499999344349 ], [ 99946.835799999535084, 163705.063900001347065 ], [ 99968.106200002133846, 163715.376800000667572 ], [ 100014.514399997889996, 163738.580899998545647 ], [ 100050.867499999701977, 163757.144200000911951 ], [ 100070.977700002491474, 163767.328200001269579 ], [ 100092.119199998676777, 163770.808899998664856 ], [ 100104.752599999308586, 163772.613600000739098 ], [ 100122.155699998140335, 163775.191899999976158 ], [ 100138.140699997544289, 163777.383400000631809 ], [ 100158.508799999952316, 163781.250700000673532 ], [ 100178.747900001704693, 163786.149300001561642 ], [ 100189.0608000010252, 163789.372099999338388 ], [ 100205.94820000231266, 163754.823800001293421 ], [ 100216.0033999979496, 163726.334300000220537 ], [ 100228.894500002264977, 163691.012499999254942 ] ] ] } },
{ "type": "Feature", "properties": { "ID": 24166.0, "NR": "46", "TYPE": "c", "LENGTH": 54.423, "GEMID": "210", "PLANID": "https://geodiensten.oost-vlaanderen.be/Bijlagen/detail/210-D-008.sid", "CEVI_OID": 24141, "GEMEENTE": "Schorisse", "DETAILPLAN": "210-D-008", "TYPE_LABEL": "chemin" }, "geometry": { "type": "MultiLineString", "coordinates": [ [ [ 99854.921800002455711, 163722.724800001829863 ], [ 99806.32209999859333, 163698.231600001454353 ] ] ] } },
{ "type": "Feature", "properties": { "ID": 24167.0, "NR": "47", "TYPE": "c", "LENGTH": 182.108, "GEMID": "210", "PLANID": "https://geodiensten.oost-vlaanderen.be/Bijlagen/detail/210-D-008.sid", "CEVI_OID": 24142, "GEMEENTE": "Schorisse", "DETAILPLAN": "210-D-008", "TYPE_LABEL": "chemin" }, "geometry": { "type": "MultiLineString", "coordinates": [ [ [ 99857.113300003111362, 164103.143100000917912 ], [ 99824.498599998652935, 164076.071699999272823 ], [ 99798.587399996817112, 164053.898899998515844 ], [ 99772.289399996399879, 164028.890000000596046 ], [ 99744.444499999284744, 164005.041400000452995 ], [ 99720.337999999523163, 163982.997499998658895 ] ] ] } },
{ "type": "Feature", "properties": { "ID": 24168.0, "NR": "47", "TYPE": "s", "LENGTH": 179.056, "GEMID": "210", "PLANID": "https://geodiensten.oost-vlaanderen.be/Bijlagen/detail/210-D-008.sid", "CEVI_OID": 24143, "GEMEENTE": "Schorisse", "DETAILPLAN": "210-D-008", "TYPE_LABEL": "sentier" }, "geometry": { "type": "MultiLineString", "coordinates": [ [ [ 99947.86710000038147, 164256.290199998766184 ], [ 99939.229999996721745, 164239.144900001585484 ], [ 99926.467799998819828, 164213.104800000786781 ], [ 99915.381300002336502, 164189.642900001257658 ], [ 99913.447700001299381, 164183.583999998867512 ], [ 99901.201099999248981, 164162.18470000103116 ], [ 99891.145999997854233, 164145.03940000012517 ], [ 99886.762999996542931, 164138.722800001502037 ], [ 99870.004399999976158, 164117.710200000554323 ], [ 99857.113300003111362, 164103.143100000917912 ] ] ] } },
{ "type": "Feature", "properties": { "ID": 24169.0, "NR": "48", "TYPE": "c", "LENGTH": 127.508, "GEMID": "210", "PLANID": "https://geodiensten.oost-vlaanderen.be/Bijlagen/detail/210-D-008.sid", "CEVI_OID": 24144, "GEMEENTE": "Schorisse", "DETAILPLAN": "210-D-008", "TYPE_LABEL": "chemin" }, "geometry": { "type": "MultiLineString", "coordinates": [ [ [ 99623.5253000035882, 164046.550900001078844 ], [ 99652.917199999094009, 164052.223000001162291 ], [ 99671.222699999809265, 164024.249200001358986 ], [ 99691.977399997413158, 164006.459399998188019 ], [ 99720.337999999523163, 163982.997499998658895 ] ] ] } },
{ "type": "Feature", "properties": { "ID": 24170.0, "NR": "49", "TYPE": "c", "LENGTH": 124.718, "GEMID": "210", "PLANID": "https://geodiensten.oost-vlaanderen.be/Bijlagen/detail/210-D-008.sid", "CEVI_OID": 24145, "GEMEENTE": "Schorisse", "DETAILPLAN": "210-D-008", "TYPE_LABEL": "chemin" }, "geometry": { "type": "MultiLineString", "coordinates": [ [ [ 100173.849200002849102, 164950.092799998819828 ], [ 100181.454999998211861, 164938.877500001341105 ], [ 100189.189699999988079, 164926.372999999672174 ], [ 100197.568999998271465, 164913.481899999082088 ], [ 100205.432599999010563, 164904.844799999147654 ], [ 100214.972099997103214, 164896.981199998408556 ], [ 100228.378899998962879, 164886.797200001776218 ], [ 100237.789399996399879, 164876.097500000149012 ], [ 100252.485399998724461, 164854.698100000619888 ] ] ] } },
{ "type": "Feature", "properties": { "ID": 24172.0, "NR": "50", "TYPE": "c", "LENGTH": 117.246, "GEMID": "210", "PLANID": "https://geodiensten.oost-vlaanderen.be/Bijlagen/detail/210-D-008.sid", "CEVI_OID": 24146, "GEMEENTE": "Schorisse", "DETAILPLAN": "210-D-008", "TYPE_LABEL": "chemin" }, "geometry": { "type": "MultiLineString", "coordinates": [ [ [ 100503.089599996805191, 164520.945799998939037 ], [ 100506.312399998307228, 164506.894499998539686 ], [ 100512.886900000274181, 164479.436299998313189 ], [ 100535.575400002300739, 164445.661400001496077 ], [ 100556.330200001597404, 164418.847800001502037 ] ] ] } },
{ "type": "Feature", "properties": { "ID": 24173.0, "NR": "51", "TYPE": "s", "LENGTH": 380.229, "GEMID": "210", "PLANID": "https://geodiensten.oost-vlaanderen.be/Bijlagen/detail/210-D-008.sid", "CEVI_OID": 24147, "GEMEENTE": "Schorisse", "DETAILPLAN": "210-D-008", "TYPE_LABEL": "sentier" }, "geometry": { "type": "MultiLineString", "coordinates": [ [ [ 100385.264399997889996, 163968.172600001096725 ], [ 100425.098099999129772, 163986.220300000160933 ], [ 100482.205899998545647, 164012.776099998503923 ], [ 100517.656700000166893, 164035.593400001525879 ], [ 100528.098499998450279, 164043.328099999576807 ], [ 100567.416599996387959, 164076.58729999884963 ], [ 100596.550599999725819, 164101.853999998420477 ], [ 100601.320299997925758, 164107.655000001192093 ], [ 100612.793499998748302, 164132.921700000762939 ], [ 100637.67339999973774, 164156.512600000947714 ], [ 100654.5608000010252, 164167.727899998426437 ], [ 100658.943800002336502, 164170.306099999696016 ], [ 100665.131599999964237, 164177.525199998170137 ], [ 100669.127899996936321, 164183.068399999290705 ], [ 100678.79619999974966, 164197.119699999690056 ] ] ] } },
{ "type": "Feature", "properties": { "ID": 24174.0, "NR": "53", "TYPE": "s", "LENGTH": 170.093, "GEMID": "210", "PLANID": "https://geodiensten.oost-vlaanderen.be/Bijlagen/detail/210-D-008.sid", "CEVI_OID": 24148, "GEMEENTE": "Schorisse", "DETAILPLAN": "210-D-008", "TYPE_LABEL": "sentier" }, "geometry": { "type": "MultiLineString", "coordinates": [ [ [ 100668.483300000429153, 164850.830800000578165 ], [ 100621.946199998259544, 164881.254000000655651 ], [ 100629.680900000035763, 164894.918600000441074 ], [ 100591.909800000488758, 164922.63459999859333 ], [ 100551.173699997365475, 164954.862500000745058 ] ] ] } },
{ "type": "Feature", "properties": { "ID": 24171.0, "NR": "5", "TYPE": "c", "LENGTH": 777.579, "GEMID": "210", "PLANID": "https://geodiensten.oost-vlaanderen.be/Bijlagen/detail/210-D-008.sid", "CEVI_OID": 24149, "GEMEENTE": "Schorisse", "DETAILPLAN": "210-D-008", "TYPE_LABEL": "chemin" }, "geometry": { "type": "MultiLineString", "coordinates": [ [ [ 100348.782399997115135, 164952.799899999052286 ], [ 100329.574500001966953, 164935.396800000220537 ], [ 100326.222800001502037, 164932.43189999833703 ], [ 100293.350400000810623, 164900.461800001561642 ], [ 100269.5016999989748, 164870.940999999642372 ], [ 100252.485399998724461, 164854.698100000619888 ], [ 100217.421400003135204, 164827.111099999397993 ], [ 100181.97070000320673, 164798.750500001013279 ], [ 100151.934299997985363, 164779.929400000721216 ], [ 100104.365900002419949, 164753.244699999690056 ], [ 100053.059000000357628, 164721.145700000226498 ], [ 100004.588200002908707, 164690.206900000572205 ], [ 99962.047399997711182, 164660.686099998652935 ], [ 99940.776900000870228, 164645.603399999439716 ], [ 99867.941899999976158, 164588.88230000063777 ], [ 99849.894199997186661, 164575.475499998778105 ], [ 99828.752700001001358, 164558.072399999946356 ], [ 99795.622400000691414, 164530.872000001370907 ], [ 99760.816299997270107, 164502.769299998879433 ], [ 99733.744800001382828, 164481.885600000619888 ] ] ] } },
{ "type": "Feature", "properties": { "ID": 24176.0, "NR": "90", "TYPE": "s", "LENGTH": 850.552, "GEMID": "210", "PLANID": "https://geodiensten.oost-vlaanderen.be/Bijlagen/detail/210-D-008.sid", "CEVI_OID": 24150, "GEMEENTE": "Schorisse", "DETAILPLAN": "210-D-008", "TYPE_LABEL": "sentier" }, "geometry": { "type": "MultiLineString", "coordinates": [ [ [ 100360.771200001239777, 164726.817800000309944 ], [ 100353.423199996352196, 164721.016699999570847 ], [ 100322.871100001037121, 164693.558600001037121 ], [ 100305.854800000786781, 164679.12049999833107 ], [ 100292.319099999964237, 164669.06529999896884 ], [ 100261.509199999272823, 164649.083999998867512 ], [ 100247.457800000905991, 164637.997600000351667 ], [ 100234.437700003385544, 164630.262899998575449 ], [ 100223.995899997651577, 164630.262899998575449 ], [ 100212.007100000977516, 164622.6570999994874 ], [ 100204.143500000238419, 164617.242899999022484 ], [ 100192.670299999415874, 164610.668400000780821 ], [ 100172.689000003039837, 164600.613299999386072 ], [ 100156.961800001561642, 164595.97239999845624 ], [ 100142.394799999892712, 164591.331599999219179 ], [ 100132.210799999535084, 164582.694499999284744 ], [ 100116.999200001358986, 164565.678199999034405 ], [ 100099.08049999922514, 164548.275100000202656 ], [ 100089.669900000095367, 164541.056099999696016 ], [ 100062.4695999994874, 164521.332600001245737 ], [ 100025.085199996829033, 164482.143399998545647 ], [ 100027.147799998521805, 164480.080800000578165 ], [ 100006.26410000026226, 164463.193399999290705 ], [ 99988.989900000393391, 164450.044399999082088 ], [ 99956.762000001966953, 164416.140700001269579 ], [ 99912.803099997341633, 164352.973900001496077 ] ], [ [ 100370.568400003015995, 164727.46229999884963 ], [ 100370.697400003671646, 164739.837900001555681 ], [ 100370.955200001597404, 164744.349800001829863 ], [ 100378.432099997997284, 164766.006900001317263 ], [ 100382.557199999690056, 164781.34739999845624 ], [ 100385.135499998927116, 164787.019499998539686 ], [ 100390.420800000429153, 164798.49269999936223 ], [ 100392.225599996745586, 164803.649099998176098 ], [ 100395.964000001549721, 164808.805599998682737 ], [ 100397.768799997866154, 164814.348799999803305 ], [ 100404.214400000870228, 164827.368900001049042 ], [ 100409.886500000953674, 164836.134899999946356 ], [ 100414.269500002264977, 164846.96339999884367 ], [ 100419.039200000464916, 164856.631799999624491 ], [ 100421.230700001120567, 164864.753299999982119 ], [ 100430.125600002706051, 164872.745799999684095 ], [ 100435.668799996376038, 164883.058699999004602 ], [ 100443.274599999189377, 164897.496800001710653 ], [ 100448.302199997007847, 164913.610800001770258 ], [ 100450.23589999973774, 164921.989999998360872 ], [ 100456.423600003123283, 164926.630899999290705 ], [ 100465.447400003671646, 164939.135299999266863 ], [ 100473.826700001955032, 164953.960099998861551 ] ] ] } },
{ "type": "Feature", "properties": { "ID": 24175.0, "NR": "9", "TYPE": "c", "LENGTH": 239.304, "GEMID": "210", "PLANID": "https://geodiensten.oost-vlaanderen.be/Bijlagen/detail/210-D-008.sid", "CEVI_OID": 24151, "GEMEENTE": "Schorisse", "DETAILPLAN": "210-D-008", "TYPE_LABEL": "chemin" }, "geometry": { "type": "MultiLineString", "coordinates": [ [ [ 99849.894199997186661, 164575.475499998778105 ], [ 99839.194600000977516, 164594.683299999684095 ], [ 99814.701300002634525, 164648.310600001364946 ], [ 99803.357100002467632, 164676.284400001168251 ], [ 99798.845200002193451, 164706.836500000208616 ], [ 99797.427199997007847, 164766.7804000005126 ], [ 99798.845200002193451, 164787.019499998539686 ], [ 99801.939099997282028, 164803.778000000864267 ] ] ] } },
{ "type": "Feature", "properties": { "ID": 24178.0, "NR": "131", "TYPE": "s", "LENGTH": 230.417, "GEMID": "210", "PLANID": "https://geodiensten.oost-vlaanderen.be/Bijlagen/detail/210-D-009.sid", "CEVI_OID": 24152, "GEMEENTE": "Schorisse", "DETAILPLAN": "210-D-009", "TYPE_LABEL": "sentier" }, "geometry": { "type": "MultiLineString", "coordinates": [ [ [ 100662.682300001382828, 163700.938700001686811 ], [ 100641.927500002086163, 163689.207800000905991 ], [ 100573.862099997699261, 163656.206399999558926 ], [ 100523.844400003552437, 163630.939699999988079 ], [ 100480.659000001847744, 163609.153599999845028 ], [ 100456.165799997746944, 163598.9695999994874 ] ] ] } },
{ "type": "Feature", "properties": { "ID": 24179.0, "NR": "132", "TYPE": "s", "LENGTH": 190.291, "GEMID": "210", "PLANID": "https://geodiensten.oost-vlaanderen.be/Bijlagen/detail/210-D-009.sid", "CEVI_OID": 24153, "GEMEENTE": "Schorisse", "DETAILPLAN": "210-D-009", "TYPE_LABEL": "sentier" }, "geometry": { "type": "MultiLineString", "coordinates": [ [ [ 100638.318000003695488, 163452.654899999499321 ], [ 100610.473099999129772, 163509.118200000375509 ], [ 100649.533299997448921, 163558.233500000089407 ], [ 100661.9087999984622, 163575.378800000995398 ], [ 100676.47580000013113, 163596.133499998599291 ], [ 100687.691100001335144, 163610.313799999654293 ] ] ] } },
{ "type": "Feature", "properties": { "ID": 24181.0, "NR": "140", "TYPE": "s", "LENGTH": 144.527, "GEMID": "210", "PLANID": "https://geodiensten.oost-vlaanderen.be/Bijlagen/detail/210-D-009.sid", "CEVI_OID": 24154, "GEMEENTE": "Schorisse", "DETAILPLAN": "210-D-009", "TYPE_LABEL": "sentier" }, "geometry": { "type": "MultiLineString", "coordinates": [ [ [ 100359.353100001811981, 163696.942499998956919 ], [ 100375.853799998760223, 163656.077500000596046 ], [ 100382.041599996387959, 163626.04109999909997 ], [ 100387.069099999964237, 163597.422699999064207 ], [ 100395.577299997210503, 163557.589000001549721 ] ] ] } },
{ "type": "Feature", "properties": { "ID": 24182.0, "NR": "143", "TYPE": "s", "LENGTH": 138.277, "GEMID": "210", "PLANID": "https://geodiensten.oost-vlaanderen.be/Bijlagen/detail/210-D-009.sid", "CEVI_OID": 24155, "GEMEENTE": "Schorisse", "DETAILPLAN": "210-D-009", "TYPE_LABEL": "sentier" }, "geometry": { "type": "MultiLineString", "coordinates": [ [ [ 100424.453500002622604, 162910.452399998903275 ], [ 100465.963100001215935, 162919.347300000488758 ], [ 100492.518899999558926, 162951.833000000566244 ], [ 100507.214800000190735, 163003.655499998480082 ] ] ] } },
{ "type": "Feature", "properties": { "ID": 24183.0, "NR": "144", "TYPE": "s", "LENGTH": 156.514, "GEMID": "210", "PLANID": "https://geodiensten.oost-vlaanderen.be/Bijlagen/detail/210-D-009.sid", "CEVI_OID": 24156, "GEMEENTE": "Schorisse", "DETAILPLAN": "210-D-009", "TYPE_LABEL": "sentier" }, "geometry": { "type": "MultiLineString", "coordinates": [ [ [ 100564.967200003564358, 163030.855900000780821 ], [ 100597.195200003683567, 163007.522900000214577 ], [ 100637.028899997472763, 162978.646699998527765 ], [ 100692.203000001609325, 162939.715300001204014 ] ] ] } },
{ "type": "Feature", "properties": { "ID": 24184.0, "NR": "145", "TYPE": "s", "LENGTH": 845.64, "GEMID": "210", "PLANID": "https://geodiensten.oost-vlaanderen.be/Bijlagen/detail/210-D-009.sid", "CEVI_OID": 24157, "GEMEENTE": "Schorisse", "DETAILPLAN": "210-D-009", "TYPE_LABEL": "sentier" }, "geometry": { "type": "MultiLineString", "coordinates": [ [ [ 100346.461999997496605, 163001.077300000935793 ], [ 100366.185400001704693, 163026.344000000506639 ], [ 100361.028999999165535, 163062.439300000667572 ], [ 100358.708599999547005, 163077.650800000876188 ], [ 100368.376900002360344, 163117.742400001734495 ], [ 100382.943999998271465, 163138.883900001645088 ], [ 100414.785099998116493, 163182.713799998164177 ], [ 100442.501199997961521, 163221.12950000166893 ], [ 100460.548799999058247, 163248.329900000244379 ], [ 100463.384800001978874, 163252.454999998211861 ], [ 100506.441299997270107, 163300.668000001460314 ], [ 100519.719200000166893, 163327.481600001454353 ], [ 100546.274999998509884, 163382.397999998182058 ], [ 100547.5641999989748, 163390.906199999153614 ], [ 100543.696800000965595, 163396.964999999850988 ] ], [ [ 100691.04280000180006, 163080.873599998652935 ], [ 100619.239000000059605, 163066.951200000941753 ], [ 100617.692100003361702, 163069.013700000941753 ] ], [ [ 100495.870600000023842, 162885.959199998527765 ], [ 100501.027000002563, 162931.593899998813868 ], [ 100489.167199999094009, 162945.129599999636412 ], [ 100509.406300000846386, 162970.783100001513958 ], [ 100531.192400000989437, 162998.112300001084805 ], [ 100553.365199998021126, 163022.089899998158216 ], [ 100564.967200003564358, 163030.855900000780821 ], [ 100617.692100003361702, 163069.013700000941753 ], [ 100580.436599999666214, 163118.515799999237061 ], [ 100581.72580000013113, 163120.96510000154376 ] ] ] } },
{ "type": "Feature", "properties": { "ID": 24185.0, "NR": "146", "TYPE": "s", "LENGTH": 155.331, "GEMID": "210", "PLANID": "https://geodiensten.oost-vlaanderen.be/Bijlagen/detail/210-D-009.sid", "CEVI_OID": 24158, "GEMEENTE": "Schorisse", "DETAILPLAN": "210-D-009", "TYPE_LABEL": "sentier" }, "geometry": { "type": "MultiLineString", "coordinates": [ [ [ 100368.376900002360344, 163117.742400001734495 ], [ 100363.091600000858307, 163145.973999999463558 ], [ 100355.228000000119209, 163178.201900001615286 ], [ 100342.079000003635883, 163229.766600001603365 ], [ 100333.441899999976158, 163262.252300001680851 ], [ 100331.508199997246265, 163268.568999998271465 ] ] ] } },
{ "type": "Feature", "properties": { "ID": 24186.0, "NR": "147", "TYPE": "s", "LENGTH": 300.867, "GEMID": "210", "PLANID": "https://geodiensten.oost-vlaanderen.be/Bijlagen/detail/210-D-009.sid", "CEVI_OID": 24159, "GEMEENTE": "Schorisse", "DETAILPLAN": "210-D-009", "TYPE_LABEL": "sentier" }, "geometry": { "type": "MultiLineString", "coordinates": [ [ [ 100460.548799999058247, 163248.329900000244379 ], [ 100508.117200002074242, 163198.312100000679493 ], [ 100548.337600000202656, 163155.38459999859333 ], [ 100581.72580000013113, 163120.96510000154376 ] ], [ [ 100362.1891999989748, 163325.93470000103116 ], [ 100386.166799999773502, 163308.015999998897314 ], [ 100463.384800001978874, 163252.454999998211861 ] ] ] } },
{ "type": "Feature", "properties": { "ID": 24187.0, "NR": "148", "TYPE": "s", "LENGTH": 36.919, "GEMID": "210", "PLANID": "https://geodiensten.oost-vlaanderen.be/Bijlagen/detail/210-D-009.sid", "CEVI_OID": 24160, "GEMEENTE": "Schorisse", "DETAILPLAN": "210-D-009", "TYPE_LABEL": "sentier" }, "geometry": { "type": "MultiLineString", "coordinates": [ [ [ 100661.9087999984622, 163575.378800000995398 ], [ 100687.820100001990795, 163549.080800000578165 ] ] ] } },
{ "type": "Feature", "properties": { "ID": 24188.0, "NR": "149", "TYPE": "s", "LENGTH": 151.674, "GEMID": "210", "PLANID": "https://geodiensten.oost-vlaanderen.be/Bijlagen/detail/210-D-009.sid", "CEVI_OID": 24161, "GEMEENTE": "Schorisse", "DETAILPLAN": "210-D-009", "TYPE_LABEL": "sentier" }, "geometry": { "type": "MultiLineString", "coordinates": [ [ [ 100452.16950000077486, 163698.8761 ], [ 100428.836499996483326, 163669.613200001418591 ], [ 100396.221900001168251, 163626.685600001364946 ], [ 100372.244300000369549, 163594.844399999827147 ], [ 100359.61089999973774, 163578.730500001460314 ] ] ] } },
{ "type": "Feature", "properties": { "ID": 24180.0, "NR": "14", "TYPE": "c", "LENGTH": 330.2, "GEMID": "210", "PLANID": "https://geodiensten.oost-vlaanderen.be/Bijlagen/detail/210-D-009.sid", "CEVI_OID": 24162, "GEMEENTE": "Schorisse", "DETAILPLAN": "210-D-009", "TYPE_LABEL": "chemin" }, "geometry": { "type": "MultiLineString", "coordinates": [ [ [ 100444.048100002110004, 163502.156899999827147 ], [ 100461.837899997830391, 163494.293299999088049 ], [ 100477.565099999308586, 163480.499800000339746 ], [ 100502.445100001990795, 163451.365699999034405 ], [ 100543.696800000965595, 163396.964999999850988 ], [ 100626.458099998533726, 163439.892599999904633 ], [ 100638.318000003695488, 163452.654899999499321 ], [ 100688.077899999916553, 163505.508600000292063 ] ] ] } },
{ "type": "Feature", "properties": { "ID": 24189.0, "NR": "150", "TYPE": "s", "LENGTH": 488.136, "GEMID": "210", "PLANID": "https://geodiensten.oost-vlaanderen.be/Bijlagen/detail/210-D-009.sid", "CEVI_OID": 24163, "GEMEENTE": "Schorisse", "DETAILPLAN": "210-D-009", "TYPE_LABEL": "sentier" }, "geometry": { "type": "MultiLineString", "coordinates": [ [ [ 100428.449799999594688, 163540.057000000029802 ], [ 100395.577299997210503, 163557.589000001549721 ], [ 100367.990199998021126, 163575.636599998921156 ], [ 100359.61089999973774, 163578.730500001460314 ], [ 100350.458200000226498, 163575.636599998921156 ], [ 100301.471799999475479, 163536.963100001215935 ], [ 100252.22749999910593, 163498.289599999785423 ], [ 100171.142099998891354, 163425.71229999884963 ], [ 100134.402300000190735, 163386.265399999916553 ], [ 100098.306999996304512, 163347.076200000941753 ], [ 100058.602200001478195, 163304.406399998813868 ] ] ] } },
{ "type": "Feature", "properties": { "ID": 24177.0, "NR": "1", "TYPE": "c", "LENGTH": 1362.46, "GEMID": "210", "PLANID": "https://geodiensten.oost-vlaanderen.be/Bijlagen/detail/210-D-009.sid", "CEVI_OID": 24164, "GEMEENTE": "Schorisse", "DETAILPLAN": "210-D-009", "TYPE_LABEL": "chemin" }, "geometry": { "type": "MultiLineString", "coordinates": [ [ [ 99872.45380000025034, 163687.918699998408556 ], [ 99908.291199997067451, 163599.227400001138449 ], [ 99949.542900003492832, 163480.113000001758337 ], [ 100017.092699997127056, 163362.287799999117851 ], [ 100058.602200001478195, 163304.406399998813868 ], [ 100073.427100002765656, 163287.905799999833107 ], [ 100128.601199999451637, 163243.17339999973774 ], [ 100232.633000001311302, 163124.059000000357628 ], [ 100254.805799998342991, 163097.632100000977516 ], [ 100308.561899997293949, 163041.813400000333786 ], [ 100325.449400000274181, 163024.152499999850988 ], [ 100346.461999997496605, 163001.077300000935793 ], [ 100410.788900002837181, 162930.562600001692772 ], [ 100424.453500002622604, 162910.452399998903275 ], [ 100439.020499996840954, 162874.099300000816584 ], [ 100455.650100000202656, 162844.449599999934435 ], [ 100511.340000003576279, 162771.485599998384714 ], [ 100608.410499997437, 162695.041000001132488 ], [ 100695.296899996697903, 162633.55009999871254 ] ] ] } },
{ "type": "Feature", "properties": { "ID": 24190.0, "NR": "2", "TYPE": "c", "LENGTH": 657.323, "GEMID": "210", "PLANID": "https://geodiensten.oost-vlaanderen.be/Bijlagen/detail/210-D-009.sid", "CEVI_OID": 24165, "GEMEENTE": "Schorisse", "DETAILPLAN": "210-D-009", "TYPE_LABEL": "chemin" }, "geometry": { "type": "MultiLineString", "coordinates": [ [ [ 100473.439999997615814, 163699.262899998575449 ], [ 100471.119499996304512, 163657.366599999368191 ], [ 100466.865500003099442, 163618.435300000011921 ], [ 100456.165799997746944, 163598.9695999994874 ], [ 100446.755199998617172, 163582.726700000464916 ], [ 100429.996699996292591, 163553.077100001275539 ], [ 100428.449799999594688, 163540.057000000029802 ], [ 100444.048100002110004, 163502.156899999827147 ], [ 100425.098099999129772, 163456.780000001192093 ], [ 100405.116800002753735, 163407.535799998790026 ], [ 100382.428300000727177, 163363.705800000578165 ], [ 100362.1891999989748, 163325.93470000103116 ], [ 100335.375600002706051, 163278.237399999052286 ], [ 100331.508199997246265, 163268.568999998271465 ], [ 100304.565700002014637, 163213.394799999892712 ], [ 100288.193899996578693, 163174.85020000115037 ], [ 100278.009900003671646, 163151.130499999970198 ], [ 100254.805799998342991, 163097.632100000977516 ] ] ] } },
{ "type": "Feature", "properties": { "ID": 24191.0, "NR": "43", "TYPE": "c", "LENGTH": 81.378, "GEMID": "210", "PLANID": "https://geodiensten.oost-vlaanderen.be/Bijlagen/detail/210-D-009.sid", "CEVI_OID": 24166, "GEMEENTE": "Schorisse", "DETAILPLAN": "210-D-009", "TYPE_LABEL": "chemin" }, "geometry": { "type": "MultiLineString", "coordinates": [ [ [ 100073.427100002765656, 163287.905799999833107 ], [ 100020.573299996554852, 163226.028200000524521 ] ] ] } },
{ "type": "Feature", "properties": { "ID": 24192.0, "NR": "44", "TYPE": "s", "LENGTH": 171.874, "GEMID": "210", "PLANID": "https://geodiensten.oost-vlaanderen.be/Bijlagen/detail/210-D-009.sid", "CEVI_OID": 24167, "GEMEENTE": "Schorisse", "DETAILPLAN": "210-D-009", "TYPE_LABEL": "sentier" }, "geometry": { "type": "MultiLineString", "coordinates": [ [ [ 100301.471799999475479, 163536.963100001215935 ], [ 100283.166299998760223, 163578.214800000190735 ], [ 100260.477899998426437, 163628.49040000140667 ], [ 100231.859499998390675, 163694.1064000017941 ] ] ] } },
{ "type": "Feature", "properties": { "ID": 24193.0, "NR": "45", "TYPE": "c", "LENGTH": 68.832, "GEMID": "210", "PLANID": "https://geodiensten.oost-vlaanderen.be/Bijlagen/detail/210-D-009.sid", "CEVI_OID": 24168, "GEMEENTE": "Schorisse", "DETAILPLAN": "210-D-009", "TYPE_LABEL": "chemin" }, "geometry": { "type": "MultiLineString", "coordinates": [ [ [ 100455.650100000202656, 162844.449599999934435 ], [ 100495.870600000023842, 162885.959199998527765 ], [ 100503.476400002837181, 162893.951699998229742 ] ] ] } },
{ "type": "Feature", "properties": { "ID": 24195.0, "NR": "120", "TYPE": "s", "LENGTH": 16.529, "GEMID": "210", "PLANID": "https://geodiensten.oost-vlaanderen.be/Bijlagen/detail/210-D-010.sid", "CEVI_OID": 24169, "GEMEENTE": "Schorisse", "DETAILPLAN": "210-D-010", "TYPE_LABEL": "sentier" }, "geometry": { "type": "MultiLineString", "coordinates": [ [ [ 101558.102700002491474, 163695.395500000566244 ], [ 101567.771099999547005, 163708.802299998700619 ] ] ] } },
{ "type": "Feature", "properties": { "ID": 24196.0, "NR": "121", "TYPE": "s", "LENGTH": 523.054, "GEMID": "210", "PLANID": "https://geodiensten.oost-vlaanderen.be/Bijlagen/detail/210-D-010.sid", "CEVI_OID": 24170, "GEMEENTE": "Schorisse", "DETAILPLAN": "210-D-010", "TYPE_LABEL": "sentier" }, "geometry": { "type": "MultiLineString", "coordinates": [ [ [ 102158.444300003349781, 163716.150299999862909 ], [ 102134.20889999717474, 163692.430599998682737 ], [ 102093.859600000083447, 163654.143800001591444 ], [ 102053.381300002336502, 163615.341400001198053 ], [ 102045.002099998295307, 163609.798200000077486 ], [ 102038.169799998402596, 163607.735599998384714 ], [ 102025.794200003147125, 163610.829500000923872 ], [ 101987.249600000679493, 163583.113499999046326 ], [ 101932.33330000191927, 163544.311099998652935 ], [ 101912.867600001394749, 163528.583799999207258 ], [ 101868.006399996578693, 163490.168200001120567 ], [ 101840.419299997389317, 163474.698800001293421 ], [ 101834.87610000371933, 163485.011700000613928 ], [ 101738.707999996840954, 163441.955200001597404 ] ] ] } },
{ "type": "Feature", "properties": { "ID": 24197.0, "NR": "122", "TYPE": "s", "LENGTH": 732.012, "GEMID": "210", "PLANID": "https://geodiensten.oost-vlaanderen.be/Bijlagen/detail/210-D-010.sid", "CEVI_OID": 24171, "GEMEENTE": "Schorisse", "DETAILPLAN": "210-D-010", "TYPE_LABEL": "sentier" }, "geometry": { "type": "MultiLineString", "coordinates": [ [ [ 102031.724200002849102, 163125.99269999936223 ], [ 102004.523800000548363, 163180.522300001233816 ], [ 102072.073499999940395, 163274.112199999392033 ], [ 102153.674599997699261, 163391.035100001841784 ], [ 102158.315399996936321, 163401.219099998474121 ], [ 102160.764799997210503, 163412.176600001752377 ], [ 102164.116499997675419, 163427.001400001347065 ], [ 102168.757299996912479, 163438.087799999862909 ], [ 102173.527000002563, 163445.693599998950958 ], [ 102173.784800000488758, 163459.358300000429153 ], [ 102173.269199997186661, 163478.050500001758337 ], [ 102169.659699998795986, 163497.258299998939037 ], [ 102162.698399998247623, 163515.177000001072884 ], [ 102151.48309999704361, 163536.576400000602007 ], [ 102143.748400002717972, 163550.369899999350309 ], [ 102138.591899998486042, 163556.041999999433756 ], [ 102116.032399997115135, 163572.800500001758337 ], [ 102100.4341000020504, 163583.758000001311302 ], [ 102079.808200001716614, 163590.977099999785423 ], [ 102053.381300002336502, 163600.516499999910593 ], [ 102045.002099998295307, 163609.798200000077486 ], [ 102047.838100001215935, 163627.201299998909235 ], [ 102042.939499996602535, 163635.709399998188019 ], [ 102008.004399999976158, 163684.051300000399351 ], [ 101982.866700001060963, 163713.829900000244379 ] ] ] } },
{ "type": "Feature", "properties": { "ID": 24199.0, "NR": "132", "TYPE": "s", "LENGTH": 121.865, "GEMID": "210", "PLANID": "https://geodiensten.oost-vlaanderen.be/Bijlagen/detail/210-D-010.sid", "CEVI_OID": 24172, "GEMEENTE": "Schorisse", "DETAILPLAN": "210-D-010", "TYPE_LABEL": "sentier" }, "geometry": { "type": "MultiLineString", "coordinates": [ [ [ 100684.339400000870228, 163595.875700000673532 ], [ 100725.462300002574921, 163641.897199999541044 ], [ 100731.778899997472763, 163701.712200000882149 ] ] ] } },
{ "type": "Feature", "properties": { "ID": 24200.0, "NR": "133", "TYPE": "s", "LENGTH": 87.317, "GEMID": "210", "PLANID": "https://geodiensten.oost-vlaanderen.be/Bijlagen/detail/210-D-010.sid", "CEVI_OID": 24173, "GEMEENTE": "Schorisse", "DETAILPLAN": "210-D-010", "TYPE_LABEL": "sentier" }, "geometry": { "type": "MultiLineString", "coordinates": [ [ [ 100984.316899999976158, 163703.259100001305342 ], [ 100938.166500002145767, 163629.134899999946356 ] ] ] } },
{ "type": "Feature", "properties": { "ID": 24201.0, "NR": "134", "TYPE": "s", "LENGTH": 96.898, "GEMID": "210", "PLANID": "https://geodiensten.oost-vlaanderen.be/Bijlagen/detail/210-D-010.sid", "CEVI_OID": 24174, "GEMEENTE": "Schorisse", "DETAILPLAN": "210-D-010", "TYPE_LABEL": "sentier" }, "geometry": { "type": "MultiLineString", "coordinates": [ [ [ 100758.334700003266335, 163701.969999998807907 ], [ 100826.528999999165535, 163633.13120000064373 ] ] ] } },
{ "type": "Feature", "properties": { "ID": 24198.0, "NR": "13", "TYPE": "c", "LENGTH": 1711.472, "GEMID": "210", "PLANID": "https://geodiensten.oost-vlaanderen.be/Bijlagen/detail/210-D-010.sid", "CEVI_OID": 24175, "GEMEENTE": "Schorisse", "DETAILPLAN": "210-D-010", "TYPE_LABEL": "chemin" }, "geometry": { "type": "MultiLineString", "coordinates": [ [ [ 101422.616499997675419, 163707.642099998891354 ], [ 101417.331200003623962, 163677.605700001120567 ], [ 101418.104599997401237, 163606.575399998575449 ], [ 101430.609099999070168, 163591.621599998325109 ], [ 101455.360100001096725, 163550.756599999964237 ], [ 101466.44650000333786, 163527.939300000667572 ], [ 101476.114900000393391, 163501.770199999213219 ], [ 101477.532899998128414, 163473.409600000828505 ], [ 101476.759400002658367, 163427.517099998891354 ], [ 101476.114900000393391, 163384.976199999451637 ], [ 101478.950900003314018, 163346.947299998253584 ], [ 101486.427799999713898, 163288.550299998372793 ], [ 101489.650600001215935, 163264.572700001299381 ], [ 101489.006099998950958, 163253.486299999058247 ], [ 101481.142399996519089, 163203.339699998497963 ], [ 101475.341399997472763, 163172.143100000917912 ], [ 101461.032200001180172, 163139.528400000184774 ], [ 101438.343800000846386, 163070.30290000140667 ], [ 101434.476400002837181, 163062.181400001049042 ], [ 101414.237300001084805, 162986.381400000303984 ], [ 101396.576399996876717, 162898.334699999541044 ], [ 101394.642700001597404, 162883.638799998909235 ], [ 101362.543700002133846, 162821.63230000063777 ], [ 101327.73759999871254, 162766.071299999952316 ], [ 101271.789899997413158, 162728.042399998754263 ], [ 101242.784800000488758, 162705.740699999034405 ], [ 101222.80349999666214, 162686.403900001198053 ], [ 101180.004799999296665, 162702.517900001257658 ], [ 101129.858199998736382, 162721.725699998438358 ], [ 101077.391099996864796, 162725.979800000786781 ], [ 101022.60360000282526, 162739.644400000572205 ], [ 101013.708700001239777, 162743.254000000655651 ] ], [ [ 101012.419600002467632, 162753.953600000590086 ], [ 101013.708700001239777, 162743.254000000655651 ], [ 101008.681199997663498, 162719.405299998819828 ], [ 100996.17679999768734, 162673.899500001221895 ], [ 100989.989000000059605, 162667.582800000905991 ], [ 100978.129100002348423, 162655.722899999469519 ], [ 100968.202899999916553, 162648.503899998962879 ], [ 100935.717200003564358, 162625.557599999010563 ], [ 100914.704599998891354, 162618.080699998885393 ], [ 100885.183799996972084, 162608.541299998760223 ], [ 100862.753200002014637, 162601.837900001555681 ], [ 100852.569200001657009, 162601.451099999248981 ], [ 100837.357600003480911, 162601.451099999248981 ], [ 100802.680299997329712, 162605.189599998295307 ], [ 100750.213299997150898, 162604.41609999909997 ], [ 100728.298299998044968, 162601.064399998635054 ] ] ] } },
{ "type": "Feature", "properties": { "ID": 24203.0, "NR": "144", "TYPE": "s", "LENGTH": 112.875, "GEMID": "210", "PLANID": "https://geodiensten.oost-vlaanderen.be/Bijlagen/detail/210-D-010.sid", "CEVI_OID": 24176, "GEMEENTE": "Schorisse", "DETAILPLAN": "210-D-010", "TYPE_LABEL": "sentier" }, "geometry": { "type": "MultiLineString", "coordinates": [ [ [ 100781.925599999725819, 162875.775199998170137 ], [ 100691.687399998307228, 162943.582699999213219 ] ] ] } },
{ "type": "Feature", "properties": { "ID": 24204.0, "NR": "148", "TYPE": "s", "LENGTH": 47.313, "GEMID": "210", "PLANID": "https://geodiensten.oost-vlaanderen.be/Bijlagen/detail/210-D-010.sid", "CEVI_OID": 24177, "GEMEENTE": "Schorisse", "DETAILPLAN": "210-D-010", "TYPE_LABEL": "sentier" }, "geometry": { "type": "MultiLineString", "coordinates": [ [ [ 100718.501000002026558, 163524.200800001621246 ], [ 100684.597300000488758, 163557.202199999243021 ] ] ] } },
{ "type": "Feature", "properties": { "ID": 24202.0, "NR": "14", "TYPE": "c", "LENGTH": 1376.505, "GEMID": "210", "PLANID": "https://geodiensten.oost-vlaanderen.be/Bijlagen/detail/210-D-010.sid", "CEVI_OID": 24178, "GEMEENTE": "Schorisse", "DETAILPLAN": "210-D-010", "TYPE_LABEL": "chemin" }, "geometry": { "type": "MultiLineString", "coordinates": [ [ [ 100685.499600000679493, 163493.133099999278784 ], [ 100716.438400000333786, 163521.880399998277426 ], [ 100718.501000002026558, 163524.200800001621246 ], [ 100746.603799998760223, 163555.2685999982059 ], [ 100760.010600000619888, 163566.483899999409914 ], [ 100793.656499996781349, 163595.746800001710653 ], [ 100801.906900003552437, 163603.352600000798702 ], [ 100814.153499998152256, 163620.239999998360872 ], [ 100826.528999999165535, 163633.13120000064373 ], [ 100833.876999996602535, 163640.479200001806021 ], [ 100849.73309999704361, 163652.081199999898672 ], [ 100857.983499996364117, 163651.436700001358986 ], [ 100898.977399997413158, 163639.705699998885393 ], [ 100938.166500002145767, 163629.134899999946356 ], [ 100948.866200000047684, 163627.459100000560284 ], [ 100977.871299996972084, 163631.455299999564886 ], [ 101022.99040000140667, 163634.807000000029802 ], [ 101044.64750000089407, 163640.479200001806021 ], [ 101065.144500002264977, 163647.311500001698732 ], [ 101078.293499998748302, 163649.889699999243021 ], [ 101084.868000000715256, 163654.530499998480082 ], [ 101092.473800003528595, 163661.105000000447035 ], [ 101101.368699997663498, 163665.488000001758337 ], [ 101131.276199996471405, 163673.093800000846386 ], [ 101173.430299997329712, 163681.8597999997437 ], [ 101197.794600002467632, 163659.686999998986721 ], [ 101224.092600002884865, 163644.604299999773502 ], [ 101315.23309999704361, 163662.136300001293421 ], [ 101333.796400003135204, 163663.812199998646975 ], [ 101346.94539999961853, 163664.327799998223782 ], [ 101358.160700000822544, 163664.58559999987483 ], [ 101376.20830000191927, 163681.473099999129772 ], [ 101389.873000003397465, 163697.329199999570847 ], [ 101396.189699999988079, 163707.255399998277426 ] ], [ [ 101853.954999998211861, 163254.259799998253584 ], [ 101829.7195999994874, 163286.874499998986721 ], [ 101812.83219999819994, 163308.273800000548363 ], [ 101785.889600001275539, 163325.032299999147654 ], [ 101758.689300000667572, 163393.226599998772144 ], [ 101747.473899997770786, 163420.684799998998642 ], [ 101738.707999996840954, 163441.955200001597404 ], [ 101718.468800000846386, 163488.363400001078844 ], [ 101684.049400001764297, 163538.252199999988079 ], [ 101655.044299997389317, 163576.410100001841784 ], [ 101629.648699998855591, 163609.540399998426437 ], [ 101606.186800003051758, 163636.998500000685453 ], [ 101581.17790000140667, 163660.847199998795986 ], [ 101567.771099999547005, 163677.605700001120567 ], [ 101560.036399997770786, 163691.785999998450279 ], [ 101558.102700002491474, 163695.395500000566244 ], [ 101550.496899999678135, 163708.93129999935627 ] ] ] } },
{ "type": "Feature", "properties": { "ID": 24205.0, "NR": "151", "TYPE": "c", "LENGTH": 27.748, "GEMID": "210", "PLANID": "https://geodiensten.oost-vlaanderen.be/Bijlagen/detail/210-D-010.sid", "CEVI_OID": 24179, "GEMEENTE": "Schorisse", "DETAILPLAN": "210-D-010", "TYPE_LABEL": "chemin" }, "geometry": { "type": "MultiLineString", "coordinates": [ [ [ 101430.093400001525879, 162562.133099999278784 ], [ 101425.710400000214577, 162560.844000000506639 ], [ 101407.276100002229214, 162546.792599998414516 ] ] ] } },
{ "type": "Feature", "properties": { "ID": 24206.0, "NR": "152", "TYPE": "s", "LENGTH": 1285.695, "GEMID": "210", "PLANID": "https://geodiensten.oost-vlaanderen.be/Bijlagen/detail/210-D-010.sid", "CEVI_OID": 24180, "GEMEENTE": "Schorisse", "DETAILPLAN": "210-D-010", "TYPE_LABEL": "sentier" }, "geometry": { "type": "MultiLineString", "coordinates": [ [ [ 101581.306800000369549, 162685.114799998700619 ], [ 101571.2516999989748, 162695.298799999058247 ], [ 101610.569799996912479, 162729.847199998795986 ], [ 101649.630000002682209, 162762.461800001561642 ], [ 101663.681400001049042, 162775.868599999696016 ], [ 101672.705200001597404, 162785.794799998402596 ], [ 101679.666400000452995, 162801.393100000917912 ], [ 101684.693999998271465, 162813.897599998861551 ], [ 101689.205899998545647, 162822.276799999177456 ], [ 101707.64019999653101, 162838.51969999819994 ], [ 101725.301100000739098, 162844.707400001585484 ], [ 101759.720600001513958, 162854.891499999910593 ], [ 101759.462700001895428, 162857.8564000017941 ], [ 101775.318899996578693, 162860.692499998956919 ], [ 101781.506599999964237, 162859.532299999147654 ], [ 101787.952200002968311, 162858.758799999952316 ], [ 101803.808300003409386, 162873.841499999165535 ], [ 101820.566899999976158, 162855.922800000756979 ], [ 101849.571999996900558, 162824.081599999219179 ], [ 101892.88629999756813, 162776.642099998891354 ], [ 101907.195500001311302, 162798.041400000452995 ], [ 101933.880199998617172, 162799.459499999880791 ], [ 101952.443499997258186, 162802.424400001764297 ], [ 101963.787699997425079, 162806.291799999773502 ], [ 101976.549999997019768, 162811.061500001698732 ], [ 101984.026900000870228, 162814.799899999052286 ], [ 101992.406099997460842, 162820.085299998521805 ], [ 102001.300999999046326, 162827.175500001758337 ], [ 102004.910499997437, 162831.945199999958277 ], [ 102009.293499998748302, 162841.097899999469519 ], [ 102013.676500000059605, 162855.535999998450279 ], [ 102024.247299998998642, 162886.088100001215935 ], [ 102028.243600003421307, 162900.655099999159575 ], [ 102030.692900002002716, 162911.741500001400709 ], [ 102031.208499997854233, 162915.737799998372793 ], [ 102030.692900002002716, 162929.789099998772144 ], [ 102029.66160000115633, 162956.215999998152256 ], [ 102026.696599997580051, 162960.3412000015378 ], [ 102016.383699998259544, 162975.295000001788139 ], [ 101998.593900002539158, 162998.756900001317263 ], [ 101992.148299999535084, 163007.522900000214577 ], [ 101989.570100001990795, 163012.034800000488758 ], [ 101989.054399996995926, 163014.484099999070168 ], [ 101991.374799996614456, 163017.191300000995398 ], [ 101996.015600003302097, 163019.898400001227856 ], [ 102035.978299997746944, 163027.890900000929832 ], [ 102081.097300000488758, 163036.528000000864267 ], [ 102119.899800002574921, 163044.520500000566244 ], [ 102139.623199999332428, 163048.0011 ], [ 102133.435500003397465, 163058.442999999970198 ], [ 102129.181400001049042, 163075.846099998801947 ] ], [ [ 101327.73759999871254, 162766.071299999952316 ], [ 101332.249499998986721, 162762.848499998450279 ], [ 101373.501199997961521, 162722.241399999707937 ], [ 101398.38120000064373, 162756.660799998790026 ], [ 101474.825800001621246, 162770.454300001263618 ], [ 101477.017300002276897, 162772.645799998193979 ], [ 101485.9121999964118, 162771.614500001072884 ], [ 101504.733300000429153, 162753.824700001627207 ], [ 101532.964900001883507, 162738.74210000038147 ], [ 101548.047600001096725, 162729.976100001484156 ], [ 101559.391800001263618, 162713.088599998503923 ], [ 101569.318000003695488, 162696.974700000137091 ], [ 101571.2516999989748, 162695.298799999058247 ] ] ] } },
{ "type": "Feature", "properties": { "ID": 24207.0, "NR": "153", "TYPE": "s", "LENGTH": 88.25, "GEMID": "210", "PLANID": "https://geodiensten.oost-vlaanderen.be/Bijlagen/detail/210-D-010.sid", "CEVI_OID": 24181, "GEMEENTE": "Schorisse", "DETAILPLAN": "210-D-010", "TYPE_LABEL": "sentier" }, "geometry": { "type": "MultiLineString", "coordinates": [ [ [ 101222.80349999666214, 162686.403900001198053 ], [ 101227.315399996936321, 162684.728100001811981 ], [ 101250.390600003302097, 162670.4189000017941 ], [ 101269.856200002133846, 162657.527699999511242 ], [ 101287.001500003039837, 162645.925700001418591 ], [ 101296.154200002551079, 162637.804200001060963 ] ] ] } },
{ "type": "Feature", "properties": { "ID": 24208.0, "NR": "154", "TYPE": "s", "LENGTH": 183.647, "GEMID": "210", "PLANID": "https://geodiensten.oost-vlaanderen.be/Bijlagen/detail/210-D-010.sid", "CEVI_OID": 24182, "GEMEENTE": "Schorisse", "DETAILPLAN": "210-D-010", "TYPE_LABEL": "sentier" }, "geometry": { "type": "MultiLineString", "coordinates": [ [ [ 101562.227899998426437, 162946.934399999678135 ], [ 101572.282999999821186, 162936.879299998283386 ], [ 101590.717399999499321, 162920.378600001335144 ], [ 101625.00789999961853, 162898.076900001615286 ], [ 101632.226899996399879, 162876.419700000435114 ], [ 101657.751400001347065, 162838.906399998813868 ], [ 101689.205899998545647, 162822.276799999177456 ] ] ] } },
{ "type": "Feature", "properties": { "ID": 24209.0, "NR": "155", "TYPE": "c", "LENGTH": 284.29, "GEMID": "210", "PLANID": "https://geodiensten.oost-vlaanderen.be/Bijlagen/detail/210-D-010.sid", "CEVI_OID": 24183, "GEMEENTE": "Schorisse", "DETAILPLAN": "210-D-010", "TYPE_LABEL": "chemin" }, "geometry": { "type": "MultiLineString", "coordinates": [ [ [ 102173.527000002563, 163445.693599998950958 ], [ 102177.007600001990795, 163446.724899999797344 ], [ 102188.609700001776218, 163456.006599999964237 ], [ 102208.333200000226498, 163469.155600000172853 ], [ 102223.415799997746944, 163476.116799999028444 ], [ 102236.049199998378754, 163480.628699999302626 ], [ 102262.862800002098083, 163491.070500001311302 ], [ 102286.066899999976158, 163499.836500000208616 ], [ 102323.966899998486042, 163513.114399999380112 ], [ 102343.561499997973442, 163520.333500001579523 ], [ 102368.957099996507168, 163528.454900000244379 ], [ 102414.59179999679327, 163543.666499998420477 ], [ 102433.928599998354912, 163555.526399999856949 ] ] ] } },
{ "type": "Feature", "properties": { "ID": 24210.0, "NR": "156", "TYPE": "s", "LENGTH": 235.347, "GEMID": "210", "PLANID": "https://geodiensten.oost-vlaanderen.be/Bijlagen/detail/210-D-010.sid", "CEVI_OID": 24184, "GEMEENTE": "Schorisse", "DETAILPLAN": "210-D-010", "TYPE_LABEL": "sentier" }, "geometry": { "type": "MultiLineString", "coordinates": [ [ [ 101541.988799996674061, 163164.795099999755621 ], [ 101539.539399996399879, 163136.305599998682737 ], [ 101537.09009999781847, 163103.948800001293421 ], [ 101533.351700000464916, 163065.275299999862909 ], [ 101529.74210000038147, 163042.844700001180172 ], [ 101524.198899999260902, 163010.358899999409914 ], [ 101519.558100000023842, 162986.252500001341105 ], [ 101513.757100000977516, 162965.36879999935627 ], [ 101510.147600002586842, 162953.766699999570847 ], [ 101502.155000001192093, 162933.914299998432398 ] ] ] } },
{ "type": "Feature", "properties": { "ID": 24211.0, "NR": "157", "TYPE": "s", "LENGTH": 456.169, "GEMID": "210", "PLANID": "https://geodiensten.oost-vlaanderen.be/Bijlagen/detail/210-D-010.sid", "CEVI_OID": 24185, "GEMEENTE": "Schorisse", "DETAILPLAN": "210-D-010", "TYPE_LABEL": "sentier" }, "geometry": { "type": "MultiLineString", "coordinates": [ [ [ 101758.689300000667572, 163393.226599998772144 ], [ 101720.789200000464916, 163357.260200001299381 ], [ 101696.295999996364117, 163339.599300000816584 ], [ 101647.954099997878075, 163282.233600001782179 ], [ 101585.303099997341633, 163208.367300000041723 ], [ 101583.240500003099442, 163204.886599998921156 ], [ 101541.988799996674061, 163164.795099999755621 ], [ 101526.777199998497963, 163150.872699998319149 ], [ 101484.494099996984005, 163112.199200000613928 ], [ 101452.266199998557568, 163081.904899999499321 ], [ 101438.343800000846386, 163070.30290000140667 ] ] ] } },
{ "type": "Feature", "properties": { "ID": 24212.0, "NR": "158", "TYPE": "s", "LENGTH": 434.685, "GEMID": "210", "PLANID": "https://geodiensten.oost-vlaanderen.be/Bijlagen/detail/210-D-010.sid", "CEVI_OID": 24186, "GEMEENTE": "Schorisse", "DETAILPLAN": "210-D-010", "TYPE_LABEL": "sentier" }, "geometry": { "type": "MultiLineString", "coordinates": [ [ [ 101466.704300001263618, 163708.286699999123812 ], [ 101489.006099998950958, 163674.640799999237061 ], [ 101506.280199997127056, 163648.987300001084805 ], [ 101527.937399998307228, 163615.85700000077486 ], [ 101534.898599997162819, 163604.383900001645088 ], [ 101560.294200003147125, 163577.183499999344349 ], [ 101566.61089999973774, 163569.319899998605251 ], [ 101579.115299999713898, 163556.170899998396635 ], [ 101597.549699999392033, 163529.872999999672174 ], [ 101625.652400001883507, 163488.234499998390675 ], [ 101633.902800001204014, 163476.632399998605251 ], [ 101654.915399998426437, 163453.041600000113249 ], [ 101677.732699997723103, 163428.290600001811981 ], [ 101691.268500000238419, 163408.180300001055002 ], [ 101709.831699997186661, 163376.854800000786781 ], [ 101720.789200000464916, 163357.260200001299381 ] ] ] } },
{ "type": "Feature", "properties": { "ID": 24213.0, "NR": "159", "TYPE": "s", "LENGTH": 177.241, "GEMID": "210", "PLANID": "https://geodiensten.oost-vlaanderen.be/Bijlagen/detail/210-D-010.sid", "CEVI_OID": 24187, "GEMEENTE": "Schorisse", "DETAILPLAN": "210-D-010", "TYPE_LABEL": "sentier" }, "geometry": { "type": "MultiLineString", "coordinates": [ [ [ 101455.360100001096725, 163550.756599999964237 ], [ 101506.280199997127056, 163648.987300001084805 ], [ 101535.027500003576279, 163709.060199998319149 ] ] ] } },
{ "type": "Feature", "properties": { "ID": 24214.0, "NR": "160", "TYPE": "s", "LENGTH": 207.891, "GEMID": "210", "PLANID": "https://geodiensten.oost-vlaanderen.be/Bijlagen/detail/210-D-010.sid", "CEVI_OID": 24188, "GEMEENTE": "Schorisse", "DETAILPLAN": "210-D-010", "TYPE_LABEL": "sentier" }, "geometry": { "type": "MultiLineString", "coordinates": [ [ [ 101434.476400002837181, 163062.181400001049042 ], [ 101372.340999998152256, 163042.586899999529123 ], [ 101307.498400002717972, 163022.089899998158216 ], [ 101269.21169999986887, 163007.522900000214577 ], [ 101238.272900000214577, 162993.987199999392033 ] ] ] } },
{ "type": "Feature", "properties": { "ID": 24215.0, "NR": "161", "TYPE": "c", "LENGTH": 293.598, "GEMID": "210", "PLANID": "https://geodiensten.oost-vlaanderen.be/Bijlagen/detail/210-D-010.sid", "CEVI_OID": 24189, "GEMEENTE": "Schorisse", "DETAILPLAN": "210-D-010", "TYPE_LABEL": "chemin" }, "geometry": { "type": "MultiLineString", "coordinates": [ [ [ 101180.004799999296665, 162702.517900001257658 ], [ 101221.514399997889996, 162760.785999998450279 ], [ 101245.362999998033047, 162795.592099998146296 ], [ 101268.180399999022484, 162828.980200000107288 ], [ 101304.146700002253056, 162841.226799998432398 ], [ 101351.586199998855591, 162872.939100001007318 ], [ 101394.642700001597404, 162883.638799998909235 ] ] ] } },
{ "type": "Feature", "properties": { "ID": 24216.0, "NR": "162", "TYPE": "s", "LENGTH": 179.131, "GEMID": "210", "PLANID": "https://geodiensten.oost-vlaanderen.be/Bijlagen/detail/210-D-010.sid", "CEVI_OID": 24190, "GEMEENTE": "Schorisse", "DETAILPLAN": "210-D-010", "TYPE_LABEL": "sentier" }, "geometry": { "type": "MultiLineString", "coordinates": [ [ [ 101245.362999998033047, 162795.592099998146296 ], [ 101236.854800000786781, 162804.486999999731779 ], [ 101161.57039999961853, 162832.460799999535084 ], [ 101136.690499998629093, 162841.613600000739098 ] ], [ [ 101271.789899997413158, 162728.042399998754263 ], [ 101221.514399997889996, 162760.785999998450279 ] ] ] } },
{ "type": "Feature", "properties": { "ID": 24217.0, "NR": "163", "TYPE": "s", "LENGTH": 121.981, "GEMID": "210", "PLANID": "https://geodiensten.oost-vlaanderen.be/Bijlagen/detail/210-D-010.sid", "CEVI_OID": 24191, "GEMEENTE": "Schorisse", "DETAILPLAN": "210-D-010", "TYPE_LABEL": "sentier" }, "geometry": { "type": "MultiLineString", "coordinates": [ [ [ 100924.501900002360344, 162496.645899999886751 ], [ 100898.590599998831749, 162539.960299998521805 ], [ 100875.773299999535084, 162578.891600001603365 ], [ 100862.753200002014637, 162601.837900001555681 ] ] ] } },
{ "type": "Feature", "properties": { "ID": 24218.0, "NR": "164", "TYPE": "s", "LENGTH": 275.056, "GEMID": "210", "PLANID": "https://geodiensten.oost-vlaanderen.be/Bijlagen/detail/210-D-010.sid", "CEVI_OID": 24192, "GEMEENTE": "Schorisse", "DETAILPLAN": "210-D-010", "TYPE_LABEL": "sentier" }, "geometry": { "type": "MultiLineString", "coordinates": [ [ [ 100775.995600000023842, 162863.141800001263618 ], [ 100787.339900001883507, 162856.051699999719858 ], [ 100815.184799998998642, 162839.164200000464916 ], [ 100846.123599998652935, 162820.600999999791384 ], [ 100847.799400001764297, 162815.186700001358986 ], [ 100855.920900002121925, 162807.967599999159575 ], [ 100872.808300003409386, 162793.400600001215935 ], [ 100942.678400002419949, 162753.824700001627207 ], [ 100944.225400000810623, 162759.110100001096725 ], [ 100968.589699998497963, 162757.305300001055002 ], [ 101012.419600002467632, 162753.953600000590086 ] ] ] } },
{ "type": "Feature", "properties": { "ID": 24219.0, "NR": "165", "TYPE": "s", "LENGTH": 279.496, "GEMID": "210", "PLANID": "https://geodiensten.oost-vlaanderen.be/Bijlagen/detail/210-D-010.sid", "CEVI_OID": 24193, "GEMEENTE": "Schorisse", "DETAILPLAN": "210-D-010", "TYPE_LABEL": "sentier" }, "geometry": { "type": "MultiLineString", "coordinates": [ [ [ 100866.62049999833107, 163164.150600001215935 ], [ 100927.208999998867512, 163115.421900000423193 ], [ 100993.727399997413158, 163062.181400001049042 ], [ 101037.041799999773502, 163028.277699999511242 ], [ 101040.522399999201298, 163033.949799999594688 ], [ 101090.668999999761581, 163011.64809999987483 ] ] ] } },
{ "type": "Feature", "properties": { "ID": 24220.0, "NR": "166", "TYPE": "s", "LENGTH": 99.872, "GEMID": "210", "PLANID": "https://geodiensten.oost-vlaanderen.be/Bijlagen/detail/210-D-010.sid", "CEVI_OID": 24194, "GEMEENTE": "Schorisse", "DETAILPLAN": "210-D-010", "TYPE_LABEL": "sentier" }, "geometry": { "type": "MultiLineString", "coordinates": [ [ [ 101084.868000000715256, 162998.241200000047684 ], [ 101178.715700000524521, 162964.079599998891354 ] ] ] } },
{ "type": "Feature", "properties": { "ID": 24194.0, "NR": "1", "TYPE": "c", "LENGTH": 239.516, "GEMID": "210", "PLANID": "https://geodiensten.oost-vlaanderen.be/Bijlagen/detail/210-D-010.sid", "CEVI_OID": 24195, "GEMEENTE": "Schorisse", "DETAILPLAN": "210-D-010", "TYPE_LABEL": "chemin" }, "geometry": { "type": "MultiLineString", "coordinates": [ [ [ 100695.296899996697903, 162633.55009999871254 ], [ 100728.298299998044968, 162601.064399998635054 ], [ 100746.474899999797344, 162576.571199998259544 ], [ 100780.765399999916553, 162539.702399998903275 ], [ 100865.202500000596046, 162465.578200001269579 ] ] ] } },
{ "type": "Feature", "properties": { "ID": 24221.0, "NR": "25", "TYPE": "c", "LENGTH": 396.511, "GEMID": "210", "PLANID": "https://geodiensten.oost-vlaanderen.be/Bijlagen/detail/210-D-010.sid", "CEVI_OID": 24196, "GEMEENTE": "Schorisse", "DETAILPLAN": "210-D-010", "TYPE_LABEL": "chemin" }, "geometry": { "type": "MultiLineString", "coordinates": [ [ [ 101463.739399999380112, 162553.109299998730421 ], [ 101451.363899998366833, 162548.21059999987483 ], [ 101444.273699998855591, 162547.952799998223782 ], [ 101434.734200000762939, 162554.527300000190735 ], [ 101430.093400001525879, 162562.133099999278784 ], [ 101445.433899998664856, 162615.115800000727177 ], [ 101462.450300000607967, 162672.868200000375509 ], [ 101473.149899996817112, 162724.175000000745058 ], [ 101473.536700002849102, 162733.843400001525879 ], [ 101474.181199997663498, 162750.988699998706579 ], [ 101474.825800001621246, 162770.454300001263618 ], [ 101473.149899996817112, 162778.833599999547005 ], [ 101463.610500000417233, 162803.326799999922514 ], [ 101455.102300003170967, 162817.120400000363588 ], [ 101437.570299997925758, 162843.031599998474121 ], [ 101428.933200001716614, 162852.828899998217821 ], [ 101408.565200001001358, 162872.423500001430511 ], [ 101394.642700001597404, 162883.638799998909235 ] ] ] } },
{ "type": "Feature", "properties": { "ID": 24222.0, "NR": "26", "TYPE": "c", "LENGTH": 186.849, "GEMID": "210", "PLANID": "https://geodiensten.oost-vlaanderen.be/Bijlagen/detail/210-D-010.sid", "CEVI_OID": 24197, "GEMEENTE": "Schorisse", "DETAILPLAN": "210-D-010", "TYPE_LABEL": "chemin" }, "geometry": { "type": "MultiLineString", "coordinates": [ [ [ 101185.290200002491474, 162503.478300001472235 ], [ 101192.895999997854233, 162554.914000000804663 ], [ 101202.177599996328354, 162596.552499998360872 ], [ 101216.486800000071526, 162656.883099999278784 ], [ 101222.80349999666214, 162686.403900001198053 ] ] ] } },
{ "type": "Feature", "properties": { "ID": 24223.0, "NR": "27", "TYPE": "c", "LENGTH": 542.489, "GEMID": "210", "PLANID": "https://geodiensten.oost-vlaanderen.be/Bijlagen/detail/210-D-010.sid", "CEVI_OID": 24198, "GEMEENTE": "Schorisse", "DETAILPLAN": "210-D-010", "TYPE_LABEL": "chemin" }, "geometry": { "type": "MultiLineString", "coordinates": [ [ [ 100861.721900001168251, 163139.012800000607967 ], [ 100866.8783999979496, 163093.764800000935793 ], [ 100879.898400001227856, 163067.982500001788139 ], [ 100885.828400000929832, 163057.282800000160933 ], [ 100888.793300002813339, 163051.352800000458956 ], [ 100889.824600003659725, 163044.262699998915195 ], [ 100872.034800000488758, 163013.839600000530481 ], [ 100842.127300001680851, 162970.267400000244379 ], [ 100803.969499997794628, 162913.159499999135733 ], [ 100781.925599999725819, 162875.775199998170137 ], [ 100775.995600000023842, 162863.141800001263618 ], [ 100765.167099997401237, 162835.039099998772144 ], [ 100752.920400001108646, 162788.630899999290705 ], [ 100731.005500003695488, 162739.515500001609325 ], [ 100693.621100001037121, 162651.082100000232458 ] ] ] } },
{ "type": "Feature", "properties": { "ID": 24224.0, "NR": "28", "TYPE": "c", "LENGTH": 269.684, "GEMID": "210", "PLANID": "https://geodiensten.oost-vlaanderen.be/Bijlagen/detail/210-D-010.sid", "CEVI_OID": 24199, "GEMEENTE": "Schorisse", "DETAILPLAN": "210-D-010", "TYPE_LABEL": "chemin" }, "geometry": { "type": "MultiLineString", "coordinates": [ [ [ 100865.202500000596046, 162465.578200001269579 ], [ 100870.487899996340275, 162471.250300001353025 ], [ 100898.848399996757507, 162484.528299998492002 ], [ 100924.501900002360344, 162496.645899999886751 ], [ 100947.706000000238419, 162515.853799998760223 ], [ 100964.980099998414516, 162536.995299998670816 ], [ 100974.777400001883507, 162555.171799998730421 ], [ 100987.926399998366833, 162584.950399998575449 ], [ 100999.012800000607967, 162614.342300001531839 ], [ 101001.075400002300739, 162638.190999999642372 ], [ 101001.075400002300739, 162652.758000001311302 ], [ 100996.17679999768734, 162673.899500001221895 ] ] ] } },
{ "type": "Feature", "properties": { "ID": 24225.0, "NR": "36", "TYPE": "c", "LENGTH": 262.385, "GEMID": "210", "PLANID": "https://geodiensten.oost-vlaanderen.be/Bijlagen/detail/210-D-010.sid", "CEVI_OID": 24200, "GEMEENTE": "Schorisse", "DETAILPLAN": "210-D-010", "TYPE_LABEL": "chemin" }, "geometry": { "type": "MultiLineString", "coordinates": [ [ [ 102031.724200002849102, 163125.99269999936223 ], [ 101936.329499997198582, 163111.038899999111891 ], [ 101928.981600001454353, 163125.348099999129772 ], [ 101909.773699998855591, 163170.08049999922514 ], [ 101866.846199996769428, 163237.243500001728535 ], [ 101853.954999998211861, 163254.259799998253584 ] ] ] } },
{ "type": "Feature", "properties": { "ID": 24226.0, "NR": "36", "TYPE": "s", "LENGTH": 426.798, "GEMID": "210", "PLANID": "https://geodiensten.oost-vlaanderen.be/Bijlagen/detail/210-D-010.sid", "CEVI_OID": 24201, "GEMEENTE": "Schorisse", "DETAILPLAN": "210-D-010", "TYPE_LABEL": "sentier" }, "geometry": { "type": "MultiLineString", "coordinates": [ [ [ 102438.311599999666214, 163092.088899999856949 ], [ 102373.855700001120567, 163084.354200001806021 ], [ 102301.665200002491474, 163076.877399999648333 ], [ 102248.424699999392033, 163070.818500000983477 ], [ 102189.383100003004074, 163074.041299998760223 ], [ 102129.181400001049042, 163075.846099998801947 ], [ 102043.841899998486042, 163101.628400001674891 ], [ 102031.724200002849102, 163125.99269999936223 ] ] ] } },
{ "type": "Feature", "properties": { "ID": 24227.0, "NR": "37", "TYPE": "s", "LENGTH": 72.582, "GEMID": "210", "PLANID": "https://geodiensten.oost-vlaanderen.be/Bijlagen/detail/210-D-010.sid", "CEVI_OID": 24202, "GEMEENTE": "Schorisse", "DETAILPLAN": "210-D-010", "TYPE_LABEL": "sentier" }, "geometry": { "type": "MultiLineString", "coordinates": [ [ [ 101677.732699997723103, 163428.290600001811981 ], [ 101718.468800000846386, 163488.363400001078844 ] ] ] } },
{ "type": "Feature", "properties": { "ID": 24228.0, "NR": "38", "TYPE": "c", "LENGTH": 125.036, "GEMID": "210", "PLANID": "https://geodiensten.oost-vlaanderen.be/Bijlagen/detail/210-D-010.sid", "CEVI_OID": 24203, "GEMEENTE": "Schorisse", "DETAILPLAN": "210-D-010", "TYPE_LABEL": "chemin" }, "geometry": { "type": "MultiLineString", "coordinates": [ [ [ 101655.044299997389317, 163576.410100001841784 ], [ 101687.272200003266335, 163604.1261 ], [ 101748.763099998235703, 163659.171399999409914 ] ] ] } },
{ "type": "Feature", "properties": { "ID": 24229.0, "NR": "38", "TYPE": "s", "LENGTH": 71.003, "GEMID": "210", "PLANID": "https://geodiensten.oost-vlaanderen.be/Bijlagen/detail/210-D-010.sid", "CEVI_OID": 24204, "GEMEENTE": "Schorisse", "DETAILPLAN": "210-D-010", "TYPE_LABEL": "sentier" }, "geometry": { "type": "MultiLineString", "coordinates": [ [ [ 101796.460400000214577, 163711.767299998551607 ], [ 101748.763099998235703, 163659.171399999409914 ] ] ] } },
{ "type": "Feature", "properties": { "ID": 24230.0, "NR": "39", "TYPE": "c", "LENGTH": 195.549, "GEMID": "210", "PLANID": "https://geodiensten.oost-vlaanderen.be/Bijlagen/detail/210-D-010.sid", "CEVI_OID": 24205, "GEMEENTE": "Schorisse", "DETAILPLAN": "210-D-010", "TYPE_LABEL": "chemin" }, "geometry": { "type": "MultiLineString", "coordinates": [ [ [ 101238.272900000214577, 162993.987199999392033 ], [ 101261.73480000346899, 162991.537799999117851 ], [ 101277.461999997496605, 162981.611600000411272 ], [ 101304.662399999797344, 162957.247299998998642 ], [ 101342.562399998307228, 162925.277199998497963 ], [ 101387.294799998402596, 162885.959199998527765 ], [ 101394.642700001597404, 162883.638799998909235 ] ] ] } },
{ "type": "Feature", "properties": { "ID": 24231.0, "NR": "39", "TYPE": "s", "LENGTH": 335.359, "GEMID": "210", "PLANID": "https://geodiensten.oost-vlaanderen.be/Bijlagen/detail/210-D-010.sid", "CEVI_OID": 24206, "GEMEENTE": "Schorisse", "DETAILPLAN": "210-D-010", "TYPE_LABEL": "sentier" }, "geometry": { "type": "MultiLineString", "coordinates": [ [ [ 101077.391099996864796, 162725.979800000786781 ], [ 101088.993199996650219, 162797.26799999922514 ], [ 101136.690499998629093, 162841.613600000739098 ], [ 101151.644199997186661, 162912.515000000596046 ], [ 101178.715700000524521, 162964.079599998891354 ], [ 101180.262599997222424, 162967.044599998742342 ], [ 101238.272900000214577, 162993.987199999392033 ] ] ] } },
{ "type": "Feature", "properties": { "ID": 24234.0, "NR": "40bis", "TYPE": "c", "LENGTH": 316.088, "GEMID": "210", "PLANID": "https://geodiensten.oost-vlaanderen.be/Bijlagen/detail/210-D-010.sid", "CEVI_OID": 24207, "GEMEENTE": "Schorisse", "DETAILPLAN": "210-D-010", "TYPE_LABEL": "chemin" }, "geometry": { "type": "MultiLineString", "coordinates": [ [ [ 101174.07490000128746, 163413.207899998873472 ], [ 101216.873499996960163, 163462.967799998819828 ], [ 101263.281700000166893, 163486.816500000655651 ], [ 101314.459700003266335, 163510.536200001835823 ], [ 101345.656300000846386, 163531.806600000709295 ], [ 101418.104599997401237, 163606.575399998575449 ] ] ] } },
{ "type": "Feature", "properties": { "ID": 24232.0, "NR": "40", "TYPE": "c", "LENGTH": 195.407, "GEMID": "210", "PLANID": "https://geodiensten.oost-vlaanderen.be/Bijlagen/detail/210-D-010.sid", "CEVI_OID": 24208, "GEMEENTE": "Schorisse", "DETAILPLAN": "210-D-010", "TYPE_LABEL": "chemin" }, "geometry": { "type": "MultiLineString", "coordinates": [ [ [ 101012.419600002467632, 162753.953600000590086 ], [ 101028.146899998188019, 162839.164200000464916 ], [ 101033.690099999308586, 162872.68129999935627 ], [ 101056.249600000679493, 162929.918099999427795 ], [ 101061.019299998879433, 162942.293600000441074 ] ] ] } },
{ "type": "Feature", "properties": { "ID": 24233.0, "NR": "40", "TYPE": "s", "LENGTH": 551.715, "GEMID": "210", "PLANID": "https://geodiensten.oost-vlaanderen.be/Bijlagen/detail/210-D-010.sid", "CEVI_OID": 24209, "GEMEENTE": "Schorisse", "DETAILPLAN": "210-D-010", "TYPE_LABEL": "sentier" }, "geometry": { "type": "MultiLineString", "coordinates": [ [ [ 101061.019299998879433, 162942.293600000441074 ], [ 101084.868000000715256, 162998.241200000047684 ], [ 101090.668999999761581, 163011.64809999987483 ], [ 101106.782999999821186, 163046.196400001645088 ], [ 101125.604099996387959, 163088.479400001466274 ], [ 101138.108499996364117, 163149.970300000160933 ], [ 101154.738099999725819, 163232.602699998766184 ], [ 101165.179999999701977, 163284.29619999974966 ], [ 101104.075800001621246, 163307.629200000315905 ], [ 101143.265000000596046, 163368.991200000047684 ], [ 101174.07490000128746, 163413.207899998873472 ] ] ] } },
{ "type": "Feature", "properties": { "ID": 24235.0, "NR": "41", "TYPE": "c", "LENGTH": 448.182, "GEMID": "210", "PLANID": "https://geodiensten.oost-vlaanderen.be/Bijlagen/detail/210-D-010.sid", "CEVI_OID": 24210, "GEMEENTE": "Schorisse", "DETAILPLAN": "210-D-010", "TYPE_LABEL": "chemin" }, "geometry": { "type": "MultiLineString", "coordinates": [ [ [ 101396.576399996876717, 162898.334699999541044 ], [ 101402.377400003373623, 162901.299699999392033 ], [ 101421.714199997484684, 162904.52250000089407 ], [ 101502.155000001192093, 162933.914299998432398 ], [ 101525.230200000107288, 162941.391199998557568 ], [ 101530.644500002264977, 162942.164700001478195 ], [ 101562.227899998426437, 162946.934399999678135 ], [ 101573.829899996519089, 162949.383699998259544 ], [ 101591.748700000345707, 162951.059599999338388 ], [ 101608.893899999558926, 162953.766699999570847 ], [ 101613.921499997377396, 162955.18470000103116 ], [ 101633.902800001204014, 162979.80689999833703 ], [ 101668.966700002551079, 163021.574299998581409 ], [ 101698.487499997019768, 163053.415399998426437 ], [ 101704.675300002098083, 163097.890000000596046 ], [ 101715.374899998307228, 163144.427099999040365 ] ] ] } },
{ "type": "Feature", "properties": { "ID": 24236.0, "NR": "41", "TYPE": "s", "LENGTH": 191.409, "GEMID": "210", "PLANID": "https://geodiensten.oost-vlaanderen.be/Bijlagen/detail/210-D-010.sid", "CEVI_OID": 24211, "GEMEENTE": "Schorisse", "DETAILPLAN": "210-D-010", "TYPE_LABEL": "sentier" }, "geometry": { "type": "MultiLineString", "coordinates": [ [ [ 101715.374899998307228, 163144.427099999040365 ], [ 101734.196000002324581, 163133.856300000101328 ], [ 101762.556599996984005, 163161.959100000560284 ], [ 101793.23759999871254, 163192.897900000214577 ], [ 101827.528099998831749, 163227.703999999910593 ], [ 101853.954999998211861, 163254.259799998253584 ] ] ] } },
{ "type": "Feature", "properties": { "ID": 24237.0, "NR": "42", "TYPE": "c", "LENGTH": 200.265, "GEMID": "210", "PLANID": "https://geodiensten.oost-vlaanderen.be/Bijlagen/detail/210-D-010.sid", "CEVI_OID": 24212, "GEMEENTE": "Schorisse", "DETAILPLAN": "210-D-010", "TYPE_LABEL": "chemin" }, "geometry": { "type": "MultiLineString", "coordinates": [ [ [ 100716.438400000333786, 163521.880399998277426 ], [ 100724.431000001728535, 163514.790300000458956 ], [ 100762.588799998164177, 163485.011700000613928 ], [ 100808.739200003445148, 163455.619800001382828 ], [ 100881.44539999961853, 163408.82490000128746 ] ] ] } },
{ "type": "Feature", "properties": { "ID": 24238.0, "NR": "42", "TYPE": "s", "LENGTH": 340.974, "GEMID": "210", "PLANID": "https://geodiensten.oost-vlaanderen.be/Bijlagen/detail/210-D-010.sid", "CEVI_OID": 24213, "GEMEENTE": "Schorisse", "DETAILPLAN": "210-D-010", "TYPE_LABEL": "sentier" }, "geometry": { "type": "MultiLineString", "coordinates": [ [ [ 100866.62049999833107, 163164.150600001215935 ], [ 100873.581799998879433, 163172.014199998229742 ], [ 100878.609300002455711, 163176.783900000154972 ], [ 100902.200199998915195, 163201.53489999845624 ], [ 100954.924999997019768, 163258.385000001639128 ], [ 100955.440700002014637, 163262.510200001299381 ], [ 100955.956299997866154, 163271.534000001847744 ], [ 100957.761100001633167, 163284.29619999974966 ], [ 100963.046499997377396, 163328.126200001686811 ], [ 100946.932499997317791, 163358.549300000071526 ], [ 100914.188900001347065, 163345.013599999248981 ], [ 100897.301500000059605, 163378.272799998521805 ], [ 100881.44539999961853, 163408.82490000128746 ] ] ] } },
{ "type": "Feature", "properties": { "ID": 24239.0, "NR": "45", "TYPE": "s", "LENGTH": 209.238, "GEMID": "210", "PLANID": "https://geodiensten.oost-vlaanderen.be/Bijlagen/detail/210-D-010.sid", "CEVI_OID": 24214, "GEMEENTE": "Schorisse", "DETAILPLAN": "210-D-010", "TYPE_LABEL": "sentier" }, "geometry": { "type": "MultiLineString", "coordinates": [ [ [ 100866.62049999833107, 163164.150600001215935 ], [ 100863.139899998903275, 163157.44709999859333 ], [ 100861.077299997210503, 163150.48589999973774 ], [ 100861.721900001168251, 163139.012800000607967 ], [ 100845.736800000071526, 163134.114100001752377 ], [ 100826.400100000202656, 163121.094099998474121 ], [ 100765.038099996745586, 163093.764800000935793 ], [ 100690.527199998497963, 163080.229100000113249 ] ] ] } },
{ "type": "Feature", "properties": { "ID": 24240.0, "NR": "115", "TYPE": "s", "LENGTH": 357.931, "GEMID": "210", "PLANID": "https://geodiensten.oost-vlaanderen.be/Bijlagen/detail/210-D-011.sid", "CEVI_OID": 24215, "GEMEENTE": "Schorisse", "DETAILPLAN": "210-D-011", "TYPE_LABEL": "sentier" }, "geometry": { "type": "MultiLineString", "coordinates": [ [ [ 103294.800700001418591, 163460.00279999896884 ], [ 103248.52139999717474, 163511.4386 ], [ 103200.308399997651577, 163565.581500001251698 ], [ 103149.130500003695488, 163622.818300001323223 ], [ 103056.829700000584126, 163727.365600001066923 ] ] ] } },
{ "type": "Feature", "properties": { "ID": 24241.0, "NR": "155", "TYPE": "c", "LENGTH": 44.497, "GEMID": "210", "PLANID": "https://geodiensten.oost-vlaanderen.be/Bijlagen/detail/210-D-011.sid", "CEVI_OID": 24216, "GEMEENTE": "Schorisse", "DETAILPLAN": "210-D-011", "TYPE_LABEL": "chemin" }, "geometry": { "type": "MultiLineString", "coordinates": [ [ [ 102475.56700000166893, 163562.35869999974966 ], [ 102454.941200003027916, 163561.585200000554323 ], [ 102434.31530000269413, 163549.596400000154972 ] ] ] } },
{ "type": "Feature", "properties": { "ID": 24242.0, "NR": "167", "TYPE": "s", "LENGTH": 194.923, "GEMID": "210", "PLANID": "https://geodiensten.oost-vlaanderen.be/Bijlagen/detail/210-D-011.sid", "CEVI_OID": 24217, "GEMEENTE": "Schorisse", "DETAILPLAN": "210-D-011", "TYPE_LABEL": "sentier" }, "geometry": { "type": "MultiLineString", "coordinates": [ [ [ 102566.320900000631809, 162807.580899998545647 ], [ 102572.895300000905991, 162810.803700000047684 ], [ 102600.09570000320673, 162832.847600001841784 ], [ 102640.702899999916553, 162864.946600001305342 ], [ 102690.4628000035882, 162904.006799999624491 ], [ 102719.596799999475479, 162927.726599998772144 ] ] ] } },
{ "type": "Feature", "properties": { "ID": 24243.0, "NR": "168", "TYPE": "s", "LENGTH": 287.014, "GEMID": "210", "PLANID": "https://geodiensten.oost-vlaanderen.be/Bijlagen/detail/210-D-011.sid", "CEVI_OID": 24218, "GEMEENTE": "Schorisse", "DETAILPLAN": "210-D-011", "TYPE_LABEL": "sentier" }, "geometry": { "type": "MultiLineString", "coordinates": [ [ [ 102719.596799999475479, 162927.726599998772144 ], [ 102672.286200001835823, 162982.385099999606609 ], [ 102628.971900001168251, 163030.082400001585484 ], [ 102540.409599997103214, 163128.055300001055002 ], [ 102532.030299998819828, 163137.336899999529123 ], [ 102526.487099997699261, 163138.754999998956919 ] ] ] } },
{ "type": "Feature", "properties": { "ID": 24245.0, "NR": "35", "TYPE": "c", "LENGTH": 100.055, "GEMID": "210", "PLANID": "https://geodiensten.oost-vlaanderen.be/Bijlagen/detail/210-D-011.sid", "CEVI_OID": 24219, "GEMEENTE": "Schorisse", "DETAILPLAN": "210-D-011", "TYPE_LABEL": "chemin" }, "geometry": { "type": "MultiLineString", "coordinates": [ [ [ 102546.726300001144409, 162973.103500001132488 ], [ 102628.971900001168251, 163030.082400001585484 ] ] ] } },
{ "type": "Feature", "properties": { "ID": 24246.0, "NR": "36", "TYPE": "s", "LENGTH": 92.573, "GEMID": "210", "PLANID": "https://geodiensten.oost-vlaanderen.be/Bijlagen/detail/210-D-011.sid", "CEVI_OID": 24220, "GEMEENTE": "Schorisse", "DETAILPLAN": "210-D-011", "TYPE_LABEL": "sentier" }, "geometry": { "type": "MultiLineString", "coordinates": [ [ [ 102531.901399999856949, 163090.155299998819828 ], [ 102439.600699998438358, 163083.065099999308586 ] ] ] } },
{ "type": "Feature", "properties": { "ID": 24244.0, "NR": "3", "TYPE": "c", "LENGTH": 921.965, "GEMID": "210", "PLANID": "https://geodiensten.oost-vlaanderen.be/Bijlagen/detail/210-D-011.sid", "CEVI_OID": 24221, "GEMEENTE": "Schorisse", "DETAILPLAN": "210-D-011", "TYPE_LABEL": "chemin" }, "geometry": { "type": "MultiLineString", "coordinates": [ [ [ 102566.320900000631809, 162807.580899998545647 ], [ 102552.398400001227856, 162929.144600000232458 ], [ 102546.726300001144409, 162973.103500001132488 ], [ 102531.901399999856949, 163090.155299998819828 ], [ 102526.487099997699261, 163138.754999998956919 ], [ 102505.732400000095367, 163303.375199999660254 ], [ 102480.465700000524521, 163521.622600000351667 ], [ 102475.56700000166893, 163562.35869999974966 ], [ 102456.616999998688698, 163722.982599999755621 ] ] ] } },
{ "type": "Feature", "properties": { "ID": 7843.0, "NR": "139", "TYPE": "s", "LENGTH": 244.8, "GEMID": "066", "PLANID": "https://geodiensten.oost-vlaanderen.be/Bijlagen/detail/066-D-007.sid", "CEVI_OID": 33699, "GEMEENTE": "Etikhove", "DETAILPLAN": "066-D-007", "TYPE_LABEL": "sentier" }, "geometry": { "type": "MultiLineString", "coordinates": [ [ [ 97366.539899997413158, 165619.531100001186132 ], [ 97360.352099999785423, 165609.604899998754263 ], [ 97356.742600001394749, 165601.612300001084805 ], [ 97356.48480000346899, 165594.780000001192093 ], [ 97357.773900002241135, 165580.728700000792742 ], [ 97360.609899997711182, 165566.677299998700619 ], [ 97363.446000002324581, 165560.489500001072884 ], [ 97366.797700002789497, 165557.008900001645088 ], [ 97372.598700001835823, 165552.754799999296665 ], [ 97376.852799996733665, 165548.371800001710653 ], [ 97377.755199998617172, 165545.149000000208616 ], [ 97375.950400002300739, 165536.511900000274181 ], [ 97372.211999997496605, 165525.812300000339746 ], [ 97371.825300000607967, 165521.429299999028444 ], [ 97374.016800001263618, 165513.178899999707937 ], [ 97375.048100002110004, 165511.374200001358986 ], [ 97377.626299999654293, 165508.151399999856949 ], [ 97340.886500000953674, 165475.536699999123812 ], [ 97286.485699996352196, 165427.839400000870228 ] ] ] } }
]
}
