{
"type": "FeatureCollection",
"name": "wijzigingenmaarkedallocal",
"crs": { "type": "name", "properties": { "name": "urn:ogc:def:crs:EPSG::31370" } },
"features": [
{ "type": "Feature", "properties": { "GEMID": "066", "PLANID": "066-D-001", "NR": "112", "IDWIJZIGIN": "066-00044", "TYPE": "A", "TYPE_LABEL": "Afschaffing", "DATUM": "1979-11-30T01:00:00", "LINK": "https://geodiensten.oost-vlaanderen.be/Bijlagen/Wijzigingen/066-00044-02.pdf", "CEVI_OID": 3049, "GEMEENTE": "Etikhove" }, "geometry": { "type": "MultiLineString", "coordinates": [ [ [ 97541.215199999511242, 167758.304499998688698 ], [ 97545.340400002896786, 167763.332100000232458 ] ] ] } },
{ "type": "Feature", "properties": { "GEMID": "066", "PLANID": "066-D-001", "NR": "12", "IDWIJZIGIN": "066-00027", "TYPE": "A", "TYPE_LABEL": "Afschaffing", "DATUM": "1953-06-12T01:00:00", "LINK": "https://geodiensten.oost-vlaanderen.be/Bijlagen/Wijzigingen/066-00027-01.pdf", "CEVI_OID": 3050, "GEMEENTE": "Etikhove" }, "geometry": { "type": "MultiLineString", "coordinates": [ [ [ 97559.005000002682209, 167608.251299999654293 ], [ 97551.141400001943111, 167613.536699999123812 ], [ 97516.206299997866154, 167635.709499999880791 ], [ 97488.877099998295307, 167656.077599998563528 ], [ 97466.962099999189377, 167673.609600000083447 ], [ 97449.17230000346899, 167687.789799999445677 ] ] ] } },
{ "type": "Feature", "properties": { "GEMID": "066", "PLANID": "066-D-001", "NR": "12", "IDWIJZIGIN": "066-00027", "TYPE": "N", "TYPE_LABEL": "Nieuwe weg", "DATUM": "1953-06-12T01:00:00", "LINK": "https://geodiensten.oost-vlaanderen.be/Bijlagen/Wijzigingen/066-00027-01.pdf", "CEVI_OID": 3051, "GEMEENTE": "Etikhove" }, "geometry": { "type": "MultiLineString", "coordinates": [ [ [ 97559.005000002682209, 167608.251299999654293 ], [ 97532.578100003302097, 167620.626899998635054 ], [ 97503.830799996852875, 167632.873500000685453 ], [ 97480.111100003123283, 167642.928599998354912 ], [ 97457.809299997985363, 167649.374200001358986 ], [ 97431.382500000298023, 167651.694600000977516 ], [ 97413.850500002503395, 167653.241500001400709 ] ] ] } },
{ "type": "Feature", "properties": { "GEMID": "066", "PLANID": "066-D-001", "NR": "3", "IDWIJZIGIN": "066-00016", "TYPE": "B", "TYPE_LABEL": "Verbreding", "DATUM": "1925-09-11T01:00:00", "LINK": "https://geodiensten.oost-vlaanderen.be/Bijlagen/Wijzigingen/066-00016-01.pdf", "CEVI_OID": 3052, "GEMEENTE": "Etikhove" }, "geometry": { "type": "MultiLineString", "coordinates": [ [ [ 97392.96679999679327, 167633.904800001531839 ], [ 97416.557599999010563, 167610.442800000309944 ], [ 97471.087200000882149, 167552.561500001698732 ], [ 97512.081200003623962, 167509.762800000607967 ], [ 97525.359099999070168, 167489.910399999469519 ], [ 97543.020000003278255, 167461.807700000703335 ], [ 97561.712099999189377, 167429.450899999588728 ], [ 97585.947499997913837, 167387.038899999111891 ], [ 97603.866300001740456, 167354.553199999034405 ], [ 97624.363200001418591, 167318.973600000143051 ], [ 97630.550999999046326, 167312.528000000864267 ], [ 97648.85639999806881, 167280.171100001782179 ], [ 97674.123099997639656, 167235.567699998617172 ] ] ] } },
{ "type": "Feature", "properties": { "GEMID": "066", "PLANID": "066-D-001", "NR": "11", "IDWIJZIGIN": "066-00038", "TYPE": "B", "TYPE_LABEL": "Verbreding", "DATUM": "1962-01-19T01:00:00", "LINK": "https://geodiensten.oost-vlaanderen.be/Bijlagen/Wijzigingen/066-00038-01.pdf", "CEVI_OID": 3053, "GEMEENTE": "Etikhove" }, "geometry": { "type": "MultiLineString", "coordinates": [ [ [ 97392.96679999679327, 167633.904800001531839 ], [ 97413.850500002503395, 167653.241500001400709 ], [ 97449.17230000346899, 167687.789799999445677 ] ] ] } },
{ "type": "Feature", "properties": { "GEMID": "066", "PLANID": "066-D-001", "NR": "74", "IDWIJZIGIN": "066-00001", "TYPE": "A", "TYPE_LABEL": "Afschaffing", "DATUM": "1858-11-03T01:00:00", "LINK": "https://geodiensten.oost-vlaanderen.be/Bijlagen/Wijzigingen/066-00001-05.pdf", "CEVI_OID": 3054, "GEMEENTE": "Etikhove" }, "geometry": { "type": "MultiLineString", "coordinates": [ [ [ 97445.047100000083447, 167341.919799998402596 ], [ 97435.894400000572205, 167379.046399999409914 ], [ 97424.55009999871254, 167433.318199999630451 ], [ 97416.299800001084805, 167473.925400000065565 ], [ 97409.080700002610683, 167511.438700001686811 ], [ 97401.732799999415874, 167555.6554000005126 ], [ 97396.705200001597404, 167579.504000000655651 ] ] ] } },
{ "type": "Feature", "properties": { "GEMID": "066", "PLANID": "066-D-001", "NR": "103", "IDWIJZIGIN": "066-00049", "TYPE": "A", "TYPE_LABEL": "Afschaffing", "DATUM": "1988-12-22T01:00:00", "LINK": "https://geodiensten.oost-vlaanderen.be/Bijlagen/Wijzigingen/066-00049-01.pdf", "CEVI_OID": 3055, "GEMEENTE": "Etikhove" }, "geometry": { "type": "MultiLineString", "coordinates": [ [ [ 97512.081200003623962, 167509.762800000607967 ], [ 97514.401600003242493, 167512.212099999189377 ], [ 97519.429099999368191, 167513.630199998617172 ], [ 97530.128799997270107, 167523.169599998742342 ], [ 97545.340400002896786, 167549.338700000196695 ], [ 97573.958800002932549, 167598.196199998259544 ] ] ] } },
{ "type": "Feature", "properties": { "GEMID": "066", "PLANID": "066-D-001", "NR": "4", "IDWIJZIGIN": "066-00016", "TYPE": "B", "TYPE_LABEL": "Verbreding", "DATUM": "1925-09-11T01:00:00", "LINK": "https://geodiensten.oost-vlaanderen.be/Bijlagen/Wijzigingen/066-00016-01.pdf", "CEVI_OID": 3056, "GEMEENTE": "Etikhove" }, "geometry": { "type": "MultiLineString", "coordinates": [ [ [ 97751.985799998044968, 167524.716600000858307 ], [ 97742.446299999952316, 167505.508699998259544 ], [ 97709.058200001716614, 167448.658700000494719 ], [ 97685.725199997425079, 167408.180399999022484 ], [ 97652.981600001454353, 167351.330400001257658 ], [ 97630.550999999046326, 167312.528000000864267 ] ] ] } },
{ "type": "Feature", "properties": { "GEMID": "066", "PLANID": "066-D-001", "NR": "0", "IDWIJZIGIN": "066-00036", "TYPE": "V", "TYPE_LABEL": "Verklaring/erkenning", "DATUM": "1961-01-20T01:00:00", "LINK": "https://geodiensten.oost-vlaanderen.be/Bijlagen/Wijzigingen/066-00036-01.pdf", "CEVI_OID": 3057, "GEMEENTE": "Etikhove" }, "geometry": { "type": "MultiLineString", "coordinates": [ [ [ 97681.600000001490116, 167701.71229999884963 ], [ 97659.427199997007847, 167555.913199998438358 ] ] ] } },
{ "type": "Feature", "properties": { "GEMID": "066", "PLANID": "066-D-001", "NR": "58bis", "IDWIJZIGIN": "066-00021", "TYPE": "A", "TYPE_LABEL": "Afschaffing", "DATUM": "1948-07-20T01:00:00", "LINK": "https://geodiensten.oost-vlaanderen.be/Bijlagen/Wijzigingen/066-00021-01.pdf", "CEVI_OID": 3058, "GEMEENTE": "Etikhove" }, "geometry": { "type": "MultiLineString", "coordinates": [ [ [ 98046.677799999713898, 167469.026700001209974 ], [ 98056.475100003182888, 167481.144400000572205 ], [ 98058.4087999984622, 167486.300900001078844 ], [ 98058.537699997425079, 167508.989399999380112 ], [ 98064.467600002884865, 167526.521299999207258 ], [ 98076.585299998521805, 167558.104699999094009 ], [ 98082.386399999260902, 167574.089699998497963 ] ] ] } },
{ "type": "Feature", "properties": { "GEMID": "066", "PLANID": "066-D-001", "NR": "77", "IDWIJZIGIN": "066-00001", "TYPE": "A", "TYPE_LABEL": "Afschaffing", "DATUM": "1858-11-03T01:00:00", "LINK": "https://geodiensten.oost-vlaanderen.be/Bijlagen/Wijzigingen/066-00001-05.pdf", "CEVI_OID": 3059, "GEMEENTE": "Etikhove" }, "geometry": { "type": "MultiLineString", "coordinates": [ [ [ 98140.525499999523163, 167564.808100000023842 ], [ 98139.880999997258186, 167562.100999999791384 ], [ 98139.365299999713898, 167559.909499999135733 ], [ 98133.177599996328354, 167546.373700000345707 ], [ 98119.899700000882149, 167519.560100000351667 ], [ 98112.035999998450279, 167502.285900000482798 ], [ 98100.17620000243187, 167470.831500001251698 ], [ 98093.988399997353554, 167453.815200001001358 ] ] ] } },
{ "type": "Feature", "properties": { "GEMID": "066", "PLANID": "066-D-001", "NR": "76", "IDWIJZIGIN": "066-00001", "TYPE": "A", "TYPE_LABEL": "Afschaffing", "DATUM": "1858-11-03T01:00:00", "LINK": "https://geodiensten.oost-vlaanderen.be/Bijlagen/Wijzigingen/066-00001-05.pdf", "CEVI_OID": 3060, "GEMEENTE": "Etikhove" }, "geometry": { "type": "MultiLineString", "coordinates": [ [ [ 97973.456000000238419, 167386.136500000953674 ], [ 98004.781499996781349, 167393.613400001078844 ], [ 98014.063199996948242, 167398.383099999278784 ], [ 98045.646499998867512, 167420.942699998617172 ], [ 98074.651699997484684, 167440.9239999987185 ], [ 98093.988399997353554, 167453.815200001001358 ], [ 98094.761900000274181, 167452.139299999922514 ], [ 98103.270099997520447, 167455.49100000038743 ], [ 98192.992600001394749, 167493.004299998283386 ], [ 98207.817400000989437, 167500.481199998408556 ], [ 98207.559600003063679, 167502.157000001519918 ] ] ] } },
{ "type": "Feature", "properties": { "GEMID": "066", "PLANID": "066-D-001", "NR": "108", "IDWIJZIGIN": "066-00001", "TYPE": "A", "TYPE_LABEL": "Afschaffing", "DATUM": "1858-11-03T01:00:00", "LINK": "https://geodiensten.oost-vlaanderen.be/Bijlagen/Wijzigingen/066-00001-05.pdf", "CEVI_OID": 3061, "GEMEENTE": "Etikhove" }, "geometry": { "type": "MultiLineString", "coordinates": [ [ [ 98094.761900000274181, 167452.139299999922514 ], [ 98103.656800001859665, 167438.861400000751019 ], [ 98125.700699999928474, 167407.149099998176098 ], [ 98145.681999996304512, 167377.886199999600649 ], [ 98146.971100002527237, 167375.952500000596046 ], [ 98147.744599997997284, 167372.987500000745058 ], [ 98189.898699998855591, 167353.135200001299381 ], [ 98179.456900000572205, 167341.662000000476837 ], [ 98169.788500003516674, 167328.255199998617172 ], [ 98162.698299996554852, 167310.852099999785423 ], [ 98155.86599999666214, 167294.738200001418591 ], [ 98150.967399999499321, 167270.3739 ], [ 98146.45549999922514, 167249.747999999672174 ], [ 98138.462899997830391, 167220.614000000059605 ], [ 98162.569399997591972, 167195.218400001525879 ], [ 98185.902400001883507, 167171.111900001764297 ], [ 98211.169100001454353, 167145.071699999272823 ] ] ] } },
{ "type": "Feature", "properties": { "GEMID": "066", "PLANID": "066-D-001", "NR": "78", "IDWIJZIGIN": "066-00044", "TYPE": "A", "TYPE_LABEL": "Afschaffing", "DATUM": "1979-11-30T01:00:00", "LINK": "https://geodiensten.oost-vlaanderen.be/Bijlagen/Wijzigingen/066-00044-01.pdf", "CEVI_OID": 3062, "GEMEENTE": "Etikhove" }, "geometry": { "type": "MultiLineString", "coordinates": [ [ [ 98378.109700001776218, 167295.640500001609325 ], [ 98376.562799997627735, 167300.668099999427795 ], [ 98368.699199996888638, 167326.966099999845028 ], [ 98359.675399996340275, 167361.772199999541044 ], [ 98349.233499996364117, 167390.648400001227856 ], [ 98342.530100002884865, 167408.309300001710653 ], [ 98335.826700001955032, 167445.178100001066923 ], [ 98333.635200001299381, 167460.131799999624491 ], [ 98331.959399998188019, 167472.507399998605251 ] ] ] } },
{ "type": "Feature", "properties": { "GEMID": "066", "PLANID": "066-D-001", "NR": "106", "IDWIJZIGIN": "066-00021", "TYPE": "A", "TYPE_LABEL": "Afschaffing", "DATUM": "1948-07-20T01:00:00", "LINK": "https://geodiensten.oost-vlaanderen.be/Bijlagen/Wijzigingen/066-00021-01.pdf", "CEVI_OID": 3063, "GEMEENTE": "Etikhove" }, "geometry": { "type": "MultiLineString", "coordinates": [ [ [ 98514.884999997913837, 167387.16780000180006 ], [ 98505.990099996328354, 167379.304200001060963 ], [ 98491.423100002110004, 167360.096400000154972 ], [ 98464.867299996316433, 167324.258900001645088 ], [ 98445.659400001168251, 167298.734400000423193 ], [ 98412.915899999439716, 167254.259899999946356 ], [ 98401.184900000691414, 167237.888099998235703 ] ] ] } },
{ "type": "Feature", "properties": { "GEMID": "066", "PLANID": "066-D-001", "NR": "75", "IDWIJZIGIN": "066-00036", "TYPE": "V", "TYPE_LABEL": "Verklaring/erkenning", "DATUM": "1961-01-20T01:00:00", "LINK": "https://geodiensten.oost-vlaanderen.be/Bijlagen/Wijzigingen/066-00036-01.pdf", "CEVI_OID": 3064, "GEMEENTE": "Etikhove" }, "geometry": { "type": "MultiLineString", "coordinates": [ [ [ 97529.35530000180006, 167802.134500000625849 ], [ 97561.841099999845028, 167783.957899998873472 ], [ 97584.916199997067451, 167772.227000001817942 ], [ 97602.319300003349781, 167762.043000001460314 ], [ 97614.82379999756813, 167754.179299999028444 ], [ 97619.464599996805191, 167749.280699998140335 ], [ 97622.429499998688698, 167742.835099998861551 ], [ 97627.586000002920628, 167731.619800001382828 ], [ 97638.285700000822544, 167727.236800000071526 ], [ 97665.228200003504753, 167722.596000000834465 ], [ 97683.01799999922514, 167709.575899999588728 ], [ 97683.01799999922514, 167706.095300000160933 ], [ 97681.600000001490116, 167701.71229999884963 ] ] ] } },
{ "type": "Feature", "properties": { "GEMID": "066", "PLANID": "066-D-002", "NR": "10bis", "IDWIJZIGIN": "066-00002", "TYPE": "A", "TYPE_LABEL": "Afschaffing", "DATUM": "1858-11-03T01:00:00", "LINK": "https://geodiensten.oost-vlaanderen.be/Bijlagen/Wijzigingen/066-00002-01.pdf", "CEVI_OID": 3065, "GEMEENTE": "Etikhove" }, "geometry": { "type": "MultiLineString", "coordinates": [ [ [ 96712.184299997985363, 168462.162200000137091 ], [ 96719.016599997878075, 168469.896899998188019 ], [ 96728.298199996352196, 168476.729200001806021 ], [ 96739.126800000667572, 168485.237399999052286 ], [ 96764.13570000231266, 168502.253699999302626 ], [ 96778.831600002944469, 168512.437800001353025 ] ] ] } },
{ "type": "Feature", "properties": { "GEMID": "066", "PLANID": "066-D-002", "NR": "10bis", "IDWIJZIGIN": "066-00002", "TYPE": "S", "TYPE_LABEL": "Versmalling", "DATUM": "1858-11-03T01:00:00", "LINK": "https://geodiensten.oost-vlaanderen.be/Bijlagen/Wijzigingen/066-00002-01.pdf", "CEVI_OID": 3066, "GEMEENTE": "Etikhove" }, "geometry": { "type": "MultiLineString", "coordinates": [ [ [ 96590.749499998986721, 168327.449499998241663 ], [ 96600.933499999344349, 168338.14919999986887 ], [ 96609.054899998009205, 168345.110399998724461 ], [ 96633.161399997770786, 168366.122999999672174 ], [ 96659.072700001299381, 168391.9054000005126 ], [ 96672.479500003159046, 168409.695199999958277 ], [ 96692.718599997460842, 168438.055700000375509 ], [ 96695.8125, 168442.309799998998642 ], [ 96710.121699996292591, 168459.97069999948144 ], [ 96712.184299997985363, 168462.162200000137091 ] ] ] } },
{ "type": "Feature", "properties": { "GEMID": "066", "PLANID": "066-D-002", "NR": "14", "IDWIJZIGIN": "066-00045", "TYPE": "A", "TYPE_LABEL": "Afschaffing", "DATUM": "1982-07-09T02:00:00", "LINK": "https://geodiensten.oost-vlaanderen.be/Bijlagen/Wijzigingen/066-00045-01.pdf", "CEVI_OID": 3067, "GEMEENTE": "Etikhove" }, "geometry": { "type": "MultiLineString", "coordinates": [ [ [ 96637.544399999082088, 168151.227299999445677 ], [ 96649.146499998867512, 168156.641600001603365 ], [ 96669.12780000269413, 168166.825599998235703 ], [ 96730.231899999082088, 168203.049800001084805 ] ] ] } },
{ "type": "Feature", "properties": { "GEMID": "066", "PLANID": "066-D-002", "NR": "0", "IDWIJZIGIN": "066-00045", "TYPE": "N", "TYPE_LABEL": "Nieuwe weg", "DATUM": "1982-07-09T02:00:00", "LINK": "https://geodiensten.oost-vlaanderen.be/Bijlagen/Wijzigingen/066-00045-01.pdf", "CEVI_OID": 3068, "GEMEENTE": "Etikhove" }, "geometry": { "type": "MultiLineString", "coordinates": [ [ [ 96790.304700002074242, 168126.734099999070168 ], [ 96771.354699999094009, 168119.772799998521805 ], [ 96748.408399999141693, 168115.518699999898672 ], [ 96732.036700002849102, 168115.131999999284744 ], [ 96710.637299999594688, 168120.030699998140335 ], [ 96686.659800000488758, 168129.570099998265505 ], [ 96661.779799997806549, 168139.496300000697374 ], [ 96637.544399999082088, 168151.227299999445677 ], [ 96607.250200003385544, 168164.118400000035763 ], [ 96570.510300002992153, 168179.45890000090003 ], [ 96506.441200003027916, 168209.108600001782179 ], [ 96448.688799999654293, 168233.988600000739098 ] ] ] } },
{ "type": "Feature", "properties": { "GEMID": "066", "PLANID": "066-D-002", "NR": "117", "IDWIJZIGIN": "066-00022", "TYPE": "A", "TYPE_LABEL": "Afschaffing", "DATUM": "1948-07-20T01:00:00", "LINK": "https://geodiensten.oost-vlaanderen.be/Bijlagen/Wijzigingen/066-00022-01.pdf", "CEVI_OID": 3069, "GEMEENTE": "Etikhove" }, "geometry": { "type": "MultiLineString", "coordinates": [ [ [ 96342.078900001943111, 168139.367400001734495 ], [ 96360.384300000965595, 168156.770500000566244 ], [ 96399.960199996829033, 168191.57660000026226 ], [ 96428.578599996864796, 168217.230000000447035 ], [ 96432.059199996292591, 168218.390299998223782 ], [ 96446.368400000035763, 168229.992300000041723 ], [ 96448.688799999654293, 168233.988600000739098 ], [ 96446.626199997961521, 168243.785900000482798 ] ] ] } },
{ "type": "Feature", "properties": { "GEMID": "066", "PLANID": "066-D-002", "NR": "99", "IDWIJZIGIN": "066-00002", "TYPE": "A", "TYPE_LABEL": "Afschaffing", "DATUM": "1858-11-03T01:00:00", "LINK": "https://geodiensten.oost-vlaanderen.be/Bijlagen/Wijzigingen/066-00002-01.pdf", "CEVI_OID": 3070, "GEMEENTE": "Etikhove" }, "geometry": { "type": "MultiLineString", "coordinates": [ [ [ 96477.049400001764297, 167804.3260000012815 ], [ 96481.30349999666214, 167803.9391999989748 ], [ 96540.731700003147125, 167845.448800001293421 ], [ 96576.05349999666214, 167870.973299998790026 ], [ 96618.981100000441074, 167901.267599999904633 ], [ 96652.755999997258186, 167924.600600000470877 ], [ 96671.319300003349781, 167937.878499999642372 ], [ 96687.690999999642372, 167964.434300001710653 ], [ 96721.208099998533726, 168019.221700001507998 ], [ 96745.701300002634525, 168057.895199999213219 ], [ 96766.198299996554852, 168089.736400000751019 ], [ 96790.304700002074242, 168126.734099999070168 ] ] ] } },
{ "type": "Feature", "properties": { "GEMID": "066", "PLANID": "066-D-002", "NR": "33", "IDWIJZIGIN": "066-00025", "TYPE": "PN", "TYPE_LABEL": "Nieuw deel bij verplaatsing", "DATUM": "1951-12-28T01:00:00", "LINK": "https://geodiensten.oost-vlaanderen.be/Bijlagen/Wijzigingen/066-00025-01.pdf", "CEVI_OID": 3071, "GEMEENTE": "Etikhove" }, "geometry": { "type": "MultiLineString", "coordinates": [ [ [ 96423.808899998664856, 167891.98589999973774 ], [ 96428.707500003278255, 167884.895799998193979 ], [ 96448.946599997580051, 167849.316199999302626 ], [ 96466.091899998486042, 167817.475000001490116 ], [ 96474.729000002145767, 167801.8766999989748 ] ] ] } },
{ "type": "Feature", "properties": { "GEMID": "066", "PLANID": "066-D-002", "NR": "33", "IDWIJZIGIN": "066-00025", "TYPE": "PA", "TYPE_LABEL": "Deels afgeschaft bij verplaatsing", "DATUM": "1951-12-28T01:00:00", "LINK": "https://geodiensten.oost-vlaanderen.be/Bijlagen/Wijzigingen/066-00025-01.pdf", "CEVI_OID": 3072, "GEMEENTE": "Etikhove" }, "geometry": { "type": "MultiLineString", "coordinates": [ [ [ 96423.808899998664856, 167891.98589999973774 ], [ 96411.304399996995926, 167825.854200001806021 ], [ 96397.381999999284744, 167747.991599999368191 ] ] ] } },
{ "type": "Feature", "properties": { "GEMID": "066", "PLANID": "066-D-002", "NR": "118", "IDWIJZIGIN": "066-00002", "TYPE": "A", "TYPE_LABEL": "Afschaffing", "DATUM": "1858-11-03T01:00:00", "LINK": "https://geodiensten.oost-vlaanderen.be/Bijlagen/Wijzigingen/066-00002-01.pdf", "CEVI_OID": 3073, "GEMEENTE": "Etikhove" }, "geometry": { "type": "MultiLineString", "coordinates": [ [ [ 96530.676600001752377, 168069.110500000417233 ], [ 96523.973200000822544, 168069.626200001686811 ], [ 96496.128300003707409, 168061.118000000715256 ], [ 96492.518799997866154, 168057.76630000025034 ], [ 96466.220799997448921, 168042.812600001692772 ], [ 96460.419799998402596, 168040.621100001037121 ], [ 96430.641199998557568, 168023.733600001782179 ], [ 96408.597300000488758, 168009.166600000113249 ], [ 96380.494499996304512, 167990.087699998170137 ], [ 96378.174099996685982, 167987.251600001007318 ], [ 96373.79110000282526, 167983.771000001579523 ], [ 96337.824799999594688, 167958.504299998283386 ], [ 96310.882200002670288, 167939.296500001102686 ], [ 96269.630500003695488, 167910.033500000834465 ], [ 96228.507700003683567, 167882.962099999189377 ], [ 96182.228399999439716, 167851.120900001376867 ], [ 96099.209299996495247, 167797.235800001770258 ] ] ] } },
{ "type": "Feature", "properties": { "GEMID": "066", "PLANID": "066-D-002", "NR": "118", "IDWIJZIGIN": "066-00002", "TYPE": "A", "TYPE_LABEL": "Afschaffing", "DATUM": "1858-11-03T01:00:00", "LINK": "https://geodiensten.oost-vlaanderen.be/Bijlagen/Wijzigingen/066-00002-01.pdf", "CEVI_OID": 3074, "GEMEENTE": "Etikhove" }, "geometry": { "type": "MultiLineString", "coordinates": [ [ [ 96099.209299996495247, 167802.778999999165535 ], [ 96079.614699997007847, 167786.922899998724461 ], [ 96040.683399997651577, 167754.566100001335144 ], [ 96039.781000003218651, 167755.59739999845624 ] ] ] } },
{ "type": "Feature", "properties": { "GEMID": "066", "PLANID": "066-D-002", "NR": "101", "IDWIJZIGIN": "066-00050", "TYPE": "A", "TYPE_LABEL": "Afschaffing", "DATUM": "1988-12-22T01:00:00", "LINK": "https://geodiensten.oost-vlaanderen.be/Bijlagen/Wijzigingen/066-00050-01.pdf", "CEVI_OID": 3075, "GEMEENTE": "Etikhove" }, "geometry": { "type": "MultiLineString", "coordinates": [ [ [ 95741.479400001466274, 167630.424100000411272 ], [ 95763.007700003683567, 167643.959899999201298 ], [ 95813.927799999713898, 167678.637099999934435 ], [ 95855.308399997651577, 167706.224199999123812 ], [ 95856.984300002455711, 167706.224199999123812 ] ] ] } },
{ "type": "Feature", "properties": { "GEMID": "066", "PLANID": "066-D-002", "NR": "14", "IDWIJZIGIN": "066-00033", "TYPE": "B", "TYPE_LABEL": "Verbreding", "DATUM": "1958-12-30T01:00:00", "LINK": "https://geodiensten.oost-vlaanderen.be/Bijlagen/Wijzigingen/066-00033-01.pdf", "CEVI_OID": 3076, "GEMEENTE": "Etikhove" }, "geometry": { "type": "MultiLineString", "coordinates": [ [ [ 96038.105200000107288, 167471.605000000447035 ], [ 96050.609600000083447, 167480.628800000995398 ], [ 96097.017800003290176, 167514.919300001114607 ] ] ] } },
{ "type": "Feature", "properties": { "GEMID": "066", "PLANID": "066-D-002", "NR": "115", "IDWIJZIGIN": "066-00022", "TYPE": "A", "TYPE_LABEL": "Afschaffing", "DATUM": "1948-07-20T01:00:00", "LINK": "https://geodiensten.oost-vlaanderen.be/Bijlagen/Wijzigingen/066-00022-01.pdf", "CEVI_OID": 3077, "GEMEENTE": "Etikhove" }, "geometry": { "type": "MultiLineString", "coordinates": [ [ [ 96931.8496999964118, 167428.161699999123812 ], [ 96976.711000002920628, 167423.263099998235703 ], [ 97009.712399996817112, 167419.00899999961257 ], [ 97036.010399997234344, 167415.915100000798702 ], [ 97037.943999998271465, 167418.106600001454353 ] ] ] } },
{ "type": "Feature", "properties": { "GEMID": "066", "PLANID": "066-D-002", "NR": "0", "IDWIJZIGIN": "066-00007", "TYPE": "N", "TYPE_LABEL": "Nieuwe weg", "DATUM": "1889-09-20T01:00:00", "LINK": "https://geodiensten.oost-vlaanderen.be/Bijlagen/Wijzigingen/066-00007-01.pdf", "CEVI_OID": 3078, "GEMEENTE": "Etikhove" }, "geometry": { "type": "MultiLineString", "coordinates": [ [ [ 96692.718599997460842, 168438.055700000375509 ], [ 96653.142700001597404, 168583.725900001823902 ] ] ] } },
{ "type": "Feature", "properties": { "GEMID": "066", "PLANID": "066-D-003", "NR": "1", "IDWIJZIGIN": "066-00028", "TYPE": "B", "TYPE_LABEL": "Verbreding", "DATUM": "1953-09-18T01:00:00", "LINK": "https://geodiensten.oost-vlaanderen.be/Bijlagen/Wijzigingen/066-00028-01.pdf", "CEVI_OID": 3079, "GEMEENTE": "Etikhove" }, "geometry": { "type": "MultiLineString", "coordinates": [ [ [ 95714.407999999821186, 167377.75730000063777 ], [ 95715.439300000667572, 167384.84739999845624 ], [ 95713.3766999989748, 167398.125300001353025 ] ] ] } },
{ "type": "Feature", "properties": { "GEMID": "066", "PLANID": "066-D-003", "NR": "14", "IDWIJZIGIN": "066-00028", "TYPE": "B", "TYPE_LABEL": "Verbreding", "DATUM": "1953-09-18T01:00:00", "LINK": "https://geodiensten.oost-vlaanderen.be/Bijlagen/Wijzigingen/066-00028-01.pdf", "CEVI_OID": 3080, "GEMEENTE": "Etikhove" }, "geometry": { "type": "MultiLineString", "coordinates": [ [ [ 95713.3766999989748, 167398.125300001353025 ], [ 95721.498099997639656, 167396.449499998241663 ], [ 95729.877400003373623, 167392.453200001269579 ], [ 95737.8699000030756, 167385.363099999725819 ], [ 95739.932499997317791, 167383.171599999070168 ] ] ] } },
{ "type": "Feature", "properties": { "GEMID": "066", "PLANID": "066-D-003", "NR": "0", "IDWIJZIGIN": "066-00052", "TYPE": "V", "TYPE_LABEL": "Verklaring/erkenning", "DATUM": "1988-07-20T02:00:00", "LINK": "https://geodiensten.oost-vlaanderen.be/Bijlagen/Wijzigingen/066-00052-01.pdf", "CEVI_OID": 3081, "GEMEENTE": "Etikhove" }, "geometry": { "type": "MultiLineString", "coordinates": [ [ [ 95876.192100003361702, 167316.395300000905991 ], [ 95880.575099997222424, 167313.559300001710653 ], [ 95908.935699999332428, 167283.522900000214577 ] ] ] } },
{ "type": "Feature", "properties": { "GEMID": "066", "PLANID": "066-D-003", "NR": "68", "IDWIJZIGIN": "066-00047", "TYPE": "PA", "TYPE_LABEL": "Deels afgeschaft bij verplaatsing", "DATUM": "1984-06-15T02:00:00", "LINK": "https://geodiensten.oost-vlaanderen.be/Bijlagen/Wijzigingen/066-00047-01.pdf", "CEVI_OID": 3082, "GEMEENTE": "Etikhove" }, "geometry": { "type": "MultiLineString", "coordinates": [ [ [ 95818.3108000010252, 167245.7516999989748 ], [ 95833.006700001657009, 167260.318799998611212 ], [ 95853.374700002372265, 167282.104800000786781 ], [ 95862.656400002539158, 167293.964699998497963 ], [ 95874.000600002706051, 167309.047400001436472 ], [ 95876.192100003361702, 167316.395300000905991 ] ] ] } },
{ "type": "Feature", "properties": { "GEMID": "066", "PLANID": "066-D-003", "NR": "70", "IDWIJZIGIN": "066-00054", "TYPE": "PA", "TYPE_LABEL": "Deels afgeschaft bij verplaatsing", "DATUM": "1999-07-15T02:00:00", "LINK": "https://geodiensten.oost-vlaanderen.be/Bijlagen/Wijzigingen/066-00054-01.pdf", "CEVI_OID": 3083, "GEMEENTE": "Etikhove" }, "geometry": { "type": "MultiLineString", "coordinates": [ [ [ 95887.278499998152256, 167174.463599998503923 ], [ 95857.113200001418591, 167205.144600000232458 ], [ 95818.3108000010252, 167245.7516999989748 ] ] ] } },
{ "type": "Feature", "properties": { "GEMID": "066", "PLANID": "066-D-003", "NR": "70", "IDWIJZIGIN": "066-00054", "TYPE": "PN", "TYPE_LABEL": "Nieuw deel bij verplaatsing", "DATUM": "1999-07-15T02:00:00", "LINK": "https://geodiensten.oost-vlaanderen.be/Bijlagen/Wijzigingen/066-00054-01.pdf", "CEVI_OID": 3084, "GEMEENTE": "Etikhove" }, "geometry": { "type": "MultiLineString", "coordinates": [ [ [ 95887.278499998152256, 167174.463599998503923 ], [ 95867.812899999320507, 167158.09180000051856 ], [ 95800.778800003230572, 167229.508900001645088 ] ] ] } },
{ "type": "Feature", "properties": { "GEMID": "066", "PLANID": "066-D-003", "NR": "69", "IDWIJZIGIN": "066-00044", "TYPE": "A", "TYPE_LABEL": "Afschaffing", "DATUM": "1979-11-30T01:00:00", "LINK": "https://geodiensten.oost-vlaanderen.be/Bijlagen/Wijzigingen/066-00044-04.pdf", "CEVI_OID": 3085, "GEMEENTE": "Etikhove" }, "geometry": { "type": "MultiLineString", "coordinates": [ [ [ 96220.644100002944469, 166989.604299999773502 ], [ 96182.744099996984005, 167025.054999999701977 ], [ 96138.269500002264977, 167067.080200001597404 ], [ 96119.061700001358986, 167084.483199998736382 ] ] ] } },
{ "type": "Feature", "properties": { "GEMID": "066", "PLANID": "066-D-003", "NR": "15", "IDWIJZIGIN": "066-00010", "TYPE": "B", "TYPE_LABEL": "Verbreding", "DATUM": "1899-09-08T01:00:00", "LINK": "https://geodiensten.oost-vlaanderen.be/Bijlagen/Wijzigingen/066-00010-01.pdf", "CEVI_OID": 3086, "GEMEENTE": "Etikhove" }, "geometry": { "type": "MultiLineString", "coordinates": [ [ [ 96014.127599999308586, 166852.957899998873472 ], [ 96017.9949000030756, 166861.981699999421835 ], [ 96027.792199999094009, 166874.357200000435114 ], [ 96036.815999999642372, 166882.994300000369549 ], [ 96056.023900002241135, 166896.014400001615286 ], [ 96086.962700001895428, 166910.323600001633167 ], [ 96112.358300000429153, 166922.441300000995398 ], [ 96133.370899997651577, 166932.496399998664856 ], [ 96166.6300999969244, 166953.12220000103116 ], [ 96197.697800002992153, 166972.71680000051856 ], [ 96217.034599997103214, 166987.2837999984622 ], [ 96220.644100002944469, 166989.604299999773502 ] ] ] } },
{ "type": "Feature", "properties": { "GEMID": "066", "PLANID": "066-D-003", "NR": "15", "IDWIJZIGIN": "066-00010", "TYPE": "PN", "TYPE_LABEL": "Nieuw deel bij verplaatsing", "DATUM": "1899-09-08T01:00:00", "LINK": "https://geodiensten.oost-vlaanderen.be/Bijlagen/Wijzigingen/066-00010-01.pdf", "CEVI_OID": 3087, "GEMEENTE": "Etikhove" }, "geometry": { "type": "MultiLineString", "coordinates": [ [ [ 96014.127599999308586, 166852.957899998873472 ], [ 96056.152800001204014, 166810.288100000470877 ] ] ] } },
{ "type": "Feature", "properties": { "GEMID": "066", "PLANID": "066-D-003", "NR": "15", "IDWIJZIGIN": "066-00010", "TYPE": "PN", "TYPE_LABEL": "Nieuw deel bij verplaatsing", "DATUM": "1899-09-08T01:00:00", "LINK": "https://geodiensten.oost-vlaanderen.be/Bijlagen/Wijzigingen/066-00010-01.pdf", "CEVI_OID": 3088, "GEMEENTE": "Etikhove" }, "geometry": { "type": "MultiLineString", "coordinates": [ [ [ 96056.152800001204014, 166810.288100000470877 ], [ 96106.815099999308586, 166759.110199999064207 ] ] ] } },
{ "type": "Feature", "properties": { "GEMID": "066", "PLANID": "066-D-003", "NR": "15", "IDWIJZIGIN": "066-00010", "TYPE": "PA", "TYPE_LABEL": "Deels afgeschaft bij verplaatsing", "DATUM": "1899-09-08T01:00:00", "LINK": "https://geodiensten.oost-vlaanderen.be/Bijlagen/Wijzigingen/066-00010-01.pdf", "CEVI_OID": 3089, "GEMEENTE": "Etikhove" }, "geometry": { "type": "MultiLineString", "coordinates": [ [ [ 96106.815099999308586, 166759.110199999064207 ], [ 96097.791299998760223, 166779.220400001853704 ], [ 96085.544699996709824, 166794.045299999415874 ], [ 96071.75110000371933, 166809.6435999982059 ], [ 96062.598399996757507, 166810.545899998396635 ], [ 96056.152800001204014, 166810.288100000470877 ] ] ] } },
{ "type": "Feature", "properties": { "GEMID": "066", "PLANID": "066-D-003", "NR": "15", "IDWIJZIGIN": "066-00010", "TYPE": "PA", "TYPE_LABEL": "Deels afgeschaft bij verplaatsing", "DATUM": "1899-09-08T01:00:00", "LINK": "https://geodiensten.oost-vlaanderen.be/Bijlagen/Wijzigingen/066-00010-01.pdf", "CEVI_OID": 3090, "GEMEENTE": "Etikhove" }, "geometry": { "type": "MultiLineString", "coordinates": [ [ [ 96056.152800001204014, 166810.288100000470877 ], [ 96042.488200001418591, 166809.6435999982059 ], [ 96029.081299997866154, 166810.932700000703335 ], [ 96019.413000002503395, 166819.311900001019239 ], [ 96016.190200001001358, 166824.468400001525879 ], [ 96015.158900000154972, 166836.714999999850988 ], [ 96014.127599999308586, 166852.957899998873472 ] ] ] } },
{ "type": "Feature", "properties": { "GEMID": "066", "PLANID": "066-D-003", "NR": "34", "IDWIJZIGIN": "066-00010", "TYPE": "B", "TYPE_LABEL": "Verbreding", "DATUM": "1899-09-08T01:00:00", "LINK": "https://geodiensten.oost-vlaanderen.be/Bijlagen/Wijzigingen/066-00010-01.pdf", "CEVI_OID": 3091, "GEMEENTE": "Etikhove" }, "geometry": { "type": "MultiLineString", "coordinates": [ [ [ 95911.642800003290176, 166960.341299999505281 ], [ 95924.662900000810623, 166949.125999998301268 ], [ 95969.781999997794628, 166906.069499999284744 ], [ 95977.645599998533726, 166898.463700000196695 ], [ 95986.927199997007847, 166885.1858000010252 ], [ 95994.661899998784065, 166872.552499998360872 ], [ 96001.623199999332428, 166861.981699999421835 ], [ 96014.127599999308586, 166852.957899998873472 ] ] ] } },
{ "type": "Feature", "properties": { "GEMID": "066", "PLANID": "066-D-003", "NR": "15", "IDWIJZIGIN": "066-00010", "TYPE": "B", "TYPE_LABEL": "Verbreding", "DATUM": "1899-09-08T01:00:00", "LINK": "https://geodiensten.oost-vlaanderen.be/Bijlagen/Wijzigingen/066-00010-01.pdf", "CEVI_OID": 3092, "GEMEENTE": "Etikhove" }, "geometry": { "type": "MultiLineString", "coordinates": [ [ [ 96187.771600000560284, 166679.313900001347065 ], [ 96177.974299997091293, 166688.724399998784065 ], [ 96165.340999998152256, 166696.459100000560284 ], [ 96155.672600001096725, 166704.580600000917912 ], [ 96133.886500000953674, 166726.108800001442432 ], [ 96111.584799997508526, 166750.473099999129772 ], [ 96106.815099999308586, 166759.110199999064207 ] ] ] } },
{ "type": "Feature", "properties": { "GEMID": "066", "PLANID": "066-D-003", "NR": "15", "IDWIJZIGIN": "066-00010", "TYPE": "PN", "TYPE_LABEL": "Nieuw deel bij verplaatsing", "DATUM": "1899-09-08T01:00:00", "LINK": "https://geodiensten.oost-vlaanderen.be/Bijlagen/Wijzigingen/066-00010-01.pdf", "CEVI_OID": 3093, "GEMEENTE": "Etikhove" }, "geometry": { "type": "MultiLineString", "coordinates": [ [ [ 96187.771600000560284, 166679.313900001347065 ], [ 96281.103699997067451, 166591.524999998509884 ] ] ] } },
{ "type": "Feature", "properties": { "GEMID": "066", "PLANID": "066-D-003", "NR": "15", "IDWIJZIGIN": "066-00010", "TYPE": "PA", "TYPE_LABEL": "Deels afgeschaft bij verplaatsing", "DATUM": "1899-09-08T01:00:00", "LINK": "https://geodiensten.oost-vlaanderen.be/Bijlagen/Wijzigingen/066-00010-01.pdf", "CEVI_OID": 3094, "GEMEENTE": "Etikhove" }, "geometry": { "type": "MultiLineString", "coordinates": [ [ [ 96281.103699997067451, 166591.524999998509884 ], [ 96257.383900001645088, 166602.35359999909997 ], [ 96238.176100000739098, 166612.795499999076128 ], [ 96226.187299996614456, 166619.756700001657009 ], [ 96212.393700003623962, 166632.905699998140335 ], [ 96204.659000001847744, 166643.089699998497963 ], [ 96196.537600003182888, 166656.883200000971556 ], [ 96192.283500000834465, 166665.004700001329184 ], [ 96187.771600000560284, 166679.313900001347065 ] ] ] } },
{ "type": "Feature", "properties": { "GEMID": "066", "PLANID": "066-D-003", "NR": "123", "IDWIJZIGIN": "066-00017", "TYPE": "A", "TYPE_LABEL": "Afschaffing", "DATUM": "1934-06-19T01:00:00", "LINK": "https://geodiensten.oost-vlaanderen.be/Bijlagen/Wijzigingen/066-00017-03.pdf", "CEVI_OID": 3095, "GEMEENTE": "Etikhove" }, "geometry": { "type": "MultiLineString", "coordinates": [ [ [ 96425.355800002813339, 166588.817899998277426 ], [ 96453.974200002849102, 166648.246199999004602 ], [ 96475.631399996578693, 166692.462900001555681 ], [ 96496.386100001633167, 166736.937399998307228 ], [ 96514.820500001311302, 166775.868700001388788 ] ] ] } },
{ "type": "Feature", "properties": { "GEMID": "066", "PLANID": "066-D-003", "NR": "72", "IDWIJZIGIN": "066-00001", "TYPE": "A", "TYPE_LABEL": "Afschaffing", "DATUM": "1858-11-03T01:00:00", "LINK": "https://geodiensten.oost-vlaanderen.be/Bijlagen/Wijzigingen/066-00001-04.pdf", "CEVI_OID": 3096, "GEMEENTE": "Etikhove" }, "geometry": { "type": "MultiLineString", "coordinates": [ [ [ 96824.466300003230572, 166379.852099999785423 ], [ 96798.039399996399879, 166403.571800000965595 ], [ 96764.651299998164177, 166432.447999998927116 ], [ 96759.494800001382828, 166427.807199999690056 ], [ 96708.961499996483326, 166470.348099999129772 ], [ 96670.545800000429153, 166502.962699998170137 ], [ 96669.772299997508526, 166515.725000001490116 ], [ 96665.518200002610683, 166526.166799999773502 ], [ 96660.361800000071526, 166540.733800001442432 ], [ 96657.654600001871586, 166549.886599998921156 ], [ 96648.759700000286102, 166566.645100001245737 ], [ 96635.481799997389317, 166587.399900000542402 ], [ 96631.743400000035763, 166593.845400001853704 ], [ 96626.844700001180172, 166602.224700000137091 ], [ 96620.39919999986887, 166617.178399998694658 ], [ 96616.145099997520447, 166628.651599999517202 ], [ 96612.793399997055531, 166641.671700000762939 ], [ 96609.570600003004074, 166662.426399998366833 ], [ 96607.250200003385544, 166672.99720000103116 ], [ 96606.605599999427795, 166685.888399999588728 ], [ 96596.163800001144409, 166722.370400000363588 ], [ 96593.456600002944469, 166735.777199998497963 ], [ 96587.526699997484684, 166760.399300001561642 ], [ 96582.112400002777576, 166786.568399999290705 ] ] ] } },
{ "type": "Feature", "properties": { "GEMID": "066", "PLANID": "066-D-003", "NR": "115", "IDWIJZIGIN": "066-00022", "TYPE": "A", "TYPE_LABEL": "Afschaffing", "DATUM": "1948-07-20T01:00:00", "LINK": "https://geodiensten.oost-vlaanderen.be/Bijlagen/Wijzigingen/066-00022-01.pdf", "CEVI_OID": 3097, "GEMEENTE": "Etikhove" }, "geometry": { "type": "MultiLineString", "coordinates": [ [ [ 96853.471500001847744, 167442.213100001215935 ], [ 96873.32379999756813, 167438.60359999909997 ], [ 96913.286499999463558, 167431.25560000166297 ] ] ] } },
{ "type": "Feature", "properties": { "GEMID": "066", "PLANID": "066-D-003", "NR": "87", "IDWIJZIGIN": "066-00001", "TYPE": "A", "TYPE_LABEL": "Afschaffing", "DATUM": "1858-11-03T01:00:00", "LINK": "https://geodiensten.oost-vlaanderen.be/Bijlagen/Wijzigingen/066-00001-04.pdf", "CEVI_OID": 3098, "GEMEENTE": "Etikhove" }, "geometry": { "type": "MultiLineString", "coordinates": [ [ [ 97216.744499996304512, 166342.081000000238419 ], [ 97228.991099998354912, 166374.824499998241663 ], [ 97237.241499997675419, 166397.513000000268221 ], [ 97244.718400001525879, 166416.720800001174212 ], [ 97249.101400002837181, 166449.206500001251698 ], [ 97251.034999996423721, 166464.675900001078844 ] ] ] } },
{ "type": "Feature", "properties": { "GEMID": "066", "PLANID": "066-D-003", "NR": "14", "IDWIJZIGIN": "066-00033", "TYPE": "B", "TYPE_LABEL": "Verbreding", "DATUM": "1958-12-30T01:00:00", "LINK": "https://geodiensten.oost-vlaanderen.be/Bijlagen/Wijzigingen/066-00033-01.pdf", "CEVI_OID": 3099, "GEMEENTE": "Etikhove" }, "geometry": { "type": "MultiLineString", "coordinates": [ [ [ 95798.973999999463558, 167345.400499999523163 ], [ 95801.552299998700619, 167342.951099999248981 ], [ 95811.220600001513958, 167334.185100000351667 ], [ 95826.947899997234344, 167331.864700000733137 ], [ 95848.347199998795986, 167327.868500001728535 ], [ 95869.48870000243187, 167323.87220000103116 ], [ 95875.805399999022484, 167329.802099999040365 ], [ 95895.915600001811981, 167351.974899999797344 ], [ 95909.322400003671646, 167365.381799999624491 ], [ 95931.752999998629093, 167386.394400000572205 ], [ 95946.062200002372265, 167400.187899999320507 ], [ 95962.820699997246265, 167412.821299999952316 ], [ 95994.017399996519089, 167437.314500000327826 ], [ 96031.143899999558926, 167468.124400001019239 ], [ 96063.887500002980232, 167494.293400000780821 ], [ 96086.318099997937679, 167511.309799998998642 ], [ 96095.728699997067451, 167512.598900001496077 ] ] ] } },
{ "type": "Feature", "properties": { "GEMID": "066", "PLANID": "066-D-004", "NR": "3", "IDWIJZIGIN": "066-00016", "TYPE": "B", "TYPE_LABEL": "Verbreding", "DATUM": "1925-09-11T01:00:00", "LINK": "https://geodiensten.oost-vlaanderen.be/Bijlagen/Wijzigingen/066-00016-01.pdf", "CEVI_OID": 3100, "GEMEENTE": "Etikhove" }, "geometry": { "type": "MultiLineString", "coordinates": [ [ [ 97671.673799999058247, 167221.645300000905991 ], [ 97698.358499996364117, 167202.566300000995398 ] ] ] } },
{ "type": "Feature", "properties": { "GEMID": "066", "PLANID": "066-D-004", "NR": "45", "IDWIJZIGIN": "066-00016", "TYPE": "B", "TYPE_LABEL": "Verbreding", "DATUM": "1925-09-11T01:00:00", "LINK": "https://geodiensten.oost-vlaanderen.be/Bijlagen/Wijzigingen/066-00016-01.pdf", "CEVI_OID": 3101, "GEMEENTE": "Etikhove" }, "geometry": { "type": "MultiLineString", "coordinates": [ [ [ 97687.529899999499321, 167174.721400000154972 ], [ 97687.529899999499321, 167184.9054000005126 ], [ 97690.4949000030756, 167195.347300000488758 ], [ 97698.358499996364117, 167202.566300000995398 ] ] ] } },
{ "type": "Feature", "properties": { "GEMID": "066", "PLANID": "066-D-004", "NR": "5", "IDWIJZIGIN": "066-00037", "TYPE": "B", "TYPE_LABEL": "Verbreding", "DATUM": "1961-12-08T01:00:00", "LINK": "https://geodiensten.oost-vlaanderen.be/Bijlagen/Wijzigingen/066-00037-01.pdf", "CEVI_OID": 3102, "GEMEENTE": "Etikhove" }, "geometry": { "type": "MultiLineString", "coordinates": [ [ [ 97600.514600001275539, 167260.963300000876188 ], [ 97581.177799999713898, 167223.83669999986887 ], [ 97579.373000003397465, 167217.520100001245737 ] ] ] } },
{ "type": "Feature", "properties": { "GEMID": "066", "PLANID": "066-D-004", "NR": "93", "IDWIJZIGIN": "066-00017", "TYPE": "A", "TYPE_LABEL": "Afschaffing", "DATUM": "1934-06-19T01:00:00", "LINK": "https://geodiensten.oost-vlaanderen.be/Bijlagen/Wijzigingen/066-00017-05.pdf", "CEVI_OID": 3103, "GEMEENTE": "Etikhove" }, "geometry": { "type": "MultiLineString", "coordinates": [ [ [ 97691.010499998927116, 167140.430900000035763 ], [ 97675.154399998486042, 167151.13060000166297 ], [ 97651.047899998724461, 167169.693799998611212 ], [ 97585.5608000010252, 167218.938099998980761 ] ] ] } },
{ "type": "Feature", "properties": { "GEMID": "066", "PLANID": "066-D-004", "NR": "5bis", "IDWIJZIGIN": "066-00023", "TYPE": "P", "TYPE_LABEL": "Verplaatsing", "DATUM": "1949-04-22T01:00:00", "LINK": "https://geodiensten.oost-vlaanderen.be/Bijlagen/Wijzigingen/066-00023-01.pdf", "CEVI_OID": 3104, "GEMEENTE": "Etikhove" }, "geometry": { "type": "MultiLineString", "coordinates": [ [ [ 97592.65089999884367, 167032.660700000822544 ], [ 97605.026500001549721, 167050.9662000015378 ] ] ] } },
{ "type": "Feature", "properties": { "GEMID": "066", "PLANID": "066-D-004", "NR": "87", "IDWIJZIGIN": "066-00001", "TYPE": "A", "TYPE_LABEL": "Afschaffing", "DATUM": "1858-11-03T01:00:00", "LINK": "https://geodiensten.oost-vlaanderen.be/Bijlagen/Wijzigingen/066-00001-02.pdf", "CEVI_OID": 3105, "GEMEENTE": "Etikhove" }, "geometry": { "type": "MultiLineString", "coordinates": [ [ [ 97359.707599997520447, 166803.842500001192093 ], [ 97376.852799996733665, 166824.726199999451637 ], [ 97403.795400001108646, 166859.145599998533726 ], [ 97451.363799996674061, 166918.831700000911951 ], [ 97472.891999997198582, 166947.192299999296665 ], [ 97491.970899999141693, 166970.39640000090003 ], [ 97531.031199999153614, 166952.219900000840425 ] ] ] } },
{ "type": "Feature", "properties": { "GEMID": "066", "PLANID": "066-D-004", "NR": "87", "IDWIJZIGIN": "066-00001", "TYPE": "A", "TYPE_LABEL": "Afschaffing", "DATUM": "1858-11-03T01:00:00", "LINK": "https://geodiensten.oost-vlaanderen.be/Bijlagen/Wijzigingen/066-00001-02.pdf", "CEVI_OID": 3106, "GEMEENTE": "Etikhove" }, "geometry": { "type": "MultiLineString", "coordinates": [ [ [ 97256.707099996507168, 166466.867400001734495 ], [ 97261.863600000739098, 166504.638599999248981 ], [ 97265.344200000166893, 166521.654899999499321 ], [ 97267.664599999785423, 166538.155600000172853 ], [ 97272.305500000715256, 166566.774000000208616 ], [ 97275.786100000143051, 166591.653900001198053 ], [ 97279.911200001835823, 166622.850600000470877 ], [ 97284.938799999654293, 166668.098600000143051 ], [ 97303.373199999332428, 166693.107400000095367 ], [ 97345.269500002264977, 166756.274099998176098 ], [ 97372.598700001835823, 166798.557199999690056 ] ] ] } },
{ "type": "Feature", "properties": { "GEMID": "066", "PLANID": "066-D-004", "NR": "67", "IDWIJZIGIN": "066-00017", "TYPE": "A", "TYPE_LABEL": "Afschaffing", "DATUM": "1934-06-19T01:00:00", "LINK": "https://geodiensten.oost-vlaanderen.be/Bijlagen/Wijzigingen/066-00017-07.pdf", "CEVI_OID": 3107, "GEMEENTE": "Etikhove" }, "geometry": { "type": "MultiLineString", "coordinates": [ [ [ 97260.832299999892712, 166782.443199999630451 ], [ 97233.374099999666214, 166801.393199998885393 ], [ 97139.6554000005126, 166868.040600001811981 ] ] ] } },
{ "type": "Feature", "properties": { "GEMID": "066", "PLANID": "066-D-004", "NR": "5bis", "IDWIJZIGIN": "066-00016", "TYPE": "B", "TYPE_LABEL": "Verbreding", "DATUM": "1925-09-11T01:00:00", "LINK": "https://geodiensten.oost-vlaanderen.be/Bijlagen/Wijzigingen/066-00016-01.pdf", "CEVI_OID": 3108, "GEMEENTE": "Etikhove" }, "geometry": { "type": "MultiLineString", "coordinates": [ [ [ 97508.858400002121925, 166794.947599999606609 ], [ 97510.792000003159046, 166818.538499999791384 ], [ 97523.425399996340275, 166908.389899998903275 ], [ 97528.195100001990795, 166946.289900001138449 ], [ 97531.031199999153614, 166952.219900000840425 ], [ 97541.601899996399879, 166966.142299998551607 ], [ 97586.076499998569489, 167022.863499999046326 ], [ 97592.65089999884367, 167032.660700000822544 ], [ 97605.026500001549721, 167050.9662000015378 ], [ 97610.956399999558926, 167059.861099999397993 ], [ 97629.906400002539158, 167083.322999998927116 ], [ 97641.76630000025034, 167098.147900000214577 ], [ 97664.841499999165535, 167101.112799998372793 ] ] ] } },
{ "type": "Feature", "properties": { "GEMID": "066", "PLANID": "066-D-004", "NR": "18", "IDWIJZIGIN": "066-00016", "TYPE": "B", "TYPE_LABEL": "Verbreding", "DATUM": "1925-09-11T01:00:00", "LINK": "https://geodiensten.oost-vlaanderen.be/Bijlagen/Wijzigingen/066-00016-01.pdf", "CEVI_OID": 3109, "GEMEENTE": "Etikhove" }, "geometry": { "type": "MultiLineString", "coordinates": [ [ [ 97426.999499998986721, 166561.230799999088049 ], [ 97432.284800000488758, 166567.547499999403954 ], [ 97452.523999996483326, 166607.1233000010252 ], [ 97461.547799997031689, 166645.410100001841784 ], [ 97464.770599998533726, 166655.078499998897314 ], [ 97476.372599996626377, 166678.927099999040365 ], [ 97487.587899997830391, 166701.486699998378754 ], [ 97496.611800000071526, 166738.484299998730421 ], [ 97508.858400002121925, 166794.947599999606609 ] ] ] } },
{ "type": "Feature", "properties": { "GEMID": "066", "PLANID": "066-D-004", "NR": "10", "IDWIJZIGIN": "066-00016", "TYPE": "B", "TYPE_LABEL": "Verbreding", "DATUM": "1925-09-11T01:00:00", "LINK": "https://geodiensten.oost-vlaanderen.be/Bijlagen/Wijzigingen/066-00016-01.pdf", "CEVI_OID": 3110, "GEMEENTE": "Etikhove" }, "geometry": { "type": "MultiLineString", "coordinates": [ [ [ 97426.999499998986721, 166561.230799999088049 ], [ 97411.916799999773502, 166514.4358000010252 ], [ 97388.712700001895428, 166447.144000001251698 ], [ 97373.630000002682209, 166401.767099998891354 ], [ 97366.02419999986887, 166382.043600000441074 ] ] ] } },
{ "type": "Feature", "properties": { "GEMID": "066", "PLANID": "066-D-004", "NR": "10", "IDWIJZIGIN": "066-00016", "TYPE": "PN", "TYPE_LABEL": "Nieuw deel bij verplaatsing", "DATUM": "1925-09-11T01:00:00", "LINK": "https://geodiensten.oost-vlaanderen.be/Bijlagen/Wijzigingen/066-00016-01.pdf", "CEVI_OID": 3111, "GEMEENTE": "Etikhove" }, "geometry": { "type": "MultiLineString", "coordinates": [ [ [ 97366.02419999986887, 166382.043600000441074 ], [ 97362.672499999403954, 166342.467700000852346 ], [ 97368.860299997031689, 166247.201999999582767 ] ] ] } },
{ "type": "Feature", "properties": { "GEMID": "066", "PLANID": "066-D-004", "NR": "80", "IDWIJZIGIN": "066-00055", "TYPE": "PN", "TYPE_LABEL": "Nieuw deel bij verplaatsing", "DATUM": "2000-03-23T01:00:00", "LINK": "https://geodiensten.oost-vlaanderen.be/Bijlagen/Wijzigingen/066-00055-01.pdf", "CEVI_OID": 3112, "GEMEENTE": "Etikhove" }, "geometry": { "type": "MultiLineString", "coordinates": [ [ [ 97648.211900003254414, 166808.483399998396635 ], [ 97647.309500001370907, 166815.831300001591444 ], [ 97648.082999996840954, 166824.597300000488758 ], [ 97652.079199999570847, 166832.203099999576807 ], [ 97664.712600000202656, 166851.539900001138449 ], [ 97670.384700000286102, 166859.403499998152256 ], [ 97671.673799999058247, 166861.981699999421835 ], [ 97672.318400003015995, 166864.817800000309944 ], [ 97671.029200002551079, 166869.329700000584126 ], [ 97668.32209999859333, 166872.036800000816584 ], [ 97664.583700001239777, 166876.806499999016523 ], [ 97662.134300000965595, 166880.02930000051856 ], [ 97660.329599998891354, 166882.994300000369549 ], [ 97661.23200000077486, 166886.474899999797344 ], [ 97665.099299997091293, 166890.21339999884367 ], [ 97671.029200002551079, 166894.080699998885393 ], [ 97674.896600000560284, 166896.916799999773502 ], [ 97677.217000000178814, 166900.010600000619888 ], [ 97680.955399997532368, 166908.905499998480082 ], [ 97683.791500002145767, 166911.354899998754263 ], [ 97688.947999998927116, 166913.288499999791384 ], [ 97692.557499997317791, 166917.284800000488758 ], [ 97694.748999997973442, 166922.441300000995398 ], [ 97696.424800001084805, 166930.433800000697374 ], [ 97697.327200002968311, 166934.559000000357628 ], [ 97698.358499996364117, 166943.067099999636412 ], [ 97699.389799997210503, 166947.708000000566244 ], [ 97701.452399998903275, 166953.637899998575449 ], [ 97704.288400001823902, 166958.923300001770258 ], [ 97707.769100002944469, 166963.04839999973774 ], [ 97709.831699997186661, 166966.529100000858307 ], [ 97712.538800001144409, 166973.619199998676777 ] ] ] } },
{ "type": "Feature", "properties": { "GEMID": "066", "PLANID": "066-D-004", "NR": "80", "IDWIJZIGIN": "066-00055", "TYPE": "PA", "TYPE_LABEL": "Deels afgeschaft bij verplaatsing", "DATUM": "2000-03-23T01:00:00", "LINK": "https://geodiensten.oost-vlaanderen.be/Bijlagen/Wijzigingen/066-00055-01.pdf", "CEVI_OID": 3113, "GEMEENTE": "Etikhove" }, "geometry": { "type": "MultiLineString", "coordinates": [ [ [ 97734.840499997138977, 166833.621100001037121 ], [ 97748.376199997961521, 166816.604800000786781 ], [ 97754.04839999973774, 166805.518399998545647 ], [ 97766.939499996602535, 166772.9037000015378 ] ] ] } },
{ "type": "Feature", "properties": { "GEMID": "066", "PLANID": "066-D-004", "NR": "5", "IDWIJZIGIN": "066-00043", "TYPE": "P", "TYPE_LABEL": "Verplaatsing", "DATUM": "1976-06-18T02:00:00", "LINK": "https://geodiensten.oost-vlaanderen.be/Bijlagen/Wijzigingen/066-00043-01.pdf", "CEVI_OID": 3114, "GEMEENTE": "Etikhove" }, "geometry": { "type": "MultiLineString", "coordinates": [ [ [ 97808.835799999535084, 166762.333000000566244 ], [ 97820.824600003659725, 166761.946199998259544 ], [ 97843.255199998617172, 166759.754799999296665 ], [ 97869.166500002145767, 166757.305399999022484 ], [ 97900.491999998688698, 166754.727200001478195 ], [ 97919.699799999594688, 166755.88740000128746 ], [ 97931.817500002682209, 166756.918699998408556 ], [ 97978.225699998438358, 166751.246599998325109 ], [ 98010.969300001859665, 166736.937399998307228 ], [ 98054.670400001108646, 166719.147599998861551 ], [ 98079.679200001060963, 166707.803300000727177 ], [ 98086.124799996614456, 166701.357799999415874 ], [ 98089.605400003492832, 166692.849599998444319 ], [ 98088.960900001227856, 166673.641800001263618 ], [ 98087.54280000180006, 166658.301300000399351 ], [ 98088.574100002646446, 166646.956999998539686 ], [ 98092.441500000655651, 166639.093400001525879 ], [ 98099.531599998474121, 166631.616599999368191 ], [ 98117.06360000371933, 166618.467599999159575 ], [ 98139.107500001788139, 166604.545099999755621 ], [ 98154.447999998927116, 166594.618900001049042 ], [ 98163.987499997019768, 166591.653900001198053 ], [ 98178.296599999070168, 166588.560100000351667 ], [ 98187.965000003576279, 166585.723999999463558 ], [ 98192.73480000346899, 166579.923000000417233 ], [ 98196.473200000822544, 166573.2195999994874 ], [ 98201.371799997985363, 166557.879099998623133 ] ] ] } },
{ "type": "Feature", "properties": { "GEMID": "066", "PLANID": "066-D-004", "NR": "5", "IDWIJZIGIN": "066-00014", "TYPE": "P", "TYPE_LABEL": "Verplaatsing", "DATUM": "1916-12-02T01:00:00", "LINK": "https://geodiensten.oost-vlaanderen.be/Bijlagen/Wijzigingen/066-00014-01.pdf", "CEVI_OID": 3115, "GEMEENTE": "Etikhove" }, "geometry": { "type": "MultiLineString", "coordinates": [ [ [ 98105.977200001478195, 166346.850699998438358 ], [ 98111.778200000524521, 166341.307500001043081 ], [ 98148.002400003373623, 166311.915600001811981 ], [ 98199.95380000025034, 166272.855399999767542 ], [ 98247.908900000154972, 166233.924100000411272 ], [ 98309.786499999463558, 166178.234200000762939 ] ] ] } },
{ "type": "Feature", "properties": { "GEMID": "066", "PLANID": "066-D-004", "NR": "43", "IDWIJZIGIN": "066-00046", "TYPE": "A", "TYPE_LABEL": "Afschaffing", "DATUM": "1982-06-25T02:00:00", "LINK": "https://geodiensten.oost-vlaanderen.be/Bijlagen/Wijzigingen/066-00046-01.pdf", "CEVI_OID": 3116, "GEMEENTE": "Etikhove" }, "geometry": { "type": "MultiLineString", "coordinates": [ [ [ 97829.203900001943111, 166151.033900000154972 ], [ 97820.051100000739098, 166154.256700001657009 ], [ 97789.241200000047684, 166164.182900000363588 ], [ 97750.696599997580051, 166177.460799999535084 ], [ 97725.816699996590614, 166185.711100000888109 ], [ 97689.721400000154972, 166203.114199999719858 ], [ 97600.514600001275539, 166247.201999999582767 ] ] ] } },
{ "type": "Feature", "properties": { "GEMID": "066", "PLANID": "066-D-004", "NR": "81", "IDWIJZIGIN": "066-00046", "TYPE": "B", "TYPE_LABEL": "Verbreding", "DATUM": "1982-06-25T02:00:00", "LINK": "https://geodiensten.oost-vlaanderen.be/Bijlagen/Wijzigingen/066-00046-01.pdf", "CEVI_OID": 3117, "GEMEENTE": "Etikhove" }, "geometry": { "type": "MultiLineString", "coordinates": [ [ [ 97600.514600001275539, 166247.201999999582767 ], [ 97595.22919999808073, 166239.467300001531839 ] ] ] } },
{ "type": "Feature", "properties": { "GEMID": "066", "PLANID": "066-D-004", "NR": "81", "IDWIJZIGIN": "066-00046", "TYPE": "B", "TYPE_LABEL": "Verbreding", "DATUM": "1982-06-25T02:00:00", "LINK": "https://geodiensten.oost-vlaanderen.be/Bijlagen/Wijzigingen/066-00046-01.pdf", "CEVI_OID": 3118, "GEMEENTE": "Etikhove" }, "geometry": { "type": "MultiLineString", "coordinates": [ [ [ 97595.22919999808073, 166239.467300001531839 ], [ 97570.478100001811981, 166200.14919999986887 ], [ 97555.524400003254414, 166175.140299998223782 ], [ 97554.235299997031689, 166171.788600001484156 ] ] ] } },
{ "type": "Feature", "properties": { "GEMID": "066", "PLANID": "066-D-004", "NR": "53", "IDWIJZIGIN": "066-00046", "TYPE": "B", "TYPE_LABEL": "Verbreding", "DATUM": "1982-06-25T02:00:00", "LINK": "https://geodiensten.oost-vlaanderen.be/Bijlagen/Wijzigingen/066-00046-01.pdf", "CEVI_OID": 3119, "GEMEENTE": "Etikhove" }, "geometry": { "type": "MultiLineString", "coordinates": [ [ [ 97533.351599998772144, 166120.481800001114607 ], [ 97536.574400000274181, 166124.864799998700619 ], [ 97540.828500002622604, 166133.372999999672174 ], [ 97544.180200003087521, 166140.334199998527765 ], [ 97542.246500000357628, 166148.068900000303984 ], [ 97541.98870000243187, 166159.541999999433756 ], [ 97541.98870000243187, 166164.053899999707937 ], [ 97547.660800002515316, 166168.69480000063777 ], [ 97554.235299997031689, 166171.788600001484156 ] ] ] } },
{ "type": "Feature", "properties": { "GEMID": "066", "PLANID": "066-D-004", "NR": "53", "IDWIJZIGIN": "066-00029", "TYPE": "A", "TYPE_LABEL": "Afschaffing", "DATUM": "1956-10-20T01:00:00", "LINK": "https://geodiensten.oost-vlaanderen.be/Bijlagen/Wijzigingen/066-00029-01.pdf", "CEVI_OID": 3120, "GEMEENTE": "Etikhove" }, "geometry": { "type": "MultiLineString", "coordinates": [ [ [ 97505.1199000030756, 166117.25899999961257 ], [ 97512.210100002586842, 166117.903599999845028 ], [ 97525.745800003409386, 166117.25899999961257 ], [ 97531.80460000038147, 166118.548099998384714 ], [ 97533.351599998772144, 166120.481800001114607 ] ] ] } },
{ "type": "Feature", "properties": { "GEMID": "066", "PLANID": "066-D-004", "NR": "92", "IDWIJZIGIN": "066-00029", "TYPE": "PN", "TYPE_LABEL": "Nieuw deel bij verplaatsing", "DATUM": "1956-10-20T01:00:00", "LINK": "https://geodiensten.oost-vlaanderen.be/Bijlagen/Wijzigingen/066-00029-01.pdf", "CEVI_OID": 3121, "GEMEENTE": "Etikhove" }, "geometry": { "type": "MultiLineString", "coordinates": [ [ [ 97534.254000000655651, 166137.627000000327826 ], [ 97452.910700000822544, 166167.147799998521805 ] ] ] } },
{ "type": "Feature", "properties": { "GEMID": "066", "PLANID": "066-D-004", "NR": "92", "IDWIJZIGIN": "066-00029", "TYPE": "PA", "TYPE_LABEL": "Deels afgeschaft bij verplaatsing", "DATUM": "1956-10-20T01:00:00", "LINK": "https://geodiensten.oost-vlaanderen.be/Bijlagen/Wijzigingen/066-00029-01.pdf", "CEVI_OID": 3122, "GEMEENTE": "Etikhove" }, "geometry": { "type": "MultiLineString", "coordinates": [ [ [ 97541.98870000243187, 166159.541999999433756 ], [ 97527.03490000218153, 166161.991399999707937 ], [ 97477.274999998509884, 166170.499499998986721 ], [ 97470.82940000295639, 166170.112799998372793 ], [ 97457.680399999022484, 166167.147799998521805 ], [ 97452.910700000822544, 166167.147799998521805 ] ] ] } },
{ "type": "Feature", "properties": { "GEMID": "066", "PLANID": "066-D-004", "NR": "3", "IDWIJZIGIN": "066-00016", "TYPE": "B", "TYPE_LABEL": "Verbreding", "DATUM": "1925-09-11T01:00:00", "LINK": "https://geodiensten.oost-vlaanderen.be/Bijlagen/Wijzigingen/066-00016-01.pdf", "CEVI_OID": 3123, "GEMEENTE": "Etikhove" }, "geometry": { "type": "MultiLineString", "coordinates": [ [ [ 97601.288000002503395, 167360.998799998313189 ], [ 97628.875100001692772, 167315.492899999022484 ], [ 97671.931599996984005, 167236.21229999884963 ], [ 97671.673799999058247, 167221.645300000905991 ] ] ] } },
{ "type": "Feature", "properties": { "GEMID": "066", "PLANID": "066-D-005", "NR": "53", "IDWIJZIGIN": "066-00029", "TYPE": "A", "TYPE_LABEL": "Afschaffing", "DATUM": "1956-10-20T01:00:00", "LINK": "https://geodiensten.oost-vlaanderen.be/Bijlagen/Wijzigingen/066-00029-01.pdf", "CEVI_OID": 3124, "GEMEENTE": "Etikhove" }, "geometry": { "type": "MultiLineString", "coordinates": [ [ [ 97522.780799999833107, 166124.73589999973774 ], [ 97513.370300002396107, 166124.993700001388788 ], [ 97496.869599997997284, 166126.540600001811981 ], [ 97494.420299999415874, 166116.227699998766184 ], [ 97485.009700000286102, 166060.151099998503923 ], [ 97478.821900002658367, 166029.3412000015378 ] ] ] } },
{ "type": "Feature", "properties": { "GEMID": "066", "PLANID": "066-D-005", "NR": "48", "IDWIJZIGIN": "066-00001", "TYPE": "A", "TYPE_LABEL": "Afschaffing", "DATUM": "1858-11-03T01:00:00", "LINK": "https://geodiensten.oost-vlaanderen.be/Bijlagen/Wijzigingen/066-00001-07.pdf", "CEVI_OID": 3125, "GEMEENTE": "Etikhove" }, "geometry": { "type": "MultiLineString", "coordinates": [ [ [ 97434.605200000107288, 165431.964600000530481 ], [ 97436.66780000180006, 165440.601700000464916 ], [ 97440.535199999809265, 165473.86089999973774 ], [ 97441.953199997544289, 165494.615699999034405 ], [ 97441.437600001692772, 165520.269099999219179 ], [ 97440.406300000846386, 165542.184099998325109 ], [ 97439.375, 165560.489500001072884 ] ] ] } },
{ "type": "Feature", "properties": { "GEMID": "066", "PLANID": "066-D-005", "NR": "8", "IDWIJZIGIN": "066-00015", "TYPE": "P", "TYPE_LABEL": "Verplaatsing", "DATUM": "1946-12-02T01:00:00", "LINK": "https://geodiensten.oost-vlaanderen.be/Bijlagen/Wijzigingen/066-00015-01.pdf", "CEVI_OID": 3126, "GEMEENTE": "Etikhove" }, "geometry": { "type": "MultiLineString", "coordinates": [ [ [ 97548.821000002324581, 165186.903499998152256 ], [ 97578.857400000095367, 165190.513000000268221 ], [ 97593.424400001764297, 165187.161299999803305 ], [ 97624.620999999344349, 165175.172499999403954 ], [ 97640.863899998366833, 165170.144999999552965 ], [ 97658.524800002574921, 165166.793299999088049 ], [ 97669.611199997365475, 165167.695700000971556 ] ] ] } },
{ "type": "Feature", "properties": { "GEMID": "066", "PLANID": "066-D-005", "NR": "8", "IDWIJZIGIN": "066-00013", "TYPE": "B", "TYPE_LABEL": "Verbreding", "DATUM": "1916-01-14T01:00:00", "LINK": "https://geodiensten.oost-vlaanderen.be/Bijlagen/Wijzigingen/066-00013-01.pdf", "CEVI_OID": 3127, "GEMEENTE": "Etikhove" }, "geometry": { "type": "MultiLineString", "coordinates": [ [ [ 97669.611199997365475, 165167.695700000971556 ], [ 97682.373499996960163, 165172.207600001245737 ], [ 97736.129600003361702, 165203.017499998211861 ], [ 97774.416400000452995, 165225.448100000619888 ] ] ] } },
{ "type": "Feature", "properties": { "GEMID": "066", "PLANID": "066-D-005", "NR": "22", "IDWIJZIGIN": "066-00015", "TYPE": "P", "TYPE_LABEL": "Verplaatsing", "DATUM": "1946-12-02T01:00:00", "LINK": "https://geodiensten.oost-vlaanderen.be/Bijlagen/Wijzigingen/066-00015-01.pdf", "CEVI_OID": 3128, "GEMEENTE": "Etikhove" }, "geometry": { "type": "MultiLineString", "coordinates": [ [ [ 97773.25620000064373, 165100.403799999505281 ], [ 97779.830700002610683, 165113.552799999713898 ], [ 97779.701800003647804, 165116.775600001215935 ], [ 97774.029700003564358, 165121.932000000029802 ], [ 97709.57379999756813, 165150.550400000065565 ], [ 97686.627599999308586, 165160.992300000041723 ], [ 97669.611199997365475, 165167.695700000971556 ] ] ] } },
{ "type": "Feature", "properties": { "GEMID": "066", "PLANID": "066-D-005", "NR": "21", "IDWIJZIGIN": "066-00013", "TYPE": "B", "TYPE_LABEL": "Verbreding", "DATUM": "1916-01-14T01:00:00", "LINK": "https://geodiensten.oost-vlaanderen.be/Bijlagen/Wijzigingen/066-00013-01.pdf", "CEVI_OID": 3129, "GEMEENTE": "Etikhove" }, "geometry": { "type": "MultiLineString", "coordinates": [ [ [ 97960.95160000026226, 165847.833599999547005 ], [ 97943.677400000393391, 165851.3141999989748 ], [ 97922.278099998831749, 165855.568300001323223 ], [ 97909.258000001311302, 165850.282900001853704 ], [ 97901.652199998497963, 165844.095199998468161 ], [ 97889.405599996447563, 165834.555700000375509 ], [ 97871.100100003182888, 165822.695799998939037 ], [ 97859.369199998676777, 165815.863499999046326 ], [ 97853.310300000011921, 165811.351599998772144 ], [ 97845.962399996817112, 165804.390399999916553 ], [ 97834.23139999806881, 165792.272700000554323 ], [ 97819.664399996399879, 165773.967199999839067 ], [ 97800.585500001907349, 165747.282499998807907 ], [ 97787.694300003349781, 165730.395100001245737 ], [ 97770.420100003480911, 165702.163400001823902 ], [ 97759.075900003314018, 165682.053199999034405 ], [ 97745.282399997115135, 165652.274599999189377 ], [ 97730.070799998939037, 165617.210700001567602 ], [ 97715.890500001609325, 165581.373199999332428 ], [ 97695.393500000238419, 165531.742199998348951 ], [ 97691.784000001847744, 165520.397999998182058 ], [ 97692.041799999773502, 165514.339099999517202 ], [ 97691.912900000810623, 165499.256499998271465 ], [ 97696.553700000047684, 165481.724500000476837 ], [ 97706.093199998140335, 165462.258799999952316 ], [ 97711.765299998223782, 165452.332600001245737 ], [ 97717.824199996888638, 165430.288699999451637 ], [ 97721.691500000655651, 165405.021999999880791 ], [ 97729.813000001013279, 165364.1570999994874 ], [ 97734.969400003552437, 165333.605000000447035 ], [ 97740.383699998259544, 165299.830099999904633 ], [ 97744.895599998533726, 165285.263099998235703 ], [ 97753.274899996817112, 165266.184200000017881 ], [ 97765.90820000320673, 165242.206599999219179 ], [ 97774.416400000452995, 165225.448100000619888 ] ] ] } },
{ "type": "Feature", "properties": { "GEMID": "066", "PLANID": "066-D-005", "NR": "86", "IDWIJZIGIN": "066-00053", "TYPE": "A", "TYPE_LABEL": "Afschaffing", "DATUM": "1996-01-04T01:00:00", "LINK": "https://geodiensten.oost-vlaanderen.be/Bijlagen/Wijzigingen/066-00053-01.pdf", "CEVI_OID": 3130, "GEMEENTE": "Etikhove" }, "geometry": { "type": "MultiLineString", "coordinates": [ [ [ 97729.813000001013279, 165364.1570999994874 ], [ 97763.45889999717474, 165371.891800001263618 ] ] ] } },
{ "type": "Feature", "properties": { "GEMID": "066", "PLANID": "066-D-005", "NR": "20", "IDWIJZIGIN": "066-00013", "TYPE": "B", "TYPE_LABEL": "Verbreding", "DATUM": "1916-01-14T01:00:00", "LINK": "https://geodiensten.oost-vlaanderen.be/Bijlagen/Wijzigingen/066-00013-01.pdf", "CEVI_OID": 3131, "GEMEENTE": "Etikhove" }, "geometry": { "type": "MultiLineString", "coordinates": [ [ [ 98286.840300001204014, 165270.438299998641014 ], [ 98282.586199998855591, 165285.134199999272823 ], [ 98278.074299998581409, 165294.286899998784065 ], [ 98261.573600001633167, 165324.065499998629093 ], [ 98242.107900001108646, 165349.976799998432398 ], [ 98221.095299996435642, 165376.661499999463558 ], [ 98203.563299998641014, 165400.76799999922514 ], [ 98186.031300000846386, 165430.159800000488758 ], [ 98162.311599999666214, 165461.743200000375509 ], [ 98144.779600001871586, 165485.462900001555681 ], [ 98128.536700002849102, 165508.924899999052286 ], [ 98108.168700002133846, 165535.351700000464916 ], [ 98087.156099997460842, 165562.809900000691414 ], [ 98066.272399999201298, 165592.201799999922514 ], [ 98045.646499998867512, 165619.273200001567602 ], [ 98026.954300001263618, 165641.059300001710653 ], [ 98012.000600002706051, 165657.044399999082088 ], [ 97993.308399997651577, 165676.896800000220537 ], [ 97981.190700002014637, 165690.948100000619888 ], [ 97966.623700000345707, 165710.413800001144409 ], [ 97963.529799997806549, 165718.793000001460314 ], [ 97960.564800001680851, 165730.652899999171495 ], [ 97959.791400000452995, 165742.1261 ], [ 97961.725000001490116, 165763.138700000941753 ], [ 97965.850199997425079, 165811.609400000423193 ], [ 97966.623700000345707, 165834.42680000141263 ], [ 97960.95160000026226, 165847.833599999547005 ] ] ] } },
{ "type": "Feature", "properties": { "GEMID": "066", "PLANID": "066-D-005", "NR": "85", "IDWIJZIGIN": "066-00044", "TYPE": "A", "TYPE_LABEL": "Afschaffing", "DATUM": "1979-11-30T01:00:00", "LINK": "https://geodiensten.oost-vlaanderen.be/Bijlagen/Wijzigingen/066-00044-06.pdf", "CEVI_OID": 3132, "GEMEENTE": "Etikhove" }, "geometry": { "type": "MultiLineString", "coordinates": [ [ [ 98032.884300000965595, 165306.017900001257658 ], [ 98037.911799997091293, 165318.393399998545647 ], [ 98051.189699999988079, 165365.446199998259544 ] ] ] } },
{ "type": "Feature", "properties": { "GEMID": "066", "PLANID": "066-D-005", "NR": "128", "IDWIJZIGIN": "066-00044", "TYPE": "A", "TYPE_LABEL": "Afschaffing", "DATUM": "1979-11-30T01:00:00", "LINK": "https://geodiensten.oost-vlaanderen.be/Bijlagen/Wijzigingen/066-00044-05.pdf", "CEVI_OID": 3133, "GEMEENTE": "Etikhove" }, "geometry": { "type": "MultiLineString", "coordinates": [ [ [ 97963.529799997806549, 165401.025800000876188 ], [ 97962.111800000071526, 165394.580200001597404 ], [ 97953.4746999964118, 165365.961800001561642 ], [ 97945.482199996709824, 165340.566199999302626 ], [ 97940.583499997854233, 165321.874000001698732 ], [ 97943.80629999935627, 165289.774999998509884 ] ] ] } },
{ "type": "Feature", "properties": { "GEMID": "066", "PLANID": "066-D-005", "NR": "8", "IDWIJZIGIN": "066-00013", "TYPE": "B", "TYPE_LABEL": "Verbreding", "DATUM": "1916-01-14T01:00:00", "LINK": "https://geodiensten.oost-vlaanderen.be/Bijlagen/Wijzigingen/066-00013-01.pdf", "CEVI_OID": 3134, "GEMEENTE": "Etikhove" }, "geometry": { "type": "MultiLineString", "coordinates": [ [ [ 98286.840300001204014, 165270.438299998641014 ], [ 98297.153200000524521, 165262.445700000971556 ], [ 98312.622599996626377, 165256.258000001311302 ], [ 98325.513800002634525, 165252.519499998539686 ], [ 98335.568899996578693, 165251.230399999767542 ], [ 98348.7179000005126, 165255.226700000464916 ], [ 98366.249899998307228, 165262.445700000971556 ], [ 98392.934600003063679, 165274.563400000333786 ], [ 98407.501599997282028, 165280.364500001072884 ], [ 98416.65429999679327, 165280.751200001686811 ], [ 98425.033600002527237, 165277.528400000184774 ], [ 98442.436599999666214, 165264.637200001627207 ], [ 98453.26519999653101, 165258.707299999892712 ], [ 98465.38289999961853, 165258.707299999892712 ], [ 98515.787399999797344, 165263.734900001436472 ], [ 98531.514600001275539, 165260.898800000548363 ], [ 98568.641199998557568, 165252.519499998539686 ], [ 98587.462300002574921, 165254.968899998813868 ] ] ] } },
{ "type": "Feature", "properties": { "GEMID": "066", "PLANID": "066-D-005", "NR": "8", "IDWIJZIGIN": "066-00016", "TYPE": "N", "TYPE_LABEL": "Nieuwe weg", "DATUM": "1925-09-11T01:00:00", "LINK": "https://geodiensten.oost-vlaanderen.be/Bijlagen/Wijzigingen/066-00016-01.pdf", "CEVI_OID": 3135, "GEMEENTE": "Etikhove" }, "geometry": { "type": "MultiLineString", "coordinates": [ [ [ 98587.462300002574921, 165254.968899998813868 ], [ 98603.189499996602535, 165257.031500000506639 ], [ 98644.054499998688698, 165266.828699998557568 ], [ 98672.286200001835823, 165272.887600000947714 ], [ 98681.567800000309944, 165274.950199998915195 ], [ 98695.490299999713898, 165273.274300001561642 ], [ 98733.390299998223782, 165267.086599998176098 ], [ 98758.914800003170967, 165251.746100001037121 ] ] ] } },
{ "type": "Feature", "properties": { "GEMID": "066", "PLANID": "066-D-005", "NR": "0", "IDWIJZIGIN": "066-00016", "TYPE": "N", "TYPE_LABEL": "Nieuwe weg", "DATUM": "1925-09-11T01:00:00", "LINK": "https://geodiensten.oost-vlaanderen.be/Bijlagen/Wijzigingen/066-00016-01.pdf", "CEVI_OID": 3136, "GEMEENTE": "Etikhove" }, "geometry": { "type": "MultiLineString", "coordinates": [ [ [ 98733.390299998223782, 165267.086599998176098 ], [ 98746.410400003194809, 165277.141699999570847 ] ] ] } },
{ "type": "Feature", "properties": { "GEMID": "066", "PLANID": "066-D-005", "NR": "8", "IDWIJZIGIN": "066-00014", "TYPE": "P", "TYPE_LABEL": "Verplaatsing", "DATUM": "1916-12-02T01:00:00", "LINK": "https://geodiensten.oost-vlaanderen.be/Bijlagen/Wijzigingen/066-00014-01.pdf", "CEVI_OID": 3137, "GEMEENTE": "Etikhove" }, "geometry": { "type": "MultiLineString", "coordinates": [ [ [ 98770.001199997961521, 165230.088899999856949 ], [ 98899.170699998736382, 165228.413100000470877 ] ] ] } },
{ "type": "Feature", "properties": { "GEMID": "066", "PLANID": "066-D-005", "NR": "9", "IDWIJZIGIN": "066-00014", "TYPE": "P", "TYPE_LABEL": "Verplaatsing", "DATUM": "1916-12-02T01:00:00", "LINK": "https://geodiensten.oost-vlaanderen.be/Bijlagen/Wijzigingen/066-00014-01.pdf", "CEVI_OID": 3138, "GEMEENTE": "Etikhove" }, "geometry": { "type": "MultiLineString", "coordinates": [ [ [ 98762.395400002598763, 165103.626600001007318 ], [ 98761.750799998641014, 165143.460299998521805 ], [ 98763.426700003445148, 165175.945999998599291 ], [ 98765.48929999768734, 165200.052499998360872 ], [ 98770.001199997961521, 165230.088899999856949 ], [ 98762.653200000524521, 165246.331799998879433 ], [ 98758.914800003170967, 165251.746100001037121 ], [ 98746.410400003194809, 165277.141699999570847 ], [ 98738.159999996423721, 165294.931499999016523 ], [ 98723.979699999094009, 165330.382199998944998 ], [ 98720.241300001740456, 165345.335900001227856 ], [ 98716.889600001275539, 165372.407400000840425 ], [ 98718.178700000047684, 165421.135999999940395 ], [ 98718.952200002968311, 165455.684300001710653 ], [ 98729.394000001251698, 165509.053800001740456 ], [ 98738.546700000762939, 165543.215399999171495 ] ] ] } },
{ "type": "Feature", "properties": { "GEMID": "066", "PLANID": "066-D-005", "NR": "125", "IDWIJZIGIN": "066-00017", "TYPE": "A", "TYPE_LABEL": "Afschaffing", "DATUM": "1934-06-19T01:00:00", "LINK": "https://geodiensten.oost-vlaanderen.be/Bijlagen/Wijzigingen/066-00017-01.pdf", "CEVI_OID": 3139, "GEMEENTE": "Etikhove" }, "geometry": { "type": "MultiLineString", "coordinates": [ [ [ 98639.929300002753735, 165784.795800000429153 ], [ 98604.607500001788139, 165792.530499998480082 ], [ 98528.678599998354912, 165811.093800000846386 ] ] ] } },
{ "type": "Feature", "properties": { "GEMID": "066", "PLANID": "066-D-005", "NR": "5", "IDWIJZIGIN": "066-00014", "TYPE": "P", "TYPE_LABEL": "Verplaatsing", "DATUM": "1916-12-02T01:00:00", "LINK": "https://geodiensten.oost-vlaanderen.be/Bijlagen/Wijzigingen/066-00014-01.pdf", "CEVI_OID": 3140, "GEMEENTE": "Etikhove" }, "geometry": { "type": "MultiLineString", "coordinates": [ [ [ 98625.362300001084805, 165830.946199998259544 ], [ 98613.889200001955032, 165830.043800000101328 ], [ 98606.670100003480911, 165832.622000001370907 ], [ 98597.0016999989748, 165837.778499998152256 ], [ 98586.044200003147125, 165848.99379999935627 ], [ 98562.195600003004074, 165881.737399999052286 ], [ 98533.70610000193119, 165918.477200001478195 ], [ 98493.098899997770786, 165968.237100001424551 ], [ 98452.491800002753735, 166017.610300000756979 ], [ 98431.2212999984622, 166044.552799999713898 ], [ 98406.599200002849102, 166075.104899998754263 ], [ 98387.778099998831749, 166097.277699999511242 ], [ 98364.058399997651577, 166124.34910000115633 ], [ 98337.889300003647804, 166150.905000001192093 ], [ 98315.716499999165535, 166172.690999999642372 ], [ 98278.718800000846386, 166206.079100001603365 ] ] ] } },
{ "type": "Feature", "properties": { "GEMID": "066", "PLANID": "066-D-005", "NR": "2", "IDWIJZIGIN": "066-00001", "TYPE": "S", "TYPE_LABEL": "Versmalling", "DATUM": "1858-11-03T01:00:00", "LINK": "https://geodiensten.oost-vlaanderen.be/Bijlagen/Wijzigingen/066-00001-07.pdf", "CEVI_OID": 3141, "GEMEENTE": "Etikhove" }, "geometry": { "type": "MultiLineString", "coordinates": [ [ [ 98948.028200000524521, 165098.856800001114607 ], [ 98931.26969999819994, 165123.607900001108646 ], [ 98923.534999996423721, 165140.624200001358986 ], [ 98905.745200000703335, 165204.306600000709295 ], [ 98899.170699998736382, 165228.413100000470877 ], [ 98882.025399997830391, 165273.9189000017941 ], [ 98855.85639999806881, 165349.33219999819994 ], [ 98832.652300000190735, 165386.974399998784065 ], [ 98814.346799999475479, 165413.014600001275539 ], [ 98802.744800001382828, 165428.484000001102686 ], [ 98779.540700003504753, 165477.857099998742342 ], [ 98753.887199997901917, 165523.749699998646975 ], [ 98738.546700000762939, 165543.215399999171495 ], [ 98713.795699998736382, 165584.080400001257658 ], [ 98692.00959999859333, 165622.753899998962879 ], [ 98680.923199996352196, 165644.539900001138449 ], [ 98669.321199998259544, 165678.830400001257658 ], [ 98654.367399998009205, 165733.875700000673532 ], [ 98640.316100001335144, 165782.217599999159575 ], [ 98625.362300001084805, 165830.946199998259544 ] ] ] } },
{ "type": "Feature", "properties": { "GEMID": "066", "PLANID": "066-D-005", "NR": "2", "IDWIJZIGIN": "066-00014", "TYPE": "P", "TYPE_LABEL": "Verplaatsing", "DATUM": "1916-12-02T01:00:00", "LINK": "https://geodiensten.oost-vlaanderen.be/Bijlagen/Wijzigingen/066-00014-01.pdf", "CEVI_OID": 3142, "GEMEENTE": "Etikhove" }, "geometry": { "type": "MultiLineString", "coordinates": [ [ [ 98738.546700000762939, 165543.215399999171495 ], [ 98713.795699998736382, 165584.080400001257658 ], [ 98692.00959999859333, 165622.753899998962879 ], [ 98680.923199996352196, 165644.539900001138449 ], [ 98669.321199998259544, 165678.830400001257658 ], [ 98654.367399998009205, 165733.875700000673532 ], [ 98640.316100001335144, 165782.217599999159575 ], [ 98625.362300001084805, 165830.946199998259544 ] ] ] } },
{ "type": "Feature", "properties": { "GEMID": "066", "PLANID": "066-D-005", "NR": "43", "IDWIJZIGIN": "066-00046", "TYPE": "A", "TYPE_LABEL": "Afschaffing", "DATUM": "1982-06-25T02:00:00", "LINK": "https://geodiensten.oost-vlaanderen.be/Bijlagen/Wijzigingen/066-00046-01.pdf", "CEVI_OID": 3143, "GEMEENTE": "Etikhove" }, "geometry": { "type": "MultiLineString", "coordinates": [ [ [ 97822.629399999976158, 166151.807300001382828 ], [ 97830.364100001752377, 166148.068900000303984 ], [ 97894.819899998605251, 166115.325300000607967 ], [ 97925.243000000715256, 166100.371599998325109 ], [ 97965.850199997425079, 166081.421599999070168 ], [ 97976.163199998438358, 166077.554200001060963 ], [ 97979.643799997866154, 166077.554200001060963 ], [ 97982.479800000786781, 166080.905900001525879 ] ] ] } },
{ "type": "Feature", "properties": { "GEMID": "066", "PLANID": "066-D-005", "NR": "53", "IDWIJZIGIN": "066-00046", "TYPE": "B", "TYPE_LABEL": "Verbreding", "DATUM": "1982-06-25T02:00:00", "LINK": "https://geodiensten.oost-vlaanderen.be/Bijlagen/Wijzigingen/066-00046-01.pdf", "CEVI_OID": 3144, "GEMEENTE": "Etikhove" }, "geometry": { "type": "MultiLineString", "coordinates": [ [ [ 97538.508000001311302, 166156.706000000238419 ], [ 97537.734600000083447, 166147.166499998420477 ], [ 97534.254000000655651, 166137.627000000327826 ], [ 97528.324000000953674, 166130.665800001472235 ], [ 97522.780799999833107, 166124.73589999973774 ] ] ] } },
{ "type": "Feature", "properties": { "GEMID": "066", "PLANID": "066-D-006", "NR": "129", "IDWIJZIGIN": "066-00001", "TYPE": "A", "TYPE_LABEL": "Afschaffing", "DATUM": "1858-11-03T01:00:00", "LINK": "https://geodiensten.oost-vlaanderen.be/Bijlagen/Wijzigingen/066-00001-03.pdf", "CEVI_OID": 3145, "GEMEENTE": "Etikhove" }, "geometry": { "type": "MultiLineString", "coordinates": [ [ [ 96427.805100001394749, 166258.030499998480082 ], [ 96431.930299997329712, 166256.354699999094009 ], [ 96451.138099998235703, 166242.045499999076128 ], [ 96484.139499999582767, 166218.067899998277426 ], [ 96489.811599999666214, 166195.121700000017881 ], [ 96497.933100000023842, 166165.471999999135733 ], [ 96509.535099998116493, 166145.361699998378754 ], [ 96511.855499997735023, 166131.052600000053644 ], [ 96497.933100000023842, 166105.657000001519918 ], [ 96482.205899998545647, 166077.167500000447035 ], [ 96463.126900002360344, 166049.451499998569489 ], [ 96444.82150000333786, 166024.700399998575449 ], [ 96419.425899997353554, 165990.538800001144409 ] ] ] } },
{ "type": "Feature", "properties": { "GEMID": "066", "PLANID": "066-D-006", "NR": "40", "IDWIJZIGIN": "066-00030", "TYPE": "B", "TYPE_LABEL": "Verbreding", "DATUM": "1956-11-09T01:00:00", "LINK": "https://geodiensten.oost-vlaanderen.be/Bijlagen/Wijzigingen/066-00030-01.pdf", "CEVI_OID": 3146, "GEMEENTE": "Etikhove" }, "geometry": { "type": "MultiLineString", "coordinates": [ [ [ 96430.770099997520447, 165979.839200001209974 ], [ 96438.762599997222424, 165972.233399998396635 ], [ 96485.686499997973442, 165929.692499998956919 ], [ 96521.910599999129772, 165897.077899999916553 ], [ 96527.969499997794628, 165893.597300000488758 ] ] ] } },
{ "type": "Feature", "properties": { "GEMID": "066", "PLANID": "066-D-006", "NR": "130", "IDWIJZIGIN": "066-00001", "TYPE": "A", "TYPE_LABEL": "Afschaffing", "DATUM": "1858-11-03T01:00:00", "LINK": "https://geodiensten.oost-vlaanderen.be/Bijlagen/Wijzigingen/066-00001-03.pdf", "CEVI_OID": 3147, "GEMEENTE": "Etikhove" }, "geometry": { "type": "MultiLineString", "coordinates": [ [ [ 96497.933100000023842, 166165.471999999135733 ], [ 96553.365099996328354, 166159.670899998396635 ], [ 96592.296400003135204, 166135.306600000709295 ], [ 96663.326700001955032, 166090.316500000655651 ], [ 96680.600900001823902, 166079.616799999028444 ], [ 96686.401900000870228, 166075.878400001674891 ] ] ] } },
{ "type": "Feature", "properties": { "GEMID": "066", "PLANID": "066-D-006", "NR": "89", "IDWIJZIGIN": "066-00044", "TYPE": "A", "TYPE_LABEL": "Afschaffing", "DATUM": "1979-11-30T01:00:00", "LINK": "https://geodiensten.oost-vlaanderen.be/Bijlagen/Wijzigingen/066-00044-03.pdf", "CEVI_OID": 3148, "GEMEENTE": "Etikhove" }, "geometry": { "type": "MultiLineString", "coordinates": [ [ [ 96782.441100001335144, 166282.910500001162291 ], [ 96776.2533999979496, 166286.391100000590086 ], [ 96740.415899999439716, 166303.794199999421835 ] ] ] } },
{ "type": "Feature", "properties": { "GEMID": "066", "PLANID": "066-D-006", "NR": "87", "IDWIJZIGIN": "066-00001", "TYPE": "A", "TYPE_LABEL": "Afschaffing", "DATUM": "1858-11-03T01:00:00", "LINK": "https://geodiensten.oost-vlaanderen.be/Bijlagen/Wijzigingen/066-00001-03.pdf", "CEVI_OID": 3149, "GEMEENTE": "Etikhove" }, "geometry": { "type": "MultiLineString", "coordinates": [ [ [ 97190.83330000191927, 166250.553700000047684 ], [ 97206.947200000286102, 166296.317299999296665 ], [ 97224.092500001192093, 166343.499000001698732 ] ] ] } },
{ "type": "Feature", "properties": { "GEMID": "066", "PLANID": "066-D-006", "NR": "10", "IDWIJZIGIN": "066-00016", "TYPE": "PN", "TYPE_LABEL": "Nieuw deel bij verplaatsing", "DATUM": "1925-09-11T01:00:00", "LINK": "https://geodiensten.oost-vlaanderen.be/Bijlagen/Wijzigingen/066-00016-01.pdf", "CEVI_OID": 3150, "GEMEENTE": "Etikhove" }, "geometry": { "type": "MultiLineString", "coordinates": [ [ [ 97373.758900001645088, 166185.711100000888109 ], [ 97367.829000003635883, 166241.78770000115037 ] ] ] } },
{ "type": "Feature", "properties": { "GEMID": "066", "PLANID": "066-D-006", "NR": "10", "IDWIJZIGIN": "066-00016", "TYPE": "B", "TYPE_LABEL": "Verbreding", "DATUM": "1925-09-11T01:00:00", "LINK": "https://geodiensten.oost-vlaanderen.be/Bijlagen/Wijzigingen/066-00016-01.pdf", "CEVI_OID": 3151, "GEMEENTE": "Etikhove" }, "geometry": { "type": "MultiLineString", "coordinates": [ [ [ 97320.776199996471405, 165873.486999999731779 ], [ 97332.893899999558926, 165904.168000001460314 ], [ 97347.461000002920628, 165958.310899998992682 ], [ 97358.031700000166893, 165997.629000000655651 ], [ 97371.309600003063679, 166048.420200001448393 ], [ 97380.075599998235703, 166074.589200001209974 ], [ 97383.16950000077486, 166085.546700000762939 ], [ 97382.395999997854233, 166111.844700001180172 ], [ 97378.915399998426437, 166153.096400000154972 ], [ 97373.758900001645088, 166185.711100000888109 ] ] ] } },
{ "type": "Feature", "properties": { "GEMID": "066", "PLANID": "066-D-006", "NR": "130", "IDWIJZIGIN": "066-00001", "TYPE": "A", "TYPE_LABEL": "Afschaffing", "DATUM": "1858-11-03T01:00:00", "LINK": "https://geodiensten.oost-vlaanderen.be/Bijlagen/Wijzigingen/066-00001-03.pdf", "CEVI_OID": 3152, "GEMEENTE": "Etikhove" }, "geometry": { "type": "MultiLineString", "coordinates": [ [ [ 96869.327600002288818, 165988.089499998837709 ], [ 96948.221500001847744, 165958.053100001066923 ], [ 97042.584899999201298, 165925.825199998915195 ], [ 97116.966899998486042, 165900.687399998307228 ] ] ] } },
{ "type": "Feature", "properties": { "GEMID": "066", "PLANID": "066-D-006", "NR": "132", "IDWIJZIGIN": "066-00001", "TYPE": "A", "TYPE_LABEL": "Afschaffing", "DATUM": "1858-11-03T01:00:00", "LINK": "https://geodiensten.oost-vlaanderen.be/Bijlagen/Wijzigingen/066-00001-03.pdf", "CEVI_OID": 3153, "GEMEENTE": "Etikhove" }, "geometry": { "type": "MultiLineString", "coordinates": [ [ [ 96905.422899998724461, 165820.375399999320507 ], [ 96916.767099998891354, 165848.478199999779463 ], [ 96827.43129999935627, 165887.667300000786781 ] ] ] } },
{ "type": "Feature", "properties": { "GEMID": "066", "PLANID": "066-D-006", "NR": "40", "IDWIJZIGIN": "066-00051", "TYPE": "A", "TYPE_LABEL": "Afschaffing", "DATUM": "1989-05-11T02:00:00", "LINK": "https://geodiensten.oost-vlaanderen.be/Bijlagen/Wijzigingen/066-00051-01.pdf", "CEVI_OID": 3154, "GEMEENTE": "Etikhove" }, "geometry": { "type": "MultiLineString", "coordinates": [ [ [ 96399.315700002014637, 166340.405099999159575 ], [ 96400.089100003242493, 166329.060899998992682 ], [ 96406.405799999833107, 166303.536400001496077 ], [ 96415.816299997270107, 166282.394900001585484 ], [ 96424.711199998855591, 166264.347199998795986 ], [ 96427.805100001394749, 166258.030499998480082 ], [ 96418.394599996507168, 166239.209399998188019 ], [ 96390.93639999628067, 166194.219300001859665 ], [ 96376.111599996685982, 166173.722300000488758 ], [ 96373.275499999523163, 166167.405600000172853 ], [ 96368.376900002360344, 166150.002599999308586 ], [ 96364.122800000011921, 166127.958700001239777 ], [ 96365.154100000858307, 166105.270199999213219 ], [ 96370.310500003397465, 166068.659299999475479 ], [ 96372.115299999713898, 166052.932100001722574 ], [ 96375.467000000178814, 166041.201099999248981 ], [ 96379.850000001490116, 166032.306200001388788 ], [ 96387.842500001192093, 166021.477600000798702 ], [ 96405.761200003325939, 166003.172200001776218 ], [ 96419.425899997353554, 165990.538800001144409 ] ] ] } },
{ "type": "Feature", "properties": { "GEMID": "066", "PLANID": "066-D-007", "NR": "130", "IDWIJZIGIN": "066-00001", "TYPE": "A", "TYPE_LABEL": "Afschaffing", "DATUM": "1858-11-03T01:00:00", "LINK": "https://geodiensten.oost-vlaanderen.be/Bijlagen/Wijzigingen/066-00001-06.pdf", "CEVI_OID": 3155, "GEMEENTE": "Etikhove" }, "geometry": { "type": "MultiLineString", "coordinates": [ [ [ 97122.767899997532368, 165906.746300000697374 ], [ 97083.19200000166893, 165921.055399999022484 ] ] ] } },
{ "type": "Feature", "properties": { "GEMID": "066", "PLANID": "066-D-007", "NR": "133", "IDWIJZIGIN": "066-00001", "TYPE": "A", "TYPE_LABEL": "Afschaffing", "DATUM": "1858-11-03T01:00:00", "LINK": "https://geodiensten.oost-vlaanderen.be/Bijlagen/Wijzigingen/066-00001-06.pdf", "CEVI_OID": 3156, "GEMEENTE": "Etikhove" }, "geometry": { "type": "MultiLineString", "coordinates": [ [ [ 96694.910099998116493, 165697.909400001168251 ], [ 96724.8175999969244, 165667.486200001090765 ], [ 96725.848899997770786, 165617.468499999493361 ], [ 96726.364500001072884, 165600.194299999624491 ], [ 96743.638700000941753, 165575.185400001704693 ], [ 96738.482199996709824, 165567.450699999928474 ], [ 96765.295900002121925, 165517.43299999833107 ], [ 96774.964199997484684, 165498.998700000345707 ], [ 96777.026799999177456, 165491.521800000220537 ], [ 96779.991800002753735, 165490.232700001448393 ], [ 96791.851700000464916, 165450.141100000590086 ], [ 96799.715300001204014, 165423.456399999558926 ], [ 96812.090800002217293, 165377.306000001728535 ], [ 96817.891800001263618, 165355.391100000590086 ], [ 96819.567699998617172, 165353.973000001162291 ], [ 96848.959499999880791, 165311.561099998652935 ], [ 96870.229999996721745, 165280.880100000649691 ] ] ] } },
{ "type": "Feature", "properties": { "GEMID": "066", "PLANID": "066-D-007", "NR": "136", "IDWIJZIGIN": "066-00001", "TYPE": "A", "TYPE_LABEL": "Afschaffing", "DATUM": "1858-11-03T01:00:00", "LINK": "https://geodiensten.oost-vlaanderen.be/Bijlagen/Wijzigingen/066-00001-06.pdf", "CEVI_OID": 3157, "GEMEENTE": "Etikhove" }, "geometry": { "type": "MultiLineString", "coordinates": [ [ [ 97183.35639999806881, 165181.360300000756979 ], [ 97120.705300003290176, 165192.962400000542402 ], [ 97084.610100001096725, 165229.186500001698732 ], [ 97080.484899997711182, 165226.737199999392033 ], [ 97064.628799997270107, 165218.873599998652935 ], [ 97041.166799999773502, 165207.787200000137091 ], [ 97002.751199997961521, 165190.255199998617172 ] ] ] } },
{ "type": "Feature", "properties": { "GEMID": "066", "PLANID": "066-D-007", "NR": "134", "IDWIJZIGIN": "066-00001", "TYPE": "A", "TYPE_LABEL": "Afschaffing", "DATUM": "1858-11-03T01:00:00", "LINK": "https://geodiensten.oost-vlaanderen.be/Bijlagen/Wijzigingen/066-00001-06.pdf", "CEVI_OID": 3158, "GEMEENTE": "Etikhove" }, "geometry": { "type": "MultiLineString", "coordinates": [ [ [ 97268.695900000631809, 165410.307399999350309 ], [ 97267.406800001859665, 165406.955699998885393 ], [ 97250.777199998497963, 165379.110800001770258 ], [ 97248.199000000953674, 165376.919300001114607 ], [ 97242.655799999833107, 165372.536299999803305 ], [ 97221.256399996578693, 165352.168299999088049 ], [ 97185.547899998724461, 165319.553599998354912 ], [ 97139.139700002968311, 165279.977699998766184 ], [ 97107.943099997937679, 165253.293000001460314 ], [ 97082.547499999403954, 165230.991300001740456 ], [ 97053.026699997484684, 165262.574700001627207 ], [ 97029.564800001680851, 165287.583500001579523 ], [ 97009.970200002193451, 165309.756299998611212 ] ] ] } },
{ "type": "Feature", "properties": { "GEMID": "066", "PLANID": "066-D-007", "NR": "137", "IDWIJZIGIN": "066-00001", "TYPE": "A", "TYPE_LABEL": "Afschaffing", "DATUM": "1858-11-03T01:00:00", "LINK": "https://geodiensten.oost-vlaanderen.be/Bijlagen/Wijzigingen/066-00001-06.pdf", "CEVI_OID": 3159, "GEMEENTE": "Etikhove" }, "geometry": { "type": "MultiLineString", "coordinates": [ [ [ 97307.885099999606609, 165297.638599999248981 ], [ 97284.552100002765656, 165328.577399998903275 ], [ 97269.211599998176098, 165348.171999998390675 ], [ 97248.199000000953674, 165376.919300001114607 ] ] ] } },
{ "type": "Feature", "properties": { "GEMID": "066", "PLANID": "066-D-007", "NR": "10", "IDWIJZIGIN": "066-00031", "TYPE": "B", "TYPE_LABEL": "Verbreding", "DATUM": "1957-01-11T01:00:00", "LINK": "https://geodiensten.oost-vlaanderen.be/Bijlagen/Wijzigingen/066-00031-01.pdf", "CEVI_OID": 3160, "GEMEENTE": "Etikhove" }, "geometry": { "type": "MultiLineString", "coordinates": [ [ [ 97367.313400000333786, 165306.146800000220537 ], [ 97347.332000002264977, 165320.069299999624491 ], [ 97329.80009999871254, 165342.757699999958277 ], [ 97302.084100000560284, 165380.142099998891354 ], [ 97293.575900003314018, 165390.84180000051856 ], [ 97282.489500001072884, 165407.600299999117851 ], [ 97279.008900001645088, 165411.983300000429153 ] ] ] } },
{ "type": "Feature", "properties": { "GEMID": "066", "PLANID": "066-D-007", "NR": "10", "IDWIJZIGIN": "066-00031", "TYPE": "B", "TYPE_LABEL": "Verbreding", "DATUM": "1957-01-11T01:00:00", "LINK": "https://geodiensten.oost-vlaanderen.be/Bijlagen/Wijzigingen/066-00031-01.pdf", "CEVI_OID": 3161, "GEMEENTE": "Etikhove" }, "geometry": { "type": "MultiLineString", "coordinates": [ [ [ 97285.583400003612041, 165565.646000001579523 ], [ 97286.485699996352196, 165592.201799999922514 ], [ 97286.614699997007847, 165607.284499999135733 ], [ 97286.872500002384186, 165608.573600001633167 ], [ 97290.48200000077486, 165624.171900000423193 ], [ 97291.513300001621246, 165628.425999999046326 ] ] ] } },
{ "type": "Feature", "properties": { "GEMID": "066", "PLANID": "066-D-007", "NR": "10", "IDWIJZIGIN": "066-00013", "TYPE": "PA", "TYPE_LABEL": "Deels afgeschaft bij verplaatsing", "DATUM": "1916-01-14T01:00:00", "LINK": "https://geodiensten.oost-vlaanderen.be/Bijlagen/Wijzigingen/066-00013-01.pdf", "CEVI_OID": 3162, "GEMEENTE": "Etikhove" }, "geometry": { "type": "MultiLineString", "coordinates": [ [ [ 97291.255500003695488, 165444.726799998432398 ], [ 97289.579599998891354, 165483.52930000051856 ], [ 97287.645900003612041, 165512.534400001168251 ], [ 97285.583400003612041, 165542.570799998939037 ], [ 97285.583400003612041, 165565.646000001579523 ], [ 97286.485699996352196, 165592.201799999922514 ], [ 97286.614699997007847, 165607.284499999135733 ], [ 97286.872500002384186, 165608.573600001633167 ], [ 97290.48200000077486, 165624.171900000423193 ], [ 97291.513300001621246, 165628.425999999046326 ], [ 97294.736100003123283, 165642.090599998831749 ], [ 97297.829999998211861, 165657.044399999082088 ] ] ] } },
{ "type": "Feature", "properties": { "GEMID": "066", "PLANID": "066-D-007", "NR": "10", "IDWIJZIGIN": "066-00013", "TYPE": "B", "TYPE_LABEL": "Verbreding", "DATUM": "1916-01-14T01:00:00", "LINK": "https://geodiensten.oost-vlaanderen.be/Bijlagen/Wijzigingen/066-00013-01.pdf", "CEVI_OID": 3163, "GEMEENTE": "Etikhove" }, "geometry": { "type": "MultiLineString", "coordinates": [ [ [ 97291.255500003695488, 165444.726799998432398 ], [ 97297.829999998211861, 165657.044399999082088 ], [ 97305.564699999988079, 165791.885999999940395 ], [ 97307.75620000064373, 165830.817299999296665 ] ] ] } },
{ "type": "Feature", "properties": { "GEMID": "066", "PLANID": "066-D-007", "NR": "10", "IDWIJZIGIN": "066-00013", "TYPE": "PA", "TYPE_LABEL": "Deels afgeschaft bij verplaatsing", "DATUM": "1916-01-14T01:00:00", "LINK": "https://geodiensten.oost-vlaanderen.be/Bijlagen/Wijzigingen/066-00013-01.pdf", "CEVI_OID": 3164, "GEMEENTE": "Etikhove" }, "geometry": { "type": "MultiLineString", "coordinates": [ [ [ 97297.829999998211861, 165657.044399999082088 ], [ 97294.478299997746944, 165684.373599998652935 ], [ 97290.353100001811981, 165720.597800001502037 ], [ 97288.290500000119209, 165737.485199999064207 ], [ 97289.837399996817112, 165765.201200000941753 ], [ 97292.802400000393391, 165781.959800001233816 ], [ 97298.990199998021126, 165806.581900000572205 ], [ 97307.75620000064373, 165830.817299999296665 ] ] ] } },
{ "type": "Feature", "properties": { "GEMID": "066", "PLANID": "066-D-007", "NR": "10", "IDWIJZIGIN": "066-00031", "TYPE": "B", "TYPE_LABEL": "Verbreding", "DATUM": "1957-01-11T01:00:00", "LINK": "https://geodiensten.oost-vlaanderen.be/Bijlagen/Wijzigingen/066-00031-01.pdf", "CEVI_OID": 3165, "GEMEENTE": "Etikhove" }, "geometry": { "type": "MultiLineString", "coordinates": [ [ [ 97305.564699999988079, 165791.885999999940395 ], [ 97307.75620000064373, 165830.817299999296665 ] ] ] } },
{ "type": "Feature", "properties": { "GEMID": "066", "PLANID": "066-D-007", "NR": "0", "IDWIJZIGIN": "066-00016", "TYPE": "N", "TYPE_LABEL": "Nieuwe weg", "DATUM": "1925-09-11T01:00:00", "LINK": "https://geodiensten.oost-vlaanderen.be/Bijlagen/Wijzigingen/066-00016-01.pdf", "CEVI_OID": 3166, "GEMEENTE": "Etikhove" }, "geometry": { "type": "MultiLineString", "coordinates": [ [ [ 97307.75620000064373, 165830.817299999296665 ], [ 97212.49040000140667, 165863.302999999374151 ] ] ] } },
{ "type": "Feature", "properties": { "GEMID": "066", "PLANID": "066-D-007", "NR": "10", "IDWIJZIGIN": "066-00016", "TYPE": "B", "TYPE_LABEL": "Verbreding", "DATUM": "1925-09-11T01:00:00", "LINK": "https://geodiensten.oost-vlaanderen.be/Bijlagen/Wijzigingen/066-00016-01.pdf", "CEVI_OID": 3167, "GEMEENTE": "Etikhove" }, "geometry": { "type": "MultiLineString", "coordinates": [ [ [ 97307.75620000064373, 165830.817299999296665 ], [ 97316.522200003266335, 165856.083999998867512 ], [ 97333.538500003516674, 165904.554800000041723 ] ] ] } },
{ "type": "Feature", "properties": { "GEMID": "066", "PLANID": "066-D-007", "NR": "132", "IDWIJZIGIN": "066-00001", "TYPE": "A", "TYPE_LABEL": "Afschaffing", "DATUM": "1858-11-03T01:00:00", "LINK": "https://geodiensten.oost-vlaanderen.be/Bijlagen/Wijzigingen/066-00001-06.pdf", "CEVI_OID": 3168, "GEMEENTE": "Etikhove" }, "geometry": { "type": "MultiLineString", "coordinates": [ [ [ 96903.618100002408028, 165706.288600001484156 ], [ 96905.036100000143051, 165733.231199998408556 ], [ 96904.520499996840954, 165820.891100000590086 ], [ 96915.735799998044968, 165848.220400001853704 ], [ 96832.45889999717474, 165885.089099999517202 ] ] ] } },
{ "type": "Feature", "properties": { "GEMID": "066", "PLANID": "066-D-008", "NR": "22", "IDWIJZIGIN": "066-00015", "TYPE": "PN", "TYPE_LABEL": "Nieuw deel bij verplaatsing", "DATUM": "1946-12-02T01:00:00", "LINK": "https://geodiensten.oost-vlaanderen.be/Bijlagen/Wijzigingen/066-00015-01.pdf", "CEVI_OID": 3169, "GEMEENTE": "Etikhove" }, "geometry": { "type": "MultiLineString", "coordinates": [ [ [ 97834.876000002026558, 164915.28660000115633 ], [ 97802.905900001525879, 164939.65089999884367 ] ] ] } },
{ "type": "Feature", "properties": { "GEMID": "066", "PLANID": "066-D-008", "NR": "22", "IDWIJZIGIN": "066-00015", "TYPE": "PN", "TYPE_LABEL": "Nieuw deel bij verplaatsing", "DATUM": "1946-12-02T01:00:00", "LINK": "https://geodiensten.oost-vlaanderen.be/Bijlagen/Wijzigingen/066-00015-01.pdf", "CEVI_OID": 3170, "GEMEENTE": "Etikhove" }, "geometry": { "type": "MultiLineString", "coordinates": [ [ [ 97950.123000003397465, 164827.497800000011921 ], [ 97834.876000002026558, 164915.28660000115633 ] ] ] } },
{ "type": "Feature", "properties": { "GEMID": "066", "PLANID": "066-D-008", "NR": "22", "IDWIJZIGIN": "066-00015", "TYPE": "PA", "TYPE_LABEL": "Deels afgeschaft bij verplaatsing", "DATUM": "1946-12-02T01:00:00", "LINK": "https://geodiensten.oost-vlaanderen.be/Bijlagen/Wijzigingen/066-00015-01.pdf", "CEVI_OID": 3171, "GEMEENTE": "Etikhove" }, "geometry": { "type": "MultiLineString", "coordinates": [ [ [ 97802.905900001525879, 164939.65089999884367 ], [ 97791.174900002777576, 164959.632199998944998 ], [ 97783.440200001001358, 164972.781199999153614 ], [ 97776.994599997997284, 164975.488400001078844 ], [ 97740.641500003635883, 164988.37950000166893 ], [ 97736.258500002324581, 164990.442099999636412 ] ] ] } },
{ "type": "Feature", "properties": { "GEMID": "066", "PLANID": "066-D-008", "NR": "22", "IDWIJZIGIN": "066-00015", "TYPE": "PA", "TYPE_LABEL": "Deels afgeschaft bij verplaatsing", "DATUM": "1946-12-02T01:00:00", "LINK": "https://geodiensten.oost-vlaanderen.be/Bijlagen/Wijzigingen/066-00015-01.pdf", "CEVI_OID": 3172, "GEMEENTE": "Etikhove" }, "geometry": { "type": "MultiLineString", "coordinates": [ [ [ 97834.876000002026558, 164915.28660000115633 ], [ 97822.500399999320507, 164919.153999999165535 ], [ 97812.832099996507168, 164924.439399998635054 ], [ 97807.933399997651577, 164931.142799999564886 ], [ 97802.905900001525879, 164939.65089999884367 ] ] ] } },
{ "type": "Feature", "properties": { "GEMID": "066", "PLANID": "066-D-008", "NR": "22", "IDWIJZIGIN": "066-00015", "TYPE": "PA", "TYPE_LABEL": "Deels afgeschaft bij verplaatsing", "DATUM": "1946-12-02T01:00:00", "LINK": "https://geodiensten.oost-vlaanderen.be/Bijlagen/Wijzigingen/066-00015-01.pdf", "CEVI_OID": 3173, "GEMEENTE": "Etikhove" }, "geometry": { "type": "MultiLineString", "coordinates": [ [ [ 97950.123000003397465, 164827.497800000011921 ], [ 97948.576099999248981, 164832.009700000286102 ], [ 97950.638599999248981, 164846.576699998229742 ], [ 97952.959100000560284, 164861.917199999094009 ], [ 97952.185599997639656, 164869.394099999219179 ], [ 97950.251900002360344, 164881.254000000655651 ], [ 97946.255599997937679, 164886.797200001776218 ], [ 97938.907700002193451, 164891.824700001627207 ], [ 97923.567199997603893, 164897.110100001096725 ], [ 97905.648500002920628, 164904.458000000566244 ], [ 97889.792300000786781, 164909.743400000035763 ], [ 97882.186499997973442, 164910.903599999845028 ], [ 97866.072599999606609, 164910.903599999845028 ], [ 97850.216499999165535, 164911.161499999463558 ], [ 97835.778300002217293, 164915.028799999505281 ], [ 97834.876000002026558, 164915.28660000115633 ] ] ] } },
{ "type": "Feature", "properties": { "GEMID": "066", "PLANID": "066-D-008", "NR": "22", "IDWIJZIGIN": "066-00015", "TYPE": "P", "TYPE_LABEL": "Verplaatsing", "DATUM": "1946-12-02T01:00:00", "LINK": "https://geodiensten.oost-vlaanderen.be/Bijlagen/Wijzigingen/066-00015-01.pdf", "CEVI_OID": 3174, "GEMEENTE": "Etikhove" }, "geometry": { "type": "MultiLineString", "coordinates": [ [ [ 98220.450800001621246, 164638.642200000584126 ], [ 98189.125200003385544, 164659.912599999457598 ], [ 98141.814599998295307, 164691.36710000038147 ], [ 98120.028599999845028, 164706.063000001013279 ], [ 98107.781999997794628, 164714.828999999910593 ], [ 98090.378899998962879, 164728.622499998658895 ], [ 98070.139799997210503, 164749.76410000026226 ], [ 98056.604000002145767, 164759.174600001424551 ], [ 98038.427500002086163, 164771.55009999871254 ], [ 98023.473700001835823, 164782.378699999302626 ], [ 98004.65259999781847, 164794.367499999701977 ], [ 97973.842699997127056, 164812.028400000184774 ], [ 97950.123000003397465, 164827.497800000011921 ], [ 97948.576099999248981, 164832.009700000286102 ], [ 97950.638599999248981, 164846.576699998229742 ], [ 97952.959100000560284, 164861.917199999094009 ], [ 97952.185599997639656, 164869.394099999219179 ], [ 97950.251900002360344, 164881.254000000655651 ], [ 97946.255599997937679, 164886.797200001776218 ], [ 97938.907700002193451, 164891.824700001627207 ], [ 97923.567199997603893, 164897.110100001096725 ], [ 97905.648500002920628, 164904.458000000566244 ], [ 97889.792300000786781, 164909.743400000035763 ], [ 97882.186499997973442, 164910.903599999845028 ], [ 97866.072599999606609, 164910.903599999845028 ], [ 97850.216499999165535, 164911.161499999463558 ], [ 97835.778300002217293, 164915.028799999505281 ], [ 97834.876000002026558, 164915.28660000115633 ], [ 97822.500399999320507, 164919.153999999165535 ], [ 97812.832099996507168, 164924.439399998635054 ], [ 97807.933399997651577, 164931.142799999564886 ], [ 97802.905900001525879, 164939.65089999884367 ], [ 97791.174900002777576, 164959.632199998944998 ], [ 97783.440200001001358, 164972.781199999153614 ], [ 97776.994599997997284, 164975.488400001078844 ], [ 97740.641500003635883, 164988.37950000166893 ], [ 97736.258500002324581, 164990.442099999636412 ], [ 97736.903099998831749, 164993.793800000101328 ], [ 97738.450000002980232, 165001.528499998152256 ], [ 97742.059600003063679, 165029.244500000029802 ], [ 97751.727899998426437, 165065.597600001841784 ], [ 97753.790500000119209, 165073.461199998855591 ], [ 97783.05349999666214, 165123.865699999034405 ], [ 97733.809199996292591, 165146.038499999791384 ], [ 97713.312299996614456, 165157.382699999958277 ], [ 97702.741499997675419, 165164.086100000888109 ] ] ] } },
{ "type": "Feature", "properties": { "GEMID": "066", "PLANID": "066-D-008", "NR": "140", "IDWIJZIGIN": "066-00001", "TYPE": "A", "TYPE_LABEL": "Afschaffing", "DATUM": "1858-11-03T01:00:00", "LINK": "https://geodiensten.oost-vlaanderen.be/Bijlagen/Wijzigingen/066-00001-01.pdf", "CEVI_OID": 3175, "GEMEENTE": "Etikhove" }, "geometry": { "type": "MultiLineString", "coordinates": [ [ [ 97502.799500003457069, 164794.754200000315905 ], [ 97560.680900000035763, 164775.288600001484156 ], [ 97623.203000001609325, 164755.307300001382828 ], [ 97627.972699999809265, 164755.049400001764297 ], [ 97674.123099997639656, 164740.09569999948144 ] ] ] } },
{ "type": "Feature", "properties": { "GEMID": "066", "PLANID": "066-D-008", "NR": "141bis", "IDWIJZIGIN": "066-00001", "TYPE": "A", "TYPE_LABEL": "Afschaffing", "DATUM": "1858-11-03T01:00:00", "LINK": "https://geodiensten.oost-vlaanderen.be/Bijlagen/Wijzigingen/066-00001-01.pdf", "CEVI_OID": 3176, "GEMEENTE": "Etikhove" }, "geometry": { "type": "MultiLineString", "coordinates": [ [ [ 97527.679499998688698, 164583.72580000013113 ], [ 97532.707000002264977, 164595.843499999493361 ], [ 97536.316500000655651, 164627.555799998342991 ], [ 97539.926100000739098, 164668.420800000429153 ], [ 97524.327799998223782, 164688.65989999845624 ], [ 97504.217500001192093, 164714.442299999296665 ], [ 97467.864500001072884, 164760.979400001466274 ] ] ] } },
{ "type": "Feature", "properties": { "GEMID": "066", "PLANID": "066-D-008", "NR": "10", "IDWIJZIGIN": "066-00026", "TYPE": "P", "TYPE_LABEL": "Verplaatsing", "DATUM": "1953-04-24T01:00:00", "LINK": "https://geodiensten.oost-vlaanderen.be/Bijlagen/Wijzigingen/066-00026-01.pdf", "CEVI_OID": 3177, "GEMEENTE": "Etikhove" }, "geometry": { "type": "MultiLineString", "coordinates": [ [ [ 97460.774300001561642, 164599.968699999153614 ], [ 97453.297399997711182, 164607.445599999278784 ], [ 97439.375, 164626.653400000184774 ], [ 97429.44879999756813, 164642.38060000166297 ], [ 97415.913099996745586, 164668.420800000429153 ], [ 97394.771499998867512, 164709.156899999827147 ] ] ] } },
{ "type": "Feature", "properties": { "GEMID": "066", "PLANID": "066-D-008", "NR": "24", "IDWIJZIGIN": "066-00026", "TYPE": "P", "TYPE_LABEL": "Verplaatsing", "DATUM": "1953-04-24T01:00:00", "LINK": "https://geodiensten.oost-vlaanderen.be/Bijlagen/Wijzigingen/066-00026-01.pdf", "CEVI_OID": 3178, "GEMEENTE": "Etikhove" }, "geometry": { "type": "MultiLineString", "coordinates": [ [ [ 97460.774300001561642, 164599.968699999153614 ], [ 97478.177400000393391, 164596.616999998688698 ], [ 97497.127400003373623, 164592.620700001716614 ], [ 97514.401600003242493, 164587.979899998754263 ], [ 97527.679499998688698, 164583.72580000013113 ], [ 97543.535599999129772, 164577.409200001507998 ], [ 97569.575800001621246, 164563.873399998992682 ], [ 97575.119000002741814, 164560.392799999564886 ], [ 97589.685999996960163, 164559.3614999987185 ] ] ] } },
{ "type": "Feature", "properties": { "GEMID": "066", "PLANID": "066-D-008", "NR": "23", "IDWIJZIGIN": "066-00026", "TYPE": "PA", "TYPE_LABEL": "Deels afgeschaft bij verplaatsing", "DATUM": "1953-04-24T01:00:00", "LINK": "https://geodiensten.oost-vlaanderen.be/Bijlagen/Wijzigingen/066-00026-01.pdf", "CEVI_OID": 3179, "GEMEENTE": "Etikhove" }, "geometry": { "type": "MultiLineString", "coordinates": [ [ [ 97589.685999996960163, 164559.3614999987185 ], [ 97594.068999998271465, 164548.661899998784065 ], [ 97592.779899999499321, 164534.481600001454353 ], [ 97588.267899997532368, 164518.883299998939037 ], [ 97585.818599998950958, 164510.375100001692772 ], [ 97586.592100001871586, 164505.218600001186132 ], [ 97592.779899999499321, 164496.452599998563528 ], [ 97605.928800001740456, 164480.854299999773502 ], [ 97629.777500003576279, 164450.173300001770258 ], [ 97636.223099999129772, 164442.051899999380112 ], [ 97646.4070999994874, 164433.157000001519918 ], [ 97658.138099998235703, 164424.906700000166893 ], [ 97672.962899997830391, 164416.140700001269579 ], [ 97687.272100001573563, 164408.276999998837709 ], [ 97698.616300001740456, 164402.862799998372793 ], [ 97706.995600000023842, 164398.995400000363588 ], [ 97715.116999998688698, 164392.549800001084805 ], [ 97717.050700001418591, 164387.135499998927116 ] ] ] } },
{ "type": "Feature", "properties": { "GEMID": "066", "PLANID": "066-D-008", "NR": "23", "IDWIJZIGIN": "066-00026", "TYPE": "PN", "TYPE_LABEL": "Nieuw deel bij verplaatsing", "DATUM": "1953-04-24T01:00:00", "LINK": "https://geodiensten.oost-vlaanderen.be/Bijlagen/Wijzigingen/066-00026-01.pdf", "CEVI_OID": 3180, "GEMEENTE": "Etikhove" }, "geometry": { "type": "MultiLineString", "coordinates": [ [ [ 97589.685999996960163, 164559.3614999987185 ], [ 97616.241800002753735, 164540.927200000733137 ], [ 97669.095600001513958, 164504.574099998921156 ], [ 97696.811599999666214, 164483.561500001698732 ], [ 97713.699000000953674, 164459.197200000286102 ], [ 97723.754100002348423, 164437.024300001561642 ], [ 97724.914300002157688, 164419.105599999427795 ], [ 97722.722800001502037, 164405.956599999219179 ], [ 97717.050700001418591, 164387.135499998927116 ] ] ] } },
{ "type": "Feature", "properties": { "GEMID": "066", "PLANID": "066-D-008", "NR": "23", "IDWIJZIGIN": "066-00026", "TYPE": "P", "TYPE_LABEL": "Verplaatsing", "DATUM": "1953-04-24T01:00:00", "LINK": "https://geodiensten.oost-vlaanderen.be/Bijlagen/Wijzigingen/066-00026-01.pdf", "CEVI_OID": 3181, "GEMEENTE": "Etikhove" }, "geometry": { "type": "MultiLineString", "coordinates": [ [ [ 97717.050700001418591, 164387.135499998927116 ], [ 97716.921800002455711, 164380.045400001108646 ], [ 97707.382299996912479, 164349.751200001686811 ], [ 97699.905500002205372, 164317.781100001186132 ], [ 97691.010499998927116, 164281.55689999833703 ], [ 97690.752700001001358, 164249.586800001561642 ], [ 97691.655100002884865, 164235.27760000154376 ], [ 97694.362300001084805, 164212.202399998903275 ], [ 97692.170800000429153, 164200.987100001424551 ], [ 97681.471100002527237, 164159.219700001180172 ], [ 97678.377199999988079, 164138.335999999195337 ], [ 97695.006800003349781, 164131.503699999302626 ], [ 97738.321099996566772, 164118.354699999094009 ], [ 97767.326300002634525, 164109.073100000619888 ], [ 97807.675599999725819, 164093.474800001829863 ], [ 97871.744699999690056, 164070.657400000840425 ], [ 97905.003899998962879, 164058.539700001478195 ], [ 97920.859999999403954, 164050.418299999088049 ], [ 97945.095399998128414, 164036.753600001335144 ] ] ] } },
{ "type": "Feature", "properties": { "GEMID": "066", "PLANID": "066-D-008", "NR": "22", "IDWIJZIGIN": "066-00015", "TYPE": "PN", "TYPE_LABEL": "Nieuw deel bij verplaatsing", "DATUM": "1946-12-02T01:00:00", "LINK": "https://geodiensten.oost-vlaanderen.be/Bijlagen/Wijzigingen/066-00015-01.pdf", "CEVI_OID": 3182, "GEMEENTE": "Etikhove" }, "geometry": { "type": "MultiLineString", "coordinates": [ [ [ 97802.905900001525879, 164939.65089999884367 ], [ 97736.258500002324581, 164990.442099999636412 ] ] ] } },
{ "type": "Feature", "properties": { "GEMID": "066", "PLANID": "066-D-009", "NR": "147", "IDWIJZIGIN": "066-00044", "TYPE": "A", "TYPE_LABEL": "Afschaffing", "DATUM": "1979-11-30T01:00:00", "LINK": "https://geodiensten.oost-vlaanderen.be/Bijlagen/Wijzigingen/066-00044-08.pdf", "CEVI_OID": 3183, "GEMEENTE": "Etikhove" }, "geometry": { "type": "MultiLineString", "coordinates": [ [ [ 98309.013099998235703, 164300.377999998629093 ], [ 98322.677699998021126, 164293.80350000038743 ] ] ] } },
{ "type": "Feature", "properties": { "GEMID": "066", "PLANID": "066-D-009", "NR": "22", "IDWIJZIGIN": "066-00015", "TYPE": "P", "TYPE_LABEL": "Verplaatsing", "DATUM": "1946-12-02T01:00:00", "LINK": "https://geodiensten.oost-vlaanderen.be/Bijlagen/Wijzigingen/066-00015-01.pdf", "CEVI_OID": 3184, "GEMEENTE": "Etikhove" }, "geometry": { "type": "MultiLineString", "coordinates": [ [ [ 98539.893899999558926, 164279.881000000983477 ], [ 98525.068999998271465, 164295.221500001847744 ] ] ] } },
{ "type": "Feature", "properties": { "GEMID": "066", "PLANID": "066-D-009", "NR": "22", "IDWIJZIGIN": "066-00015", "TYPE": "P", "TYPE_LABEL": "Verplaatsing", "DATUM": "1946-12-02T01:00:00", "LINK": "https://geodiensten.oost-vlaanderen.be/Bijlagen/Wijzigingen/066-00015-01.pdf", "CEVI_OID": 3185, "GEMEENTE": "Etikhove" }, "geometry": { "type": "MultiLineString", "coordinates": [ [ [ 98525.068999998271465, 164295.221500001847744 ], [ 98513.853699997067451, 164308.757199998944998 ], [ 98504.829899996519089, 164315.976300001144409 ], [ 98490.0050999969244, 164325.000100001692772 ], [ 98475.824799999594688, 164333.637200001627207 ], [ 98461.515600003302097, 164343.950100000947714 ], [ 98450.8158999979496, 164351.942600000649691 ], [ 98436.24889999628067, 164365.736200001090765 ], [ 98420.650600001215935, 164380.174300000071526 ], [ 98405.825699999928474, 164394.096799999475479 ], [ 98380.30120000243187, 164418.589999999850988 ], [ 98373.211099997162819, 164426.840300001204014 ], [ 98353.100900001823902, 164445.919300001114607 ], [ 98334.279799997806549, 164465.256000000983477 ], [ 98328.865500003099442, 164476.4712999984622 ], [ 98317.005599997937679, 164500.83559999987483 ], [ 98304.372299998998642, 164528.809500001370907 ], [ 98292.254600003361702, 164557.170000001788139 ], [ 98287.355899997055531, 164570.447900000959635 ], [ 98283.488600000739098, 164585.272799998521805 ], [ 98282.71509999781847, 164601.902399998158216 ], [ 98277.6875, 164605.125199999660254 ], [ 98264.796400003135204, 164613.762200001627207 ], [ 98238.498400002717972, 164630.005100000649691 ], [ 98219.935099996626377, 164642.6385000012815 ] ] ] } },
{ "type": "Feature", "properties": { "GEMID": "066", "PLANID": "066-D-009", "NR": "9", "IDWIJZIGIN": "066-00014", "TYPE": "P", "TYPE_LABEL": "Verplaatsing", "DATUM": "1916-12-02T01:00:00", "LINK": "https://geodiensten.oost-vlaanderen.be/Bijlagen/Wijzigingen/066-00014-01.pdf", "CEVI_OID": 3186, "GEMEENTE": "Etikhove" }, "geometry": { "type": "MultiLineString", "coordinates": [ [ [ 98620.334700003266335, 163945.35530000180006 ], [ 98619.947999998927116, 163949.867199998348951 ], [ 98622.139499999582767, 163981.708299998193979 ], [ 98617.627599999308586, 164009.553300000727177 ], [ 98606.283399999141693, 164080.325800001621246 ], [ 98602.802799999713898, 164093.216899998486042 ], [ 98589.524899996817112, 164117.839099999517202 ], [ 98567.738799996674061, 164155.996899999678135 ], [ 98559.101700000464916, 164170.821800000965595 ], [ 98556.523500002920628, 164176.622800000011921 ], [ 98550.98030000180006, 164191.705400001257658 ], [ 98542.472099997103214, 164226.124899998307228 ], [ 98539.765000000596046, 164240.820799998939037 ], [ 98537.702399998903275, 164252.2939000017941 ], [ 98537.702399998903275, 164263.122499998658895 ], [ 98539.893899999558926, 164279.881000000983477 ], [ 98542.472099997103214, 164304.116399999707937 ], [ 98551.238099999725819, 164329.383099999278784 ], [ 98567.352099999785423, 164367.283100001513958 ], [ 98578.438500002026558, 164387.780099999159575 ], [ 98597.38849999755621, 164415.625 ], [ 98616.209600001573563, 164441.278400000184774 ], [ 98638.769100002944469, 164488.589000001549721 ], [ 98661.199699997901917, 164530.22749999910593 ], [ 98677.313699997961521, 164564.002300001680851 ], [ 98686.208599999547005, 164586.43299999833107 ], [ 98697.939599998295307, 164621.496899999678135 ], [ 98707.092299997806549, 164651.275499999523163 ], [ 98707.865800000727177, 164653.338100001215935 ], [ 98717.534100003540516, 164676.026599999517202 ], [ 98732.358999997377396, 164711.735100001096725 ], [ 98743.44539999961853, 164737.3885000012815 ], [ 98750.019900001585484, 164767.682799998670816 ], [ 98757.625699996948242, 164807.129700001329184 ], [ 98767.036200001835823, 164865.268899999558926 ], [ 98769.743400000035763, 164876.484200000762939 ], [ 98776.575699999928474, 164931.529500000178814 ], [ 98773.095100000500679, 164950.737300001084805 ], [ 98765.48929999768734, 164982.707400001585484 ], [ 98765.618199996650219, 164989.797600001096725 ], [ 98764.200199998915195, 165031.307100001722574 ], [ 98761.364100001752377, 165104.528999999165535 ] ] ] } },
{ "type": "Feature", "properties": { "GEMID": "066", "PLANID": "066-D-009", "NR": "64", "IDWIJZIGIN": "066-00044", "TYPE": "A", "TYPE_LABEL": "Afschaffing", "DATUM": "1979-11-30T01:00:00", "LINK": "https://geodiensten.oost-vlaanderen.be/Bijlagen/Wijzigingen/066-00044-07.pdf", "CEVI_OID": 3187, "GEMEENTE": "Etikhove" }, "geometry": { "type": "MultiLineString", "coordinates": [ [ [ 98660.6841000020504, 164301.538199998438358 ], [ 98663.262299999594688, 164310.690900001674891 ] ] ] } },
{ "type": "Feature", "properties": { "GEMID": "066", "PLANID": "066-D-009", "NR": "146", "IDWIJZIGIN": "066-00001", "TYPE": "A", "TYPE_LABEL": "Afschaffing", "DATUM": "1858-11-03T01:00:00", "LINK": "https://geodiensten.oost-vlaanderen.be/Bijlagen/Wijzigingen/066-00001-07.pdf", "CEVI_OID": 3188, "GEMEENTE": "Etikhove" }, "geometry": { "type": "MultiLineString", "coordinates": [ [ [ 98875.450900003314018, 164402.089299999177456 ], [ 98901.362199999392033, 164356.970199998468161 ], [ 98915.542499996721745, 164331.445700000971556 ], [ 98878.931599996984005, 164308.757199998944998 ], [ 98868.231899999082088, 164314.042599998414516 ], [ 98831.878799997270107, 164290.580699998885393 ], [ 98831.49210000038147, 164287.615699999034405 ], [ 98816.022699996829033, 164276.65819999948144 ], [ 98800.424300000071526, 164228.058499999344349 ], [ 98796.685900002717972, 164215.811900001019239 ], [ 98788.306699998676777, 164178.169700000435114 ], [ 98788.693400003015995, 164174.689100001007318 ] ] ] } },
{ "type": "Feature", "properties": { "GEMID": "066", "PLANID": "066-D-009", "NR": "66", "IDWIJZIGIN": "066-00001", "TYPE": "A", "TYPE_LABEL": "Afschaffing", "DATUM": "1858-11-03T01:00:00", "LINK": "https://geodiensten.oost-vlaanderen.be/Bijlagen/Wijzigingen/066-00001-07.pdf", "CEVI_OID": 3189, "GEMEENTE": "Etikhove" }, "geometry": { "type": "MultiLineString", "coordinates": [ [ [ 98933.718999996781349, 164184.744199998676777 ], [ 98934.363600000739098, 164182.423799999058247 ], [ 98955.5050999969244, 164160.122099999338388 ], [ 98965.43129999935627, 164149.938099998980761 ], [ 98980.127199999988079, 164129.698899999260902 ], [ 98997.788099996745586, 164105.334600001573563 ], [ 99011.45269999653101, 164083.935300000011921 ], [ 99026.148699998855591, 164061.375799998641014 ], [ 99044.067400000989437, 164032.757399998605251 ], [ 99057.087499998509884, 164012.131499998271465 ] ] ] } },
{ "type": "Feature", "properties": { "GEMID": "066", "PLANID": "066-D-009", "NR": "61", "IDWIJZIGIN": "066-00001", "TYPE": "A", "TYPE_LABEL": "Afschaffing", "DATUM": "1858-11-03T01:00:00", "LINK": "https://geodiensten.oost-vlaanderen.be/Bijlagen/Wijzigingen/066-00001-07.pdf", "CEVI_OID": 3190, "GEMEENTE": "Etikhove" }, "geometry": { "type": "MultiLineString", "coordinates": [ [ [ 98990.569099999964237, 164318.296700000762939 ], [ 99016.866999998688698, 164345.239199999719858 ], [ 99056.056199997663498, 164387.909000001847744 ], [ 99090.475599996745586, 164426.711399998515844 ] ] ] } },
{ "type": "Feature", "properties": { "GEMID": "066", "PLANID": "066-D-009", "NR": "143", "IDWIJZIGIN": "066-00001", "TYPE": "A", "TYPE_LABEL": "Afschaffing", "DATUM": "1858-11-03T01:00:00", "LINK": "https://geodiensten.oost-vlaanderen.be/Bijlagen/Wijzigingen/066-00001-07.pdf", "CEVI_OID": 3191, "GEMEENTE": "Etikhove" }, "geometry": { "type": "MultiLineString", "coordinates": [ [ [ 99043.16499999910593, 164644.829999998211861 ], [ 98998.303800001740456, 164690.593600001186132 ], [ 99004.104800000786781, 164759.045699998736382 ], [ 99003.847000002861023, 164761.366099998354912 ], [ 98988.377599999308586, 164788.308600001037121 ], [ 98972.52139999717474, 164816.153599999845028 ], [ 98958.598999999463558, 164842.709399998188019 ], [ 98939.648900002241135, 164878.417899999767542 ], [ 98919.925499998033047, 164919.540699999779463 ], [ 98905.616300001740456, 164941.9712999984622 ], [ 98891.95160000026226, 164947.12779999896884 ], [ 98848.508400000631809, 164962.597199998795986 ] ] ] } },
{ "type": "Feature", "properties": { "GEMID": "066", "PLANID": "066-D-009", "NR": "2", "IDWIJZIGIN": "066-00001", "TYPE": "S", "TYPE_LABEL": "Versmalling", "DATUM": "1858-11-03T01:00:00", "LINK": "https://geodiensten.oost-vlaanderen.be/Bijlagen/Wijzigingen/066-00001-07.pdf", "CEVI_OID": 3192, "GEMEENTE": "Etikhove" }, "geometry": { "type": "MultiLineString", "coordinates": [ [ [ 98928.175800003111362, 165130.311299998313189 ], [ 98949.704099997878075, 165091.508900001645088 ], [ 98975.486400000751019, 165056.315999999642372 ], [ 98988.377599999308586, 165039.428599998354912 ], [ 99026.27759999781847, 164999.852699998766184 ], [ 99032.078599996864796, 164990.313200000673532 ], [ 99051.157499998807907, 164948.674800001084805 ], [ 99072.428000003099442, 164905.360399998724461 ], [ 99090.346699997782707, 164874.550500001758337 ], [ 99106.589599996805191, 164837.681800000369549 ], [ 99116.129000000655651, 164814.090999998152256 ], [ 99142.555900000035763, 164783.538899999111891 ], [ 99188.190600000321865, 164739.193300001323223 ], [ 99253.03320000320673, 164679.249400001019239 ], [ 99267.213500000536442, 164668.034099999815226 ], [ 99305.887000001966953, 164646.376899998635054 ], [ 99320.067299999296665, 164640.060199998319149 ], [ 99358.740800000727177, 164631.294199999421835 ], [ 99362.60809999704361, 164628.458200000226498 ], [ 99366.733300000429153, 164613.891199998557568 ], [ 99371.760899998247623, 164577.151299998164177 ], [ 99380.397900000214577, 164529.969700001180172 ], [ 99382.07379999756813, 164520.559099998325109 ], [ 99390.066299997270107, 164486.010800000280142 ], [ 99396.254100002348423, 164466.416200000792742 ], [ 99415.461900003254414, 164417.687600001692772 ], [ 99440.857500001788139, 164360.708599999547005 ], [ 99460.838799998164177, 164315.331700000911951 ], [ 99491.133100003004074, 164261.575599998235703 ], [ 99527.744000002741814, 164196.990800000727177 ], [ 99546.951800003647804, 164176.622800000011921 ], [ 99588.203500002622604, 164134.597600001841784 ], [ 99621.07599999755621, 164097.471000000834465 ], [ 99629.326399996876717, 164084.966600000858307 ], [ 99644.022299997508526, 164053.769999999552965 ], [ 99645.182499997317791, 164051.191700000315905 ] ] ] } },
{ "type": "Feature", "properties": { "GEMID": "066", "PLANID": "066-D-010", "NR": "60bis", "IDWIJZIGIN": "066-00001", "TYPE": "N", "TYPE_LABEL": "Nieuwe weg", "DATUM": "1858-11-03T01:00:00", "LINK": "https://geodiensten.oost-vlaanderen.be/Bijlagen/Wijzigingen/066-00001-08.pdf", "CEVI_OID": 3193, "GEMEENTE": "Etikhove" }, "geometry": { "type": "MultiLineString", "coordinates": [ [ [ 98654.625299997627735, 163366.284000001847744 ], [ 98636.1908999979496, 163313.945900000631809 ] ] ] } },
{ "type": "Feature", "properties": { "GEMID": "066", "PLANID": "066-D-010", "NR": "60bis", "IDWIJZIGIN": "066-00035", "TYPE": "V", "TYPE_LABEL": "Verklaring/erkenning", "DATUM": "1961-01-06T01:00:00", "LINK": "https://geodiensten.oost-vlaanderen.be/Bijlagen/Wijzigingen/066-00035-01.pdf", "CEVI_OID": 3194, "GEMEENTE": "Etikhove" }, "geometry": { "type": "MultiLineString", "coordinates": [ [ [ 98654.625299997627735, 163366.284000001847744 ], [ 98636.1908999979496, 163313.945900000631809 ] ] ] } },
{ "type": "Feature", "properties": { "GEMID": "066", "PLANID": "066-D-010", "NR": "60", "IDWIJZIGIN": "066-00035", "TYPE": "V", "TYPE_LABEL": "Verklaring/erkenning", "DATUM": "1961-01-06T01:00:00", "LINK": "https://geodiensten.oost-vlaanderen.be/Bijlagen/Wijzigingen/066-00035-01.pdf", "CEVI_OID": 3195, "GEMEENTE": "Etikhove" }, "geometry": { "type": "MultiLineString", "coordinates": [ [ [ 98654.625299997627735, 163366.284000001847744 ], [ 98663.906900003552437, 163394.902399998158216 ], [ 98676.153499998152256, 163430.482099998742342 ], [ 98688.786799997091293, 163469.413400001823902 ], [ 98702.19370000064373, 163510.922899998724461 ], [ 98711.73309999704361, 163541.346099998801947 ], [ 98722.690600000321865, 163573.702899999916553 ], [ 98731.585500001907349, 163598.9695999994874 ], [ 98745.250200003385544, 163637.385299999266863 ], [ 98755.434199996292591, 163666.906100001186132 ], [ 98770.774700000882149, 163711.122800000011921 ], [ 98786.759700000286102, 163758.304400000721216 ], [ 98801.326700001955032, 163803.810199998319149 ], [ 98814.604599997401237, 163845.706500001251698 ], [ 98826.851199999451637, 163885.153499998152256 ], [ 98834.199199996888638, 163909.517799999564886 ] ] ] } },
{ "type": "Feature", "properties": { "GEMID": "066", "PLANID": "066-D-010", "NR": "60", "IDWIJZIGIN": "066-00001", "TYPE": "A", "TYPE_LABEL": "Afschaffing", "DATUM": "1858-11-03T01:00:00", "LINK": "https://geodiensten.oost-vlaanderen.be/Bijlagen/Wijzigingen/066-00001-08.pdf", "CEVI_OID": 3196, "GEMEENTE": "Etikhove" }, "geometry": { "type": "MultiLineString", "coordinates": [ [ [ 98638.898000001907349, 163097.374299999326468 ], [ 98641.218400001525879, 163147.263099998235703 ], [ 98643.66780000180006, 163192.124400001019239 ], [ 98645.601400002837181, 163228.47749999910593 ], [ 98647.277300000190735, 163265.861900001764297 ], [ 98648.824199996888638, 163293.062199998646975 ] ] ] } },
{ "type": "Feature", "properties": { "GEMID": "066", "PLANID": "066-D-010", "NR": "148", "IDWIJZIGIN": "066-00024", "TYPE": "B", "TYPE_LABEL": "Verbreding", "DATUM": "1952-02-08T01:00:00", "LINK": "https://geodiensten.oost-vlaanderen.be/Bijlagen/Wijzigingen/066-00024-01.pdf", "CEVI_OID": 3197, "GEMEENTE": "Etikhove" }, "geometry": { "type": "MultiLineString", "coordinates": [ [ [ 99206.882799997925758, 162998.370200000703335 ], [ 99214.488600000739098, 163021.316399998962879 ], [ 99223.89919999986887, 163050.966099999845028 ], [ 99229.313500002026558, 163071.205200001597404 ], [ 99237.434900000691414, 163106.913800001144409 ], [ 99246.974399998784065, 163148.552200000733137 ], [ 99257.287299998104572, 163196.894099999219179 ], [ 99263.732900001108646, 163228.219700001180172 ], [ 99267.213500000536442, 163245.107099998742342 ] ] ] } },
{ "type": "Feature", "properties": { "GEMID": "066", "PLANID": "066-D-010", "NR": "148", "IDWIJZIGIN": "066-00018", "TYPE": "P", "TYPE_LABEL": "Verplaatsing", "DATUM": "1939-07-12T01:00:00", "LINK": "https://geodiensten.oost-vlaanderen.be/Bijlagen/Wijzigingen/066-00018-01.pdf", "CEVI_OID": 3198, "GEMEENTE": "Etikhove" }, "geometry": { "type": "MultiLineString", "coordinates": [ [ [ 99180.198100000619888, 162920.894200000911951 ], [ 99191.413400001823902, 162953.379999998956919 ], [ 99204.820200003683567, 162992.440200001001358 ], [ 99206.882799997925758, 162998.370200000703335 ] ] ] } },
{ "type": "Feature", "properties": { "GEMID": "066", "PLANID": "066-D-010", "NR": "26", "IDWIJZIGIN": "066-00033", "TYPE": "B", "TYPE_LABEL": "Verbreding", "DATUM": "1958-12-30T01:00:00", "LINK": "https://geodiensten.oost-vlaanderen.be/Bijlagen/Wijzigingen/066-00033-03.pdf", "CEVI_OID": 3199, "GEMEENTE": "Etikhove" }, "geometry": { "type": "MultiLineString", "coordinates": [ [ [ 99135.207900002598763, 164033.0152000002563 ], [ 99121.929999999701977, 164006.846099998801947 ], [ 99115.871200002729893, 163998.337900001555681 ], [ 99110.843599997460842, 163994.08390000090003 ], [ 99098.210299998521805, 163988.540699999779463 ], [ 99078.357900001108646, 163982.352899998426437 ], [ 99027.051100000739098, 163966.496800001710653 ], [ 98993.920800000429153, 163956.828400000929832 ], [ 98963.884300000965595, 163947.288899999111891 ], [ 98916.70269999653101, 163934.139899998903275 ], [ 98861.012800000607967, 163916.350099999457598 ], [ 98838.58219999819994, 163909.517799999564886 ], [ 98834.199199996888638, 163909.517799999564886 ], [ 98828.140399999916553, 163910.162399999797344 ], [ 98779.282799996435642, 163927.694400001317263 ], [ 98725.397799998521805, 163947.933499999344349 ], [ 98644.828000001609325, 163978.227699998766184 ] ] ] } },
{ "type": "Feature", "properties": { "GEMID": "066", "PLANID": "066-D-011", "NR": "0", "IDWIJZIGIN": "066-00035", "TYPE": "V", "TYPE_LABEL": "Verklaring/erkenning", "DATUM": "1961-01-06T01:00:00", "LINK": "https://geodiensten.oost-vlaanderen.be/Bijlagen/Wijzigingen/066-00035-01.pdf", "CEVI_OID": 3200, "GEMEENTE": "Etikhove" }, "geometry": { "type": "MultiLineString", "coordinates": [ [ [ 98443.339000001549721, 163329.544199999421835 ], [ 98627.038199998438358, 163310.078600000590086 ], [ 98634.128300003707409, 163309.305100001394749 ] ] ] } },
{ "type": "Feature", "properties": { "GEMID": "066", "PLANID": "066-D-011", "NR": "60bis", "IDWIJZIGIN": "066-00001", "TYPE": "N", "TYPE_LABEL": "Nieuwe weg", "DATUM": "1858-11-03T01:00:00", "LINK": "https://geodiensten.oost-vlaanderen.be/Bijlagen/Wijzigingen/066-00001-08.pdf", "CEVI_OID": 3201, "GEMEENTE": "Etikhove" }, "geometry": { "type": "MultiLineString", "coordinates": [ [ [ 98629.616400003433228, 163337.407800000160933 ], [ 98627.038199998438358, 163310.078600000590086 ], [ 98612.729000002145767, 163157.83390000090003 ], [ 98610.666400000452995, 163135.274300001561642 ] ] ] } },
{ "type": "Feature", "properties": { "GEMID": "066", "PLANID": "066-D-011", "NR": "102bis", "IDWIJZIGIN": "066-00001", "TYPE": "N", "TYPE_LABEL": "Nieuwe weg", "DATUM": "1858-11-03T01:00:00", "LINK": "https://geodiensten.oost-vlaanderen.be/Bijlagen/Wijzigingen/066-00001-08.pdf", "CEVI_OID": 3202, "GEMEENTE": "Etikhove" }, "geometry": { "type": "MultiLineString", "coordinates": [ [ [ 98610.666400000452995, 163135.274300001561642 ], [ 98457.390399999916553, 163176.268300000578165 ] ] ] } },
{ "type": "Feature", "properties": { "GEMID": "066", "PLANID": "066-D-011", "NR": "60", "IDWIJZIGIN": "066-00035", "TYPE": "V", "TYPE_LABEL": "Verklaring/erkenning", "DATUM": "1961-01-06T01:00:00", "LINK": "https://geodiensten.oost-vlaanderen.be/Bijlagen/Wijzigingen/066-00035-01.pdf", "CEVI_OID": 3203, "GEMEENTE": "Etikhove" }, "geometry": { "type": "MultiLineString", "coordinates": [ [ [ 98627.038199998438358, 163310.078600000590086 ], [ 98612.729000002145767, 163157.83390000090003 ] ] ] } },
{ "type": "Feature", "properties": { "GEMID": "066", "PLANID": "066-D-011", "NR": "9", "IDWIJZIGIN": "066-00014", "TYPE": "P", "TYPE_LABEL": "Verplaatsing", "DATUM": "1916-12-02T01:00:00", "LINK": "https://geodiensten.oost-vlaanderen.be/Bijlagen/Wijzigingen/066-00014-01.pdf", "CEVI_OID": 3204, "GEMEENTE": "Etikhove" }, "geometry": { "type": "MultiLineString", "coordinates": [ [ [ 98620.334700003266335, 163986.864799998700619 ], [ 98622.139499999582767, 163981.708299998193979 ], [ 98619.947999998927116, 163949.867199998348951 ], [ 98615.564999997615814, 163893.274900000542402 ], [ 98608.346000000834465, 163815.7989999987185 ], [ 98603.060599997639656, 163750.698600001633167 ], [ 98597.25959999859333, 163712.153999999165535 ], [ 98589.782700002193451, 163662.780900001525879 ], [ 98582.176899999380112, 163615.470300000160933 ], [ 98578.438500002026558, 163606.962099999189377 ], [ 98556.394599996507168, 163562.874299999326468 ], [ 98528.807499997317791, 163503.703899998217821 ], [ 98495.806100003421307, 163435.896299999207258 ], [ 98460.097499996423721, 163362.416700001806021 ], [ 98443.339000001549721, 163329.544199999421835 ], [ 98436.506700001657009, 163313.172400001436472 ], [ 98414.33389999717474, 163266.893199998885393 ], [ 98390.485200002789497, 163216.488699998706579 ] ] ] } },
{ "type": "Feature", "properties": { "GEMID": "066", "PLANID": "066-D-011", "NR": "0", "IDWIJZIGIN": "066-00008", "TYPE": "PN", "TYPE_LABEL": "Nieuw deel bij verplaatsing", "DATUM": "1898-04-08T01:00:00", "LINK": "https://geodiensten.oost-vlaanderen.be/Bijlagen/Wijzigingen/066-00008-01.pdf", "CEVI_OID": 3205, "GEMEENTE": "Etikhove" }, "geometry": { "type": "MultiLineString", "coordinates": [ [ [ 98073.104699999094009, 163793.88399999961257 ], [ 98207.430699996650219, 163527.423599999397993 ], [ 98248.166799999773502, 163446.724899999797344 ], [ 98267.374600000679493, 163408.567099999636412 ], [ 98285.937899999320507, 163371.827300000935793 ], [ 98298.184500001370907, 163347.591899998486042 ], [ 98357.870600000023842, 163229.122000001370907 ] ] ] } },
{ "type": "Feature", "properties": { "GEMID": "066", "PLANID": "066-D-011", "NR": "23bis", "IDWIJZIGIN": "066-00001", "TYPE": "N", "TYPE_LABEL": "Nieuwe weg", "DATUM": "1858-11-03T01:00:00", "LINK": "https://geodiensten.oost-vlaanderen.be/Bijlagen/Wijzigingen/066-00001-08.pdf", "CEVI_OID": 3206, "GEMEENTE": "Etikhove" }, "geometry": { "type": "MultiLineString", "coordinates": [ [ [ 98073.104699999094009, 163793.88399999961257 ], [ 98207.430699996650219, 163527.423599999397993 ], [ 98248.166799999773502, 163446.724899999797344 ], [ 98267.374600000679493, 163408.567099999636412 ], [ 98285.937899999320507, 163371.827300000935793 ], [ 98298.184500001370907, 163347.591899998486042 ], [ 98357.870600000023842, 163229.122000001370907 ] ] ] } },
{ "type": "Feature", "properties": { "GEMID": "066", "PLANID": "066-D-011", "NR": "28", "IDWIJZIGIN": "066-00014", "TYPE": "P", "TYPE_LABEL": "Verplaatsing", "DATUM": "1916-12-02T01:00:00", "LINK": "https://geodiensten.oost-vlaanderen.be/Bijlagen/Wijzigingen/066-00014-01.pdf", "CEVI_OID": 3207, "GEMEENTE": "Etikhove" }, "geometry": { "type": "MultiLineString", "coordinates": [ [ [ 98073.104699999094009, 163793.88399999961257 ], [ 98207.430699996650219, 163527.423599999397993 ], [ 98248.166799999773502, 163446.724899999797344 ], [ 98267.374600000679493, 163408.567099999636412 ], [ 98285.937899999320507, 163371.827300000935793 ], [ 98298.184500001370907, 163347.591899998486042 ], [ 98357.870600000023842, 163229.122000001370907 ] ] ] } },
{ "type": "Feature", "properties": { "GEMID": "066", "PLANID": "066-D-011", "NR": "28", "IDWIJZIGIN": "066-00008", "TYPE": "PA", "TYPE_LABEL": "Deels afgeschaft bij verplaatsing", "DATUM": "1898-04-08T01:00:00", "LINK": "https://geodiensten.oost-vlaanderen.be/Bijlagen/Wijzigingen/066-00008-01.pdf", "CEVI_OID": 3208, "GEMEENTE": "Etikhove" }, "geometry": { "type": "MultiLineString", "coordinates": [ [ [ 98051.705399997532368, 163744.639800000935793 ], [ 98053.38120000064373, 163749.022799998521805 ], [ 98058.795500002801418, 163750.956500001251698 ], [ 98063.951999999582767, 163759.851399999111891 ], [ 98073.104699999094009, 163787.180599998682737 ], [ 98073.104699999094009, 163793.88399999961257 ] ] ] } },
{ "type": "Feature", "properties": { "GEMID": "066", "PLANID": "066-D-011", "NR": "102", "IDWIJZIGIN": "066-00008", "TYPE": "PA", "TYPE_LABEL": "Deels afgeschaft bij verplaatsing", "DATUM": "1898-04-08T01:00:00", "LINK": "https://geodiensten.oost-vlaanderen.be/Bijlagen/Wijzigingen/066-00008-01.pdf", "CEVI_OID": 3209, "GEMEENTE": "Etikhove" }, "geometry": { "type": "MultiLineString", "coordinates": [ [ [ 98298.184500001370907, 163347.591899998486042 ], [ 98282.972900003194809, 163349.396600000560284 ], [ 98172.7533999979496, 163362.030000001192093 ], [ 98170.43299999833107, 163364.994899999350309 ], [ 98133.435400001704693, 163418.106499999761581 ], [ 98076.714299999177456, 163500.609999999403954 ], [ 98052.865599997341633, 163536.189599998295307 ], [ 98051.0608000010252, 163540.44370000064373 ], [ 98046.420000001788139, 163551.143399998545647 ], [ 98031.079499997198582, 163607.606699999421835 ], [ 98023.731600001454353, 163636.096200000494719 ], [ 98026.180900000035763, 163675.929900001734495 ], [ 98041.13459999859333, 163717.052700001746416 ], [ 98051.705399997532368, 163744.639800000935793 ] ] ] } },
{ "type": "Feature", "properties": { "GEMID": "066", "PLANID": "066-D-011", "NR": "102", "IDWIJZIGIN": "066-00001", "TYPE": "A", "TYPE_LABEL": "Afschaffing", "DATUM": "1858-11-03T01:00:00", "LINK": "https://geodiensten.oost-vlaanderen.be/Bijlagen/Wijzigingen/066-00001-08.pdf", "CEVI_OID": 3210, "GEMEENTE": "Etikhove" }, "geometry": { "type": "MultiLineString", "coordinates": [ [ [ 98443.339000001549721, 163329.544199999421835 ], [ 98405.954599998891354, 163334.700699999928474 ], [ 98298.184500001370907, 163347.591899998486042 ], [ 98282.972900003194809, 163349.396600000560284 ], [ 98172.7533999979496, 163362.030000001192093 ], [ 98170.43299999833107, 163364.994899999350309 ], [ 98133.435400001704693, 163418.106499999761581 ], [ 98076.714299999177456, 163500.609999999403954 ], [ 98052.865599997341633, 163536.189599998295307 ], [ 98051.0608000010252, 163540.44370000064373 ], [ 98046.420000001788139, 163551.143399998545647 ], [ 98031.079499997198582, 163607.606699999421835 ], [ 98023.731600001454353, 163636.096200000494719 ], [ 98026.180900000035763, 163675.929900001734495 ], [ 98041.13459999859333, 163717.052700001746416 ], [ 98051.705399997532368, 163744.639800000935793 ] ] ] } },
{ "type": "Feature", "properties": { "GEMID": "066", "PLANID": "066-D-011", "NR": "28", "IDWIJZIGIN": "066-00014", "TYPE": "P", "TYPE_LABEL": "Verplaatsing", "DATUM": "1916-12-02T01:00:00", "LINK": "https://geodiensten.oost-vlaanderen.be/Bijlagen/Wijzigingen/066-00014-01.pdf", "CEVI_OID": 3211, "GEMEENTE": "Etikhove" }, "geometry": { "type": "MultiLineString", "coordinates": [ [ [ 98073.104699999094009, 163793.88399999961257 ], [ 98049.900600001215935, 163842.354800000786781 ], [ 98022.571400001645088, 163899.978300001472235 ], [ 98016.383599996566772, 163915.061000000685453 ], [ 98015.610100001096725, 163920.861999999731779 ] ] ] } },
{ "type": "Feature", "properties": { "GEMID": "066", "PLANID": "066-D-011", "NR": "23", "IDWIJZIGIN": "066-00014", "TYPE": "P", "TYPE_LABEL": "Verplaatsing", "DATUM": "1916-12-02T01:00:00", "LINK": "https://geodiensten.oost-vlaanderen.be/Bijlagen/Wijzigingen/066-00014-01.pdf", "CEVI_OID": 3212, "GEMEENTE": "Etikhove" }, "geometry": { "type": "MultiLineString", "coordinates": [ [ [ 97985.573700003325939, 164014.451900001615286 ], [ 97997.691399998962879, 163976.551899999380112 ], [ 98000.527500003576279, 163968.172600001096725 ], [ 98008.648900002241135, 163944.066100001335144 ], [ 98015.610100001096725, 163920.861999999731779 ] ] ] } },
{ "type": "Feature", "properties": { "GEMID": "066", "PLANID": "066-D-011", "NR": "23", "IDWIJZIGIN": "066-00026", "TYPE": "P", "TYPE_LABEL": "Verplaatsing", "DATUM": "1953-04-24T01:00:00", "LINK": "https://geodiensten.oost-vlaanderen.be/Bijlagen/Wijzigingen/066-00026-01.pdf", "CEVI_OID": 3213, "GEMEENTE": "Etikhove" }, "geometry": { "type": "MultiLineString", "coordinates": [ [ [ 97937.876400001347065, 164048.871300000697374 ], [ 97959.920299999415874, 164033.659699998795986 ], [ 97974.100599996745586, 164024.120299998670816 ], [ 97980.803999997675419, 164019.479499999433756 ], [ 97985.573700003325939, 164014.451900001615286 ], [ 97997.691399998962879, 163976.551899999380112 ], [ 98000.527500003576279, 163968.172600001096725 ] ] ] } },
{ "type": "Feature", "properties": { "GEMID": "066", "PLANID": "066-D-011", "NR": "26", "IDWIJZIGIN": "066-00033", "TYPE": "B", "TYPE_LABEL": "Verbreding", "DATUM": "1958-12-30T01:00:00", "LINK": "https://geodiensten.oost-vlaanderen.be/Bijlagen/Wijzigingen/066-00033-03.pdf", "CEVI_OID": 3214, "GEMEENTE": "Etikhove" }, "geometry": { "type": "MultiLineString", "coordinates": [ [ [ 98639.671499997377396, 163979.387899998575449 ], [ 98622.139499999582767, 163981.708299998193979 ] ] ] } },
{ "type": "Feature", "properties": { "GEMID": "066", "PLANID": "066-D-012", "NR": "0", "IDWIJZIGIN": "066-00003", "TYPE": "V", "TYPE_LABEL": "Verklaring/erkenning", "DATUM": "1861-10-04T01:00:00", "LINK": "https://geodiensten.oost-vlaanderen.be/Bijlagen/Wijzigingen/066-00003-01.pdf", "CEVI_OID": 3215, "GEMEENTE": "Etikhove" }, "geometry": { "type": "MultiLineString", "coordinates": [ [ [ 99210.492399998009205, 162540.604800000786781 ], [ 99179.94030000269413, 162539.444600000977516 ], [ 99157.509700000286102, 162543.054099999368191 ], [ 99112.132799997925758, 162557.492300000041723 ], [ 99046.258900001645088, 162580.438499998301268 ], [ 99017.640500001609325, 162590.622600000351667 ], [ 99006.940800003707409, 162594.489900000393391 ], [ 98971.619000002741814, 162605.705200001597404 ], [ 98947.899300001561642, 162612.537500001490116 ], [ 98930.109499998390675, 162617.307300001382828 ], [ 98917.476099997758865, 162617.049400001764297 ], [ 98904.19820000231266, 162614.084499999880791 ], [ 98899.686300002038479, 162612.408599998801947 ], [ 98883.959100000560284, 162606.478700000792742 ], [ 98878.931599996984005, 162604.673900000751019 ], [ 98873.646200001239777, 162602.740200001746416 ], [ 98862.044100001454353, 162598.615100000053644 ], [ 98820.018899999558926, 162581.727600000798702 ], [ 98735.452899999916553, 162548.597300000488758 ] ] ] } },
{ "type": "Feature", "properties": { "GEMID": "066", "PLANID": "066-D-012", "NR": "9bis", "IDWIJZIGIN": "066-00001", "TYPE": "N", "TYPE_LABEL": "Nieuwe weg", "DATUM": "1858-11-03T01:00:00", "LINK": "https://geodiensten.oost-vlaanderen.be/Bijlagen/Wijzigingen/066-00001-08.pdf", "CEVI_OID": 3216, "GEMEENTE": "Etikhove" }, "geometry": { "type": "MultiLineString", "coordinates": [ [ [ 99210.492399998009205, 162540.604800000786781 ], [ 99179.94030000269413, 162539.444600000977516 ], [ 99157.509700000286102, 162543.054099999368191 ], [ 99112.132799997925758, 162557.492300000041723 ], [ 99046.258900001645088, 162580.438499998301268 ], [ 99017.640500001609325, 162590.622600000351667 ], [ 99006.940800003707409, 162594.489900000393391 ], [ 98971.619000002741814, 162605.705200001597404 ], [ 98947.899300001561642, 162612.537500001490116 ], [ 98930.109499998390675, 162617.307300001382828 ], [ 98917.476099997758865, 162617.049400001764297 ], [ 98904.19820000231266, 162614.084499999880791 ], [ 98899.686300002038479, 162612.408599998801947 ], [ 98883.959100000560284, 162606.478700000792742 ], [ 98878.931599996984005, 162604.673900000751019 ], [ 98873.646200001239777, 162602.740200001746416 ], [ 98862.044100001454353, 162598.615100000053644 ], [ 98820.018899999558926, 162581.727600000798702 ], [ 98735.452899999916553, 162548.597300000488758 ] ] ] } },
{ "type": "Feature", "properties": { "GEMID": "066", "PLANID": "066-D-012", "NR": "149", "IDWIJZIGIN": "066-00001", "TYPE": "A", "TYPE_LABEL": "Afschaffing", "DATUM": "1858-11-03T01:00:00", "LINK": "https://geodiensten.oost-vlaanderen.be/Bijlagen/Wijzigingen/066-00001-08.pdf", "CEVI_OID": 3217, "GEMEENTE": "Etikhove" }, "geometry": { "type": "MultiLineString", "coordinates": [ [ [ 98814.604599997401237, 162485.301699999719858 ], [ 98799.006300002336502, 162493.423200000077486 ], [ 98786.244099996984005, 162499.997699998319149 ], [ 98772.837300002574921, 162507.474500000476837 ], [ 98765.48929999768734, 162513.017700001597404 ], [ 98756.207599997520447, 162523.717399999499321 ], [ 98735.452899999916553, 162548.597300000488758 ], [ 98730.683100000023842, 162554.398400001227856 ], [ 98714.31139999628067, 162575.926600001752377 ], [ 98710.701800003647804, 162585.852800000458956 ] ] ] } },
{ "type": "Feature", "properties": { "GEMID": "066", "PLANID": "066-D-012", "NR": "149", "IDWIJZIGIN": "066-00001", "TYPE": "A", "TYPE_LABEL": "Afschaffing", "DATUM": "1858-11-03T01:00:00", "LINK": "https://geodiensten.oost-vlaanderen.be/Bijlagen/Wijzigingen/066-00001-08.pdf", "CEVI_OID": 3218, "GEMEENTE": "Etikhove" }, "geometry": { "type": "MultiLineString", "coordinates": [ [ [ 98392.032200001180172, 163210.043099999427795 ], [ 98410.595499999821186, 163193.413499999791384 ], [ 98435.862199999392033, 163170.725099999457598 ], [ 98444.499200001358986, 163162.861400000751019 ], [ 98447.722000002861023, 163133.598499998450279 ], [ 98452.749600000679493, 163088.221599999815226 ], [ 98454.812200002372265, 163069.787200000137091 ], [ 98453.26519999653101, 163040.266399998217821 ], [ 98449.655699998140335, 162986.768100000917912 ], [ 98449.269000001251698, 162952.86430000141263 ], [ 98448.624399997293949, 162910.194600000977516 ], [ 98448.49549999833107, 162890.986699998378754 ], [ 98448.753300003707409, 162889.182000000029802 ], [ 98460.613200001418591, 162860.5636 ], [ 98482.914899997413158, 162828.077799998223782 ], [ 98503.153999999165535, 162801.521999999880791 ], [ 98513.080200001597404, 162789.017599999904633 ], [ 98522.877499997615814, 162777.802299998700619 ], [ 98545.308200001716614, 162752.664500001817942 ], [ 98553.558499999344349, 162743.511799998581409 ], [ 98564.129299998283386, 162732.167599998414516 ], [ 98586.431000001728535, 162709.865800000727177 ], [ 98599.064300000667572, 162696.974700000137091 ], [ 98623.428599998354912, 162674.673000000417233 ], [ 98650.113300003111362, 162649.793000001460314 ], [ 98666.742899999022484, 162634.839299999177456 ], [ 98682.985799998044968, 162621.30350000038743 ], [ 98695.232400000095367, 162610.217099998146296 ], [ 98705.029700003564358, 162602.353500001132488 ] ] ] } },
{ "type": "Feature", "properties": { "GEMID": "066", "PLANID": "066-D-012", "NR": "60bis", "IDWIJZIGIN": "066-00001", "TYPE": "N", "TYPE_LABEL": "Nieuwe weg", "DATUM": "1858-11-03T01:00:00", "LINK": "https://geodiensten.oost-vlaanderen.be/Bijlagen/Wijzigingen/066-00001-08.pdf", "CEVI_OID": 3219, "GEMEENTE": "Etikhove" }, "geometry": { "type": "MultiLineString", "coordinates": [ [ [ 98937.199600003659725, 162520.236800000071526 ], [ 98912.706399999558926, 162580.309599999338388 ], [ 98900.717600002884865, 162610.217099998146296 ], [ 98899.686300002038479, 162612.408599998801947 ], [ 98886.408399999141693, 162641.026999998837709 ], [ 98849.152999997138977, 162720.049899999052286 ], [ 98813.057700000703335, 162790.951299998909235 ], [ 98795.525700002908707, 162823.050299998372793 ], [ 98790.755999997258186, 162829.753699999302626 ], [ 98786.759700000286102, 162835.168000001460314 ], [ 98764.457999996840954, 162858.11430000141263 ], [ 98745.89469999819994, 162880.029199998825788 ], [ 98742.542999997735023, 162885.443500000983477 ], [ 98737.128700003027916, 162906.069400001317263 ], [ 98735.968500003218651, 162929.660199999809265 ], [ 98737.257600001990795, 162940.359900001436472 ], [ 98738.80460000038147, 162954.926899999380112 ], [ 98737.773299999535084, 162962.919399999082088 ], [ 98728.62049999833107, 162993.858199998736382 ], [ 98725.268799997866154, 162996.952100001275539 ], [ 98718.823299996554852, 162999.014699999243021 ], [ 98701.420199997723103, 163000.561700001358986 ], [ 98690.720499999821186, 163002.624200001358986 ], [ 98686.337499998509884, 163005.718100000172853 ], [ 98677.4425999969244, 163018.480399999767542 ], [ 98661.586499996483326, 163045.680700000375509 ], [ 98633.225900001823902, 163101.370600000023842 ] ] ] } },
{ "type": "Feature", "properties": { "GEMID": "066", "PLANID": "066-D-012", "NR": "60bis", "IDWIJZIGIN": "066-00001", "TYPE": "N", "TYPE_LABEL": "Nieuwe weg", "DATUM": "1858-11-03T01:00:00", "LINK": "https://geodiensten.oost-vlaanderen.be/Bijlagen/Wijzigingen/066-00001-08.pdf", "CEVI_OID": 3220, "GEMEENTE": "Etikhove" }, "geometry": { "type": "MultiLineString", "coordinates": [ [ [ 98590.685099996626377, 163133.727400001138449 ], [ 98744.734499998390675, 162792.885000001639128 ], [ 98873.646200001239777, 162602.740200001746416 ] ] ] } },
{ "type": "Feature", "properties": { "GEMID": "066", "PLANID": "066-D-012", "NR": "60bis", "IDWIJZIGIN": "066-00001", "TYPE": "N", "TYPE_LABEL": "Nieuwe weg", "DATUM": "1858-11-03T01:00:00", "LINK": "https://geodiensten.oost-vlaanderen.be/Bijlagen/Wijzigingen/066-00001-08.pdf", "CEVI_OID": 3221, "GEMEENTE": "Etikhove" }, "geometry": { "type": "MultiLineString", "coordinates": [ [ [ 98878.931599996984005, 162604.673900000751019 ], [ 98907.936700001358986, 162546.663699999451637 ], [ 98930.238399997353554, 162501.93129999935627 ] ] ] } },
{ "type": "Feature", "properties": { "GEMID": "066", "PLANID": "066-D-012", "NR": "49bis", "IDWIJZIGIN": "066-00001", "TYPE": "N", "TYPE_LABEL": "Nieuwe weg", "DATUM": "1858-11-03T01:00:00", "LINK": "https://geodiensten.oost-vlaanderen.be/Bijlagen/Wijzigingen/066-00001-08.pdf", "CEVI_OID": 3222, "GEMEENTE": "Etikhove" }, "geometry": { "type": "MultiLineString", "coordinates": [ [ [ 98978.580300003290176, 162555.558600001037121 ], [ 98907.936700001358986, 162546.663699999451637 ] ] ] } },
{ "type": "Feature", "properties": { "GEMID": "066", "PLANID": "066-D-012", "NR": "41bis", "IDWIJZIGIN": "066-00001", "TYPE": "N", "TYPE_LABEL": "Nieuwe weg", "DATUM": "1858-11-03T01:00:00", "LINK": "https://geodiensten.oost-vlaanderen.be/Bijlagen/Wijzigingen/066-00001-08.pdf", "CEVI_OID": 3223, "GEMEENTE": "Etikhove" }, "geometry": { "type": "MultiLineString", "coordinates": [ [ [ 98799.006300002336502, 162493.423200000077486 ], [ 98907.936700001358986, 162546.663699999451637 ] ] ] } },
{ "type": "Feature", "properties": { "GEMID": "066", "PLANID": "066-D-012", "NR": "148", "IDWIJZIGIN": "066-00018", "TYPE": "P", "TYPE_LABEL": "Verplaatsing", "DATUM": "1939-07-12T01:00:00", "LINK": "https://geodiensten.oost-vlaanderen.be/Bijlagen/Wijzigingen/066-00018-01.pdf", "CEVI_OID": 3224, "GEMEENTE": "Etikhove" }, "geometry": { "type": "MultiLineString", "coordinates": [ [ [ 99248.392399996519089, 163153.0641999989748 ], [ 99239.110699996352196, 163116.58219999819994 ], [ 99232.020599998533726, 163089.381799999624491 ], [ 99222.481100000441074, 163051.997400000691414 ], [ 99220.031800001859665, 163044.520500000566244 ], [ 99210.750200003385544, 163018.480399999767542 ], [ 99202.113099999725819, 162996.178700000047684 ], [ 99189.35080000013113, 162963.177299998700619 ], [ 99173.108000002801418, 162921.667700000107288 ], [ 99160.732500001788139, 162889.56870000064373 ], [ 99144.102799996733665, 162847.414599999785423 ], [ 99130.438199996948242, 162812.995200000703335 ], [ 99113.679700002074242, 162770.583200000226498 ], [ 99098.210299998521805, 162729.847199998795986 ], [ 99077.32660000026226, 162675.05970000103116 ], [ 99058.376599997282028, 162627.491300001740456 ], [ 99033.883400000631809, 162605.447399999946356 ], [ 99017.640500001609325, 162590.622600000351667 ] ] ] } },
{ "type": "Feature", "properties": { "GEMID": "066", "PLANID": "066-D-012", "NR": "102bis", "IDWIJZIGIN": "066-00001", "TYPE": "N", "TYPE_LABEL": "Nieuwe weg", "DATUM": "1858-11-03T01:00:00", "LINK": "https://geodiensten.oost-vlaanderen.be/Bijlagen/Wijzigingen/066-00001-08.pdf", "CEVI_OID": 3225, "GEMEENTE": "Etikhove" }, "geometry": { "type": "MultiLineString", "coordinates": [ [ [ 98460.870999999344349, 163176.783900000154972 ], [ 98410.595499999821186, 163193.413499999791384 ] ] ] } },
{ "type": "Feature", "properties": { "GEMID": "127", "PLANID": "127-D-001", "NR": "50", "IDWIJZIGIN": "127-00031", "TYPE": "A", "TYPE_LABEL": "Afschaffing", "DATUM": "1932-12-22T01:00:00", "LINK": "https://geodiensten.oost-vlaanderen.be/Bijlagen/Wijzigingen/127-00031-03.pdf", "CEVI_OID": 6182, "GEMEENTE": "Maarke-Kerkem" }, "geometry": { "type": "MultiLineString", "coordinates": [ [ [ 100300.311599999666214, 166718.245200000703335 ], [ 100411.304499998688698, 166721.081300001591444 ], [ 100413.882799997925758, 166722.885999999940395 ], [ 100503.734200000762939, 166641.800599999725819 ] ] ] } },
{ "type": "Feature", "properties": { "GEMID": "127", "PLANID": "127-D-001", "NR": "35", "IDWIJZIGIN": "127-00048", "TYPE": "A", "TYPE_LABEL": "Afschaffing", "DATUM": "1956-09-21T01:00:00", "LINK": "https://geodiensten.oost-vlaanderen.be/Bijlagen/Wijzigingen/127-00048-01.pdf", "CEVI_OID": 6183, "GEMEENTE": "Maarke-Kerkem" }, "geometry": { "type": "MultiLineString", "coordinates": [ [ [ 99943.09740000218153, 166014.258600000292063 ], [ 99945.031000003218651, 166018.512699998915195 ], [ 99959.082400001585484, 166095.472899999469519 ], [ 99970.813400000333786, 166162.506999999284744 ], [ 100003.6858000010252, 166204.532200001180172 ], [ 100012.065099999308586, 166216.005300000309944 ], [ 100027.147799998521805, 166239.725099999457598 ], [ 100039.265500001609325, 166258.030499998480082 ], [ 100044.035199999809265, 166262.929200001060963 ], [ 100048.031499996781349, 166265.378499999642372 ] ] ] } },
{ "type": "Feature", "properties": { "GEMID": "127", "PLANID": "127-D-001", "NR": "33", "IDWIJZIGIN": "127-00001", "TYPE": "PN", "TYPE_LABEL": "Nieuw deel bij verplaatsing", "DATUM": "1857-08-31T01:00:00", "LINK": "https://geodiensten.oost-vlaanderen.be/Bijlagen/Wijzigingen/127-00001-01.pdf", "CEVI_OID": 6184, "GEMEENTE": "Maarke-Kerkem" }, "geometry": { "type": "MultiLineString", "coordinates": [ [ [ 100028.565800003707409, 166070.335200000554323 ], [ 100139.043099999427795, 166143.041299998760223 ] ] ] } },
{ "type": "Feature", "properties": { "GEMID": "127", "PLANID": "127-D-001", "NR": "33", "IDWIJZIGIN": "127-00001", "TYPE": "PA", "TYPE_LABEL": "Deels afgeschaft bij verplaatsing", "DATUM": "1857-08-31T01:00:00", "LINK": "https://geodiensten.oost-vlaanderen.be/Bijlagen/Wijzigingen/127-00001-01.pdf", "CEVI_OID": 6185, "GEMEENTE": "Maarke-Kerkem" }, "geometry": { "type": "MultiLineString", "coordinates": [ [ [ 100129.503600001335144, 166157.350499998778105 ], [ 100097.920299999415874, 166124.34910000115633 ], [ 100037.460699997842312, 166058.990899998694658 ], [ 100028.565800003707409, 166070.335200000554323 ] ] ] } },
{ "type": "Feature", "properties": { "GEMID": "127", "PLANID": "127-D-001", "NR": "33", "IDWIJZIGIN": "127-00005", "TYPE": "A", "TYPE_LABEL": "Afschaffing", "DATUM": "1876-09-30T01:00:00", "LINK": "https://geodiensten.oost-vlaanderen.be/Bijlagen/Wijzigingen/127-00005-01.pdf", "CEVI_OID": 6186, "GEMEENTE": "Maarke-Kerkem" }, "geometry": { "type": "MultiLineString", "coordinates": [ [ [ 99646.213799998164177, 165908.293200001120567 ], [ 99613.341300003230572, 165954.056800000369549 ], [ 99601.094700001180172, 165971.07319999858737 ] ] ] } },
{ "type": "Feature", "properties": { "GEMID": "127", "PLANID": "127-D-001", "NR": "4", "IDWIJZIGIN": "127-00055", "TYPE": "B", "TYPE_LABEL": "Verbreding", "DATUM": "1963-08-23T01:00:00", "LINK": "https://geodiensten.oost-vlaanderen.be/Bijlagen/Wijzigingen/127-00055-01.pdf", "CEVI_OID": 6187, "GEMEENTE": "Maarke-Kerkem" }, "geometry": { "type": "MultiLineString", "coordinates": [ [ [ 100186.353699997067451, 165912.031599998474121 ], [ 100197.311200000345707, 165906.359499998390675 ], [ 100212.393799997866154, 165904.168000001460314 ] ] ] } },
{ "type": "Feature", "properties": { "GEMID": "127", "PLANID": "127-D-001", "NR": "6", "IDWIJZIGIN": "127-00055", "TYPE": "B", "TYPE_LABEL": "Verbreding", "DATUM": "1963-08-23T01:00:00", "LINK": "https://geodiensten.oost-vlaanderen.be/Bijlagen/Wijzigingen/127-00055-01.pdf", "CEVI_OID": 6188, "GEMEENTE": "Maarke-Kerkem" }, "geometry": { "type": "MultiLineString", "coordinates": [ [ [ 100219.999600000679493, 165911.258200000971556 ], [ 100212.393799997866154, 165904.168000001460314 ] ] ] } },
{ "type": "Feature", "properties": { "GEMID": "127", "PLANID": "127-D-001", "NR": "16", "IDWIJZIGIN": "127-00054", "TYPE": "B", "TYPE_LABEL": "Verbreding", "DATUM": "1961-10-06T01:00:00", "LINK": "https://geodiensten.oost-vlaanderen.be/Bijlagen/Wijzigingen/127-00054-01.pdf", "CEVI_OID": 6189, "GEMEENTE": "Maarke-Kerkem" }, "geometry": { "type": "MultiLineString", "coordinates": [ [ [ 100522.039599999785423, 166365.542899999767542 ], [ 100529.645400002598763, 166343.112199999392033 ], [ 100541.634199999272823, 166307.27479999884963 ], [ 100551.431500002741814, 166274.531199999153614 ], [ 100551.431500002741814, 166266.538699999451637 ], [ 100538.927100002765656, 166229.15430000051856 ] ] ] } },
{ "type": "Feature", "properties": { "GEMID": "127", "PLANID": "127-D-001", "NR": "33", "IDWIJZIGIN": "127-00061", "TYPE": "A", "TYPE_LABEL": "Afschaffing", "DATUM": "1988-02-25T01:00:00", "LINK": "https://geodiensten.oost-vlaanderen.be/Bijlagen/Wijzigingen/127-00061-01.pdf", "CEVI_OID": 6190, "GEMEENTE": "Maarke-Kerkem" }, "geometry": { "type": "MultiLineString", "coordinates": [ [ [ 100522.039599999785423, 166365.542899999767542 ], [ 100605.187700003385544, 166387.457899998873472 ] ] ] } },
{ "type": "Feature", "properties": { "GEMID": "127", "PLANID": "127-D-001", "NR": "37", "IDWIJZIGIN": "127-00040", "TYPE": "A", "TYPE_LABEL": "Afschaffing", "DATUM": "1937-08-29T01:00:00", "LINK": "https://geodiensten.oost-vlaanderen.be/Bijlagen/Wijzigingen/127-00040-01.pdf", "CEVI_OID": 6191, "GEMEENTE": "Maarke-Kerkem" }, "geometry": { "type": "MultiLineString", "coordinates": [ [ [ 99722.142800003290176, 166761.172800000756979 ], [ 99704.997500002384186, 166743.254099998623133 ], [ 99694.03999999910593, 166728.944899998605251 ], [ 99687.981200002133846, 166712.444200001657009 ], [ 99684.62950000166893, 166683.438999999314547 ], [ 99681.148900002241135, 166651.984600000083447 ] ] ] } },
{ "type": "Feature", "properties": { "GEMID": "127", "PLANID": "127-D-001", "NR": "49", "IDWIJZIGIN": "127-00040", "TYPE": "A", "TYPE_LABEL": "Afschaffing", "DATUM": "1937-08-29T01:00:00", "LINK": "https://geodiensten.oost-vlaanderen.be/Bijlagen/Wijzigingen/127-00040-01.pdf", "CEVI_OID": 6192, "GEMEENTE": "Maarke-Kerkem" }, "geometry": { "type": "MultiLineString", "coordinates": [ [ [ 99863.558899998664856, 166704.709499999880791 ], [ 99822.693899996578693, 166765.426899999380112 ], [ 99792.012900002300739, 166791.595899999141693 ] ] ] } },
{ "type": "Feature", "properties": { "GEMID": "127", "PLANID": "127-D-001", "NR": "26", "IDWIJZIGIN": "127-00037", "TYPE": "W", "TYPE_LABEL": "Onbepaalde wijziging", "DATUM": "1936-10-09T01:00:00", "LINK": "https://geodiensten.oost-vlaanderen.be/Bijlagen/Wijzigingen/127-00037-01.pdf", "CEVI_OID": 6193, "GEMEENTE": "Maarke-Kerkem" }, "geometry": { "type": "MultiLineString", "coordinates": [ [ [ 99857.5, 167005.202599998563528 ], [ 99861.883000001311302, 167008.425400000065565 ], [ 99891.145999997854233, 167030.727099999785423 ] ] ] } },
{ "type": "Feature", "properties": { "GEMID": "127", "PLANID": "127-D-001", "NR": "26", "IDWIJZIGIN": "127-00049", "TYPE": "PN", "TYPE_LABEL": "Nieuw deel bij verplaatsing", "DATUM": "1956-10-20T01:00:00", "LINK": "https://geodiensten.oost-vlaanderen.be/Bijlagen/Wijzigingen/127-00049-01.pdf", "CEVI_OID": 6194, "GEMEENTE": "Maarke-Kerkem" }, "geometry": { "type": "MultiLineString", "coordinates": [ [ [ 99785.954000003635883, 166924.632800001651049 ], [ 99781.700000002980232, 166895.498700000345707 ] ] ] } },
{ "type": "Feature", "properties": { "GEMID": "127", "PLANID": "127-D-001", "NR": "26", "IDWIJZIGIN": "127-00049", "TYPE": "PA", "TYPE_LABEL": "Deels afgeschaft bij verplaatsing", "DATUM": "1956-10-20T01:00:00", "LINK": "https://geodiensten.oost-vlaanderen.be/Bijlagen/Wijzigingen/127-00049-01.pdf", "CEVI_OID": 6195, "GEMEENTE": "Maarke-Kerkem" }, "geometry": { "type": "MultiLineString", "coordinates": [ [ [ 99771.387000001966953, 166901.557599999010563 ], [ 99785.954000003635883, 166924.632800001651049 ] ] ] } },
{ "type": "Feature", "properties": { "GEMID": "127", "PLANID": "127-D-001", "NR": "28", "IDWIJZIGIN": "127-00029", "TYPE": "PN", "TYPE_LABEL": "Nieuw deel bij verplaatsing", "DATUM": "1928-07-14T01:00:00", "LINK": "https://geodiensten.oost-vlaanderen.be/Bijlagen/Wijzigingen/127-00029-01.pdf", "CEVI_OID": 6196, "GEMEENTE": "Maarke-Kerkem" }, "geometry": { "type": "MultiLineString", "coordinates": [ [ [ 100045.711000002920628, 167027.633200000971556 ], [ 100039.394400000572205, 167034.594399999827147 ] ] ] } },
{ "type": "Feature", "properties": { "GEMID": "127", "PLANID": "127-D-001", "NR": "28", "IDWIJZIGIN": "127-00029", "TYPE": "PA", "TYPE_LABEL": "Deels afgeschaft bij verplaatsing", "DATUM": "1928-07-14T01:00:00", "LINK": "https://geodiensten.oost-vlaanderen.be/Bijlagen/Wijzigingen/127-00029-01.pdf", "CEVI_OID": 6197, "GEMEENTE": "Maarke-Kerkem" }, "geometry": { "type": "MultiLineString", "coordinates": [ [ [ 100045.711000002920628, 167027.633200000971556 ], [ 100047.129100002348423, 167036.012499999254942 ] ] ] } },
{ "type": "Feature", "properties": { "GEMID": "127", "PLANID": "127-D-001", "NR": "50", "IDWIJZIGIN": "127-00053", "TYPE": "A", "TYPE_LABEL": "Afschaffing", "DATUM": "1961-10-13T01:00:00", "LINK": "https://geodiensten.oost-vlaanderen.be/Bijlagen/Wijzigingen/127-00053-01.pdf", "CEVI_OID": 6198, "GEMEENTE": "Maarke-Kerkem" }, "geometry": { "type": "MultiLineString", "coordinates": [ [ [ 100702.000299997627735, 166391.583000000566244 ], [ 100612.793499998748302, 166462.355500001460314 ], [ 100597.324100002646446, 166495.743700001388788 ], [ 100577.342799998819828, 166527.713799998164177 ], [ 100551.044799998402596, 166569.094399999827147 ], [ 100536.348800003528595, 166592.427400000393391 ], [ 100505.023299999535084, 166643.476399999111891 ] ] ] } },
{ "type": "Feature", "properties": { "GEMID": "127", "PLANID": "127-D-002", "NR": "8", "IDWIJZIGIN": "127-00032", "TYPE": "W", "TYPE_LABEL": "Onbepaalde wijziging", "DATUM": "1932-11-18T01:00:00", "LINK": "https://geodiensten.oost-vlaanderen.be/Bijlagen/Wijzigingen/127-00032-02.pdf", "CEVI_OID": 6199, "GEMEENTE": "Maarke-Kerkem" }, "geometry": { "type": "MultiLineString", "coordinates": [ [ [ 100648.244199998676777, 167464.256999999284744 ], [ 100666.162900000810623, 167487.976799998432398 ], [ 100681.374499998986721, 167508.215900000184774 ], [ 100735.130599997937679, 167581.179900001734495 ], [ 100754.080600000917912, 167612.634300000965595 ], [ 100759.75280000269413, 167629.006099998950958 ], [ 100768.776600003242493, 167653.886100001633167 ], [ 100805.903099998831749, 167718.341899998486042 ], [ 100814.669100001454353, 167737.807599999010563 ], [ 100839.420199997723103, 167806.517499998211861 ], [ 100856.694300003349781, 167863.367499999701977 ], [ 100867.136200003325939, 167891.470300000160933 ] ] ] } },
{ "type": "Feature", "properties": { "GEMID": "127", "PLANID": "127-D-002", "NR": "8", "IDWIJZIGIN": "127-00012", "TYPE": "B", "TYPE_LABEL": "Verbreding", "DATUM": "1893-07-07T01:00:00", "LINK": "https://geodiensten.oost-vlaanderen.be/Bijlagen/Wijzigingen/127-00012-01.pdf", "CEVI_OID": 6200, "GEMEENTE": "Maarke-Kerkem" }, "geometry": { "type": "MultiLineString", "coordinates": [ [ [ 100666.162900000810623, 167487.976799998432398 ], [ 100681.374499998986721, 167508.215900000184774 ], [ 100735.130599997937679, 167581.179900001734495 ], [ 100754.080600000917912, 167612.634300000965595 ], [ 100759.75280000269413, 167629.006099998950958 ] ] ] } },
{ "type": "Feature", "properties": { "GEMID": "127", "PLANID": "127-D-002", "NR": "7", "IDWIJZIGIN": "127-00032", "TYPE": "W", "TYPE_LABEL": "Onbepaalde wijziging", "DATUM": "1932-11-18T01:00:00", "LINK": "https://geodiensten.oost-vlaanderen.be/Bijlagen/Wijzigingen/127-00032-02.pdf", "CEVI_OID": 6201, "GEMEENTE": "Maarke-Kerkem" }, "geometry": { "type": "MultiLineString", "coordinates": [ [ [ 100648.244199998676777, 167464.256999999284744 ], [ 100526.422600001096725, 167362.545699998736382 ], [ 100401.894000001251698, 167324.0011 ] ] ] } },
{ "type": "Feature", "properties": { "GEMID": "127", "PLANID": "127-D-002", "NR": "52", "IDWIJZIGIN": "127-00043", "TYPE": "A", "TYPE_LABEL": "Afschaffing", "DATUM": "1938-02-28T01:00:00", "LINK": "https://geodiensten.oost-vlaanderen.be/Bijlagen/Wijzigingen/127-00043-01.pdf", "CEVI_OID": 6202, "GEMEENTE": "Maarke-Kerkem" }, "geometry": { "type": "MultiLineString", "coordinates": [ [ [ 100147.551299996674061, 166989.604299999773502 ], [ 100210.589100003242493, 167055.864799998700619 ], [ 100235.468999996781349, 167082.033900000154972 ], [ 100213.167300000786781, 167119.933899998664856 ], [ 100286.131300002336502, 167167.631299998611212 ], [ 100294.768399998545647, 167173.303399998694658 ], [ 100299.02250000089407, 167180.264600001275539 ], [ 100312.687100000679493, 167206.304800000041723 ], [ 100319.777199998497963, 167223.83669999986887 ], [ 100325.70719999819994, 167242.399999998509884 ], [ 100329.316699996590614, 167252.584100000560284 ], [ 100329.832400001585484, 167265.47520000115037 ], [ 100328.543200001120567, 167278.366399999707937 ], [ 100323.515699997544289, 167294.222500000149012 ], [ 100311.784699998795986, 167323.227600000798702 ], [ 100308.948700003325939, 167333.153799999505281 ] ] ] } },
{ "type": "Feature", "properties": { "GEMID": "127", "PLANID": "127-D-002", "NR": "72", "IDWIJZIGIN": "127-00029", "TYPE": "A", "TYPE_LABEL": "Afschaffing", "DATUM": "1928-07-14T01:00:00", "LINK": "https://geodiensten.oost-vlaanderen.be/Bijlagen/Wijzigingen/127-00029-01.pdf", "CEVI_OID": 6203, "GEMEENTE": "Maarke-Kerkem" }, "geometry": { "type": "MultiLineString", "coordinates": [ [ [ 100107.975400000810623, 167066.693399999290705 ], [ 100103.205600000917912, 167067.209100000560284 ], [ 100033.980099998414516, 167127.153000000864267 ] ] ] } },
{ "type": "Feature", "properties": { "GEMID": "127", "PLANID": "127-D-002", "NR": "28", "IDWIJZIGIN": "127-00029", "TYPE": "PA", "TYPE_LABEL": "Deels afgeschaft bij verplaatsing", "DATUM": "1928-07-14T01:00:00", "LINK": "https://geodiensten.oost-vlaanderen.be/Bijlagen/Wijzigingen/127-00029-01.pdf", "CEVI_OID": 6204, "GEMEENTE": "Maarke-Kerkem" }, "geometry": { "type": "MultiLineString", "coordinates": [ [ [ 100043.519500002264977, 167036.528099998831749 ], [ 100033.980099998414516, 167127.153000000864267 ] ] ] } },
{ "type": "Feature", "properties": { "GEMID": "127", "PLANID": "127-D-002", "NR": "28", "IDWIJZIGIN": "127-00029", "TYPE": "PN", "TYPE_LABEL": "Nieuw deel bij verplaatsing", "DATUM": "1928-07-14T01:00:00", "LINK": "https://geodiensten.oost-vlaanderen.be/Bijlagen/Wijzigingen/127-00029-01.pdf", "CEVI_OID": 6205, "GEMEENTE": "Maarke-Kerkem" }, "geometry": { "type": "MultiLineString", "coordinates": [ [ [ 99993.244000002741814, 167103.948899999260902 ], [ 100040.296800002455711, 167031.62950000166893 ] ] ] } },
{ "type": "Feature", "properties": { "GEMID": "127", "PLANID": "127-D-002", "NR": "56", "IDWIJZIGIN": "127-00041", "TYPE": "A", "TYPE_LABEL": "Afschaffing", "DATUM": "1938-01-22T01:00:00", "LINK": "https://geodiensten.oost-vlaanderen.be/Bijlagen/Wijzigingen/127-00041-01.pdf", "CEVI_OID": 6206, "GEMEENTE": "Maarke-Kerkem" }, "geometry": { "type": "MultiLineString", "coordinates": [ [ [ 99742.639700002968311, 167339.470499999821186 ], [ 99760.171700000762939, 167349.525600001215935 ], [ 99771.515900000929832, 167431.25560000166297 ], [ 99780.024099998176098, 167492.746500000357628 ] ] ] } },
{ "type": "Feature", "properties": { "GEMID": "127", "PLANID": "127-D-002", "NR": "53", "IDWIJZIGIN": "127-00058", "TYPE": "A", "TYPE_LABEL": "Afschaffing", "DATUM": "1969-10-24T01:00:00", "LINK": "https://geodiensten.oost-vlaanderen.be/Bijlagen/Wijzigingen/127-00058-01.pdf", "CEVI_OID": 6207, "GEMEENTE": "Maarke-Kerkem" }, "geometry": { "type": "MultiLineString", "coordinates": [ [ [ 99807.095499999821186, 167692.301699999719858 ], [ 99801.036700002849102, 167691.91499999910593 ], [ 99776.027800001204014, 167684.309200000017881 ], [ 99726.654700003564358, 167672.964999999850988 ] ] ] } },
{ "type": "Feature", "properties": { "GEMID": "127", "PLANID": "127-D-002", "NR": "20", "IDWIJZIGIN": "127-00007", "TYPE": "B", "TYPE_LABEL": "Verbreding", "DATUM": "1886-07-09T01:00:00", "LINK": "https://geodiensten.oost-vlaanderen.be/Bijlagen/Wijzigingen/127-00007-01.pdf", "CEVI_OID": 6208, "GEMEENTE": "Maarke-Kerkem" }, "geometry": { "type": "MultiLineString", "coordinates": [ [ [ 100648.244199998676777, 167464.256999999284744 ], [ 100617.94990000128746, 167512.341099999845028 ], [ 100599.644500002264977, 167539.412500001490116 ], [ 100574.635600000619888, 167564.421399999409914 ], [ 100538.669299997389317, 167593.813200000673532 ], [ 100528.098499998450279, 167601.93470000103116 ], [ 100519.590300001204014, 167622.431600000709295 ], [ 100515.465199999511242, 167650.66330000013113 ], [ 100513.273699998855591, 167656.464299999177456 ], [ 100499.737899996340275, 167668.968699999153614 ], [ 100442.887900002300739, 167700.036400001496077 ], [ 100430.770199999213219, 167707.900100000202656 ], [ 100422.133100003004074, 167721.30689999833703 ], [ 100417.105599999427795, 167787.567499998956919 ], [ 100391.32320000231266, 167804.712699998170137 ], [ 100355.614699997007847, 167807.806600000709295 ], [ 100310.366700001060963, 167798.396000001579523 ], [ 100306.757200002670288, 167798.911699999123812 ], [ 100301.214000001549721, 167807.291000001132488 ], [ 100287.420400001108646, 167833.717799998819828 ], [ 100233.406400002539158, 167795.173300001770258 ], [ 100218.0658999979496, 167795.431099999696016 ], [ 100211.620399996638298, 167795.688900001347065 ], [ 100136.593800000846386, 167799.16950000077486 ], [ 100121.382200002670288, 167802.00560000166297 ], [ 100116.225699998438358, 167803.165800001472235 ], [ 100112.358400002121925, 167804.068199999630451 ], [ 100080.903899997472763, 167816.185899998992682 ], [ 100025.214100003242493, 167841.065799999982119 ], [ 100020.573299996554852, 167843.128400001674891 ], [ 99986.411700002849102, 167859.629099998623133 ], [ 99979.966099999845028, 167869.426399998366833 ], [ 99953.410300001502037, 167923.69819999858737 ] ] ] } },
{ "type": "Feature", "properties": { "GEMID": "127", "PLANID": "127-D-002", "NR": "54", "IDWIJZIGIN": "127-00028", "TYPE": "PA", "TYPE_LABEL": "Deels afgeschaft bij verplaatsing", "DATUM": "1925-08-21T01:00:00", "LINK": "https://geodiensten.oost-vlaanderen.be/Bijlagen/Wijzigingen/127-00028-01.pdf", "CEVI_OID": 6209, "GEMEENTE": "Maarke-Kerkem" }, "geometry": { "type": "MultiLineString", "coordinates": [ [ [ 100218.0658999979496, 167795.431099999696016 ], [ 100227.218699999153614, 167829.076999999582767 ] ] ] } },
{ "type": "Feature", "properties": { "GEMID": "127", "PLANID": "127-D-002", "NR": "54", "IDWIJZIGIN": "127-00028", "TYPE": "PN", "TYPE_LABEL": "Nieuw deel bij verplaatsing", "DATUM": "1925-08-21T01:00:00", "LINK": "https://geodiensten.oost-vlaanderen.be/Bijlagen/Wijzigingen/127-00028-01.pdf", "CEVI_OID": 6210, "GEMEENTE": "Maarke-Kerkem" }, "geometry": { "type": "MultiLineString", "coordinates": [ [ [ 100227.218699999153614, 167829.076999999582767 ], [ 100233.406400002539158, 167795.173300001770258 ] ] ] } },
{ "type": "Feature", "properties": { "GEMID": "127", "PLANID": "127-D-002", "NR": "19", "IDWIJZIGIN": "127-00012", "TYPE": "B", "TYPE_LABEL": "Verbreding", "DATUM": "1893-07-07T01:00:00", "LINK": "https://geodiensten.oost-vlaanderen.be/Bijlagen/Wijzigingen/127-00012-01.pdf", "CEVI_OID": 6211, "GEMEENTE": "Maarke-Kerkem" }, "geometry": { "type": "MultiLineString", "coordinates": [ [ [ 100287.420400001108646, 167833.717799998819828 ], [ 100309.851000003516674, 167849.831799998879433 ], [ 100331.894900001585484, 167859.371300000697374 ], [ 100367.0878000035882, 167869.039599999785423 ], [ 100394.545999996364117, 167874.453899998217821 ], [ 100420.199400000274181, 167881.801899999380112 ], [ 100414.785099998116493, 167917.123700000345707 ] ] ] } },
{ "type": "Feature", "properties": { "GEMID": "127", "PLANID": "127-D-002", "NR": "53", "IDWIJZIGIN": "127-00031", "TYPE": "A", "TYPE_LABEL": "Afschaffing", "DATUM": "1932-12-22T01:00:00", "LINK": "https://geodiensten.oost-vlaanderen.be/Bijlagen/Wijzigingen/127-00031-03.pdf", "CEVI_OID": 6212, "GEMEENTE": "Maarke-Kerkem" }, "geometry": { "type": "MultiLineString", "coordinates": [ [ [ 100417.105599999427795, 167787.567499998956919 ], [ 100496.901900000870228, 167783.571199998259544 ], [ 100533.512800000607967, 167759.335799999535084 ], [ 100543.310099996626377, 167742.061599999666214 ], [ 100560.584200002253056, 167727.494600001722574 ], [ 100568.189999997615814, 167720.146699998527765 ] ] ] } },
{ "type": "Feature", "properties": { "GEMID": "127", "PLANID": "127-D-002", "NR": "72", "IDWIJZIGIN": "127-00059", "TYPE": "A", "TYPE_LABEL": "Afschaffing", "DATUM": "1979-11-30T01:00:00", "LINK": "https://geodiensten.oost-vlaanderen.be/Bijlagen/Wijzigingen/127-00059-04.pdf", "CEVI_OID": 6213, "GEMEENTE": "Maarke-Kerkem" }, "geometry": { "type": "MultiLineString", "coordinates": [ [ [ 100033.980099998414516, 167127.153000000864267 ], [ 100018.381800003349781, 167150.486000001430511 ] ] ] } },
{ "type": "Feature", "properties": { "GEMID": "127", "PLANID": "127-D-002", "NR": "88", "IDWIJZIGIN": "127-00029", "TYPE": "A", "TYPE_LABEL": "Afschaffing", "DATUM": "1928-07-14T01:00:00", "LINK": "https://geodiensten.oost-vlaanderen.be/Bijlagen/Wijzigingen/127-00029-01.pdf", "CEVI_OID": 6214, "GEMEENTE": "Maarke-Kerkem" }, "geometry": { "type": "MultiLineString", "coordinates": [ [ [ 100018.381800003349781, 167150.486000001430511 ], [ 99934.589199997484684, 167186.452399998903275 ], [ 99849.507500000298023, 167223.83669999986887 ] ] ] } },
{ "type": "Feature", "properties": { "GEMID": "127", "PLANID": "127-D-002", "NR": "20", "IDWIJZIGIN": "127-00038", "TYPE": "S", "TYPE_LABEL": "Versmalling", "DATUM": "1937-07-07T01:00:00", "LINK": "https://geodiensten.oost-vlaanderen.be/Bijlagen/Wijzigingen/127-00038-01.pdf", "CEVI_OID": 6215, "GEMEENTE": "Maarke-Kerkem" }, "geometry": { "type": "MultiLineString", "coordinates": [ [ [ 100417.105599999427795, 167787.567499998956919 ], [ 100391.32320000231266, 167804.712699998170137 ], [ 100355.614699997007847, 167807.806600000709295 ], [ 100310.366700001060963, 167798.396000001579523 ], [ 100306.757200002670288, 167798.911699999123812 ] ] ] } },
{ "type": "Feature", "properties": { "GEMID": "127", "PLANID": "127-D-002", "NR": "26", "IDWIJZIGIN": "127-00037", "TYPE": "W", "TYPE_LABEL": "Onbepaalde wijziging", "DATUM": "1936-10-09T01:00:00", "LINK": "https://geodiensten.oost-vlaanderen.be/Bijlagen/Wijzigingen/127-00037-01.pdf", "CEVI_OID": 6216, "GEMEENTE": "Maarke-Kerkem" }, "geometry": { "type": "MultiLineString", "coordinates": [ [ [ 99856.468699999153614, 167006.620600000023842 ], [ 99886.118400000035763, 167030.984900001436472 ], [ 99894.497699998319149, 167037.817200001329184 ], [ 99926.854500003159046, 167064.115200001746416 ], [ 99958.051100000739098, 167083.322999998927116 ], [ 99993.244000002741814, 167103.948899999260902 ], [ 99999.560699999332428, 167107.558400001376867 ], [ 100033.980099998414516, 167127.153000000864267 ], [ 100077.03660000115633, 167139.141800001263618 ] ] ] } },
{ "type": "Feature", "properties": { "GEMID": "127", "PLANID": "127-D-002", "NR": "9", "IDWIJZIGIN": "127-00051", "TYPE": "B", "TYPE_LABEL": "Verbreding", "DATUM": "1960-02-12T01:00:00", "LINK": "https://geodiensten.oost-vlaanderen.be/Bijlagen/Wijzigingen/127-00051-01.pdf", "CEVI_OID": 6217, "GEMEENTE": "Maarke-Kerkem" }, "geometry": { "type": "MultiLineString", "coordinates": [ [ [ 100082.193000003695488, 167127.024099998176098 ], [ 100077.03660000115633, 167139.141800001263618 ], [ 100076.778800003230572, 167145.845199998468161 ], [ 100081.032799996435642, 167150.614900000393391 ], [ 100086.189300000667572, 167153.966600000858307 ] ] ] } },
{ "type": "Feature", "properties": { "GEMID": "127", "PLANID": "127-D-002", "NR": "17", "IDWIJZIGIN": "127-00032", "TYPE": "W", "TYPE_LABEL": "Onbepaalde wijziging", "DATUM": "1932-11-18T01:00:00", "LINK": "https://geodiensten.oost-vlaanderen.be/Bijlagen/Wijzigingen/127-00032-02.pdf", "CEVI_OID": 6218, "GEMEENTE": "Maarke-Kerkem" }, "geometry": { "type": "MultiLineString", "coordinates": [ [ [ 100867.136200003325939, 167891.470300000160933 ], [ 100885.957299999892712, 167909.388999998569489 ], [ 100894.852200001478195, 167920.475400000810623 ], [ 100898.075000002980232, 167928.983600001782179 ], [ 100903.48929999768734, 167950.511799998581409 ], [ 100910.57940000295639, 168002.334300000220537 ], [ 100917.411700002849102, 168031.984000001102686 ], [ 100919.603200003504753, 168046.035399999469519 ], [ 100920.247800000011921, 168084.966699998825788 ], [ 100923.083800002932549, 168101.72520000115037 ], [ 100927.7246999964118, 168113.585099998861551 ], [ 100933.396799996495247, 168123.124499998986721 ] ] ] } },
{ "type": "Feature", "properties": { "GEMID": "127", "PLANID": "127-D-003", "NR": "56", "IDWIJZIGIN": "127-00004", "TYPE": "A", "TYPE_LABEL": "Afschaffing", "DATUM": "1875-04-28T01:00:00", "LINK": "https://geodiensten.oost-vlaanderen.be/Bijlagen/Wijzigingen/127-00004-01.pdf", "CEVI_OID": 6219, "GEMEENTE": "Maarke-Kerkem" }, "geometry": { "type": "MultiLineString", "coordinates": [ [ [ 100357.806199997663498, 168153.676600001752377 ], [ 100436.700099997222424, 168173.786800000816584 ], [ 100443.919200003147125, 168153.160999998450279 ] ] ] } },
{ "type": "Feature", "properties": { "GEMID": "127", "PLANID": "127-D-003", "NR": "56", "IDWIJZIGIN": "127-00045", "TYPE": "A", "TYPE_LABEL": "Afschaffing", "DATUM": "1945-10-30T01:00:00", "LINK": "https://geodiensten.oost-vlaanderen.be/Bijlagen/Wijzigingen/127-00045-01.pdf", "CEVI_OID": 6220, "GEMEENTE": "Maarke-Kerkem" }, "geometry": { "type": "MultiLineString", "coordinates": [ [ [ 100360.771200001239777, 168141.429999999701977 ], [ 100329.703400000929832, 168138.336100000888109 ], [ 100280.717000000178814, 168137.820500001311302 ], [ 100238.17620000243187, 168144.781700000166893 ], [ 100210.846900001168251, 168138.336100000888109 ], [ 100208.010799996554852, 168139.238499999046326 ] ] ] } },
{ "type": "Feature", "properties": { "GEMID": "127", "PLANID": "127-D-003", "NR": "19", "IDWIJZIGIN": "127-00012", "TYPE": "B", "TYPE_LABEL": "Verbreding", "DATUM": "1893-07-07T01:00:00", "LINK": "https://geodiensten.oost-vlaanderen.be/Bijlagen/Wijzigingen/127-00012-01.pdf", "CEVI_OID": 6221, "GEMEENTE": "Maarke-Kerkem" }, "geometry": { "type": "MultiLineString", "coordinates": [ [ [ 100412.851499997079372, 167918.92850000038743 ], [ 100408.081699997186661, 167939.167599998414516 ], [ 100379.979000002145767, 168029.921399999409914 ], [ 100374.178000003099442, 168080.583700001239777 ], [ 100371.72860000282526, 168098.502399999648333 ], [ 100364.122900001704693, 168128.023200001567602 ], [ 100360.771200001239777, 168141.429999999701977 ], [ 100359.997699998319149, 168144.652800001204014 ], [ 100357.806199997663498, 168153.676600001752377 ], [ 100344.657200001180172, 168210.139899998903275 ], [ 100331.894900001585484, 168262.091299999505281 ], [ 100330.090199999511242, 168269.69709999859333 ] ] ] } },
{ "type": "Feature", "properties": { "GEMID": "127", "PLANID": "127-D-003", "NR": "10", "IDWIJZIGIN": "127-00012", "TYPE": "B", "TYPE_LABEL": "Verbreding", "DATUM": "1893-07-07T01:00:00", "LINK": "https://geodiensten.oost-vlaanderen.be/Bijlagen/Wijzigingen/127-00012-01.pdf", "CEVI_OID": 6222, "GEMEENTE": "Maarke-Kerkem" }, "geometry": { "type": "MultiLineString", "coordinates": [ [ [ 99510.598700001835823, 167933.624400001019239 ], [ 99497.578599996864796, 167971.911100000143051 ], [ 99487.910300001502037, 167994.728500001132488 ], [ 99462.64360000193119, 168081.099300000816584 ], [ 99420.876199997961521, 168096.439800001680851 ], [ 99419.329300001263618, 168096.697599999606609 ] ] ] } },
{ "type": "Feature", "properties": { "GEMID": "127", "PLANID": "127-D-003", "NR": "8", "IDWIJZIGIN": "127-00019", "TYPE": "B", "TYPE_LABEL": "Verbreding", "DATUM": "1903-09-04T01:00:00", "LINK": "https://geodiensten.oost-vlaanderen.be/Bijlagen/Wijzigingen/127-00019-01.pdf", "CEVI_OID": 6223, "GEMEENTE": "Maarke-Kerkem" }, "geometry": { "type": "MultiLineString", "coordinates": [ [ [ 100320.937399998307228, 168329.512099999934435 ], [ 100287.420400001108646, 168416.527499999850988 ], [ 100261.509199999272823, 168485.237399999052286 ], [ 100239.594200000166893, 168527.262600000947714 ], [ 100223.866999998688698, 168549.435400001704693 ] ] ] } },
{ "type": "Feature", "properties": { "GEMID": "127", "PLANID": "127-D-003", "NR": "20", "IDWIJZIGIN": "127-00007", "TYPE": "B", "TYPE_LABEL": "Verbreding", "DATUM": "1886-07-09T01:00:00", "LINK": "https://geodiensten.oost-vlaanderen.be/Bijlagen/Wijzigingen/127-00007-01.pdf", "CEVI_OID": 6224, "GEMEENTE": "Maarke-Kerkem" }, "geometry": { "type": "MultiLineString", "coordinates": [ [ [ 99953.539200000464916, 167924.471700001507998 ], [ 99943.612999998033047, 167947.675799999386072 ], [ 99933.944600000977516, 167961.211500000208616 ], [ 99903.392599999904633, 167972.297899998724461 ], [ 99871.809199996292591, 167979.645799998193979 ] ] ] } },
{ "type": "Feature", "properties": { "GEMID": "127", "PLANID": "127-D-003", "NR": "20", "IDWIJZIGIN": "127-00019", "TYPE": "B", "TYPE_LABEL": "Verbreding", "DATUM": "1903-09-04T01:00:00", "LINK": "https://geodiensten.oost-vlaanderen.be/Bijlagen/Wijzigingen/127-00019-01.pdf", "CEVI_OID": 6225, "GEMEENTE": "Maarke-Kerkem" }, "geometry": { "type": "MultiLineString", "coordinates": [ [ [ 99871.809199996292591, 167979.645799998193979 ], [ 99846.542499996721745, 167985.446899998933077 ], [ 99823.725199997425079, 167992.665899999439716 ], [ 99807.353399999439716, 168000.658399999141693 ], [ 99792.786399997770786, 168012.131599999964237 ], [ 99780.668700002133846, 168031.855099998414516 ], [ 99767.777500003576279, 168058.282000001519918 ], [ 99756.433300003409386, 168078.134399998933077 ], [ 99742.124099999666214, 168095.666299998760223 ], [ 99716.728500001132488, 168122.480000000447035 ], [ 99705.126400001347065, 168140.914299998432398 ], [ 99696.87610000371933, 168155.739199999719858 ], [ 99688.110100001096725, 168177.396299999207258 ], [ 99681.664499998092651, 168192.607900001108646 ], [ 99672.898500002920628, 168206.014699999243021 ], [ 99662.714500002563, 168215.683100000023842 ], [ 99652.530500002205372, 168235.148800000548363 ] ] ] } },
{ "type": "Feature", "properties": { "GEMID": "127", "PLANID": "127-D-003", "NR": "67", "IDWIJZIGIN": "127-00034", "TYPE": "A", "TYPE_LABEL": "Afschaffing", "DATUM": "1934-10-22T01:00:00", "LINK": "https://geodiensten.oost-vlaanderen.be/Bijlagen/Wijzigingen/127-00034-01.pdf", "CEVI_OID": 6226, "GEMEENTE": "Maarke-Kerkem" }, "geometry": { "type": "MultiLineString", "coordinates": [ [ [ 100579.14750000089407, 168126.991900000721216 ], [ 100584.17509999871254, 168123.769099999219179 ], [ 100648.115299999713898, 168064.856499999761581 ], [ 100649.017599999904633, 168063.825199998915195 ] ] ] } },
{ "type": "Feature", "properties": { "GEMID": "127", "PLANID": "127-D-004", "NR": "63", "IDWIJZIGIN": "127-00031", "TYPE": "PN", "TYPE_LABEL": "Nieuw deel bij verplaatsing", "DATUM": "1932-12-22T01:00:00", "LINK": "https://geodiensten.oost-vlaanderen.be/Bijlagen/Wijzigingen/127-00031-02.pdf", "CEVI_OID": 6227, "GEMEENTE": "Maarke-Kerkem" }, "geometry": { "type": "MultiLineString", "coordinates": [ [ [ 98739.835900001227856, 168604.738499999046326 ], [ 98731.972300000488758, 168661.975299999117851 ] ] ] } },
{ "type": "Feature", "properties": { "GEMID": "127", "PLANID": "127-D-004", "NR": "63", "IDWIJZIGIN": "127-00031", "TYPE": "PA", "TYPE_LABEL": "Deels afgeschaft bij verplaatsing", "DATUM": "1932-12-22T01:00:00", "LINK": "https://geodiensten.oost-vlaanderen.be/Bijlagen/Wijzigingen/127-00031-02.pdf", "CEVI_OID": 6228, "GEMEENTE": "Maarke-Kerkem" }, "geometry": { "type": "MultiLineString", "coordinates": [ [ [ 98711.990900002419949, 168617.758600000292063 ], [ 98731.972300000488758, 168661.975299999117851 ] ] ] } },
{ "type": "Feature", "properties": { "GEMID": "127", "PLANID": "127-D-004", "NR": "65", "IDWIJZIGIN": "127-00028", "TYPE": "PA", "TYPE_LABEL": "Deels afgeschaft bij verplaatsing", "DATUM": "1925-08-21T01:00:00", "LINK": "https://geodiensten.oost-vlaanderen.be/Bijlagen/Wijzigingen/127-00028-03.pdf", "CEVI_OID": 6229, "GEMEENTE": "Maarke-Kerkem" }, "geometry": { "type": "MultiLineString", "coordinates": [ [ [ 97999.367299996316433, 168291.998799998313189 ], [ 98050.545199997723103, 168286.068900000303984 ], [ 98056.217299997806549, 168288.131499998271465 ], [ 98108.039800003170967, 168315.718600001186132 ], [ 98086.640500001609325, 168353.231899999082088 ] ] ] } },
{ "type": "Feature", "properties": { "GEMID": "127", "PLANID": "127-D-004", "NR": "65", "IDWIJZIGIN": "127-00028", "TYPE": "PN", "TYPE_LABEL": "Nieuw deel bij verplaatsing", "DATUM": "1925-08-21T01:00:00", "LINK": "https://geodiensten.oost-vlaanderen.be/Bijlagen/Wijzigingen/127-00028-03.pdf", "CEVI_OID": 6230, "GEMEENTE": "Maarke-Kerkem" }, "geometry": { "type": "MultiLineString", "coordinates": [ [ [ 97999.367299996316433, 168291.998799998313189 ], [ 98001.816600002348423, 168296.381799999624491 ], [ 98002.590000003576279, 168299.604600001126528 ], [ 98019.993100002408028, 168296.89750000089407 ], [ 98011.871699996292591, 168342.403299998492002 ], [ 98086.640500001609325, 168353.231899999082088 ] ] ] } },
{ "type": "Feature", "properties": { "GEMID": "127", "PLANID": "127-D-004", "NR": "65", "IDWIJZIGIN": "127-00063", "TYPE": "PA", "TYPE_LABEL": "Deels afgeschaft bij verplaatsing", "DATUM": "1995-02-23T01:00:00", "LINK": "https://geodiensten.oost-vlaanderen.be/Bijlagen/Wijzigingen/127-00063-01.pdf", "CEVI_OID": 6231, "GEMEENTE": "Maarke-Kerkem" }, "geometry": { "type": "MultiLineString", "coordinates": [ [ [ 98074.393799997866154, 168428.645199999213219 ], [ 98072.073399998247623, 168396.030499998480082 ], [ 98077.229900002479553, 168380.045499999076128 ], [ 98082.128499999642372, 168361.739999998360872 ], [ 98084.577899999916553, 168356.841400001198053 ], [ 98086.640500001609325, 168353.231899999082088 ], [ 98011.871699996292591, 168342.403299998492002 ] ] ] } },
{ "type": "Feature", "properties": { "GEMID": "127", "PLANID": "127-D-004", "NR": "65", "IDWIJZIGIN": "127-00063", "TYPE": "PN", "TYPE_LABEL": "Nieuw deel bij verplaatsing", "DATUM": "1995-02-23T01:00:00", "LINK": "https://geodiensten.oost-vlaanderen.be/Bijlagen/Wijzigingen/127-00063-01.pdf", "CEVI_OID": 6232, "GEMEENTE": "Maarke-Kerkem" }, "geometry": { "type": "MultiLineString", "coordinates": [ [ [ 98011.871699996292591, 168342.403299998492002 ], [ 97989.054300002753735, 168345.49720000103116 ], [ 97969.717600002884865, 168362.38459999859333 ], [ 97966.108000002801418, 168413.046900000423193 ], [ 98074.393799997866154, 168428.645199999213219 ] ] ] } },
{ "type": "Feature", "properties": { "GEMID": "127", "PLANID": "127-D-004", "NR": "60", "IDWIJZIGIN": "127-00011", "TYPE": "PN", "TYPE_LABEL": "Nieuw deel bij verplaatsing", "DATUM": "1888-01-28T01:00:00", "LINK": "https://geodiensten.oost-vlaanderen.be/Bijlagen/Wijzigingen/127-00011-01.pdf", "CEVI_OID": 6233, "GEMEENTE": "Maarke-Kerkem" }, "geometry": { "type": "MultiLineString", "coordinates": [ [ [ 99404.375500001013279, 168427.613899998366833 ], [ 99195.151900000870228, 168452.88060000166297 ], [ 99094.858599998056889, 168466.416299998760223 ] ] ] } },
{ "type": "Feature", "properties": { "GEMID": "127", "PLANID": "127-D-004", "NR": "60", "IDWIJZIGIN": "127-00011", "TYPE": "PA", "TYPE_LABEL": "Deels afgeschaft bij verplaatsing", "DATUM": "1888-01-28T01:00:00", "LINK": "https://geodiensten.oost-vlaanderen.be/Bijlagen/Wijzigingen/127-00011-01.pdf", "CEVI_OID": 6234, "GEMEENTE": "Maarke-Kerkem" }, "geometry": { "type": "MultiLineString", "coordinates": [ [ [ 99404.375500001013279, 168427.613899998366833 ], [ 99389.29280000180006, 168430.965599998831749 ], [ 99339.790799997746944, 168444.114599999040365 ], [ 99320.969700001180172, 168447.981899999082088 ], [ 99304.211099997162819, 168450.946899998933077 ], [ 99268.244800001382828, 168448.239799998700619 ], [ 99240.78660000115633, 168448.239799998700619 ], [ 99195.151900000870228, 168452.88060000166297 ], [ 99165.244400002062321, 168457.650299999862909 ], [ 99146.552199997007847, 168464.86939999833703 ], [ 99111.61710000038147, 168483.561599999666214 ], [ 99104.269100002944469, 168489.23369999974966 ] ] ] } },
{ "type": "Feature", "properties": { "GEMID": "127", "PLANID": "127-D-004", "NR": "1", "IDWIJZIGIN": "127-00032", "TYPE": "W", "TYPE_LABEL": "Onbepaalde wijziging", "DATUM": "1932-11-18T01:00:00", "LINK": "https://geodiensten.oost-vlaanderen.be/Bijlagen/Wijzigingen/127-00032-01.pdf", "CEVI_OID": 6235, "GEMEENTE": "Maarke-Kerkem" }, "geometry": { "type": "MultiLineString", "coordinates": [ [ [ 98707.350100003182888, 168024.635999999940395 ], [ 98707.350100003182888, 168170.950800001621246 ], [ 98706.96339999884367, 168237.727000001817942 ], [ 98704.900799997150898, 168285.553199999034405 ], [ 98668.289899997413158, 168403.636300001293421 ], [ 98621.881700001657009, 168423.230900000780821 ] ] ] } },
{ "type": "Feature", "properties": { "GEMID": "127", "PLANID": "127-D-005", "NR": "53", "IDWIJZIGIN": "127-00058", "TYPE": "A", "TYPE_LABEL": "Afschaffing", "DATUM": "1969-10-24T01:00:00", "LINK": "https://geodiensten.oost-vlaanderen.be/Bijlagen/Wijzigingen/127-00058-01.pdf", "CEVI_OID": 6236, "GEMEENTE": "Maarke-Kerkem" }, "geometry": { "type": "MultiLineString", "coordinates": [ [ [ 99606.766800001263618, 167664.327899999916553 ], [ 99642.217500001192093, 167653.757199998944998 ], [ 99663.101199999451637, 167655.43299999833107 ], [ 99723.947499997913837, 167670.773499999195337 ], [ 99766.875100001692772, 167681.344300001859665 ] ] ] } },
{ "type": "Feature", "properties": { "GEMID": "127", "PLANID": "127-D-005", "NR": "53", "IDWIJZIGIN": "127-00052", "TYPE": "A", "TYPE_LABEL": "Afschaffing", "DATUM": "1961-01-13T01:00:00", "LINK": "https://geodiensten.oost-vlaanderen.be/Bijlagen/Wijzigingen/127-00052-01.pdf", "CEVI_OID": 6237, "GEMEENTE": "Maarke-Kerkem" }, "geometry": { "type": "MultiLineString", "coordinates": [ [ [ 99308.851999998092651, 167821.21339999884367 ], [ 99330.637999996542931, 167808.580099999904633 ], [ 99348.556800000369549, 167802.263399999588728 ], [ 99363.768299996852875, 167798.911699999123812 ], [ 99380.011200003325939, 167796.333500001579523 ], [ 99401.410499997437, 167794.5287000015378 ], [ 99417.266699999570847, 167793.755199998617172 ], [ 99427.837399996817112, 167795.431099999696016 ], [ 99483.269400000572205, 167805.099500000476837 ], [ 99487.910300001502037, 167806.904199998825788 ], [ 99548.498700000345707, 167807.935499999672174 ] ] ] } },
{ "type": "Feature", "properties": { "GEMID": "127", "PLANID": "127-D-005", "NR": "53", "IDWIJZIGIN": "127-00062", "TYPE": "A", "TYPE_LABEL": "Afschaffing", "DATUM": "1994-03-10T01:00:00", "LINK": "https://geodiensten.oost-vlaanderen.be/Bijlagen/Wijzigingen/127-00062-01.pdf", "CEVI_OID": 6238, "GEMEENTE": "Maarke-Kerkem" }, "geometry": { "type": "MultiLineString", "coordinates": [ [ [ 98919.538699999451637, 167860.40260000154376 ], [ 99042.391500003635883, 167847.511399999260902 ], [ 99275.721699997782707, 167824.436200000345707 ], [ 99308.851999998092651, 167821.21339999884367 ] ] ] } },
{ "type": "Feature", "properties": { "GEMID": "127", "PLANID": "127-D-005", "NR": "71", "IDWIJZIGIN": "127-00025", "TYPE": "W", "TYPE_LABEL": "Onbepaalde wijziging", "DATUM": "1911-01-20T01:00:00", "LINK": "https://geodiensten.oost-vlaanderen.be/Bijlagen/Wijzigingen/127-00025-01.pdf", "CEVI_OID": 6239, "GEMEENTE": "Maarke-Kerkem" }, "geometry": { "type": "MultiLineString", "coordinates": [ [ [ 99640.283900000154972, 167562.874400001019239 ], [ 99638.2212999984622, 167542.506400000303984 ], [ 99629.970899999141693, 167521.236000001430511 ], [ 99631.517899997532368, 167512.212099999189377 ] ] ] } },
{ "type": "Feature", "properties": { "GEMID": "127", "PLANID": "127-D-005", "NR": "10", "IDWIJZIGIN": "127-00036", "TYPE": "B", "TYPE_LABEL": "Verbreding", "DATUM": "1936-08-21T01:00:00", "LINK": "https://geodiensten.oost-vlaanderen.be/Bijlagen/Wijzigingen/127-00036-01.pdf", "CEVI_OID": 6240, "GEMEENTE": "Maarke-Kerkem" }, "geometry": { "type": "MultiLineString", "coordinates": [ [ [ 99606.766800001263618, 167664.327899999916553 ], [ 99584.593999996781349, 167618.048599999397993 ], [ 99570.929399996995926, 167583.629200000315905 ], [ 99570.155900001525879, 167575.120999999344349 ] ] ] } },
{ "type": "Feature", "properties": { "GEMID": "127", "PLANID": "127-D-005", "NR": "56", "IDWIJZIGIN": "127-00041", "TYPE": "A", "TYPE_LABEL": "Afschaffing", "DATUM": "1938-01-22T01:00:00", "LINK": "https://geodiensten.oost-vlaanderen.be/Bijlagen/Wijzigingen/127-00041-01.pdf", "CEVI_OID": 6241, "GEMEENTE": "Maarke-Kerkem" }, "geometry": { "type": "MultiLineString", "coordinates": [ [ [ 99777.188000001013279, 167494.551199998706579 ], [ 99772.160499997437, 167458.584899999201298 ], [ 99764.683600001037121, 167404.055300001055002 ], [ 99756.562200002372265, 167347.076299998909235 ] ] ] } },
{ "type": "Feature", "properties": { "GEMID": "127", "PLANID": "127-D-005", "NR": "56", "IDWIJZIGIN": "127-00041", "TYPE": "A", "TYPE_LABEL": "Afschaffing", "DATUM": "1938-01-22T01:00:00", "LINK": "https://geodiensten.oost-vlaanderen.be/Bijlagen/Wijzigingen/127-00041-01.pdf", "CEVI_OID": 6242, "GEMEENTE": "Maarke-Kerkem" }, "geometry": { "type": "MultiLineString", "coordinates": [ [ [ 99622.494000002741814, 167231.055799998342991 ], [ 99625.201200000941753, 167234.665300000458956 ], [ 99691.204000003635883, 167290.999699998646975 ], [ 99740.963899999856949, 167332.638199999928474 ] ] ] } },
{ "type": "Feature", "properties": { "GEMID": "127", "PLANID": "127-D-005", "NR": "43", "IDWIJZIGIN": "127-00044", "TYPE": "A", "TYPE_LABEL": "Afschaffing", "DATUM": "1944-04-21T01:00:00", "LINK": "https://geodiensten.oost-vlaanderen.be/Bijlagen/Wijzigingen/127-00044-01.pdf", "CEVI_OID": 6243, "GEMEENTE": "Maarke-Kerkem" }, "geometry": { "type": "MultiLineString", "coordinates": [ [ [ 99450.912600003182888, 167052.899900000542402 ], [ 99447.045299999415874, 167055.349199999123812 ], [ 99361.576800003647804, 167168.146899998188019 ], [ 99308.078500002622604, 167239.950699999928474 ] ] ] } },
{ "type": "Feature", "properties": { "GEMID": "127", "PLANID": "127-D-005", "NR": "29", "IDWIJZIGIN": "127-00057", "TYPE": "PA", "TYPE_LABEL": "Deels afgeschaft bij verplaatsing", "DATUM": "1965-01-29T01:00:00", "LINK": "https://geodiensten.oost-vlaanderen.be/Bijlagen/Wijzigingen/127-00057-01.pdf", "CEVI_OID": 6244, "GEMEENTE": "Maarke-Kerkem" }, "geometry": { "type": "MultiLineString", "coordinates": [ [ [ 99616.048500001430511, 167124.445900000631809 ], [ 99603.543999999761581, 167144.556099999696016 ] ] ] } },
{ "type": "Feature", "properties": { "GEMID": "127", "PLANID": "127-D-005", "NR": "29", "IDWIJZIGIN": "127-00057", "TYPE": "PN", "TYPE_LABEL": "Nieuw deel bij verplaatsing", "DATUM": "1965-01-29T01:00:00", "LINK": "https://geodiensten.oost-vlaanderen.be/Bijlagen/Wijzigingen/127-00057-01.pdf", "CEVI_OID": 6245, "GEMEENTE": "Maarke-Kerkem" }, "geometry": { "type": "MultiLineString", "coordinates": [ [ [ 99616.048500001430511, 167124.445900000631809 ], [ 99597.743000000715256, 167125.477099999785423 ] ] ] } },
{ "type": "Feature", "properties": { "GEMID": "127", "PLANID": "127-D-005", "NR": "40", "IDWIJZIGIN": "127-00059", "TYPE": "A", "TYPE_LABEL": "Afschaffing", "DATUM": "1979-11-30T01:00:00", "LINK": "https://geodiensten.oost-vlaanderen.be/Bijlagen/Wijzigingen/127-00059-03.pdf", "CEVI_OID": 6246, "GEMEENTE": "Maarke-Kerkem" }, "geometry": { "type": "MultiLineString", "coordinates": [ [ [ 99284.100900001823902, 167369.249099999666214 ], [ 99286.292400002479553, 167377.628400001674891 ], [ 99300.472699999809265, 167429.579799998551607 ], [ 99312.977099999785423, 167474.183200001716614 ], [ 99321.35639999806881, 167507.442400000989437 ] ] ] } },
{ "type": "Feature", "properties": { "GEMID": "127", "PLANID": "127-D-005", "NR": "44", "IDWIJZIGIN": "127-00030", "TYPE": "PN", "TYPE_LABEL": "Nieuw deel bij verplaatsing", "DATUM": "1929-11-08T01:00:00", "LINK": "https://geodiensten.oost-vlaanderen.be/Bijlagen/Wijzigingen/127-00030-01.pdf", "CEVI_OID": 6247, "GEMEENTE": "Maarke-Kerkem" }, "geometry": { "type": "MultiLineString", "coordinates": [ [ [ 98912.577500000596046, 167626.556800000369549 ], [ 98914.769000001251698, 167627.201400000602007 ], [ 98905.487400002777576, 167546.889400001615286 ] ] ] } },
{ "type": "Feature", "properties": { "GEMID": "127", "PLANID": "127-D-005", "NR": "44", "IDWIJZIGIN": "127-00030", "TYPE": "PA", "TYPE_LABEL": "Deels afgeschaft bij verplaatsing", "DATUM": "1929-11-08T01:00:00", "LINK": "https://geodiensten.oost-vlaanderen.be/Bijlagen/Wijzigingen/127-00030-01.pdf", "CEVI_OID": 6248, "GEMEENTE": "Maarke-Kerkem" }, "geometry": { "type": "MultiLineString", "coordinates": [ [ [ 98905.487400002777576, 167546.889400001615286 ], [ 98982.060900002717972, 167607.606800001114607 ] ] ] } },
{ "type": "Feature", "properties": { "GEMID": "127", "PLANID": "127-D-005", "NR": "10", "IDWIJZIGIN": "127-00012", "TYPE": "B", "TYPE_LABEL": "Verbreding", "DATUM": "1893-07-07T01:00:00", "LINK": "https://geodiensten.oost-vlaanderen.be/Bijlagen/Wijzigingen/127-00012-01.pdf", "CEVI_OID": 6249, "GEMEENTE": "Maarke-Kerkem" }, "geometry": { "type": "MultiLineString", "coordinates": [ [ [ 99507.118100002408028, 167941.874699998646975 ], [ 99522.200800001621246, 167895.466499999165535 ], [ 99547.596400000154972, 167871.746800001710653 ], [ 99548.498700000345707, 167807.935499999672174 ] ] ] } },
{ "type": "Feature", "properties": { "GEMID": "127", "PLANID": "127-D-006", "NR": "14", "IDWIJZIGIN": "127-00019", "TYPE": "B", "TYPE_LABEL": "Verbreding", "DATUM": "1903-09-04T01:00:00", "LINK": "https://geodiensten.oost-vlaanderen.be/Bijlagen/Wijzigingen/127-00019-01.pdf", "CEVI_OID": 6250, "GEMEENTE": "Maarke-Kerkem" }, "geometry": { "type": "MultiLineString", "coordinates": [ [ [ 99508.793999999761581, 165901.331999998539686 ], [ 99482.495999999344349, 165915.512200001627207 ], [ 99471.796300001442432, 165925.051699999719858 ], [ 99464.448299996554852, 165936.91160000115633 ], [ 99459.163000002503395, 165946.966699998825788 ], [ 99457.100400000810623, 165950.447299998253584 ], [ 99447.560900002717972, 165973.651399999856949 ], [ 99438.40820000320673, 165998.918099999427795 ], [ 99430.028899997472763, 166029.985800001770258 ], [ 99403.473099999129772, 166071.237500000745058 ], [ 99333.087399996817112, 166115.196400001645088 ], [ 99297.507700003683567, 166159.799899999052286 ], [ 99269.276100002229214, 166188.031500000506639 ], [ 99255.2246999964118, 166205.434599999338388 ], [ 99247.8766999989748, 166215.103000000119209 ], [ 99235.243400000035763, 166252.616300001740456 ], [ 99224.930500000715256, 166263.186999998986721 ], [ 99208.429799996316433, 166274.531199999153614 ], [ 99183.678700000047684, 166283.812899999320507 ], [ 99168.338200002908707, 166286.262200001627207 ], [ 99153.513400003314018, 166286.262200001627207 ], [ 99143.587200000882149, 166285.488699998706579 ], [ 99136.368100002408028, 166280.719000000506639 ], [ 99133.016400001943111, 166276.851599998772144 ] ] ] } },
{ "type": "Feature", "properties": { "GEMID": "127", "PLANID": "127-D-006", "NR": "37", "IDWIJZIGIN": "127-00059", "TYPE": "A", "TYPE_LABEL": "Afschaffing", "DATUM": "1979-11-30T01:00:00", "LINK": "https://geodiensten.oost-vlaanderen.be/Bijlagen/Wijzigingen/127-00059-02.pdf", "CEVI_OID": 6251, "GEMEENTE": "Maarke-Kerkem" }, "geometry": { "type": "MultiLineString", "coordinates": [ [ [ 99128.89130000025034, 166279.043099999427795 ], [ 99140.106600001454353, 166290.774099998176098 ], [ 99176.072899997234344, 166336.666700001806021 ], [ 99179.037900000810623, 166341.178599998354912 ] ] ] } },
{ "type": "Feature", "properties": { "GEMID": "127", "PLANID": "127-D-006", "NR": "30", "IDWIJZIGIN": "127-00031", "TYPE": "PA", "TYPE_LABEL": "Deels afgeschaft bij verplaatsing", "DATUM": "1932-12-22T01:00:00", "LINK": "https://geodiensten.oost-vlaanderen.be/Bijlagen/Wijzigingen/127-00031-01.pdf", "CEVI_OID": 6252, "GEMEENTE": "Maarke-Kerkem" }, "geometry": { "type": "MultiLineString", "coordinates": [ [ [ 99495.645000003278255, 166570.770199999213219 ], [ 99497.320799998939037, 166578.762800000607967 ], [ 99509.825199998915195, 166618.338700000196695 ], [ 99523.747699998319149, 166661.653000000864267 ] ] ] } },
{ "type": "Feature", "properties": { "GEMID": "127", "PLANID": "127-D-006", "NR": "30", "IDWIJZIGIN": "127-00031", "TYPE": "PN", "TYPE_LABEL": "Nieuw deel bij verplaatsing", "DATUM": "1932-12-22T01:00:00", "LINK": "https://geodiensten.oost-vlaanderen.be/Bijlagen/Wijzigingen/127-00031-01.pdf", "CEVI_OID": 6253, "GEMEENTE": "Maarke-Kerkem" }, "geometry": { "type": "MultiLineString", "coordinates": [ [ [ 99495.645000003278255, 166570.770199999213219 ], [ 99465.737499997019768, 166614.4712999984622 ] ] ] } },
{ "type": "Feature", "properties": { "GEMID": "127", "PLANID": "127-D-006", "NR": "34", "IDWIJZIGIN": "127-00005", "TYPE": "A", "TYPE_LABEL": "Afschaffing", "DATUM": "1876-09-30T01:00:00", "LINK": "https://geodiensten.oost-vlaanderen.be/Bijlagen/Wijzigingen/127-00005-01.pdf", "CEVI_OID": 6254, "GEMEENTE": "Maarke-Kerkem" }, "geometry": { "type": "MultiLineString", "coordinates": [ [ [ 99438.40820000320673, 165998.918099999427795 ], [ 99493.324600003659725, 166023.153499998152256 ], [ 99580.468800000846386, 166003.172200001776218 ], [ 99649.436599999666214, 165912.031599998474121 ] ] ] } },
{ "type": "Feature", "properties": { "GEMID": "127", "PLANID": "127-D-007", "NR": "35", "IDWIJZIGIN": "127-00015", "TYPE": "PA", "TYPE_LABEL": "Deels afgeschaft bij verplaatsing", "DATUM": "1898-03-05T01:00:00", "LINK": "https://geodiensten.oost-vlaanderen.be/Bijlagen/Wijzigingen/127-00015-01.pdf", "CEVI_OID": 6255, "GEMEENTE": "Maarke-Kerkem" }, "geometry": { "type": "MultiLineString", "coordinates": [ [ [ 99316.58669999986887, 165405.53770000115037 ], [ 99324.836999997496605, 165405.4087999984622 ], [ 99422.938799999654293, 165382.075800001621246 ], [ 99480.949000000953674, 165368.668999999761581 ], [ 99508.66499999910593, 165361.965599998831749 ] ] ] } },
{ "type": "Feature", "properties": { "GEMID": "127", "PLANID": "127-D-007", "NR": "35", "IDWIJZIGIN": "127-00015", "TYPE": "PN", "TYPE_LABEL": "Nieuw deel bij verplaatsing", "DATUM": "1898-03-05T01:00:00", "LINK": "https://geodiensten.oost-vlaanderen.be/Bijlagen/Wijzigingen/127-00015-01.pdf", "CEVI_OID": 6256, "GEMEENTE": "Maarke-Kerkem" }, "geometry": { "type": "MultiLineString", "coordinates": [ [ [ 99508.66499999910593, 165361.965599998831749 ], [ 99470.249399997293949, 165354.875399999320507 ], [ 99387.101300001144409, 165313.623700000345707 ] ] ] } },
{ "type": "Feature", "properties": { "GEMID": "127", "PLANID": "127-D-007", "NR": "35", "IDWIJZIGIN": "127-00056", "TYPE": "A", "TYPE_LABEL": "Afschaffing", "DATUM": "1964-08-07T01:00:00", "LINK": "https://geodiensten.oost-vlaanderen.be/Bijlagen/Wijzigingen/127-00056-01.pdf", "CEVI_OID": 6257, "GEMEENTE": "Maarke-Kerkem" }, "geometry": { "type": "MultiLineString", "coordinates": [ [ [ 99387.101300001144409, 165313.623700000345707 ], [ 99470.249399997293949, 165354.875399999320507 ], [ 99475.148000001907349, 165346.109400000423193 ], [ 99508.66499999910593, 165361.965599998831749 ], [ 99563.581399999558926, 165375.630199998617172 ] ] ] } },
{ "type": "Feature", "properties": { "GEMID": "127", "PLANID": "127-D-007", "NR": "35", "IDWIJZIGIN": "127-00042", "TYPE": "PA", "TYPE_LABEL": "Deels afgeschaft bij verplaatsing", "DATUM": "1938-02-23T01:00:00", "LINK": "https://geodiensten.oost-vlaanderen.be/Bijlagen/Wijzigingen/127-00042-01.pdf", "CEVI_OID": 6258, "GEMEENTE": "Maarke-Kerkem" }, "geometry": { "type": "MultiLineString", "coordinates": [ [ [ 99508.66499999910593, 165361.965599998831749 ], [ 99470.249399997293949, 165354.875399999320507 ] ] ] } },
{ "type": "Feature", "properties": { "GEMID": "127", "PLANID": "127-D-007", "NR": "35", "IDWIJZIGIN": "127-00042", "TYPE": "PN", "TYPE_LABEL": "Nieuw deel bij verplaatsing", "DATUM": "1938-02-23T01:00:00", "LINK": "https://geodiensten.oost-vlaanderen.be/Bijlagen/Wijzigingen/127-00042-01.pdf", "CEVI_OID": 6259, "GEMEENTE": "Maarke-Kerkem" }, "geometry": { "type": "MultiLineString", "coordinates": [ [ [ 99470.249399997293949, 165354.875399999320507 ], [ 99475.148000001907349, 165346.109400000423193 ], [ 99508.66499999910593, 165361.965599998831749 ] ] ] } },
{ "type": "Feature", "properties": { "GEMID": "127", "PLANID": "127-D-007", "NR": "3", "IDWIJZIGIN": "127-00012", "TYPE": "B", "TYPE_LABEL": "Verbreding", "DATUM": "1893-07-07T01:00:00", "LINK": "https://geodiensten.oost-vlaanderen.be/Bijlagen/Wijzigingen/127-00012-01.pdf", "CEVI_OID": 6260, "GEMEENTE": "Maarke-Kerkem" }, "geometry": { "type": "MultiLineString", "coordinates": [ [ [ 99504.797700002789497, 165162.539200000464916 ], [ 99477.855200000107288, 165205.080099999904633 ], [ 99392.773500002920628, 165305.760099999606609 ], [ 99387.101300001144409, 165313.623700000345707 ], [ 99367.506800003349781, 165340.437300000339746 ], [ 99335.149899996817112, 165389.037000000476837 ], [ 99316.58669999986887, 165405.53770000115037 ], [ 99307.691799998283386, 165413.530200000852346 ], [ 99283.714199997484684, 165435.058499999344349 ] ] ] } },
{ "type": "Feature", "properties": { "GEMID": "127", "PLANID": "127-D-007", "NR": "36", "IDWIJZIGIN": "127-00059", "TYPE": "PA", "TYPE_LABEL": "Deels afgeschaft bij verplaatsing", "DATUM": "1979-11-30T01:00:00", "LINK": "https://geodiensten.oost-vlaanderen.be/Bijlagen/Wijzigingen/127-00059-01.pdf", "CEVI_OID": 6261, "GEMEENTE": "Maarke-Kerkem" }, "geometry": { "type": "MultiLineString", "coordinates": [ [ [ 99301.761799998581409, 165443.953400000929832 ], [ 99292.480200000107288, 165504.284000001847744 ] ] ] } },
{ "type": "Feature", "properties": { "GEMID": "127", "PLANID": "127-D-007", "NR": "30", "IDWIJZIGIN": "127-00046", "TYPE": "PA", "TYPE_LABEL": "Deels afgeschaft bij verplaatsing", "DATUM": "1945-10-30T01:00:00", "LINK": "https://geodiensten.oost-vlaanderen.be/Bijlagen/Wijzigingen/127-00046-01.pdf", "CEVI_OID": 6262, "GEMEENTE": "Maarke-Kerkem" }, "geometry": { "type": "MultiLineString", "coordinates": [ [ [ 99022.410199999809265, 165383.364900000393391 ], [ 99094.085100002586842, 165471.1537000015378 ], [ 99120.769799999892712, 165502.221400000154972 ], [ 99158.669900000095367, 165536.125199999660254 ] ] ] } },
{ "type": "Feature", "properties": { "GEMID": "127", "PLANID": "127-D-007", "NR": "4", "IDWIJZIGIN": "127-00006", "TYPE": "B", "TYPE_LABEL": "Verbreding", "DATUM": "1885-07-24T01:00:00", "LINK": "https://geodiensten.oost-vlaanderen.be/Bijlagen/Wijzigingen/127-00006-01.pdf", "CEVI_OID": 6263, "GEMEENTE": "Maarke-Kerkem" }, "geometry": { "type": "MultiLineString", "coordinates": [ [ [ 99215.004299998283386, 165412.370000001043081 ], [ 99226.348499998450279, 165422.940799999982119 ], [ 99226.735200002789497, 165435.058499999344349 ] ] ] } },
{ "type": "Feature", "properties": { "GEMID": "127", "PLANID": "127-D-007", "NR": "2", "IDWIJZIGIN": "127-00020", "TYPE": "B", "TYPE_LABEL": "Verbreding", "DATUM": "1906-01-19T01:00:00", "LINK": "https://geodiensten.oost-vlaanderen.be/Bijlagen/Wijzigingen/127-00020-01.pdf", "CEVI_OID": 6264, "GEMEENTE": "Maarke-Kerkem" }, "geometry": { "type": "MultiLineString", "coordinates": [ [ [ 98962.466300003230572, 165075.781700000166893 ], [ 98978.967000000178814, 165079.649000000208616 ], [ 99016.222499996423721, 165080.422499999403954 ], [ 99046.00110000371933, 165077.586399998515844 ], [ 99090.217799998819828, 165068.046999998390675 ], [ 99109.16780000180006, 165063.019400000572205 ], [ 99167.822599999606609, 165029.631299998611212 ], [ 99198.890299998223782, 165006.427200000733137 ], [ 99248.521300002932549, 164961.308100000023842 ] ] ] } },
{ "type": "Feature", "properties": { "GEMID": "127", "PLANID": "127-D-007", "NR": "2", "IDWIJZIGIN": "127-00020", "TYPE": "PN", "TYPE_LABEL": "Nieuw deel bij verplaatsing", "DATUM": "1906-01-19T01:00:00", "LINK": "https://geodiensten.oost-vlaanderen.be/Bijlagen/Wijzigingen/127-00020-01.pdf", "CEVI_OID": 6265, "GEMEENTE": "Maarke-Kerkem" }, "geometry": { "type": "MultiLineString", "coordinates": [ [ [ 99248.521300002932549, 164961.308100000023842 ], [ 99423.970100000500679, 164993.4070999994874 ] ] ] } },
{ "type": "Feature", "properties": { "GEMID": "127", "PLANID": "127-D-007", "NR": "2", "IDWIJZIGIN": "127-00020", "TYPE": "PA", "TYPE_LABEL": "Deels afgeschaft bij verplaatsing", "DATUM": "1906-01-19T01:00:00", "LINK": "https://geodiensten.oost-vlaanderen.be/Bijlagen/Wijzigingen/127-00020-01.pdf", "CEVI_OID": 6266, "GEMEENTE": "Maarke-Kerkem" }, "geometry": { "type": "MultiLineString", "coordinates": [ [ [ 99248.521300002932549, 164961.308100000023842 ], [ 99254.451200000941753, 164963.241799999028444 ], [ 99291.448899999260902, 164974.972699999809265 ], [ 99312.590400002896786, 164981.934000000357628 ], [ 99342.755699999630451, 164992.633600000292063 ], [ 99423.970100000500679, 164993.4070999994874 ] ] ] } },
{ "type": "Feature", "properties": { "GEMID": "127", "PLANID": "127-D-007", "NR": "2", "IDWIJZIGIN": "127-00020", "TYPE": "W", "TYPE_LABEL": "Onbepaalde wijziging", "DATUM": "1906-01-19T01:00:00", "LINK": "https://geodiensten.oost-vlaanderen.be/Bijlagen/Wijzigingen/127-00020-01.pdf", "CEVI_OID": 6267, "GEMEENTE": "Maarke-Kerkem" }, "geometry": { "type": "MultiLineString", "coordinates": [ [ [ 99423.970100000500679, 164993.4070999994874 ], [ 99454.135399997234344, 164993.664900001138449 ] ] ] } },
{ "type": "Feature", "properties": { "GEMID": "127", "PLANID": "127-D-007", "NR": "30", "IDWIJZIGIN": "127-00047", "TYPE": "A", "TYPE_LABEL": "Afschaffing", "DATUM": "1946-09-07T01:00:00", "LINK": "https://geodiensten.oost-vlaanderen.be/Bijlagen/Wijzigingen/127-00047-01.pdf", "CEVI_OID": 6268, "GEMEENTE": "Maarke-Kerkem" }, "geometry": { "type": "MultiLineString", "coordinates": [ [ [ 98978.967000000178814, 165079.649000000208616 ], [ 98982.060900002717972, 165090.348700001835823 ], [ 99009.132299996912479, 165174.528000000864267 ], [ 99017.511600002646446, 165207.529399998486042 ], [ 99017.640500001609325, 165208.045000001788139 ], [ 99019.832000002264977, 165216.553199999034405 ], [ 99024.086099997162819, 165232.925000000745058 ] ] ] } },
{ "type": "Feature", "properties": { "GEMID": "127", "PLANID": "127-D-007", "NR": "31", "IDWIJZIGIN": "127-00047", "TYPE": "PA", "TYPE_LABEL": "Deels afgeschaft bij verplaatsing", "DATUM": "1946-09-07T01:00:00", "LINK": "https://geodiensten.oost-vlaanderen.be/Bijlagen/Wijzigingen/127-00047-01.pdf", "CEVI_OID": 6269, "GEMEENTE": "Maarke-Kerkem" }, "geometry": { "type": "MultiLineString", "coordinates": [ [ [ 99070.880999997258186, 165105.81810000166297 ], [ 99051.028599999845028, 165144.749400001019239 ], [ 99051.028599999845028, 165160.218800000846386 ], [ 99039.555500000715256, 165186.903499998152256 ], [ 99037.621799997985363, 165188.32149999961257 ], [ 99036.20380000025034, 165189.223900001496077 ], [ 99024.730599999427795, 165211.010000001639128 ], [ 99024.343900002539158, 165211.783500000834465 ], [ 99019.832000002264977, 165216.553199999034405 ] ] ] } },
{ "type": "Feature", "properties": { "GEMID": "127", "PLANID": "127-D-007", "NR": "31", "IDWIJZIGIN": "127-00047", "TYPE": "PN", "TYPE_LABEL": "Nieuw deel bij verplaatsing", "DATUM": "1946-09-07T01:00:00", "LINK": "https://geodiensten.oost-vlaanderen.be/Bijlagen/Wijzigingen/127-00047-01.pdf", "CEVI_OID": 6270, "GEMEENTE": "Maarke-Kerkem" }, "geometry": { "type": "MultiLineString", "coordinates": [ [ [ 99070.880999997258186, 165105.81810000166297 ], [ 99093.569499999284744, 165140.366399999707937 ], [ 99064.822200000286102, 165181.875999998301268 ], [ 99048.32150000333786, 165205.337900001555681 ], [ 99036.719400003552437, 165219.002500001341105 ], [ 99024.086099997162819, 165232.925000000745058 ] ] ] } },
{ "type": "Feature", "properties": { "GEMID": "127", "PLANID": "127-D-007", "NR": "30", "IDWIJZIGIN": "127-00031", "TYPE": "PA", "TYPE_LABEL": "Deels afgeschaft bij verplaatsing", "DATUM": "1932-12-22T01:00:00", "LINK": "https://geodiensten.oost-vlaanderen.be/Bijlagen/Wijzigingen/127-00031-01.pdf", "CEVI_OID": 6271, "GEMEENTE": "Maarke-Kerkem" }, "geometry": { "type": "MultiLineString", "coordinates": [ [ [ 99017.511600002646446, 165207.529399998486042 ], [ 99017.640500001609325, 165208.045000001788139 ], [ 99019.832000002264977, 165216.553199999034405 ] ] ] } },
{ "type": "Feature", "properties": { "GEMID": "127", "PLANID": "127-D-007", "NR": "30", "IDWIJZIGIN": "127-00031", "TYPE": "PN", "TYPE_LABEL": "Nieuw deel bij verplaatsing", "DATUM": "1932-12-22T01:00:00", "LINK": "https://geodiensten.oost-vlaanderen.be/Bijlagen/Wijzigingen/127-00031-01.pdf", "CEVI_OID": 6272, "GEMEENTE": "Maarke-Kerkem" }, "geometry": { "type": "MultiLineString", "coordinates": [ [ [ 99017.511600002646446, 165207.529399998486042 ], [ 99024.730599999427795, 165211.010000001639128 ] ] ] } },
{ "type": "Feature", "properties": { "GEMID": "127", "PLANID": "127-D-007", "NR": "14", "IDWIJZIGIN": "127-00019", "TYPE": "B", "TYPE_LABEL": "Verbreding", "DATUM": "1903-09-04T01:00:00", "LINK": "https://geodiensten.oost-vlaanderen.be/Bijlagen/Wijzigingen/127-00019-01.pdf", "CEVI_OID": 6273, "GEMEENTE": "Maarke-Kerkem" }, "geometry": { "type": "MultiLineString", "coordinates": [ [ [ 99458.905100002884865, 165945.548700001090765 ], [ 99459.93639999628067, 165943.357200000435114 ], [ 99469.347000002861023, 165927.372099999338388 ], [ 99482.495999999344349, 165915.512200001627207 ], [ 99506.086800001561642, 165904.296900000423193 ], [ 99524.907899998128414, 165889.729899998754263 ], [ 99538.1858000010252, 165876.194200001657009 ], [ 99546.693999998271465, 165864.721099998801947 ], [ 99550.561300002038479, 165854.02140000090003 ], [ 99551.721500001847744, 165847.317999999970198 ], [ 99556.620200000703335, 165828.110100001096725 ], [ 99561.647699996829033, 165816.636999998241663 ] ] ] } },
{ "type": "Feature", "properties": { "GEMID": "127", "PLANID": "127-D-008", "NR": "14", "IDWIJZIGIN": "127-00019", "TYPE": "B", "TYPE_LABEL": "Verbreding", "DATUM": "1903-09-04T01:00:00", "LINK": "https://geodiensten.oost-vlaanderen.be/Bijlagen/Wijzigingen/127-00019-01.pdf", "CEVI_OID": 6274, "GEMEENTE": "Maarke-Kerkem" }, "geometry": { "type": "MultiLineString", "coordinates": [ [ [ 99551.721500001847744, 165847.317999999970198 ], [ 99555.202200002968311, 165827.207800000905991 ], [ 99559.327299997210503, 165818.699599999934435 ], [ 99580.597800001502037, 165792.143800001591444 ], [ 99602.383799999952316, 165766.748199999332428 ], [ 99627.908299997448921, 165743.544100001454353 ], [ 99673.543099999427795, 165708.351199999451637 ], [ 99706.67339999973774, 165681.021899998188019 ] ] ] } },
{ "type": "Feature", "properties": { "GEMID": "127", "PLANID": "127-D-008", "NR": "2", "IDWIJZIGIN": "127-00020", "TYPE": "W", "TYPE_LABEL": "Onbepaalde wijziging", "DATUM": "1906-01-19T01:00:00", "LINK": "https://geodiensten.oost-vlaanderen.be/Bijlagen/Wijzigingen/127-00020-01.pdf", "CEVI_OID": 6275, "GEMEENTE": "Maarke-Kerkem" }, "geometry": { "type": "MultiLineString", "coordinates": [ [ [ 99447.689800001680851, 164991.08669999986887 ], [ 99524.778999999165535, 165003.719999998807907 ], [ 99578.277300000190735, 165017.642499998211861 ], [ 99583.949500001966953, 165019.060499999672174 ], [ 99670.062399998307228, 165029.115600001066923 ], [ 99685.918600000441074, 165040.717700000852346 ], [ 99712.861100003123283, 165055.026900000870228 ], [ 99758.237999998033047, 165071.398699998855591 ], [ 99798.97410000115633, 165083.000700000673532 ] ] ] } },
{ "type": "Feature", "properties": { "GEMID": "127", "PLANID": "127-D-008", "NR": "2", "IDWIJZIGIN": "127-00012", "TYPE": "B", "TYPE_LABEL": "Verbreding", "DATUM": "1893-07-07T01:00:00", "LINK": "https://geodiensten.oost-vlaanderen.be/Bijlagen/Wijzigingen/127-00012-01.pdf", "CEVI_OID": 6276, "GEMEENTE": "Maarke-Kerkem" }, "geometry": { "type": "MultiLineString", "coordinates": [ [ [ 99583.949500001966953, 165019.060499999672174 ], [ 99670.062399998307228, 165029.115600001066923 ] ] ] } },
{ "type": "Feature", "properties": { "GEMID": "127", "PLANID": "127-D-008", "NR": "3", "IDWIJZIGIN": "127-00020", "TYPE": "B", "TYPE_LABEL": "Verbreding", "DATUM": "1906-01-19T01:00:00", "LINK": "https://geodiensten.oost-vlaanderen.be/Bijlagen/Wijzigingen/127-00020-01.pdf", "CEVI_OID": 6277, "GEMEENTE": "Maarke-Kerkem" }, "geometry": { "type": "MultiLineString", "coordinates": [ [ [ 99583.949500001966953, 165019.060499999672174 ], [ 99552.237199999392033, 165075.523800000548363 ] ] ] } },
{ "type": "Feature", "properties": { "GEMID": "127", "PLANID": "127-D-008", "NR": "3", "IDWIJZIGIN": "127-00012", "TYPE": "B", "TYPE_LABEL": "Verbreding", "DATUM": "1893-07-07T01:00:00", "LINK": "https://geodiensten.oost-vlaanderen.be/Bijlagen/Wijzigingen/127-00012-01.pdf", "CEVI_OID": 6278, "GEMEENTE": "Maarke-Kerkem" }, "geometry": { "type": "MultiLineString", "coordinates": [ [ [ 99583.949500001966953, 165019.060499999672174 ], [ 99552.237199999392033, 165075.523800000548363 ], [ 99503.250799998641014, 165162.796999998390675 ] ] ] } },
{ "type": "Feature", "properties": { "GEMID": "127", "PLANID": "127-D-008", "NR": "35", "IDWIJZIGIN": "127-00056", "TYPE": "A", "TYPE_LABEL": "Afschaffing", "DATUM": "1964-08-07T01:00:00", "LINK": "https://geodiensten.oost-vlaanderen.be/Bijlagen/Wijzigingen/127-00056-01.pdf", "CEVI_OID": 6279, "GEMEENTE": "Maarke-Kerkem" }, "geometry": { "type": "MultiLineString", "coordinates": [ [ [ 99693.911100000143051, 165373.954300001263618 ], [ 99566.159599997103214, 165377.177099999040365 ], [ 99513.563699997961521, 165365.059399999678135 ] ] ] } },
{ "type": "Feature", "properties": { "GEMID": "127", "PLANID": "127-D-008", "NR": "4", "IDWIJZIGIN": "127-00055", "TYPE": "B", "TYPE_LABEL": "Verbreding", "DATUM": "1963-08-23T01:00:00", "LINK": "https://geodiensten.oost-vlaanderen.be/Bijlagen/Wijzigingen/127-00055-01.pdf", "CEVI_OID": 6280, "GEMEENTE": "Maarke-Kerkem" }, "geometry": { "type": "MultiLineString", "coordinates": [ [ [ 99568.995700001716614, 165589.365699999034405 ], [ 99565.901799999177456, 165593.748700000345707 ], [ 99565.901799999177456, 165601.483399998396635 ], [ 99571.187200002372265, 165610.249400001019239 ], [ 99587.559000000357628, 165618.370900001376867 ] ] ] } },
{ "type": "Feature", "properties": { "GEMID": "127", "PLANID": "127-D-008", "NR": "4", "IDWIJZIGIN": "127-00055", "TYPE": "B", "TYPE_LABEL": "Verbreding", "DATUM": "1963-08-23T01:00:00", "LINK": "https://geodiensten.oost-vlaanderen.be/Bijlagen/Wijzigingen/127-00055-01.pdf", "CEVI_OID": 6281, "GEMEENTE": "Maarke-Kerkem" }, "geometry": { "type": "MultiLineString", "coordinates": [ [ [ 99575.054499998688698, 165551.465700000524521 ], [ 99591.168499998748302, 165558.426899999380112 ], [ 99579.179700002074242, 165575.056499999016523 ] ] ] } },
{ "type": "Feature", "properties": { "GEMID": "127", "PLANID": "127-D-008", "NR": "34", "IDWIJZIGIN": "127-00005", "TYPE": "A", "TYPE_LABEL": "Afschaffing", "DATUM": "1876-09-30T01:00:00", "LINK": "https://geodiensten.oost-vlaanderen.be/Bijlagen/Wijzigingen/127-00005-01.pdf", "CEVI_OID": 6282, "GEMEENTE": "Maarke-Kerkem" }, "geometry": { "type": "MultiLineString", "coordinates": [ [ [ 99798.071699999272823, 165718.793000001460314 ], [ 99778.606100000441074, 165752.696800000965595 ], [ 99752.694799996912479, 165794.206399999558926 ], [ 99740.963899999856949, 165799.620700001716614 ], [ 99720.337999999523163, 165824.62950000166893 ], [ 99677.926100000739098, 165874.131599999964237 ], [ 99650.725699998438358, 165909.324499998241663 ] ] ] } },
{ "type": "Feature", "properties": { "GEMID": "172", "PLANID": "172-D-001", "NR": "1", "IDWIJZIGIN": "172-00001", "TYPE": "S", "TYPE_LABEL": "Versmalling", "DATUM": "1850-07-16T01:00:00", "LINK": "https://geodiensten.oost-vlaanderen.be/Bijlagen/Wijzigingen/172-00001-01.pdf", "CEVI_OID": 8696, "GEMEENTE": "Nukerke" }, "geometry": { "type": "MultiLineString", "coordinates": [ [ [ 95171.818800002336502, 166522.041600000113249 ], [ 95190.381999999284744, 166517.916499998420477 ], [ 95477.726099997758865, 166453.976300001144409 ], [ 95490.746200002729893, 166438.8935999982059 ], [ 95498.9966000020504, 166419.6858000010252 ], [ 95503.895199999213219, 166368.894600000232458 ], [ 95498.480899997055531, 166308.950699999928474 ], [ 95496.805100001394749, 166245.139400001615286 ] ] ] } },
{ "type": "Feature", "properties": { "GEMID": "172", "PLANID": "172-D-001", "NR": "61", "IDWIJZIGIN": "172-00098", "TYPE": "PN", "TYPE_LABEL": "Nieuw deel bij verplaatsing", "DATUM": "1965-05-07T01:00:00", "LINK": "https://geodiensten.oost-vlaanderen.be/Bijlagen/Wijzigingen/172-00098-01.pdf", "CEVI_OID": 8697, "GEMEENTE": "Nukerke" }, "geometry": { "type": "MultiLineString", "coordinates": [ [ [ 95627.263700000941753, 166273.499899998307228 ], [ 95537.79900000244379, 166316.169700000435114 ] ] ] } },
{ "type": "Feature", "properties": { "GEMID": "172", "PLANID": "172-D-001", "NR": "61", "IDWIJZIGIN": "172-00098", "TYPE": "PA", "TYPE_LABEL": "Deels afgeschaft bij verplaatsing", "DATUM": "1965-05-07T01:00:00", "LINK": "https://geodiensten.oost-vlaanderen.be/Bijlagen/Wijzigingen/172-00098-01.pdf", "CEVI_OID": 8698, "GEMEENTE": "Nukerke" }, "geometry": { "type": "MultiLineString", "coordinates": [ [ [ 95626.748000003397465, 166273.370999999344349 ], [ 95625.84570000320673, 166280.203400000929832 ], [ 95623.00959999859333, 166295.414900001138449 ], [ 95620.818099997937679, 166299.282299999147654 ], [ 95591.6841000020504, 166326.353700000792742 ], [ 95554.170800000429153, 166346.077199999243021 ] ] ] } },
{ "type": "Feature", "properties": { "GEMID": "172", "PLANID": "172-D-001", "NR": "61", "IDWIJZIGIN": "172-00089", "TYPE": "PN", "TYPE_LABEL": "Nieuw deel bij verplaatsing", "DATUM": "1961-03-03T01:00:00", "LINK": "https://geodiensten.oost-vlaanderen.be/Bijlagen/Wijzigingen/172-00089-01.pdf", "CEVI_OID": 8699, "GEMEENTE": "Nukerke" }, "geometry": { "type": "MultiLineString", "coordinates": [ [ [ 95591.6841000020504, 166326.353700000792742 ], [ 95554.170800000429153, 166346.077199999243021 ] ] ] } },
{ "type": "Feature", "properties": { "GEMID": "172", "PLANID": "172-D-001", "NR": "61", "IDWIJZIGIN": "172-00089", "TYPE": "PA", "TYPE_LABEL": "Deels afgeschaft bij verplaatsing", "DATUM": "1961-03-03T01:00:00", "LINK": "https://geodiensten.oost-vlaanderen.be/Bijlagen/Wijzigingen/172-00089-01.pdf", "CEVI_OID": 8700, "GEMEENTE": "Nukerke" }, "geometry": { "type": "MultiLineString", "coordinates": [ [ [ 95591.6841000020504, 166326.353700000792742 ], [ 95585.238499999046326, 166319.908100001513958 ], [ 95567.706500001251698, 166317.716600000858307 ], [ 95562.421099998056889, 166313.204700000584126 ], [ 95537.79900000244379, 166316.169700000435114 ] ] ] } },
{ "type": "Feature", "properties": { "GEMID": "172", "PLANID": "172-D-001", "NR": "60", "IDWIJZIGIN": "172-00110", "TYPE": "A", "TYPE_LABEL": "Afschaffing", "DATUM": "1979-11-30T01:00:00", "LINK": "https://geodiensten.oost-vlaanderen.be/Bijlagen/Wijzigingen/172-00110-01.pdf", "CEVI_OID": 8701, "GEMEENTE": "Nukerke" }, "geometry": { "type": "MultiLineString", "coordinates": [ [ [ 95477.339400000870228, 165782.991099998354912 ], [ 95561.647600002586842, 165739.032200001180172 ] ] ] } },
{ "type": "Feature", "properties": { "GEMID": "172", "PLANID": "172-D-001", "NR": "51", "IDWIJZIGIN": "172-00093", "TYPE": "B", "TYPE_LABEL": "Verbreding", "DATUM": "1962-06-22T01:00:00", "LINK": "https://geodiensten.oost-vlaanderen.be/Bijlagen/Wijzigingen/172-00093-01.pdf", "CEVI_OID": 8702, "GEMEENTE": "Nukerke" }, "geometry": { "type": "MultiLineString", "coordinates": [ [ [ 95365.444099999964237, 165675.607599999755621 ], [ 95381.55799999833107, 165675.220899999141693 ] ] ] } },
{ "type": "Feature", "properties": { "GEMID": "172", "PLANID": "172-D-001", "NR": "49", "IDWIJZIGIN": "172-00093", "TYPE": "B", "TYPE_LABEL": "Verbreding", "DATUM": "1962-06-22T01:00:00", "LINK": "https://geodiensten.oost-vlaanderen.be/Bijlagen/Wijzigingen/172-00093-01.pdf", "CEVI_OID": 8703, "GEMEENTE": "Nukerke" }, "geometry": { "type": "MultiLineString", "coordinates": [ [ [ 95365.444099999964237, 165675.607599999755621 ], [ 95339.919600002467632, 165715.570300001651049 ], [ 95330.122299998998642, 165727.945799998939037 ] ] ] } },
{ "type": "Feature", "properties": { "GEMID": "172", "PLANID": "172-D-001", "NR": "17", "IDWIJZIGIN": "172-00018", "TYPE": "B", "TYPE_LABEL": "Verbreding", "DATUM": "1900-08-10T01:00:00", "LINK": "https://geodiensten.oost-vlaanderen.be/Bijlagen/Wijzigingen/172-00018-01.pdf", "CEVI_OID": 8704, "GEMEENTE": "Nukerke" }, "geometry": { "type": "MultiLineString", "coordinates": [ [ [ 95019.187399998307228, 165725.238600000739098 ], [ 94979.869300000369549, 165771.260099999606609 ] ] ] } },
{ "type": "Feature", "properties": { "GEMID": "172", "PLANID": "172-D-001", "NR": "17", "IDWIJZIGIN": "172-00007", "TYPE": "B", "TYPE_LABEL": "Verbreding", "DATUM": "1884-07-19T01:00:00", "LINK": "https://geodiensten.oost-vlaanderen.be/Bijlagen/Wijzigingen/172-00007-01.pdf", "CEVI_OID": 8705, "GEMEENTE": "Nukerke" }, "geometry": { "type": "MultiLineString", "coordinates": [ [ [ 95019.187399998307228, 165725.238600000739098 ], [ 94979.869300000369549, 165771.260099999606609 ], [ 94950.2195999994874, 165816.121399998664856 ] ] ] } },
{ "type": "Feature", "properties": { "GEMID": "172", "PLANID": "172-D-001", "NR": "17", "IDWIJZIGIN": "172-00020", "TYPE": "B", "TYPE_LABEL": "Verbreding", "DATUM": "1901-05-10T01:00:00", "LINK": "https://geodiensten.oost-vlaanderen.be/Bijlagen/Wijzigingen/172-00020-01.pdf", "CEVI_OID": 8706, "GEMEENTE": "Nukerke" }, "geometry": { "type": "MultiLineString", "coordinates": [ [ [ 94979.869300000369549, 165771.260099999606609 ], [ 94950.2195999994874, 165816.121399998664856 ], [ 94864.364399999380112, 165891.663600001484156 ], [ 94830.331799998879433, 165909.066700000315905 ], [ 94826.980099998414516, 165910.742499999701977 ], [ 94797.330399997532368, 165929.5636 ], [ 94778.895999997854233, 165946.579999998211861 ], [ 94758.141199998557568, 165971.459899999201298 ], [ 94733.26129999756813, 165999.304800000041723 ], [ 94691.622800000011921, 166043.134799998253584 ], [ 94654.754100002348423, 166061.569200001657009 ], [ 94532.803599998354912, 166158.51069999858737 ], [ 94528.033900000154972, 166162.249200001358986 ] ] ] } },
{ "type": "Feature", "properties": { "GEMID": "172", "PLANID": "172-D-001", "NR": "17", "IDWIJZIGIN": "172-00012", "TYPE": "B", "TYPE_LABEL": "Verbreding", "DATUM": "1897-11-27T01:00:00", "LINK": "https://geodiensten.oost-vlaanderen.be/Bijlagen/Wijzigingen/172-00012-01.pdf", "CEVI_OID": 8707, "GEMEENTE": "Nukerke" }, "geometry": { "type": "MultiLineString", "coordinates": [ [ [ 94979.869300000369549, 165771.260099999606609 ], [ 94950.2195999994874, 165816.121399998664856 ], [ 94864.364399999380112, 165891.663600001484156 ], [ 94830.331799998879433, 165909.066700000315905 ], [ 94826.980099998414516, 165910.742499999701977 ], [ 94797.330399997532368, 165929.5636 ], [ 94778.895999997854233, 165946.579999998211861 ], [ 94758.141199998557568, 165971.459899999201298 ], [ 94733.26129999756813, 165999.304800000041723 ], [ 94691.622800000011921, 166043.134799998253584 ], [ 94654.754100002348423, 166061.569200001657009 ], [ 94532.803599998354912, 166158.51069999858737 ], [ 94528.033900000154972, 166162.249200001358986 ] ] ] } },
{ "type": "Feature", "properties": { "GEMID": "172", "PLANID": "172-D-001", "NR": "118", "IDWIJZIGIN": "172-00019", "TYPE": "PA", "TYPE_LABEL": "Deels afgeschaft bij verplaatsing", "DATUM": "1901-01-12T01:00:00", "LINK": "https://geodiensten.oost-vlaanderen.be/Bijlagen/Wijzigingen/172-00019-01.pdf", "CEVI_OID": 8708, "GEMEENTE": "Nukerke" }, "geometry": { "type": "MultiLineString", "coordinates": [ [ [ 94785.341600000858307, 165839.4543999992311 ], [ 94826.980099998414516, 165910.742499999701977 ] ] ] } },
{ "type": "Feature", "properties": { "GEMID": "172", "PLANID": "172-D-001", "NR": "118", "IDWIJZIGIN": "172-00019", "TYPE": "PN", "TYPE_LABEL": "Nieuw deel bij verplaatsing", "DATUM": "1901-01-12T01:00:00", "LINK": "https://geodiensten.oost-vlaanderen.be/Bijlagen/Wijzigingen/172-00019-01.pdf", "CEVI_OID": 8709, "GEMEENTE": "Nukerke" }, "geometry": { "type": "MultiLineString", "coordinates": [ [ [ 94830.331799998879433, 165909.066700000315905 ], [ 94787.790899999439716, 165838.036299999803305 ] ] ] } },
{ "type": "Feature", "properties": { "GEMID": "172", "PLANID": "172-D-001", "NR": "17", "IDWIJZIGIN": "172-00015", "TYPE": "B", "TYPE_LABEL": "Verbreding", "DATUM": "1899-02-11T01:00:00", "LINK": "https://geodiensten.oost-vlaanderen.be/Bijlagen/Wijzigingen/172-00015-01.pdf", "CEVI_OID": 8710, "GEMEENTE": "Nukerke" }, "geometry": { "type": "MultiLineString", "coordinates": [ [ [ 94528.033900000154972, 166162.249200001358986 ], [ 94520.685900002717972, 166160.573300000280142 ], [ 94499.157700002193451, 166133.244100000709295 ], [ 94491.680799998342991, 166123.833500001579523 ], [ 94484.203900001943111, 166115.840999998152256 ], [ 94474.793399997055531, 166108.621899999678135 ], [ 94462.80460000038147, 166100.371599998325109 ], [ 94439.729400001466274, 166085.933499999344349 ], [ 94418.587899997830391, 166056.41270000115037 ], [ 94406.341300003230572, 166048.033399999141693 ], [ 94395.254900000989437, 166038.880699999630451 ] ] ] } },
{ "type": "Feature", "properties": { "GEMID": "172", "PLANID": "172-D-001", "NR": "17", "IDWIJZIGIN": "172-00015", "TYPE": "PA", "TYPE_LABEL": "Deels afgeschaft bij verplaatsing", "DATUM": "1899-02-11T01:00:00", "LINK": "https://geodiensten.oost-vlaanderen.be/Bijlagen/Wijzigingen/172-00015-01.pdf", "CEVI_OID": 8711, "GEMEENTE": "Nukerke" }, "geometry": { "type": "MultiLineString", "coordinates": [ [ [ 94528.033900000154972, 166162.249200001358986 ], [ 94520.685900002717972, 166160.573300000280142 ], [ 94499.157700002193451, 166133.244100000709295 ], [ 94491.680799998342991, 166123.833500001579523 ] ] ] } },
{ "type": "Feature", "properties": { "GEMID": "172", "PLANID": "172-D-001", "NR": "17", "IDWIJZIGIN": "172-00015", "TYPE": "PN", "TYPE_LABEL": "Nieuw deel bij verplaatsing", "DATUM": "1899-02-11T01:00:00", "LINK": "https://geodiensten.oost-vlaanderen.be/Bijlagen/Wijzigingen/172-00015-01.pdf", "CEVI_OID": 8712, "GEMEENTE": "Nukerke" }, "geometry": { "type": "MultiLineString", "coordinates": [ [ [ 94528.033900000154972, 166162.249200001358986 ], [ 94491.680799998342991, 166123.833500001579523 ] ] ] } },
{ "type": "Feature", "properties": { "GEMID": "172", "PLANID": "172-D-001", "NR": "17", "IDWIJZIGIN": "172-00021", "TYPE": "W", "TYPE_LABEL": "Onbepaalde wijziging", "DATUM": "1901-06-01T01:00:00", "LINK": "https://geodiensten.oost-vlaanderen.be/Bijlagen/Wijzigingen/172-00021-01.pdf", "CEVI_OID": 8713, "GEMEENTE": "Nukerke" }, "geometry": { "type": "MultiLineString", "coordinates": [ [ [ 94528.033900000154972, 166162.249200001358986 ], [ 94491.680799998342991, 166123.833500001579523 ], [ 94414.07599999755621, 166042.361299999058247 ] ] ] } },
{ "type": "Feature", "properties": { "GEMID": "172", "PLANID": "172-D-001", "NR": "1", "IDWIJZIGIN": "172-00057", "TYPE": "S", "TYPE_LABEL": "Versmalling", "DATUM": "1910-01-14T01:00:00", "LINK": "https://geodiensten.oost-vlaanderen.be/Bijlagen/Wijzigingen/172-00057-01.pdf", "CEVI_OID": 8714, "GEMEENTE": "Nukerke" }, "geometry": { "type": "MultiLineString", "coordinates": [ [ [ 95477.726099997758865, 166453.976300001144409 ], [ 95490.746200002729893, 166438.8935999982059 ], [ 95498.9966000020504, 166419.6858000010252 ], [ 95503.895199999213219, 166368.894600000232458 ], [ 95498.480899997055531, 166308.950699999928474 ], [ 95496.805100001394749, 166245.139400001615286 ] ] ] } },
{ "type": "Feature", "properties": { "GEMID": "172", "PLANID": "172-D-002", "NR": "17", "IDWIJZIGIN": "172-00018", "TYPE": "B", "TYPE_LABEL": "Verbreding", "DATUM": "1900-08-10T01:00:00", "LINK": "https://geodiensten.oost-vlaanderen.be/Bijlagen/Wijzigingen/172-00018-01.pdf", "CEVI_OID": 8715, "GEMEENTE": "Nukerke" }, "geometry": { "type": "MultiLineString", "coordinates": [ [ [ 94998.432599999010563, 165749.345100000500679 ], [ 95053.606799997389317, 165692.237199999392033 ] ] ] } },
{ "type": "Feature", "properties": { "GEMID": "172", "PLANID": "172-D-002", "NR": "119", "IDWIJZIGIN": "172-00062", "TYPE": "A", "TYPE_LABEL": "Afschaffing", "DATUM": "1914-07-03T01:00:00", "LINK": "https://geodiensten.oost-vlaanderen.be/Bijlagen/Wijzigingen/172-00062-01.pdf", "CEVI_OID": 8716, "GEMEENTE": "Nukerke" }, "geometry": { "type": "MultiLineString", "coordinates": [ [ [ 94638.897900000214577, 165307.822700001299381 ], [ 94729.136100001633167, 165328.448499999940395 ], [ 94783.794699996709824, 165249.941300000995398 ] ] ] } },
{ "type": "Feature", "properties": { "GEMID": "172", "PLANID": "172-D-002", "NR": "121", "IDWIJZIGIN": "172-00109", "TYPE": "A", "TYPE_LABEL": "Afschaffing", "DATUM": "1977-09-23T02:00:00", "LINK": "https://geodiensten.oost-vlaanderen.be/Bijlagen/Wijzigingen/172-00109-01.pdf", "CEVI_OID": 8717, "GEMEENTE": "Nukerke" }, "geometry": { "type": "MultiLineString", "coordinates": [ [ [ 94879.704899996519089, 164925.728500001132488 ], [ 94888.470899999141693, 164980.902699999511242 ] ] ] } },
{ "type": "Feature", "properties": { "GEMID": "172", "PLANID": "172-D-002", "NR": "122", "IDWIJZIGIN": "172-00062", "TYPE": "A", "TYPE_LABEL": "Afschaffing", "DATUM": "1914-07-03T01:00:00", "LINK": "https://geodiensten.oost-vlaanderen.be/Bijlagen/Wijzigingen/172-00062-01.pdf", "CEVI_OID": 8718, "GEMEENTE": "Nukerke" }, "geometry": { "type": "MultiLineString", "coordinates": [ [ [ 95096.018700003623962, 164893.887299999594688 ], [ 95075.650700002908707, 164931.271699998527765 ], [ 95009.647900000214577, 164946.612199999392033 ] ] ] } },
{ "type": "Feature", "properties": { "GEMID": "172", "PLANID": "172-D-002", "NR": "14", "IDWIJZIGIN": "172-00044", "TYPE": "B", "TYPE_LABEL": "Verbreding", "DATUM": "1902-02-07T01:00:00", "LINK": "https://geodiensten.oost-vlaanderen.be/Bijlagen/Wijzigingen/172-00044-01.pdf", "CEVI_OID": 8719, "GEMEENTE": "Nukerke" }, "geometry": { "type": "MultiLineString", "coordinates": [ [ [ 94760.332699999213219, 165032.854100000113249 ], [ 94762.52419999986887, 165030.404699999839067 ], [ 94782.376599997282028, 165012.74379999935627 ], [ 94815.764700002968311, 164995.985300000756979 ], [ 94839.355599999427795, 164989.281899999827147 ], [ 94871.712399996817112, 164983.352000001817942 ], [ 94888.470899999141693, 164980.902699999511242 ], [ 94920.569899998605251, 164977.035300001502037 ], [ 94953.442400000989437, 164969.429499998688698 ] ] ] } },
{ "type": "Feature", "properties": { "GEMID": "172", "PLANID": "172-D-002", "NR": "121", "IDWIJZIGIN": "172-00105", "TYPE": "PA", "TYPE_LABEL": "Deels afgeschaft bij verplaatsing", "DATUM": "1972-11-03T01:00:00", "LINK": "https://geodiensten.oost-vlaanderen.be/Bijlagen/Wijzigingen/172-00105-01.pdf", "CEVI_OID": 8720, "GEMEENTE": "Nukerke" }, "geometry": { "type": "MultiLineString", "coordinates": [ [ [ 95173.107900001108646, 165188.32149999961257 ], [ 95093.698299996554852, 165193.091299999505281 ], [ 95061.857100002467632, 165169.242600001394749 ], [ 95042.778200000524521, 165155.835799999535084 ], [ 95035.430200003087521, 165150.937199998646975 ] ] ] } },
{ "type": "Feature", "properties": { "GEMID": "172", "PLANID": "172-D-002", "NR": "121", "IDWIJZIGIN": "172-00067", "TYPE": "PA", "TYPE_LABEL": "Deels afgeschaft bij verplaatsing", "DATUM": "1933-12-01T01:00:00", "LINK": "https://geodiensten.oost-vlaanderen.be/Bijlagen/Wijzigingen/172-00067-01.pdf", "CEVI_OID": 8721, "GEMEENTE": "Nukerke" }, "geometry": { "type": "MultiLineString", "coordinates": [ [ [ 95178.522200003266335, 165256.515799999237061 ], [ 95093.698299996554852, 165193.091299999505281 ] ] ] } },
{ "type": "Feature", "properties": { "GEMID": "172", "PLANID": "172-D-002", "NR": "121", "IDWIJZIGIN": "172-00067", "TYPE": "PN", "TYPE_LABEL": "Nieuw deel bij verplaatsing", "DATUM": "1933-12-01T01:00:00", "LINK": "https://geodiensten.oost-vlaanderen.be/Bijlagen/Wijzigingen/172-00067-01.pdf", "CEVI_OID": 8722, "GEMEENTE": "Nukerke" }, "geometry": { "type": "MultiLineString", "coordinates": [ [ [ 95173.107900001108646, 165188.32149999961257 ], [ 95093.698299996554852, 165193.091299999505281 ] ] ] } },
{ "type": "Feature", "properties": { "GEMID": "172", "PLANID": "172-D-002", "NR": "121", "IDWIJZIGIN": "172-00105", "TYPE": "PN", "TYPE_LABEL": "Nieuw deel bij verplaatsing", "DATUM": "1972-11-03T01:00:00", "LINK": "https://geodiensten.oost-vlaanderen.be/Bijlagen/Wijzigingen/172-00105-01.pdf", "CEVI_OID": 8723, "GEMEENTE": "Nukerke" }, "geometry": { "type": "MultiLineString", "coordinates": [ [ [ 95035.430200003087521, 165150.937199998646975 ], [ 95169.75620000064373, 165146.940900001674891 ] ] ] } },
{ "type": "Feature", "properties": { "GEMID": "172", "PLANID": "172-D-002", "NR": "3", "IDWIJZIGIN": "172-00044", "TYPE": "B", "TYPE_LABEL": "Verbreding", "DATUM": "1902-02-07T01:00:00", "LINK": "https://geodiensten.oost-vlaanderen.be/Bijlagen/Wijzigingen/172-00044-01.pdf", "CEVI_OID": 8724, "GEMEENTE": "Nukerke" }, "geometry": { "type": "MultiLineString", "coordinates": [ [ [ 94833.55460000038147, 165227.639600001275539 ], [ 94795.009999997913837, 165214.619500000029802 ], [ 94777.606899999082088, 165211.525600001215935 ] ] ] } },
{ "type": "Feature", "properties": { "GEMID": "172", "PLANID": "172-D-002", "NR": "17", "IDWIJZIGIN": "172-00007", "TYPE": "B", "TYPE_LABEL": "Verbreding", "DATUM": "1884-07-19T01:00:00", "LINK": "https://geodiensten.oost-vlaanderen.be/Bijlagen/Wijzigingen/172-00007-01.pdf", "CEVI_OID": 8725, "GEMEENTE": "Nukerke" }, "geometry": { "type": "MultiLineString", "coordinates": [ [ [ 94998.432599999010563, 165749.345100000500679 ], [ 95053.606799997389317, 165692.237199999392033 ], [ 95100.143899999558926, 165594.393300000578165 ], [ 95108.90990000218153, 165579.955200001597404 ], [ 95112.648299999535084, 165574.927600000053644 ], [ 95117.289099998772144, 165569.771200001239777 ], [ 95151.837499998509884, 165547.469399999827147 ], [ 95204.691200003027916, 165481.595600001513958 ] ] ] } },
{ "type": "Feature", "properties": { "GEMID": "172", "PLANID": "172-D-003", "NR": "35", "IDWIJZIGIN": "172-00044", "TYPE": "PN", "TYPE_LABEL": "Nieuw deel bij verplaatsing", "DATUM": "1902-02-07T01:00:00", "LINK": "https://geodiensten.oost-vlaanderen.be/Bijlagen/Wijzigingen/172-00044-01.pdf", "CEVI_OID": 8726, "GEMEENTE": "Nukerke" }, "geometry": { "type": "MultiLineString", "coordinates": [ [ [ 95996.724500000476837, 165760.947200000286102 ], [ 96111.842600002884865, 165674.189599998295307 ] ] ] } },
{ "type": "Feature", "properties": { "GEMID": "172", "PLANID": "172-D-003", "NR": "35", "IDWIJZIGIN": "172-00044", "TYPE": "PN", "TYPE_LABEL": "Nieuw deel bij verplaatsing", "DATUM": "1902-02-07T01:00:00", "LINK": "https://geodiensten.oost-vlaanderen.be/Bijlagen/Wijzigingen/172-00044-01.pdf", "CEVI_OID": 8727, "GEMEENTE": "Nukerke" }, "geometry": { "type": "MultiLineString", "coordinates": [ [ [ 96191.767899997532368, 165694.944400001317263 ], [ 96245.652900002896786, 165766.232500001788139 ] ] ] } },
{ "type": "Feature", "properties": { "GEMID": "172", "PLANID": "172-D-003", "NR": "35", "IDWIJZIGIN": "172-00081", "TYPE": "B", "TYPE_LABEL": "Verbreding", "DATUM": "1956-11-09T01:00:00", "LINK": "https://geodiensten.oost-vlaanderen.be/Bijlagen/Wijzigingen/172-00081-01.pdf", "CEVI_OID": 8728, "GEMEENTE": "Nukerke" }, "geometry": { "type": "MultiLineString", "coordinates": [ [ [ 96432.188100002706051, 165979.194600000977516 ], [ 96464.545000001788139, 165949.15819999948144 ], [ 96528.743000000715256, 165889.085400000214577 ] ] ] } },
{ "type": "Feature", "properties": { "GEMID": "172", "PLANID": "172-D-003", "NR": "35", "IDWIJZIGIN": "172-00114", "TYPE": "A", "TYPE_LABEL": "Afschaffing", "DATUM": "1989-05-11T02:00:00", "LINK": "https://geodiensten.oost-vlaanderen.be/Bijlagen/Wijzigingen/172-00114-01.pdf", "CEVI_OID": 8729, "GEMEENTE": "Nukerke" }, "geometry": { "type": "MultiLineString", "coordinates": [ [ [ 96432.188100002706051, 165979.194600000977516 ], [ 96464.545000001788139, 165949.15819999948144 ] ] ] } },
{ "type": "Feature", "properties": { "GEMID": "172", "PLANID": "172-D-003", "NR": "35", "IDWIJZIGIN": "172-00044", "TYPE": "A", "TYPE_LABEL": "Afschaffing", "DATUM": "1902-02-07T01:00:00", "LINK": "https://geodiensten.oost-vlaanderen.be/Bijlagen/Wijzigingen/172-00044-01.pdf", "CEVI_OID": 8730, "GEMEENTE": "Nukerke" }, "geometry": { "type": "MultiLineString", "coordinates": [ [ [ 96337.180200003087521, 165874.002700001001358 ], [ 96339.629600003361702, 165876.06529999896884 ], [ 96380.494499996304512, 165930.981600001454353 ], [ 96387.713600002229214, 165937.556099999696016 ], [ 96407.95269999653101, 165954.959199998527765 ] ] ] } },
{ "type": "Feature", "properties": { "GEMID": "172", "PLANID": "172-D-003", "NR": "35", "IDWIJZIGIN": "172-00044", "TYPE": "PA", "TYPE_LABEL": "Deels afgeschaft bij verplaatsing", "DATUM": "1902-02-07T01:00:00", "LINK": "https://geodiensten.oost-vlaanderen.be/Bijlagen/Wijzigingen/172-00044-01.pdf", "CEVI_OID": 8731, "GEMEENTE": "Nukerke" }, "geometry": { "type": "MultiLineString", "coordinates": [ [ [ 96191.767899997532368, 165694.944400001317263 ], [ 96197.568899996578693, 165698.03830000013113 ], [ 96207.623999997973442, 165708.093400001525879 ], [ 96219.483900003135204, 165721.629099998623133 ], [ 96233.664200000464916, 165744.1886 ], [ 96245.652900002896786, 165766.232500001788139 ] ] ] } },
{ "type": "Feature", "properties": { "GEMID": "172", "PLANID": "172-D-003", "NR": "35", "IDWIJZIGIN": "172-00092", "TYPE": "B", "TYPE_LABEL": "Verbreding", "DATUM": "1961-06-23T01:00:00", "LINK": "https://geodiensten.oost-vlaanderen.be/Bijlagen/Wijzigingen/172-00092-01.pdf", "CEVI_OID": 8732, "GEMEENTE": "Nukerke" }, "geometry": { "type": "MultiLineString", "coordinates": [ [ [ 96130.405900001525879, 165662.716499999165535 ], [ 96143.168200001120567, 165652.016800001263618 ], [ 96146.133100003004074, 165653.305900000035763 ], [ 96151.418499998748302, 165658.591299999505281 ] ] ] } },
{ "type": "Feature", "properties": { "GEMID": "172", "PLANID": "172-D-003", "NR": "35", "IDWIJZIGIN": "172-00044", "TYPE": "PA", "TYPE_LABEL": "Deels afgeschaft bij verplaatsing", "DATUM": "1902-02-07T01:00:00", "LINK": "https://geodiensten.oost-vlaanderen.be/Bijlagen/Wijzigingen/172-00044-01.pdf", "CEVI_OID": 8733, "GEMEENTE": "Nukerke" }, "geometry": { "type": "MultiLineString", "coordinates": [ [ [ 95996.724500000476837, 165760.947200000286102 ], [ 95999.947300001978874, 165743.286299999803305 ], [ 96002.912299998104572, 165732.457699999213219 ], [ 96006.392899997532368, 165724.85190000012517 ], [ 96008.971100002527237, 165720.984499998390675 ], [ 96013.611900001764297, 165718.406300000846386 ], [ 96030.628300003707409, 165713.636599998921156 ], [ 96039.781000003218651, 165710.155999999493361 ], [ 96045.195299997925758, 165708.609000001102686 ], [ 96055.508199997246265, 165707.062100000679493 ], [ 96063.242899999022484, 165705.128400001674891 ], [ 96072.524599999189377, 165698.03830000013113 ], [ 96075.102799996733665, 165692.366200000047684 ], [ 96077.938900001347065, 165686.822999998927116 ], [ 96080.001500003039837, 165683.471200000494719 ], [ 96083.611000001430511, 165679.346099998801947 ], [ 96087.478299997746944, 165677.799100000411272 ], [ 96096.759999997913837, 165675.7364999987185 ], [ 96104.494699999690056, 165675.092000000178814 ], [ 96111.842600002884865, 165674.189599998295307 ] ] ] } },
{ "type": "Feature", "properties": { "GEMID": "172", "PLANID": "172-D-003", "NR": "35", "IDWIJZIGIN": "172-00044", "TYPE": "PA", "TYPE_LABEL": "Deels afgeschaft bij verplaatsing", "DATUM": "1902-02-07T01:00:00", "LINK": "https://geodiensten.oost-vlaanderen.be/Bijlagen/Wijzigingen/172-00044-01.pdf", "CEVI_OID": 8734, "GEMEENTE": "Nukerke" }, "geometry": { "type": "MultiLineString", "coordinates": [ [ [ 95933.428900003433228, 165857.373100001364946 ], [ 95940.132299996912479, 165856.083999998867512 ], [ 95949.92960000038147, 165850.411899998784065 ], [ 95958.308799996972084, 165844.610800001770258 ], [ 95966.559199996292591, 165838.552000001072884 ], [ 95973.262599997222424, 165831.590799998492002 ], [ 95978.290100000798702, 165826.176500000059605 ], [ 95980.610600002110004, 165821.793499998748302 ], [ 95984.606799997389317, 165813.156399998813868 ], [ 95987.314000003039837, 165804.519299998879433 ] ] ] } },
{ "type": "Feature", "properties": { "GEMID": "172", "PLANID": "172-D-003", "NR": "35", "IDWIJZIGIN": "172-00044", "TYPE": "B", "TYPE_LABEL": "Verbreding", "DATUM": "1902-02-07T01:00:00", "LINK": "https://geodiensten.oost-vlaanderen.be/Bijlagen/Wijzigingen/172-00044-01.pdf", "CEVI_OID": 8735, "GEMEENTE": "Nukerke" }, "geometry": { "type": "MultiLineString", "coordinates": [ [ [ 95874.902999997138977, 165825.531899999827147 ], [ 95885.344800002872944, 165831.590799998492002 ], [ 95902.490099996328354, 165841.645899999886751 ], [ 95933.428900003433228, 165857.373100001364946 ], [ 95940.132299996912479, 165856.083999998867512 ], [ 95949.92960000038147, 165850.411899998784065 ], [ 95958.308799996972084, 165844.610800001770258 ], [ 95966.559199996292591, 165838.552000001072884 ], [ 95973.262599997222424, 165831.590799998492002 ], [ 95978.290100000798702, 165826.176500000059605 ], [ 95980.610600002110004, 165821.793499998748302 ], [ 95984.606799997389317, 165813.156399998813868 ], [ 95987.314000003039837, 165804.519299998879433 ], [ 95991.954800002276897, 165783.506700001657009 ], [ 95994.532999999821186, 165772.420299999415874 ], [ 95996.724500000476837, 165760.947200000286102 ], [ 95999.947300001978874, 165743.286299999803305 ], [ 96002.912299998104572, 165732.457699999213219 ], [ 96006.392899997532368, 165724.85190000012517 ], [ 96008.971100002527237, 165720.984499998390675 ], [ 96013.611900001764297, 165718.406300000846386 ], [ 96030.628300003707409, 165713.636599998921156 ], [ 96039.781000003218651, 165710.155999999493361 ], [ 96045.195299997925758, 165708.609000001102686 ], [ 96055.508199997246265, 165707.062100000679493 ], [ 96063.242899999022484, 165705.128400001674891 ], [ 96072.524599999189377, 165698.03830000013113 ], [ 96075.102799996733665, 165692.366200000047684 ], [ 96077.938900001347065, 165686.822999998927116 ], [ 96080.001500003039837, 165683.471200000494719 ], [ 96083.611000001430511, 165679.346099998801947 ], [ 96087.478299997746944, 165677.799100000411272 ], [ 96096.759999997913837, 165675.7364999987185 ], [ 96104.494699999690056, 165675.092000000178814 ], [ 96111.842600002884865, 165674.189599998295307 ], [ 96116.612400002777576, 165672.642700001597404 ], [ 96122.026699997484684, 165669.548799999058247 ], [ 96130.405900001525879, 165662.716499999165535 ], [ 96143.168200001120567, 165652.016800001263618 ], [ 96146.133100003004074, 165653.305900000035763 ], [ 96151.418499998748302, 165658.591299999505281 ], [ 96156.317199997603893, 165663.489900000393391 ], [ 96172.817900002002716, 165676.896800000220537 ], [ 96180.165799997746944, 165683.729100000113249 ], [ 96185.708999998867512, 165689.787900000810623 ], [ 96191.767899997532368, 165694.944400001317263 ], [ 96197.568899996578693, 165698.03830000013113 ], [ 96207.623999997973442, 165708.093400001525879 ], [ 96219.483900003135204, 165721.629099998623133 ], [ 96233.664200000464916, 165744.1886 ], [ 96245.652900002896786, 165766.232500001788139 ], [ 96261.76690000295639, 165791.628100000321865 ] ] ] } },
{ "type": "Feature", "properties": { "GEMID": "172", "PLANID": "172-D-003", "NR": "60", "IDWIJZIGIN": "172-00110", "TYPE": "A", "TYPE_LABEL": "Afschaffing", "DATUM": "1979-11-30T01:00:00", "LINK": "https://geodiensten.oost-vlaanderen.be/Bijlagen/Wijzigingen/172-00110-01.pdf", "CEVI_OID": 8736, "GEMEENTE": "Nukerke" }, "geometry": { "type": "MultiLineString", "coordinates": [ [ [ 95564.870399996638298, 165736.196100000292063 ], [ 95532.126900002360344, 165755.274999998509884 ], [ 95482.495899997651577, 165784.409099999815226 ] ] ] } },
{ "type": "Feature", "properties": { "GEMID": "172", "PLANID": "172-D-003", "NR": "50", "IDWIJZIGIN": "172-00093", "TYPE": "B", "TYPE_LABEL": "Verbreding", "DATUM": "1962-06-22T01:00:00", "LINK": "https://geodiensten.oost-vlaanderen.be/Bijlagen/Wijzigingen/172-00093-01.pdf", "CEVI_OID": 8737, "GEMEENTE": "Nukerke" }, "geometry": { "type": "MultiLineString", "coordinates": [ [ [ 95421.907399997115135, 165664.00560000166297 ], [ 95409.660800002515316, 165664.392299998551607 ], [ 95397.671999998390675, 165666.454900000244379 ], [ 95362.608000002801418, 165676.252199999988079 ] ] ] } },
{ "type": "Feature", "properties": { "GEMID": "172", "PLANID": "172-D-003", "NR": "49", "IDWIJZIGIN": "172-00093", "TYPE": "B", "TYPE_LABEL": "Verbreding", "DATUM": "1962-06-22T01:00:00", "LINK": "https://geodiensten.oost-vlaanderen.be/Bijlagen/Wijzigingen/172-00093-01.pdf", "CEVI_OID": 8738, "GEMEENTE": "Nukerke" }, "geometry": { "type": "MultiLineString", "coordinates": [ [ [ 95327.544100001454353, 165737.485199999064207 ], [ 95339.146099999547005, 165721.500199999660254 ], [ 95362.479099996387959, 165677.927999999374151 ], [ 95362.608000002801418, 165676.252199999988079 ] ] ] } },
{ "type": "Feature", "properties": { "GEMID": "172", "PLANID": "172-D-003", "NR": "49", "IDWIJZIGIN": "172-00107", "TYPE": "A", "TYPE_LABEL": "Afschaffing", "DATUM": "1975-10-31T01:00:00", "LINK": "https://geodiensten.oost-vlaanderen.be/Bijlagen/Wijzigingen/172-00107-01.pdf", "CEVI_OID": 8739, "GEMEENTE": "Nukerke" }, "geometry": { "type": "MultiLineString", "coordinates": [ [ [ 95362.608000002801418, 165676.252199999988079 ], [ 95366.604299999773502, 165627.39469999819994 ], [ 95376.014799997210503, 165608.573600001633167 ], [ 95381.686999998986721, 165597.229299999773502 ], [ 95414.172700002789497, 165563.067800000309944 ] ] ] } },
{ "type": "Feature", "properties": { "GEMID": "172", "PLANID": "172-D-003", "NR": "58", "IDWIJZIGIN": "172-00107", "TYPE": "A", "TYPE_LABEL": "Afschaffing", "DATUM": "1975-10-31T01:00:00", "LINK": "https://geodiensten.oost-vlaanderen.be/Bijlagen/Wijzigingen/172-00107-01.pdf", "CEVI_OID": 8740, "GEMEENTE": "Nukerke" }, "geometry": { "type": "MultiLineString", "coordinates": [ [ [ 95376.014799997210503, 165608.573600001633167 ], [ 95299.05460000038147, 165547.598400000482798 ], [ 95227.895300000905991, 165636.031800001859665 ] ] ] } },
{ "type": "Feature", "properties": { "GEMID": "172", "PLANID": "172-D-003", "NR": "18", "IDWIJZIGIN": "172-00006", "TYPE": "B", "TYPE_LABEL": "Verbreding", "DATUM": "1882-11-11T01:00:00", "LINK": "https://geodiensten.oost-vlaanderen.be/Bijlagen/Wijzigingen/172-00006-01.pdf", "CEVI_OID": 8741, "GEMEENTE": "Nukerke" }, "geometry": { "type": "MultiLineString", "coordinates": [ [ [ 95426.032600000500679, 165494.357799999415874 ], [ 95419.715899996459484, 165531.097699999809265 ], [ 95414.172700002789497, 165563.067800000309944 ] ] ] } },
{ "type": "Feature", "properties": { "GEMID": "172", "PLANID": "172-D-003", "NR": "3", "IDWIJZIGIN": "172-00047", "TYPE": "W", "TYPE_LABEL": "Onbepaalde wijziging", "DATUM": "1905-10-20T01:00:00", "LINK": "https://geodiensten.oost-vlaanderen.be/Bijlagen/Wijzigingen/172-00047-01.pdf", "CEVI_OID": 8742, "GEMEENTE": "Nukerke" }, "geometry": { "type": "MultiLineString", "coordinates": [ [ [ 95312.074699997901917, 165358.227099999785423 ], [ 95320.71169999986887, 165361.965599998831749 ], [ 95409.660800002515316, 165449.625500001013279 ], [ 95416.622000001370907, 165451.945900000631809 ], [ 95433.380500003695488, 165452.332600001245737 ], [ 95437.63459999859333, 165452.461500000208616 ], [ 95445.11150000244379, 165450.656800001859665 ], [ 95468.573399998247623, 165456.973499998450279 ], [ 95492.422100000083447, 165469.091099999845028 ], [ 95508.922799997031689, 165482.111200001090765 ], [ 95512.145599998533726, 165482.240100000053644 ], [ 95520.009199999272823, 165482.368999999016523 ], [ 95535.3496999964118, 165473.345199998468161 ], [ 95547.983000002801418, 165464.708200000226498 ] ] ] } },
{ "type": "Feature", "properties": { "GEMID": "172", "PLANID": "172-D-003", "NR": "3", "IDWIJZIGIN": "172-00077", "TYPE": "B", "TYPE_LABEL": "Verbreding", "DATUM": "1951-11-07T01:00:00", "LINK": "https://geodiensten.oost-vlaanderen.be/Bijlagen/Wijzigingen/172-00077-01.pdf", "CEVI_OID": 8743, "GEMEENTE": "Nukerke" }, "geometry": { "type": "MultiLineString", "coordinates": [ [ [ 95229.055500000715256, 165345.851599998772144 ], [ 95245.814099997282028, 165351.65260000154376 ], [ 95292.737899996340275, 165362.867899999022484 ], [ 95299.441299997270107, 165362.610100001096725 ], [ 95312.074699997901917, 165358.227099999785423 ] ] ] } },
{ "type": "Feature", "properties": { "GEMID": "172", "PLANID": "172-D-003", "NR": "3", "IDWIJZIGIN": "172-00080", "TYPE": "B", "TYPE_LABEL": "Verbreding", "DATUM": "1953-10-09T01:00:00", "LINK": "https://geodiensten.oost-vlaanderen.be/Bijlagen/Wijzigingen/172-00080-01.pdf", "CEVI_OID": 8744, "GEMEENTE": "Nukerke" }, "geometry": { "type": "MultiLineString", "coordinates": [ [ [ 95492.422100000083447, 165469.091099999845028 ], [ 95508.922799997031689, 165482.111200001090765 ], [ 95512.145599998533726, 165482.240100000053644 ], [ 95520.009199999272823, 165482.368999999016523 ], [ 95535.3496999964118, 165473.345199998468161 ], [ 95547.983000002801418, 165464.708200000226498 ] ] ] } },
{ "type": "Feature", "properties": { "GEMID": "172", "PLANID": "172-D-003", "NR": "3", "IDWIJZIGIN": "172-00094", "TYPE": "B", "TYPE_LABEL": "Verbreding", "DATUM": "1963-01-18T01:00:00", "LINK": "https://geodiensten.oost-vlaanderen.be/Bijlagen/Wijzigingen/172-00094-01.pdf", "CEVI_OID": 8745, "GEMEENTE": "Nukerke" }, "geometry": { "type": "MultiLineString", "coordinates": [ [ [ 95512.145599998533726, 165482.240100000053644 ], [ 95520.009199999272823, 165482.368999999016523 ], [ 95535.3496999964118, 165473.345199998468161 ], [ 95547.983000002801418, 165464.708200000226498 ] ] ] } },
{ "type": "Feature", "properties": { "GEMID": "172", "PLANID": "172-D-003", "NR": "62", "IDWIJZIGIN": "172-00103", "TYPE": "B", "TYPE_LABEL": "Verbreding", "DATUM": "1968-03-15T01:00:00", "LINK": "https://geodiensten.oost-vlaanderen.be/Bijlagen/Wijzigingen/172-00103-01.pdf", "CEVI_OID": 8746, "GEMEENTE": "Nukerke" }, "geometry": { "type": "MultiLineString", "coordinates": [ [ [ 95444.724799998104572, 165317.7489 ], [ 95446.787299998104572, 165300.861400000751019 ], [ 95451.170299999415874, 165271.340700000524521 ], [ 95454.9087999984622, 165243.753600001335144 ] ] ] } },
{ "type": "Feature", "properties": { "GEMID": "172", "PLANID": "172-D-003", "NR": "1", "IDWIJZIGIN": "172-00049", "TYPE": "B", "TYPE_LABEL": "Verbreding", "DATUM": "1906-02-16T01:00:00", "LINK": "https://geodiensten.oost-vlaanderen.be/Bijlagen/Wijzigingen/172-00049-01.pdf", "CEVI_OID": 8747, "GEMEENTE": "Nukerke" }, "geometry": { "type": "MultiLineString", "coordinates": [ [ [ 95312.074699997901917, 165358.227099999785423 ], [ 95302.535199999809265, 165369.700300000607967 ], [ 95288.097099997103214, 165391.099599998444319 ], [ 95265.924300000071526, 165420.491399999707937 ], [ 95245.040600001811981, 165442.922100000083447 ], [ 95206.753799997270107, 165481.982299998402596 ] ] ] } },
{ "type": "Feature", "properties": { "GEMID": "172", "PLANID": "172-D-003", "NR": "1", "IDWIJZIGIN": "172-00051", "TYPE": "V", "TYPE_LABEL": "Verklaring/erkenning", "DATUM": "1908-12-18T01:00:00", "LINK": "https://geodiensten.oost-vlaanderen.be/Bijlagen/Wijzigingen/172-00051-01.pdf", "CEVI_OID": 8748, "GEMEENTE": "Nukerke" }, "geometry": { "type": "MultiLineString", "coordinates": [ [ [ 95369.182499997317791, 165269.535900000482798 ], [ 95370.729500003159046, 165264.637200001627207 ], [ 95373.049900002777576, 165256.129099998623133 ], [ 95376.014799997210503, 165227.252900000661612 ], [ 95377.046099998056889, 165213.846000000834465 ], [ 95376.014799997210503, 165199.278999999165535 ], [ 95374.725699998438358, 165189.352800000458956 ], [ 95371.760799996554852, 165174.785799998790026 ], [ 95366.99099999666214, 165157.898400001227856 ], [ 95359.90089999884367, 165126.701799999922514 ], [ 95355.388999998569489, 165108.525199998170137 ], [ 95353.326399996876717, 165099.759199999272823 ], [ 95351.650499999523163, 165084.160900000482798 ], [ 95342.240000002086163, 165023.959199998527765 ] ] ] } },
{ "type": "Feature", "properties": { "GEMID": "172", "PLANID": "172-D-003", "NR": "1", "IDWIJZIGIN": "172-00095", "TYPE": "B", "TYPE_LABEL": "Verbreding", "DATUM": "1963-04-26T01:00:00", "LINK": "https://geodiensten.oost-vlaanderen.be/Bijlagen/Wijzigingen/172-00095-01.pdf", "CEVI_OID": 8749, "GEMEENTE": "Nukerke" }, "geometry": { "type": "MultiLineString", "coordinates": [ [ [ 95351.908399999141693, 165300.60359999909997 ], [ 95360.932199999690056, 165285.134199999272823 ], [ 95369.182499997317791, 165269.535900000482798 ] ] ] } },
{ "type": "Feature", "properties": { "GEMID": "172", "PLANID": "172-D-003", "NR": "1", "IDWIJZIGIN": "172-00097", "TYPE": "B", "TYPE_LABEL": "Verbreding", "DATUM": "1965-04-16T01:00:00", "LINK": "https://geodiensten.oost-vlaanderen.be/Bijlagen/Wijzigingen/172-00097-01.pdf", "CEVI_OID": 8750, "GEMEENTE": "Nukerke" }, "geometry": { "type": "MultiLineString", "coordinates": [ [ [ 95339.146099999547005, 165321.358399998396635 ], [ 95343.529100000858307, 165315.041700001806021 ], [ 95351.908399999141693, 165300.60359999909997 ] ] ] } },
{ "type": "Feature", "properties": { "GEMID": "172", "PLANID": "172-D-003", "NR": "53", "IDWIJZIGIN": "172-00044", "TYPE": "A", "TYPE_LABEL": "Afschaffing", "DATUM": "1902-02-07T01:00:00", "LINK": "https://geodiensten.oost-vlaanderen.be/Bijlagen/Wijzigingen/172-00044-01.pdf", "CEVI_OID": 8751, "GEMEENTE": "Nukerke" }, "geometry": { "type": "MultiLineString", "coordinates": [ [ [ 96412.722499996423721, 165762.494100000709295 ], [ 96356.516999997198582, 165801.296500001102686 ], [ 96320.034999996423721, 165797.558100000023842 ], [ 96261.76690000295639, 165791.628100000321865 ] ] ] } },
{ "type": "Feature", "properties": { "GEMID": "172", "PLANID": "172-D-003", "NR": "0", "IDWIJZIGIN": "172-00044", "TYPE": "N", "TYPE_LABEL": "Nieuwe weg", "DATUM": "1902-02-07T01:00:00", "LINK": "https://geodiensten.oost-vlaanderen.be/Bijlagen/Wijzigingen/172-00044-01.pdf", "CEVI_OID": 8752, "GEMEENTE": "Nukerke" }, "geometry": { "type": "MultiLineString", "coordinates": [ [ [ 96285.486699998378754, 165820.504399999976158 ], [ 96320.034999996423721, 165797.558100000023842 ], [ 96400.218000002205372, 165741.868200000375509 ] ] ] } },
{ "type": "Feature", "properties": { "GEMID": "172", "PLANID": "172-D-003", "NR": "35", "IDWIJZIGIN": "172-00044", "TYPE": "PN", "TYPE_LABEL": "Nieuw deel bij verplaatsing", "DATUM": "1902-02-07T01:00:00", "LINK": "https://geodiensten.oost-vlaanderen.be/Bijlagen/Wijzigingen/172-00044-01.pdf", "CEVI_OID": 8753, "GEMEENTE": "Nukerke" }, "geometry": { "type": "MultiLineString", "coordinates": [ [ [ 95940.132299996912479, 165856.083999998867512 ], [ 95987.314000003039837, 165804.519299998879433 ] ] ] } },
{ "type": "Feature", "properties": { "GEMID": "172", "PLANID": "172-D-004", "NR": "3", "IDWIJZIGIN": "172-00061", "TYPE": "PN", "TYPE_LABEL": "Nieuw deel bij verplaatsing", "DATUM": "1912-11-15T01:00:00", "LINK": "https://geodiensten.oost-vlaanderen.be/Bijlagen/Wijzigingen/172-00061-01.pdf", "CEVI_OID": 8754, "GEMEENTE": "Nukerke" }, "geometry": { "type": "MultiLineString", "coordinates": [ [ [ 97368.989200003445148, 165308.853900000452995 ], [ 97388.970499999821186, 165295.83390000090003 ], [ 97402.377300001680851, 165278.044100001454353 ], [ 97413.205899998545647, 165251.875 ] ] ] } },
{ "type": "Feature", "properties": { "GEMID": "172", "PLANID": "172-D-004", "NR": "68", "IDWIJZIGIN": "172-00002", "TYPE": "A", "TYPE_LABEL": "Afschaffing", "DATUM": "1858-11-03T01:00:00", "LINK": "https://geodiensten.oost-vlaanderen.be/Bijlagen/Wijzigingen/172-00002-01.pdf", "CEVI_OID": 8755, "GEMEENTE": "Nukerke" }, "geometry": { "type": "MultiLineString", "coordinates": [ [ [ 97254.257799997925758, 165089.961899999529123 ], [ 97188.12610000371933, 165184.067499998956919 ] ] ] } },
{ "type": "Feature", "properties": { "GEMID": "172", "PLANID": "172-D-004", "NR": "68", "IDWIJZIGIN": "172-00002", "TYPE": "A", "TYPE_LABEL": "Afschaffing", "DATUM": "1858-11-03T01:00:00", "LINK": "https://geodiensten.oost-vlaanderen.be/Bijlagen/Wijzigingen/172-00002-01.pdf", "CEVI_OID": 8756, "GEMEENTE": "Nukerke" }, "geometry": { "type": "MultiLineString", "coordinates": [ [ [ 97243.042499996721745, 165082.742899999022484 ], [ 97293.189099997282028, 165019.962900001555681 ], [ 97308.658500000834465, 165000.755100000649691 ] ] ] } },
{ "type": "Feature", "properties": { "GEMID": "172", "PLANID": "172-D-004", "NR": "38", "IDWIJZIGIN": "172-00046", "TYPE": "PN", "TYPE_LABEL": "Nieuw deel bij verplaatsing", "DATUM": "1902-10-03T01:00:00", "LINK": "https://geodiensten.oost-vlaanderen.be/Bijlagen/Wijzigingen/172-00046-01.pdf", "CEVI_OID": 8757, "GEMEENTE": "Nukerke" }, "geometry": { "type": "MultiLineString", "coordinates": [ [ [ 96825.368699997663498, 164373.470899999141693 ], [ 96851.280000001192093, 164288.518100000917912 ] ] ] } },
{ "type": "Feature", "properties": { "GEMID": "172", "PLANID": "172-D-004", "NR": "38", "IDWIJZIGIN": "172-00046", "TYPE": "PN", "TYPE_LABEL": "Nieuw deel bij verplaatsing", "DATUM": "1902-10-03T01:00:00", "LINK": "https://geodiensten.oost-vlaanderen.be/Bijlagen/Wijzigingen/172-00046-01.pdf", "CEVI_OID": 8758, "GEMEENTE": "Nukerke" }, "geometry": { "type": "MultiLineString", "coordinates": [ [ [ 96848.701700001955032, 164268.536800000816584 ], [ 96875.128600001335144, 164193.123500000685453 ], [ 96882.734399996697903, 164148.649000000208616 ] ] ] } },
{ "type": "Feature", "properties": { "GEMID": "172", "PLANID": "172-D-004", "NR": "12", "IDWIJZIGIN": "172-00056", "TYPE": "W", "TYPE_LABEL": "Onbepaalde wijziging", "DATUM": "1910-04-01T01:00:00", "LINK": "https://geodiensten.oost-vlaanderen.be/Bijlagen/Wijzigingen/172-00056-01.pdf", "CEVI_OID": 8759, "GEMEENTE": "Nukerke" }, "geometry": { "type": "MultiLineString", "coordinates": [ [ [ 96115.58110000193119, 164164.118400000035763 ], [ 96123.444700002670288, 164149.422400001436472 ] ] ] } },
{ "type": "Feature", "properties": { "GEMID": "172", "PLANID": "172-D-004", "NR": "12", "IDWIJZIGIN": "172-00073", "TYPE": "B", "TYPE_LABEL": "Verbreding", "DATUM": "1944-08-11T01:00:00", "LINK": "https://geodiensten.oost-vlaanderen.be/Bijlagen/Wijzigingen/172-00073-01.pdf", "CEVI_OID": 8760, "GEMEENTE": "Nukerke" }, "geometry": { "type": "MultiLineString", "coordinates": [ [ [ 96049.578299999237061, 164265.442899998277426 ], [ 96073.427000001072884, 164221.741900000721216 ], [ 96081.54839999973774, 164213.620400000363588 ], [ 96098.178000003099442, 164196.990800000727177 ], [ 96115.58110000193119, 164164.118400000035763 ] ] ] } },
{ "type": "Feature", "properties": { "GEMID": "172", "PLANID": "172-D-004", "NR": "80", "IDWIJZIGIN": "172-00062", "TYPE": "A", "TYPE_LABEL": "Afschaffing", "DATUM": "1914-07-03T01:00:00", "LINK": "https://geodiensten.oost-vlaanderen.be/Bijlagen/Wijzigingen/172-00062-01.pdf", "CEVI_OID": 8761, "GEMEENTE": "Nukerke" }, "geometry": { "type": "MultiLineString", "coordinates": [ [ [ 96243.848200000822544, 164448.626400001347065 ], [ 96310.237700000405312, 164314.558299999684095 ], [ 96347.622100003063679, 164239.918400000780821 ], [ 96350.844899997115135, 164220.065999999642372 ] ] ] } },
{ "type": "Feature", "properties": { "GEMID": "172", "PLANID": "172-D-004", "NR": "40", "IDWIJZIGIN": "172-00044", "TYPE": "B", "TYPE_LABEL": "Verbreding", "DATUM": "1902-02-07T01:00:00", "LINK": "https://geodiensten.oost-vlaanderen.be/Bijlagen/Wijzigingen/172-00044-01.pdf", "CEVI_OID": 8762, "GEMEENTE": "Nukerke" }, "geometry": { "type": "MultiLineString", "coordinates": [ [ [ 96479.369800001382828, 164395.256999999284744 ], [ 96474.600100003182888, 164391.389600001275539 ], [ 96470.474899999797344, 164387.393399998545647 ], [ 96467.123199999332428, 164383.268199998885393 ], [ 96466.091899998486042, 164379.529699999839067 ], [ 96464.931699998676777, 164360.450800001621246 ], [ 96469.443599998950958, 164346.270500000566244 ], [ 96475.760300002992153, 164330.027699999511242 ], [ 96486.202100001275539, 164309.659600000828505 ], [ 96500.253499999642372, 164283.748399998992682 ], [ 96526.035800002515316, 164218.519099999219179 ] ] ] } },
{ "type": "Feature", "properties": { "GEMID": "172", "PLANID": "172-D-004", "NR": "40", "IDWIJZIGIN": "172-00046", "TYPE": "B", "TYPE_LABEL": "Verbreding", "DATUM": "1902-10-03T01:00:00", "LINK": "https://geodiensten.oost-vlaanderen.be/Bijlagen/Wijzigingen/172-00046-01.pdf", "CEVI_OID": 8763, "GEMEENTE": "Nukerke" }, "geometry": { "type": "MultiLineString", "coordinates": [ [ [ 96479.369800001382828, 164395.256999999284744 ], [ 96474.600100003182888, 164391.389600001275539 ], [ 96470.474899999797344, 164387.393399998545647 ], [ 96467.123199999332428, 164383.268199998885393 ], [ 96466.091899998486042, 164379.529699999839067 ], [ 96464.931699998676777, 164360.450800001621246 ], [ 96469.443599998950958, 164346.270500000566244 ], [ 96475.760300002992153, 164330.027699999511242 ], [ 96486.202100001275539, 164309.659600000828505 ], [ 96500.253499999642372, 164283.748399998992682 ], [ 96526.035800002515316, 164218.519099999219179 ] ] ] } },
{ "type": "Feature", "properties": { "GEMID": "172", "PLANID": "172-D-004", "NR": "38", "IDWIJZIGIN": "172-00046", "TYPE": "PA", "TYPE_LABEL": "Deels afgeschaft bij verplaatsing", "DATUM": "1902-10-03T01:00:00", "LINK": "https://geodiensten.oost-vlaanderen.be/Bijlagen/Wijzigingen/172-00046-01.pdf", "CEVI_OID": 8764, "GEMEENTE": "Nukerke" }, "geometry": { "type": "MultiLineString", "coordinates": [ [ [ 96825.368699997663498, 164373.470899999141693 ], [ 96844.060900002717972, 164369.34569999948144 ], [ 96854.2449000030756, 164366.380800001323223 ], [ 96862.881999999284744, 164362.900100000202656 ], [ 96868.554099999368191, 164357.228000000119209 ], [ 96870.616700001060963, 164354.005199998617172 ], [ 96871.776900000870228, 164347.946400001645088 ], [ 96871.0033999979496, 164340.469500001519918 ], [ 96868.554099999368191, 164332.605900000780821 ], [ 96860.819399997591972, 164316.749800000339746 ], [ 96856.178599998354912, 164305.534400001168251 ], [ 96851.280000001192093, 164288.518100000917912 ] ] ] } },
{ "type": "Feature", "properties": { "GEMID": "172", "PLANID": "172-D-004", "NR": "38", "IDWIJZIGIN": "172-00046", "TYPE": "PA", "TYPE_LABEL": "Deels afgeschaft bij verplaatsing", "DATUM": "1902-10-03T01:00:00", "LINK": "https://geodiensten.oost-vlaanderen.be/Bijlagen/Wijzigingen/172-00046-01.pdf", "CEVI_OID": 8765, "GEMEENTE": "Nukerke" }, "geometry": { "type": "MultiLineString", "coordinates": [ [ [ 96848.701700001955032, 164268.536800000816584 ], [ 96847.02589999884367, 164244.559200000017881 ], [ 96847.02589999884367, 164235.922100000083447 ], [ 96851.022100001573563, 164224.964699998497963 ], [ 96857.596600003540516, 164213.491500001400709 ], [ 96869.456500001251698, 164199.311200000345707 ], [ 96875.128600001335144, 164193.123500000685453 ], [ 96880.800700001418591, 164186.935699999332428 ], [ 96884.152400001883507, 164182.166000001132488 ], [ 96888.27759999781847, 164176.107099998742342 ], [ 96889.051100000739098, 164168.372400000691414 ], [ 96887.633000001311302, 164161.153400000184774 ], [ 96882.734399996697903, 164148.649000000208616 ] ] ] } },
{ "type": "Feature", "properties": { "GEMID": "172", "PLANID": "172-D-004", "NR": "38", "IDWIJZIGIN": "172-00046", "TYPE": "B", "TYPE_LABEL": "Verbreding", "DATUM": "1902-10-03T01:00:00", "LINK": "https://geodiensten.oost-vlaanderen.be/Bijlagen/Wijzigingen/172-00046-01.pdf", "CEVI_OID": 8766, "GEMEENTE": "Nukerke" }, "geometry": { "type": "MultiLineString", "coordinates": [ [ [ 96520.750399999320507, 164686.984099999070168 ], [ 96539.313699997961521, 164670.096599999815226 ], [ 96550.142300002276897, 164661.330600000917912 ], [ 96588.042300000786781, 164618.789799999445677 ], [ 96600.031099997460842, 164605.254099998623133 ], [ 96672.350599996745586, 164531.258799999952316 ], [ 96674.799900002777576, 164528.680500000715256 ], [ 96684.081500001251698, 164515.144799999892712 ], [ 96697.359399996697903, 164496.710400000214577 ], [ 96709.219300001859665, 164480.983199998736382 ], [ 96725.591099999845028, 164462.162099998444319 ], [ 96742.09179999679327, 164444.888000000268221 ], [ 96765.295900002121925, 164423.359700001776218 ], [ 96785.79280000180006, 164405.312100000679493 ], [ 96802.293499998748302, 164391.131799999624491 ], [ 96825.368699997663498, 164373.470899999141693 ], [ 96844.060900002717972, 164369.34569999948144 ], [ 96854.2449000030756, 164366.380800001323223 ], [ 96862.881999999284744, 164362.900100000202656 ], [ 96868.554099999368191, 164357.228000000119209 ], [ 96870.616700001060963, 164354.005199998617172 ], [ 96871.776900000870228, 164347.946400001645088 ], [ 96871.0033999979496, 164340.469500001519918 ], [ 96868.554099999368191, 164332.605900000780821 ], [ 96860.819399997591972, 164316.749800000339746 ], [ 96856.178599998354912, 164305.534400001168251 ], [ 96851.280000001192093, 164288.518100000917912 ], [ 96848.701700001955032, 164268.536800000816584 ], [ 96847.02589999884367, 164244.559200000017881 ], [ 96847.02589999884367, 164235.922100000083447 ], [ 96851.022100001573563, 164224.964699998497963 ], [ 96857.596600003540516, 164213.491500001400709 ], [ 96869.456500001251698, 164199.311200000345707 ], [ 96875.128600001335144, 164193.123500000685453 ], [ 96880.800700001418591, 164186.935699999332428 ], [ 96884.152400001883507, 164182.166000001132488 ], [ 96888.27759999781847, 164176.107099998742342 ], [ 96889.051100000739098, 164168.372400000691414 ], [ 96887.633000001311302, 164161.153400000184774 ], [ 96882.734399996697903, 164148.649000000208616 ] ] ] } },
{ "type": "Feature", "properties": { "GEMID": "172", "PLANID": "172-D-004", "NR": "38", "IDWIJZIGIN": "172-00044", "TYPE": "B", "TYPE_LABEL": "Verbreding", "DATUM": "1902-02-07T01:00:00", "LINK": "https://geodiensten.oost-vlaanderen.be/Bijlagen/Wijzigingen/172-00044-01.pdf", "CEVI_OID": 8767, "GEMEENTE": "Nukerke" }, "geometry": { "type": "MultiLineString", "coordinates": [ [ [ 96520.750399999320507, 164686.984099999070168 ], [ 96539.313699997961521, 164670.096599999815226 ], [ 96550.142300002276897, 164661.330600000917912 ], [ 96588.042300000786781, 164618.789799999445677 ], [ 96600.031099997460842, 164605.254099998623133 ], [ 96672.350599996745586, 164531.258799999952316 ] ] ] } },
{ "type": "Feature", "properties": { "GEMID": "172", "PLANID": "172-D-004", "NR": "11", "IDWIJZIGIN": "172-00006", "TYPE": "B", "TYPE_LABEL": "Verbreding", "DATUM": "1882-11-11T01:00:00", "LINK": "https://geodiensten.oost-vlaanderen.be/Bijlagen/Wijzigingen/172-00006-01.pdf", "CEVI_OID": 8768, "GEMEENTE": "Nukerke" }, "geometry": { "type": "MultiLineString", "coordinates": [ [ [ 96043.132700003683567, 164303.858600001782179 ], [ 96089.540899999439716, 164327.449400000274181 ], [ 96111.069200001657009, 164343.176699999719858 ], [ 96141.363399997353554, 164365.607299998402596 ], [ 96173.591300003230572, 164387.522300001233816 ], [ 96209.428800001740456, 164413.433499999344349 ] ] ] } },
{ "type": "Feature", "properties": { "GEMID": "172", "PLANID": "172-D-004", "NR": "11", "IDWIJZIGIN": "172-00006", "TYPE": "B", "TYPE_LABEL": "Verbreding", "DATUM": "1882-11-11T01:00:00", "LINK": "https://geodiensten.oost-vlaanderen.be/Bijlagen/Wijzigingen/172-00006-01.pdf", "CEVI_OID": 8769, "GEMEENTE": "Nukerke" }, "geometry": { "type": "MultiLineString", "coordinates": [ [ [ 96243.848200000822544, 164448.626400001347065 ], [ 96261.509099997580051, 164462.548900000751019 ], [ 96291.287699997425079, 164487.428800001740456 ], [ 96359.61089999973774, 164536.544199999421835 ] ] ] } },
{ "type": "Feature", "properties": { "GEMID": "172", "PLANID": "172-D-004", "NR": "11", "IDWIJZIGIN": "172-00006", "TYPE": "B", "TYPE_LABEL": "Verbreding", "DATUM": "1882-11-11T01:00:00", "LINK": "https://geodiensten.oost-vlaanderen.be/Bijlagen/Wijzigingen/172-00006-01.pdf", "CEVI_OID": 8770, "GEMEENTE": "Nukerke" }, "geometry": { "type": "MultiLineString", "coordinates": [ [ [ 96359.61089999973774, 164536.544199999421835 ], [ 96366.57209999859333, 164548.017299998551607 ], [ 96404.343199998140335, 164587.722100000828505 ] ] ] } },
{ "type": "Feature", "properties": { "GEMID": "172", "PLANID": "172-D-004", "NR": "11", "IDWIJZIGIN": "172-00006", "TYPE": "B", "TYPE_LABEL": "Verbreding", "DATUM": "1882-11-11T01:00:00", "LINK": "https://geodiensten.oost-vlaanderen.be/Bijlagen/Wijzigingen/172-00006-01.pdf", "CEVI_OID": 8771, "GEMEENTE": "Nukerke" }, "geometry": { "type": "MultiLineString", "coordinates": [ [ [ 96526.551500000059605, 164691.238200001418591 ], [ 96542.407600000500679, 164702.582400001585484 ], [ 96621.559399999678135, 164768.842999998480082 ], [ 96641.282799996435642, 164786.246100001037121 ] ] ] } },
{ "type": "Feature", "properties": { "GEMID": "172", "PLANID": "172-D-004", "NR": "11", "IDWIJZIGIN": "172-00020", "TYPE": "B", "TYPE_LABEL": "Verbreding", "DATUM": "1901-05-10T01:00:00", "LINK": "https://geodiensten.oost-vlaanderen.be/Bijlagen/Wijzigingen/172-00020-01.pdf", "CEVI_OID": 8772, "GEMEENTE": "Nukerke" }, "geometry": { "type": "MultiLineString", "coordinates": [ [ [ 96698.261799998581409, 164830.849500000476837 ], [ 96762.846600003540516, 164875.710700001567602 ], [ 96884.796999998390675, 164929.209100000560284 ], [ 96905.680699996650219, 164938.361800000071526 ], [ 97016.415799997746944, 164973.683600001037121 ], [ 97024.150499999523163, 164976.004000000655651 ], [ 97040.522299997508526, 164980.773800000548363 ], [ 97057.409699998795986, 164988.76630000025034 ], [ 97075.586300000548363, 164997.532299999147654 ], [ 97143.135999999940395, 165022.283300001174212 ], [ 97203.337700001895428, 165011.712600000202656 ], [ 97251.808499999344349, 165002.173099998384714 ], [ 97307.75620000064373, 164999.852699998766184 ] ] ] } },
{ "type": "Feature", "properties": { "GEMID": "172", "PLANID": "172-D-004", "NR": "11", "IDWIJZIGIN": "172-00012", "TYPE": "B", "TYPE_LABEL": "Verbreding", "DATUM": "1897-11-27T01:00:00", "LINK": "https://geodiensten.oost-vlaanderen.be/Bijlagen/Wijzigingen/172-00012-01.pdf", "CEVI_OID": 8773, "GEMEENTE": "Nukerke" }, "geometry": { "type": "MultiLineString", "coordinates": [ [ [ 96698.261799998581409, 164830.849500000476837 ], [ 96762.846600003540516, 164875.710700001567602 ], [ 96884.796999998390675, 164929.209100000560284 ], [ 96905.680699996650219, 164938.361800000071526 ], [ 97016.415799997746944, 164973.683600001037121 ], [ 97024.150499999523163, 164976.004000000655651 ], [ 97040.522299997508526, 164980.773800000548363 ], [ 97057.409699998795986, 164988.76630000025034 ], [ 97075.586300000548363, 164997.532299999147654 ], [ 97143.135999999940395, 165022.283300001174212 ], [ 97203.337700001895428, 165011.712600000202656 ], [ 97251.808499999344349, 165002.173099998384714 ], [ 97307.75620000064373, 164999.852699998766184 ] ] ] } },
{ "type": "Feature", "properties": { "GEMID": "172", "PLANID": "172-D-004", "NR": "32", "IDWIJZIGIN": "172-00017", "TYPE": "S", "TYPE_LABEL": "Versmalling", "DATUM": "1899-10-20T01:00:00", "LINK": "https://geodiensten.oost-vlaanderen.be/Bijlagen/Wijzigingen/172-00017-03.pdf", "CEVI_OID": 8774, "GEMEENTE": "Nukerke" }, "geometry": { "type": "MultiLineString", "coordinates": [ [ [ 97047.096799999475479, 164937.975099999457598 ], [ 97024.150499999523163, 164976.004000000655651 ] ] ] } },
{ "type": "Feature", "properties": { "GEMID": "172", "PLANID": "172-D-004", "NR": "69", "IDWIJZIGIN": "172-00002", "TYPE": "A", "TYPE_LABEL": "Afschaffing", "DATUM": "1858-11-03T01:00:00", "LINK": "https://geodiensten.oost-vlaanderen.be/Bijlagen/Wijzigingen/172-00002-01.pdf", "CEVI_OID": 8775, "GEMEENTE": "Nukerke" }, "geometry": { "type": "MultiLineString", "coordinates": [ [ [ 97293.189099997282028, 165019.962900001555681 ], [ 97299.634700000286102, 165094.344900000840425 ], [ 97323.225599996745586, 165297.509700000286102 ] ] ] } },
{ "type": "Feature", "properties": { "GEMID": "172", "PLANID": "172-D-004", "NR": "3", "IDWIJZIGIN": "172-00061", "TYPE": "PA", "TYPE_LABEL": "Deels afgeschaft bij verplaatsing", "DATUM": "1912-11-15T01:00:00", "LINK": "https://geodiensten.oost-vlaanderen.be/Bijlagen/Wijzigingen/172-00061-01.pdf", "CEVI_OID": 8776, "GEMEENTE": "Nukerke" }, "geometry": { "type": "MultiLineString", "coordinates": [ [ [ 97368.989200003445148, 165308.853900000452995 ], [ 97391.033100001513958, 165301.634899999946356 ], [ 97399.541299998760223, 165295.060400001704693 ], [ 97407.791599996387959, 165287.583500001579523 ], [ 97411.272200003266335, 165281.782499998807907 ], [ 97413.979400001466274, 165266.570900000631809 ], [ 97413.205899998545647, 165251.875 ] ] ] } },
{ "type": "Feature", "properties": { "GEMID": "172", "PLANID": "172-D-004", "NR": "3", "IDWIJZIGIN": "172-00061", "TYPE": "B", "TYPE_LABEL": "Verbreding", "DATUM": "1912-11-15T01:00:00", "LINK": "https://geodiensten.oost-vlaanderen.be/Bijlagen/Wijzigingen/172-00061-01.pdf", "CEVI_OID": 8777, "GEMEENTE": "Nukerke" }, "geometry": { "type": "MultiLineString", "coordinates": [ [ [ 97340.112999998033047, 165318.135600000619888 ], [ 97358.805200003087521, 165312.205699998885393 ], [ 97368.989200003445148, 165308.853900000452995 ], [ 97391.033100001513958, 165301.634899999946356 ], [ 97399.541299998760223, 165295.060400001704693 ], [ 97407.791599996387959, 165287.583500001579523 ], [ 97411.272200003266335, 165281.782499998807907 ], [ 97413.979400001466274, 165266.570900000631809 ], [ 97413.205899998545647, 165251.875 ], [ 97408.951800003647804, 165175.688200000673532 ], [ 97408.565099999308586, 165118.451400000602007 ], [ 97413.334799997508526, 165105.173500001430511 ], [ 97417.846699997782707, 165100.790500000119209 ] ] ] } },
{ "type": "Feature", "properties": { "GEMID": "172", "PLANID": "172-D-004", "NR": "71", "IDWIJZIGIN": "172-00002", "TYPE": "A", "TYPE_LABEL": "Afschaffing", "DATUM": "1858-11-03T01:00:00", "LINK": "https://geodiensten.oost-vlaanderen.be/Bijlagen/Wijzigingen/172-00002-01.pdf", "CEVI_OID": 8778, "GEMEENTE": "Nukerke" }, "geometry": { "type": "MultiLineString", "coordinates": [ [ [ 97495.064800001680851, 164783.66780000180006 ], [ 97380.333400003612041, 164800.426300000399351 ] ] ] } },
{ "type": "Feature", "properties": { "GEMID": "172", "PLANID": "172-D-004", "NR": "7", "IDWIJZIGIN": "172-00010", "TYPE": "S", "TYPE_LABEL": "Versmalling", "DATUM": "1893-03-03T01:00:00", "LINK": "https://geodiensten.oost-vlaanderen.be/Bijlagen/Wijzigingen/172-00010-01.pdf", "CEVI_OID": 8779, "GEMEENTE": "Nukerke" }, "geometry": { "type": "MultiLineString", "coordinates": [ [ [ 97396.447400003671646, 164710.70380000025034 ], [ 97400.830399997532368, 164733.907900001853704 ], [ 97400.572599999606609, 164747.701499998569489 ], [ 97391.806599996984005, 164772.323600001633167 ] ] ] } },
{ "type": "Feature", "properties": { "GEMID": "172", "PLANID": "172-D-004", "NR": "78", "IDWIJZIGIN": "172-00062", "TYPE": "A", "TYPE_LABEL": "Afschaffing", "DATUM": "1914-07-03T01:00:00", "LINK": "https://geodiensten.oost-vlaanderen.be/Bijlagen/Wijzigingen/172-00062-01.pdf", "CEVI_OID": 8780, "GEMEENTE": "Nukerke" }, "geometry": { "type": "MultiLineString", "coordinates": [ [ [ 96310.237700000405312, 164925.341699998825788 ], [ 96233.921999998390675, 164879.191399998962879 ], [ 96232.246100001037121, 164785.214800000190735 ], [ 96219.354999996721745, 164773.741599999368191 ], [ 96100.369499996304512, 164662.104100000113249 ] ] ] } },
{ "type": "Feature", "properties": { "GEMID": "172", "PLANID": "172-D-004", "NR": "137", "IDWIJZIGIN": "172-00062", "TYPE": "A", "TYPE_LABEL": "Afschaffing", "DATUM": "1914-07-03T01:00:00", "LINK": "https://geodiensten.oost-vlaanderen.be/Bijlagen/Wijzigingen/172-00062-01.pdf", "CEVI_OID": 8781, "GEMEENTE": "Nukerke" }, "geometry": { "type": "MultiLineString", "coordinates": [ [ [ 96367.087700001895428, 164692.785100001841784 ], [ 96348.266599997878075, 164797.590300001204014 ] ] ] } },
{ "type": "Feature", "properties": { "GEMID": "172", "PLANID": "172-D-004", "NR": "137", "IDWIJZIGIN": "172-00062", "TYPE": "A", "TYPE_LABEL": "Afschaffing", "DATUM": "1914-07-03T01:00:00", "LINK": "https://geodiensten.oost-vlaanderen.be/Bijlagen/Wijzigingen/172-00062-01.pdf", "CEVI_OID": 8782, "GEMEENTE": "Nukerke" }, "geometry": { "type": "MultiLineString", "coordinates": [ [ [ 96404.343199998140335, 164587.722100000828505 ], [ 96338.340400002896786, 164668.034099999815226 ] ] ] } },
{ "type": "Feature", "properties": { "GEMID": "172", "PLANID": "172-D-004", "NR": "10", "IDWIJZIGIN": "172-00044", "TYPE": "B", "TYPE_LABEL": "Verbreding", "DATUM": "1902-02-07T01:00:00", "LINK": "https://geodiensten.oost-vlaanderen.be/Bijlagen/Wijzigingen/172-00044-01.pdf", "CEVI_OID": 8783, "GEMEENTE": "Nukerke" }, "geometry": { "type": "MultiLineString", "coordinates": [ [ [ 96310.237700000405312, 164925.341699998825788 ], [ 96321.324100002646446, 164909.227800000458956 ], [ 96326.996200002729893, 164903.942400000989437 ], [ 96344.399300001561642, 164897.239000000059605 ], [ 96359.997599996626377, 164891.824700001627207 ], [ 96375.853699997067451, 164884.476700000464916 ], [ 96389.518399998545647, 164875.324000000953674 ], [ 96412.335699997842312, 164857.276399999856949 ], [ 96422.519799999892712, 164846.190000001341105 ] ] ] } },
{ "type": "Feature", "properties": { "GEMID": "172", "PLANID": "172-D-004", "NR": "10", "IDWIJZIGIN": "172-00047", "TYPE": "W", "TYPE_LABEL": "Onbepaalde wijziging", "DATUM": "1905-10-20T01:00:00", "LINK": "https://geodiensten.oost-vlaanderen.be/Bijlagen/Wijzigingen/172-00047-01.pdf", "CEVI_OID": 8784, "GEMEENTE": "Nukerke" }, "geometry": { "type": "MultiLineString", "coordinates": [ [ [ 96430.512299999594688, 164837.4239999987185 ], [ 96439.407200001180172, 164827.884500000625849 ], [ 96450.622500002384186, 164817.313799999654293 ], [ 96460.162000000476837, 164806.227400001138449 ], [ 96484.913000002503395, 164777.351100001484156 ], [ 96505.538900002837181, 164754.5337999984622 ], [ 96526.551500000059605, 164691.238200001418591 ] ] ] } },
{ "type": "Feature", "properties": { "GEMID": "172", "PLANID": "172-D-004", "NR": "3", "IDWIJZIGIN": "172-00064", "TYPE": "W", "TYPE_LABEL": "Onbepaalde wijziging", "DATUM": "1916-12-02T01:00:00", "LINK": "https://geodiensten.oost-vlaanderen.be/Bijlagen/Wijzigingen/172-00064-01.pdf", "CEVI_OID": 8785, "GEMEENTE": "Nukerke" }, "geometry": { "type": "MultiLineString", "coordinates": [ [ [ 97417.846699997782707, 165100.790500000119209 ], [ 97421.198399998247623, 165104.399999998509884 ], [ 97450.976999998092651, 165136.370099999010563 ], [ 97479.466499999165535, 165156.222500000149012 ], [ 97561.19650000333786, 165204.048799999058247 ] ] ] } },
{ "type": "Feature", "properties": { "GEMID": "172", "PLANID": "172-D-005", "NR": "138", "IDWIJZIGIN": "172-00108", "TYPE": "PA", "TYPE_LABEL": "Deels afgeschaft bij verplaatsing", "DATUM": "1977-05-06T02:00:00", "LINK": "https://geodiensten.oost-vlaanderen.be/Bijlagen/Wijzigingen/172-00108-01.pdf", "CEVI_OID": 8786, "GEMEENTE": "Nukerke" }, "geometry": { "type": "MultiLineString", "coordinates": [ [ [ 95388.390399999916553, 164813.704199999570847 ], [ 95443.564599998295307, 164760.205899998545647 ], [ 95508.664899997413158, 164767.811700001358986 ] ] ] } },
{ "type": "Feature", "properties": { "GEMID": "172", "PLANID": "172-D-005", "NR": "138", "IDWIJZIGIN": "172-00108", "TYPE": "PN", "TYPE_LABEL": "Nieuw deel bij verplaatsing", "DATUM": "1977-05-06T02:00:00", "LINK": "https://geodiensten.oost-vlaanderen.be/Bijlagen/Wijzigingen/172-00108-01.pdf", "CEVI_OID": 8787, "GEMEENTE": "Nukerke" }, "geometry": { "type": "MultiLineString", "coordinates": [ [ [ 95440.986299999058247, 164840.904599998146296 ], [ 95508.664899997413158, 164767.811700001358986 ] ] ] } },
{ "type": "Feature", "properties": { "GEMID": "172", "PLANID": "172-D-005", "NR": "101", "IDWIJZIGIN": "172-00060", "TYPE": "PN", "TYPE_LABEL": "Nieuw deel bij verplaatsing", "DATUM": "1912-10-25T01:00:00", "LINK": "https://geodiensten.oost-vlaanderen.be/Bijlagen/Wijzigingen/172-00060-01.pdf", "CEVI_OID": 8788, "GEMEENTE": "Nukerke" }, "geometry": { "type": "MultiLineString", "coordinates": [ [ [ 95596.582699999213219, 164389.455899998545647 ], [ 95628.423900000751019, 164291.225299999117851 ], [ 95544.88910000026226, 164243.914700001478195 ] ] ] } },
{ "type": "Feature", "properties": { "GEMID": "172", "PLANID": "172-D-005", "NR": "122", "IDWIJZIGIN": "172-00062", "TYPE": "A", "TYPE_LABEL": "Afschaffing", "DATUM": "1914-07-03T01:00:00", "LINK": "https://geodiensten.oost-vlaanderen.be/Bijlagen/Wijzigingen/172-00062-01.pdf", "CEVI_OID": 8789, "GEMEENTE": "Nukerke" }, "geometry": { "type": "MultiLineString", "coordinates": [ [ [ 95075.779600001871586, 164929.85359999909997 ], [ 95094.3429000005126, 164893.113800000399351 ], [ 95146.681000001728535, 164919.540699999779463 ] ] ] } },
{ "type": "Feature", "properties": { "GEMID": "172", "PLANID": "172-D-005", "NR": "14", "IDWIJZIGIN": "172-00044", "TYPE": "B", "TYPE_LABEL": "Verbreding", "DATUM": "1902-02-07T01:00:00", "LINK": "https://geodiensten.oost-vlaanderen.be/Bijlagen/Wijzigingen/172-00044-01.pdf", "CEVI_OID": 8790, "GEMEENTE": "Nukerke" }, "geometry": { "type": "MultiLineString", "coordinates": [ [ [ 95061.857100002467632, 164867.202599998563528 ], [ 95088.155100002884865, 164847.35020000115037 ], [ 95097.049999997019768, 164841.549199998378754 ], [ 95103.624499998986721, 164841.678100001066923 ], [ 95119.738499999046326, 164844.256299998611212 ], [ 95141.137800000607967, 164852.764499999582767 ] ] ] } },
{ "type": "Feature", "properties": { "GEMID": "172", "PLANID": "172-D-005", "NR": "1", "IDWIJZIGIN": "172-00051", "TYPE": "W", "TYPE_LABEL": "Onbepaalde wijziging", "DATUM": "1908-12-18T01:00:00", "LINK": "https://geodiensten.oost-vlaanderen.be/Bijlagen/Wijzigingen/172-00051-01.pdf", "CEVI_OID": 8791, "GEMEENTE": "Nukerke" }, "geometry": { "type": "MultiLineString", "coordinates": [ [ [ 95342.884499996900558, 165053.222100000828505 ], [ 95332.313799999654293, 165002.173099998384714 ], [ 95321.743000000715256, 164978.195500001311302 ], [ 95289.772900000214577, 164943.647199999541044 ], [ 95263.732799999415874, 164919.540699999779463 ] ] ] } },
{ "type": "Feature", "properties": { "GEMID": "172", "PLANID": "172-D-005", "NR": "1", "IDWIJZIGIN": "172-00048", "TYPE": "S", "TYPE_LABEL": "Versmalling", "DATUM": "1905-12-29T01:00:00", "LINK": "https://geodiensten.oost-vlaanderen.be/Bijlagen/Wijzigingen/172-00048-01.pdf", "CEVI_OID": 8792, "GEMEENTE": "Nukerke" }, "geometry": { "type": "MultiLineString", "coordinates": [ [ [ 95263.732799999415874, 164919.540699999779463 ], [ 95301.632799997925758, 164802.875700000673532 ], [ 95304.984499998390675, 164784.312399998307228 ], [ 95302.019500002264977, 164773.999400001019239 ] ] ] } },
{ "type": "Feature", "properties": { "GEMID": "172", "PLANID": "172-D-005", "NR": "1", "IDWIJZIGIN": "172-00053", "TYPE": "W", "TYPE_LABEL": "Onbepaalde wijziging", "DATUM": "1909-02-05T01:00:00", "LINK": "https://geodiensten.oost-vlaanderen.be/Bijlagen/Wijzigingen/172-00053-01.pdf", "CEVI_OID": 8793, "GEMEENTE": "Nukerke" }, "geometry": { "type": "MultiLineString", "coordinates": [ [ [ 95302.019500002264977, 164773.999400001019239 ], [ 95285.647799998521805, 164746.927999999374151 ], [ 95245.16950000077486, 164671.385800000280142 ], [ 95221.707599997520447, 164633.743599999696016 ] ] ] } },
{ "type": "Feature", "properties": { "GEMID": "172", "PLANID": "172-D-005", "NR": "1", "IDWIJZIGIN": "172-00053", "TYPE": "W", "TYPE_LABEL": "Onbepaalde wijziging", "DATUM": "1909-02-05T01:00:00", "LINK": "https://geodiensten.oost-vlaanderen.be/Bijlagen/Wijzigingen/172-00053-01.pdf", "CEVI_OID": 8794, "GEMEENTE": "Nukerke" }, "geometry": { "type": "MultiLineString", "coordinates": [ [ [ 95201.210600003600121, 164247.008600000292063 ], [ 95223.512299999594688, 164298.444299999624491 ], [ 95231.762699998915195, 164320.488200001418591 ], [ 95238.594999998807907, 164328.609600000083447 ], [ 95254.322200000286102, 164343.563400000333786 ], [ 95226.864000000059605, 164408.921599999070168 ], [ 95211.523599997162819, 164440.891699999570847 ], [ 95192.573499999940395, 164475.182199999690056 ], [ 95177.748700000345707, 164497.741700001060963 ], [ 95159.185400001704693, 164519.398899998515844 ], [ 95152.86879999935627, 164532.032200001180172 ], [ 95147.454499997198582, 164543.247600000351667 ] ] ] } },
{ "type": "Feature", "properties": { "GEMID": "172", "PLANID": "172-D-005", "NR": "13", "IDWIJZIGIN": "172-00044", "TYPE": "B", "TYPE_LABEL": "Verbreding", "DATUM": "1902-02-07T01:00:00", "LINK": "https://geodiensten.oost-vlaanderen.be/Bijlagen/Wijzigingen/172-00044-01.pdf", "CEVI_OID": 8795, "GEMEENTE": "Nukerke" }, "geometry": { "type": "MultiLineString", "coordinates": [ [ [ 95254.322200000286102, 164343.563400000333786 ], [ 95267.986900001764297, 164343.305599998682737 ], [ 95283.069499999284744, 164350.653499998152256 ], [ 95309.496399998664856, 164364.5760000012815 ], [ 95345.07599999755621, 164381.85020000115037 ], [ 95400.121299996972084, 164416.011700000613928 ], [ 95423.454300001263618, 164430.44990000128746 ], [ 95445.11150000244379, 164442.180799998342991 ], [ 95470.635999999940395, 164463.580200001597404 ] ] ] } },
{ "type": "Feature", "properties": { "GEMID": "172", "PLANID": "172-D-005", "NR": "101", "IDWIJZIGIN": "172-00060", "TYPE": "PA", "TYPE_LABEL": "Deels afgeschaft bij verplaatsing", "DATUM": "1912-10-25T01:00:00", "LINK": "https://geodiensten.oost-vlaanderen.be/Bijlagen/Wijzigingen/172-00060-01.pdf", "CEVI_OID": 8796, "GEMEENTE": "Nukerke" }, "geometry": { "type": "MultiLineString", "coordinates": [ [ [ 95596.582699999213219, 164389.455899998545647 ], [ 95596.711599998176098, 164388.037900000810623 ], [ 95587.172200001776218, 164315.46059999987483 ], [ 95544.88910000026226, 164243.914700001478195 ] ] ] } },
{ "type": "Feature", "properties": { "GEMID": "172", "PLANID": "172-D-005", "NR": "125", "IDWIJZIGIN": "172-00096", "TYPE": "A", "TYPE_LABEL": "Afschaffing", "DATUM": "1963-02-07T01:00:00", "LINK": "https://geodiensten.oost-vlaanderen.be/Bijlagen/Wijzigingen/172-00096-01.pdf", "CEVI_OID": 8797, "GEMEENTE": "Nukerke" }, "geometry": { "type": "MultiLineString", "coordinates": [ [ [ 94853.664800003170967, 164211.171100001782179 ], [ 94966.075699999928474, 164120.288400001823902 ], [ 94976.001900002360344, 164113.327199999243021 ] ] ] } },
{ "type": "Feature", "properties": { "GEMID": "172", "PLANID": "172-D-005", "NR": "125", "IDWIJZIGIN": "172-00112", "TYPE": "A", "TYPE_LABEL": "Afschaffing", "DATUM": "1978-09-22T02:00:00", "LINK": "https://geodiensten.oost-vlaanderen.be/Bijlagen/Wijzigingen/172-00112-01.pdf", "CEVI_OID": 8798, "GEMEENTE": "Nukerke" }, "geometry": { "type": "MultiLineString", "coordinates": [ [ [ 94255.901399999856949, 164190.803100001066923 ], [ 94264.925200000405312, 164193.896899998188019 ], [ 94558.714900001883507, 164241.980999998748302 ], [ 94590.427199997007847, 164232.699400000274181 ], [ 94680.536399997770786, 164180.103399999439716 ], [ 94788.306599996984005, 164115.002999998629093 ] ] ] } },
{ "type": "Feature", "properties": { "GEMID": "172", "PLANID": "172-D-005", "NR": "124", "IDWIJZIGIN": "172-00106", "TYPE": "A", "TYPE_LABEL": "Afschaffing", "DATUM": "1975-09-26T02:00:00", "LINK": "https://geodiensten.oost-vlaanderen.be/Bijlagen/Wijzigingen/172-00106-01.pdf", "CEVI_OID": 8799, "GEMEENTE": "Nukerke" }, "geometry": { "type": "MultiLineString", "coordinates": [ [ [ 94820.018799997866154, 164534.352699998766184 ], [ 94858.821199998259544, 164425.551199998706579 ] ] ] } },
{ "type": "Feature", "properties": { "GEMID": "172", "PLANID": "172-D-005", "NR": "12", "IDWIJZIGIN": "172-00056", "TYPE": "W", "TYPE_LABEL": "Onbepaalde wijziging", "DATUM": "1910-04-01T01:00:00", "LINK": "https://geodiensten.oost-vlaanderen.be/Bijlagen/Wijzigingen/172-00056-01.pdf", "CEVI_OID": 8800, "GEMEENTE": "Nukerke" }, "geometry": { "type": "MultiLineString", "coordinates": [ [ [ 95763.523299999535084, 164666.487100001424551 ], [ 95752.823600001633167, 164683.374499998986721 ], [ 95739.030100002884865, 164694.718800000846386 ], [ 95756.433200001716614, 164703.871500000357628 ], [ 95777.316899999976158, 164717.149399999529123 ] ] ] } },
{ "type": "Feature", "properties": { "GEMID": "172", "PLANID": "172-D-006", "NR": "44", "IDWIJZIGIN": "172-00044", "TYPE": "B", "TYPE_LABEL": "Verbreding", "DATUM": "1902-02-07T01:00:00", "LINK": "https://geodiensten.oost-vlaanderen.be/Bijlagen/Wijzigingen/172-00044-01.pdf", "CEVI_OID": 8801, "GEMEENTE": "Nukerke" }, "geometry": { "type": "MultiLineString", "coordinates": [ [ [ 95298.281099997460842, 164020.639699999243021 ], [ 95295.960699997842312, 164018.706000000238419 ], [ 95275.076999999582767, 164000.013799998909235 ], [ 95258.834100000560284, 163988.024999998509884 ], [ 95236.016800001263618, 163972.813400000333786 ], [ 95224.027999997138977, 163964.434200000017881 ], [ 95213.45719999819994, 163955.539299998432398 ], [ 95203.531000003218651, 163945.870900001376867 ], [ 95199.148000001907349, 163942.003499999642372 ], [ 95193.218099996447563, 163938.265099998563528 ], [ 95187.159299999475479, 163934.655600000172853 ], [ 95178.264300003647804, 163934.010999999940395 ], [ 95170.529600001871586, 163933.753199998289347 ], [ 95161.248000003397465, 163936.331399999558926 ], [ 95121.02759999781847, 163959.66440000012517 ] ] ] } },
{ "type": "Feature", "properties": { "GEMID": "172", "PLANID": "172-D-006", "NR": "20", "IDWIJZIGIN": "172-00008", "TYPE": "PN", "TYPE_LABEL": "Nieuw deel bij verplaatsing", "DATUM": "1889-03-30T01:00:00", "LINK": "https://geodiensten.oost-vlaanderen.be/Bijlagen/Wijzigingen/172-00008-01.pdf", "CEVI_OID": 8802, "GEMEENTE": "Nukerke" }, "geometry": { "type": "MultiLineString", "coordinates": [ [ [ 95537.541199997067451, 163554.495099999010563 ], [ 95556.104400001466274, 163554.237300001084805 ], [ 95567.577600002288818, 163556.428800001740456 ], [ 95580.210900001227856, 163563.390000000596046 ], [ 95590.137100003659725, 163580.535199999809265 ], [ 95607.540200002491474, 163600.129799999296665 ] ] ] } },
{ "type": "Feature", "properties": { "GEMID": "172", "PLANID": "172-D-006", "NR": "131", "IDWIJZIGIN": "172-00115", "TYPE": "PN", "TYPE_LABEL": "Nieuw deel bij verplaatsing", "DATUM": "1995-02-23T01:00:00", "LINK": "https://geodiensten.oost-vlaanderen.be/Bijlagen/Wijzigingen/172-00115-01.pdf", "CEVI_OID": 8803, "GEMEENTE": "Nukerke" }, "geometry": { "type": "MultiLineString", "coordinates": [ [ [ 94819.632100000977516, 162934.172100000083447 ], [ 94810.866099998354912, 162956.989500001072884 ], [ 94803.389200001955032, 162974.650400001555681 ], [ 94804.291599996387959, 162987.41270000115037 ], [ 94814.862400002777576, 163007.780699998140335 ], [ 94825.433100000023842, 163032.016100000590086 ], [ 94829.042599998414516, 163041.942299999296665 ] ] ] } },
{ "type": "Feature", "properties": { "GEMID": "172", "PLANID": "172-D-006", "NR": "4", "IDWIJZIGIN": "172-00068", "TYPE": "B", "TYPE_LABEL": "Verbreding", "DATUM": "1934-03-30T01:00:00", "LINK": "https://geodiensten.oost-vlaanderen.be/Bijlagen/Wijzigingen/172-00068-01.pdf", "CEVI_OID": 8804, "GEMEENTE": "Nukerke" }, "geometry": { "type": "MultiLineString", "coordinates": [ [ [ 94630.647600002586842, 162884.541200000792742 ], [ 94615.951700001955032, 162904.651399999856949 ], [ 94596.614900000393391, 162922.183400001376867 ], [ 94589.524800002574921, 162933.52760000154376 ], [ 94583.723700001835823, 162941.906800001859665 ] ] ] } },
{ "type": "Feature", "properties": { "GEMID": "172", "PLANID": "172-D-006", "NR": "22", "IDWIJZIGIN": "172-00044", "TYPE": "B", "TYPE_LABEL": "Verbreding", "DATUM": "1902-02-07T01:00:00", "LINK": "https://geodiensten.oost-vlaanderen.be/Bijlagen/Wijzigingen/172-00044-01.pdf", "CEVI_OID": 8805, "GEMEENTE": "Nukerke" }, "geometry": { "type": "MultiLineString", "coordinates": [ [ [ 94863.075300000607967, 163051.481800001114607 ], [ 94886.150499999523163, 163071.205200001597404 ], [ 94905.100500002503395, 163082.678399998694658 ], [ 94987.990699999034405, 163117.355599999427795 ], [ 95015.320000000298023, 163146.747499998658895 ], [ 95063.661899998784065, 163149.841400001198053 ] ] ] } },
{ "type": "Feature", "properties": { "GEMID": "172", "PLANID": "172-D-006", "NR": "131", "IDWIJZIGIN": "172-00115", "TYPE": "PA", "TYPE_LABEL": "Deels afgeschaft bij verplaatsing", "DATUM": "1995-02-23T01:00:00", "LINK": "https://geodiensten.oost-vlaanderen.be/Bijlagen/Wijzigingen/172-00115-01.pdf", "CEVI_OID": 8806, "GEMEENTE": "Nukerke" }, "geometry": { "type": "MultiLineString", "coordinates": [ [ [ 94819.632100000977516, 162934.172100000083447 ], [ 94810.092600002884865, 162946.418800000101328 ], [ 94798.361699998378754, 162952.735399998724461 ], [ 94787.14639999717474, 162972.072200000286102 ], [ 94786.630699999630451, 162989.604200001806021 ], [ 94829.042599998414516, 163041.942299999296665 ] ] ] } },
{ "type": "Feature", "properties": { "GEMID": "172", "PLANID": "172-D-006", "NR": "131", "IDWIJZIGIN": "172-00115", "TYPE": "B", "TYPE_LABEL": "Verbreding", "DATUM": "1995-02-23T01:00:00", "LINK": "https://geodiensten.oost-vlaanderen.be/Bijlagen/Wijzigingen/172-00115-01.pdf", "CEVI_OID": 8807, "GEMEENTE": "Nukerke" }, "geometry": { "type": "MultiLineString", "coordinates": [ [ [ 94824.272900000214577, 162903.620099999010563 ], [ 94819.632100000977516, 162934.172100000083447 ], [ 94810.092600002884865, 162946.418800000101328 ], [ 94798.361699998378754, 162952.735399998724461 ], [ 94787.14639999717474, 162972.072200000286102 ], [ 94786.630699999630451, 162989.604200001806021 ], [ 94829.042599998414516, 163041.942299999296665 ] ] ] } },
{ "type": "Feature", "properties": { "GEMID": "172", "PLANID": "172-D-006", "NR": "131", "IDWIJZIGIN": "172-00115", "TYPE": "PA", "TYPE_LABEL": "Deels afgeschaft bij verplaatsing", "DATUM": "1995-02-23T01:00:00", "LINK": "https://geodiensten.oost-vlaanderen.be/Bijlagen/Wijzigingen/172-00115-01.pdf", "CEVI_OID": 8808, "GEMEENTE": "Nukerke" }, "geometry": { "type": "MultiLineString", "coordinates": [ [ [ 94824.272900000214577, 162903.620099999010563 ], [ 94819.632100000977516, 162934.172100000083447 ] ] ] } },
{ "type": "Feature", "properties": { "GEMID": "172", "PLANID": "172-D-006", "NR": "113", "IDWIJZIGIN": "172-00062", "TYPE": "A", "TYPE_LABEL": "Afschaffing", "DATUM": "1914-07-03T01:00:00", "LINK": "https://geodiensten.oost-vlaanderen.be/Bijlagen/Wijzigingen/172-00062-01.pdf", "CEVI_OID": 8809, "GEMEENTE": "Nukerke" }, "geometry": { "type": "MultiLineString", "coordinates": [ [ [ 95282.940600000321865, 163296.027199998497963 ], [ 95351.521600000560284, 163297.574099998921156 ], [ 95422.294100001454353, 163307.371399998664856 ], [ 95465.350599996745586, 163291.644200000911951 ], [ 95579.566399998962879, 163373.116399999707937 ], [ 95603.157200001180172, 163380.206500001251698 ], [ 95707.060000002384186, 163406.246700000017881 ] ] ] } },
{ "type": "Feature", "properties": { "GEMID": "172", "PLANID": "172-D-006", "NR": "20", "IDWIJZIGIN": "172-00008", "TYPE": "PA", "TYPE_LABEL": "Deels afgeschaft bij verplaatsing", "DATUM": "1889-03-30T01:00:00", "LINK": "https://geodiensten.oost-vlaanderen.be/Bijlagen/Wijzigingen/172-00008-01.pdf", "CEVI_OID": 8810, "GEMEENTE": "Nukerke" }, "geometry": { "type": "MultiLineString", "coordinates": [ [ [ 95537.541199997067451, 163554.495099999010563 ], [ 95537.92790000140667, 163547.147100001573563 ], [ 95541.537399999797344, 163527.423599999397993 ], [ 95547.080600000917912, 163515.563799999654293 ], [ 95554.170800000429153, 163514.790300000458956 ], [ 95565.128300003707409, 163519.173300001770258 ], [ 95581.242200002074242, 163538.381099998950958 ], [ 95595.809199996292591, 163574.218600001186132 ], [ 95602.125900000333786, 163591.105999998748302 ], [ 95607.540200002491474, 163600.129799999296665 ] ] ] } },
{ "type": "Feature", "properties": { "GEMID": "172", "PLANID": "172-D-006", "NR": "20", "IDWIJZIGIN": "172-00008", "TYPE": "B", "TYPE_LABEL": "Verbreding", "DATUM": "1889-03-30T01:00:00", "LINK": "https://geodiensten.oost-vlaanderen.be/Bijlagen/Wijzigingen/172-00008-01.pdf", "CEVI_OID": 8811, "GEMEENTE": "Nukerke" }, "geometry": { "type": "MultiLineString", "coordinates": [ [ [ 95413.528099998831749, 163578.343699999153614 ], [ 95482.109099999070168, 163561.971999999135733 ], [ 95493.195500001311302, 163560.425000000745058 ], [ 95523.489799998700619, 163562.874299999326468 ], [ 95537.154399998486042, 163561.198499999940395 ], [ 95537.541199997067451, 163554.495099999010563 ], [ 95537.92790000140667, 163547.147100001573563 ], [ 95541.537399999797344, 163527.423599999397993 ], [ 95547.080600000917912, 163515.563799999654293 ], [ 95554.170800000429153, 163514.790300000458956 ], [ 95565.128300003707409, 163519.173300001770258 ], [ 95581.242200002074242, 163538.381099998950958 ], [ 95595.809199996292591, 163574.218600001186132 ], [ 95602.125900000333786, 163591.105999998748302 ], [ 95607.540200002491474, 163600.129799999296665 ], [ 95621.333700001239777, 163615.083599999547005 ], [ 95637.060999996960163, 163629.263799998909235 ], [ 95651.241300001740456, 163639.061099998652935 ], [ 95659.878300003707409, 163643.830899998545647 ], [ 95666.195000000298023, 163645.37779999896884 ], [ 95685.402800001204014, 163640.350299999117851 ], [ 95704.352899998426437, 163633.904699999839067 ], [ 95706.286499999463558, 163633.260099999606609 ], [ 95724.978699997067451, 163626.814500000327826 ] ] ] } },
{ "type": "Feature", "properties": { "GEMID": "172", "PLANID": "172-D-006", "NR": "1", "IDWIJZIGIN": "172-00001", "TYPE": "S", "TYPE_LABEL": "Versmalling", "DATUM": "1850-07-16T01:00:00", "LINK": "https://geodiensten.oost-vlaanderen.be/Bijlagen/Wijzigingen/172-00001-03.pdf", "CEVI_OID": 8812, "GEMEENTE": "Nukerke" }, "geometry": { "type": "MultiLineString", "coordinates": [ [ [ 95057.47410000115633, 163817.217099998146296 ], [ 95065.337700001895428, 163822.244600001722574 ], [ 95075.263899996876717, 163836.296000000089407 ], [ 95096.921099998056889, 163892.888199999928474 ], [ 95110.070100001990795, 163928.725600000470877 ], [ 95121.02759999781847, 163959.66440000012517 ], [ 95144.360600002110004, 164048.742400001734495 ], [ 95145.262999996542931, 164053.383200000971556 ], [ 95157.122800000011921, 164114.874099999666214 ], [ 95162.40820000320673, 164142.074499998241663 ] ] ] } },
{ "type": "Feature", "properties": { "GEMID": "172", "PLANID": "172-D-006", "NR": "1", "IDWIJZIGIN": "172-00044", "TYPE": "A", "TYPE_LABEL": "Afschaffing", "DATUM": "1902-02-07T01:00:00", "LINK": "https://geodiensten.oost-vlaanderen.be/Bijlagen/Wijzigingen/172-00044-01.pdf", "CEVI_OID": 8813, "GEMEENTE": "Nukerke" }, "geometry": { "type": "MultiLineString", "coordinates": [ [ [ 95057.47410000115633, 163817.217099998146296 ], [ 95065.337700001895428, 163822.244600001722574 ], [ 95075.263899996876717, 163836.296000000089407 ], [ 95096.921099998056889, 163892.888199999928474 ], [ 95110.070100001990795, 163928.725600000470877 ], [ 95121.02759999781847, 163959.66440000012517 ] ] ] } },
{ "type": "Feature", "properties": { "GEMID": "172", "PLANID": "172-D-006", "NR": "44", "IDWIJZIGIN": "172-00044", "TYPE": "L", "TYPE_LABEL": "Verlenging", "DATUM": "1902-02-07T01:00:00", "LINK": "https://geodiensten.oost-vlaanderen.be/Bijlagen/Wijzigingen/172-00044-01.pdf", "CEVI_OID": 8814, "GEMEENTE": "Nukerke" }, "geometry": { "type": "MultiLineString", "coordinates": [ [ [ 95121.02759999781847, 163959.66440000012517 ], [ 95068.044900000095367, 163985.446800000965595 ] ] ] } },
{ "type": "Feature", "properties": { "GEMID": "172", "PLANID": "172-D-006", "NR": "125", "IDWIJZIGIN": "172-00096", "TYPE": "A", "TYPE_LABEL": "Afschaffing", "DATUM": "1963-02-07T01:00:00", "LINK": "https://geodiensten.oost-vlaanderen.be/Bijlagen/Wijzigingen/172-00096-01.pdf", "CEVI_OID": 8815, "GEMEENTE": "Nukerke" }, "geometry": { "type": "MultiLineString", "coordinates": [ [ [ 94963.755300000309944, 164123.38230000063777 ], [ 95005.522699996829033, 164042.296799998730421 ], [ 95070.751999996602535, 164022.057700000703335 ] ] ] } },
{ "type": "Feature", "properties": { "GEMID": "172", "PLANID": "172-D-007", "NR": "19", "IDWIJZIGIN": "172-00045", "TYPE": "PN", "TYPE_LABEL": "Nieuw deel bij verplaatsing", "DATUM": "1902-04-29T01:00:00", "LINK": "https://geodiensten.oost-vlaanderen.be/Bijlagen/Wijzigingen/172-00045-01.pdf", "CEVI_OID": 8816, "GEMEENTE": "Nukerke" }, "geometry": { "type": "MultiLineString", "coordinates": [ [ [ 96065.563299998641014, 163719.759799998253584 ], [ 96075.489500001072884, 163653.499200001358986 ], [ 96081.032700002193451, 163569.190999999642372 ] ] ] } },
{ "type": "Feature", "properties": { "GEMID": "172", "PLANID": "172-D-007", "NR": "19", "IDWIJZIGIN": "172-00052", "TYPE": "PN", "TYPE_LABEL": "Nieuw deel bij verplaatsing", "DATUM": "1908-11-06T01:00:00", "LINK": "https://geodiensten.oost-vlaanderen.be/Bijlagen/Wijzigingen/172-00052-01.pdf", "CEVI_OID": 8817, "GEMEENTE": "Nukerke" }, "geometry": { "type": "MultiLineString", "coordinates": [ [ [ 95978.805799998342991, 163384.331700000911951 ], [ 95947.093500003218651, 163297.960900001227856 ] ] ] } },
{ "type": "Feature", "properties": { "GEMID": "172", "PLANID": "172-D-007", "NR": "19", "IDWIJZIGIN": "172-00044", "TYPE": "PN", "TYPE_LABEL": "Nieuw deel bij verplaatsing", "DATUM": "1902-02-07T01:00:00", "LINK": "https://geodiensten.oost-vlaanderen.be/Bijlagen/Wijzigingen/172-00044-01.pdf", "CEVI_OID": 8818, "GEMEENTE": "Nukerke" }, "geometry": { "type": "MultiLineString", "coordinates": [ [ [ 95905.84179999679327, 163201.79280000180006 ], [ 95851.441100001335144, 163125.477099999785423 ] ] ] } },
{ "type": "Feature", "properties": { "GEMID": "172", "PLANID": "172-D-007", "NR": "20", "IDWIJZIGIN": "172-00008", "TYPE": "B", "TYPE_LABEL": "Verbreding", "DATUM": "1889-03-30T01:00:00", "LINK": "https://geodiensten.oost-vlaanderen.be/Bijlagen/Wijzigingen/172-00008-01.pdf", "CEVI_OID": 8819, "GEMEENTE": "Nukerke" }, "geometry": { "type": "MultiLineString", "coordinates": [ [ [ 95997.369099996984005, 163439.634799998253584 ], [ 95992.083700001239777, 163448.787500001490116 ], [ 95971.715700000524521, 163469.80009999871254 ], [ 95966.301399998366833, 163473.022900000214577 ], [ 95956.504100002348423, 163478.823899999260902 ], [ 95918.475100003182888, 163500.094399999827147 ], [ 95864.718999996781349, 163530.388599999248981 ], [ 95791.368199996650219, 163576.796799998730421 ], [ 95765.070299997925758, 163596.520300000905991 ], [ 95735.936200000345707, 163621.915899999439716 ], [ 95724.849799998104572, 163629.650600001215935 ], [ 95701.387900002300739, 163638.416600000113249 ], [ 95698.680699996650219, 163639.447900000959635 ], [ 95666.323899999260902, 163648.600600000470877 ], [ 95657.428999997675419, 163649.374099999666214 ], [ 95650.467799998819828, 163648.08500000089407 ], [ 95644.022200003266335, 163644.604299999773502 ] ] ] } },
{ "type": "Feature", "properties": { "GEMID": "172", "PLANID": "172-D-007", "NR": "20", "IDWIJZIGIN": "172-00006", "TYPE": "B", "TYPE_LABEL": "Verbreding", "DATUM": "1882-11-11T01:00:00", "LINK": "https://geodiensten.oost-vlaanderen.be/Bijlagen/Wijzigingen/172-00006-01.pdf", "CEVI_OID": 8820, "GEMEENTE": "Nukerke" }, "geometry": { "type": "MultiLineString", "coordinates": [ [ [ 96068.141599997878075, 163458.842599999159575 ], [ 96080.645999997854233, 163453.170499999076128 ], [ 96087.220499999821186, 163451.881400000303984 ], [ 96137.109300002455711, 163467.608600001782179 ], [ 96188.416199997067451, 163473.796399999409914 ], [ 96194.603900000452995, 163475.730099998414516 ], [ 96224.769299998879433, 163505.379700001329184 ], [ 96237.273699998855591, 163515.177000001072884 ], [ 96250.680500000715256, 163521.10700000077486 ] ] ] } },
{ "type": "Feature", "properties": { "GEMID": "172", "PLANID": "172-D-007", "NR": "34", "IDWIJZIGIN": "172-00008", "TYPE": "B", "TYPE_LABEL": "Verbreding", "DATUM": "1889-03-30T01:00:00", "LINK": "https://geodiensten.oost-vlaanderen.be/Bijlagen/Wijzigingen/172-00008-01.pdf", "CEVI_OID": 8821, "GEMEENTE": "Nukerke" }, "geometry": { "type": "MultiLineString", "coordinates": [ [ [ 96312.042499996721745, 163655.690699998289347 ], [ 96354.196599997580051, 163613.278799999505281 ], [ 96416.332000002264977, 163550.885600000619888 ], [ 96418.910199999809265, 163542.506299998611212 ], [ 96443.919100001454353, 163371.569400001317263 ], [ 96466.3496999964118, 163279.010899998247623 ], [ 96509.406199999153614, 163224.610100001096725 ] ] ] } },
{ "type": "Feature", "properties": { "GEMID": "172", "PLANID": "172-D-007", "NR": "92", "IDWIJZIGIN": "172-00084", "TYPE": "PA", "TYPE_LABEL": "Deels afgeschaft bij verplaatsing", "DATUM": "1958-05-02T01:00:00", "LINK": "https://geodiensten.oost-vlaanderen.be/Bijlagen/Wijzigingen/172-00084-01.pdf", "CEVI_OID": 8822, "GEMEENTE": "Nukerke" }, "geometry": { "type": "MultiLineString", "coordinates": [ [ [ 96471.763999998569489, 163588.656700000166893 ], [ 96354.196599997580051, 163613.278799999505281 ] ] ] } },
{ "type": "Feature", "properties": { "GEMID": "172", "PLANID": "172-D-007", "NR": "92", "IDWIJZIGIN": "172-00084", "TYPE": "PN", "TYPE_LABEL": "Nieuw deel bij verplaatsing", "DATUM": "1958-05-02T01:00:00", "LINK": "https://geodiensten.oost-vlaanderen.be/Bijlagen/Wijzigingen/172-00084-01.pdf", "CEVI_OID": 8823, "GEMEENTE": "Nukerke" }, "geometry": { "type": "MultiLineString", "coordinates": [ [ [ 96418.910199999809265, 163542.506299998611212 ], [ 96471.763999998569489, 163588.656700000166893 ] ] ] } },
{ "type": "Feature", "properties": { "GEMID": "172", "PLANID": "172-D-007", "NR": "92", "IDWIJZIGIN": "172-00062", "TYPE": "A", "TYPE_LABEL": "Afschaffing", "DATUM": "1914-07-03T01:00:00", "LINK": "https://geodiensten.oost-vlaanderen.be/Bijlagen/Wijzigingen/172-00062-01.pdf", "CEVI_OID": 8824, "GEMEENTE": "Nukerke" }, "geometry": { "type": "MultiLineString", "coordinates": [ [ [ 96766.58500000089407, 163644.733199998736382 ], [ 96672.221600003540516, 163621.0135000012815 ], [ 96611.633199997246265, 163608.638000000268221 ], [ 96590.749499998986721, 163604.641699999570847 ], [ 96577.342699997127056, 163603.352600000798702 ], [ 96550.271200001239777, 163594.586599998176098 ], [ 96537.766800001263618, 163588.012099999934435 ], [ 96534.028300002217293, 163585.562800001353025 ], [ 96516.883100003004074, 163584.40260000154376 ], [ 96496.257200002670288, 163584.789299998432398 ], [ 96484.784100003540516, 163586.594099998474121 ] ] ] } },
{ "type": "Feature", "properties": { "GEMID": "172", "PLANID": "172-D-007", "NR": "6", "IDWIJZIGIN": "172-00010", "TYPE": "S", "TYPE_LABEL": "Versmalling", "DATUM": "1893-03-03T01:00:00", "LINK": "https://geodiensten.oost-vlaanderen.be/Bijlagen/Wijzigingen/172-00010-01.pdf", "CEVI_OID": 8825, "GEMEENTE": "Nukerke" }, "geometry": { "type": "MultiLineString", "coordinates": [ [ [ 96765.424800001084805, 163455.490899998694658 ], [ 96761.170699998736382, 163450.46339999884367 ], [ 96739.77139999717474, 163425.583399999886751 ] ] ] } },
{ "type": "Feature", "properties": { "GEMID": "172", "PLANID": "172-D-007", "NR": "26", "IDWIJZIGIN": "172-00012", "TYPE": "B", "TYPE_LABEL": "Verbreding", "DATUM": "1897-11-27T01:00:00", "LINK": "https://geodiensten.oost-vlaanderen.be/Bijlagen/Wijzigingen/172-00012-01.pdf", "CEVI_OID": 8826, "GEMEENTE": "Nukerke" }, "geometry": { "type": "MultiLineString", "coordinates": [ [ [ 96948.608300000429153, 163675.543099999427795 ], [ 97006.747400000691414, 163645.764499999582767 ], [ 97050.706299997866154, 163623.076099999248981 ] ] ] } },
{ "type": "Feature", "properties": { "GEMID": "172", "PLANID": "172-D-007", "NR": "26", "IDWIJZIGIN": "172-00020", "TYPE": "B", "TYPE_LABEL": "Verbreding", "DATUM": "1901-05-10T01:00:00", "LINK": "https://geodiensten.oost-vlaanderen.be/Bijlagen/Wijzigingen/172-00020-01.pdf", "CEVI_OID": 8827, "GEMEENTE": "Nukerke" }, "geometry": { "type": "MultiLineString", "coordinates": [ [ [ 96948.608300000429153, 163675.543099999427795 ], [ 97006.747400000691414, 163645.764499999582767 ], [ 97050.706299997866154, 163623.076099999248981 ] ] ] } },
{ "type": "Feature", "properties": { "GEMID": "172", "PLANID": "172-D-007", "NR": "87", "IDWIJZIGIN": "172-00062", "TYPE": "A", "TYPE_LABEL": "Afschaffing", "DATUM": "1914-07-03T01:00:00", "LINK": "https://geodiensten.oost-vlaanderen.be/Bijlagen/Wijzigingen/172-00062-01.pdf", "CEVI_OID": 8828, "GEMEENTE": "Nukerke" }, "geometry": { "type": "MultiLineString", "coordinates": [ [ [ 97006.747400000691414, 163645.764499999582767 ], [ 97012.80629999935627, 163633.904699999839067 ], [ 97024.150499999523163, 163618.048500001430511 ], [ 97028.920199997723103, 163613.92339999973774 ], [ 97034.076700001955032, 163602.708000000566244 ] ] ] } },
{ "type": "Feature", "properties": { "GEMID": "172", "PLANID": "172-D-007", "NR": "38", "IDWIJZIGIN": "172-00046", "TYPE": "B", "TYPE_LABEL": "Verbreding", "DATUM": "1902-10-03T01:00:00", "LINK": "https://geodiensten.oost-vlaanderen.be/Bijlagen/Wijzigingen/172-00046-01.pdf", "CEVI_OID": 8829, "GEMEENTE": "Nukerke" }, "geometry": { "type": "MultiLineString", "coordinates": [ [ [ 96843.803099997341633, 164237.469099998474121 ], [ 96844.447599999606609, 164227.414000000804663 ], [ 96847.541500002145767, 164216.06980000063777 ], [ 96851.79559999704361, 164208.464000001549721 ], [ 96858.627899996936321, 164198.924499999731779 ], [ 96863.655500002205372, 164192.865699999034405 ], [ 96871.648000001907349, 164183.326200000941753 ], [ 96879.253799997270107, 164174.689100001007318 ], [ 96884.668099999427795, 164166.825500000268221 ], [ 96886.859600000083447, 164158.961899999529123 ], [ 96886.859600000083447, 164153.289799999445677 ], [ 96884.410300001502037, 164146.070700000971556 ], [ 96879.898299999535084, 164137.5625 ], [ 96873.581699997186661, 164126.605099998414516 ], [ 96868.554099999368191, 164117.839099999517202 ], [ 96865.073499999940395, 164110.491099998354912 ], [ 96856.049699999392033, 164088.576099999248981 ], [ 96851.151000000536442, 164075.813900001347065 ], [ 96848.057199999690056, 164064.211800001561642 ], [ 96848.057199999690056, 164057.637299999594688 ], [ 96849.217399999499321, 164050.676100000739098 ], [ 96853.213600002229214, 164044.617199998348951 ], [ 96859.14360000193119, 164039.074000000953674 ], [ 96867.909599997103214, 164033.272999998182058 ], [ 96898.332699999213219, 164006.20160000026226 ], [ 96906.454099997878075, 163998.208999998867512 ], [ 96915.864699997007847, 163986.220300000160933 ], [ 96922.954800002276897, 163975.004900000989437 ], [ 96936.877300001680851, 163951.156300000846386 ] ] ] } },
{ "type": "Feature", "properties": { "GEMID": "172", "PLANID": "172-D-007", "NR": "38", "IDWIJZIGIN": "172-00044", "TYPE": "B", "TYPE_LABEL": "Verbreding", "DATUM": "1902-02-07T01:00:00", "LINK": "https://geodiensten.oost-vlaanderen.be/Bijlagen/Wijzigingen/172-00044-01.pdf", "CEVI_OID": 8830, "GEMEENTE": "Nukerke" }, "geometry": { "type": "MultiLineString", "coordinates": [ [ [ 96922.954800002276897, 163975.004900000989437 ], [ 96936.877300001680851, 163951.156300000846386 ] ] ] } },
{ "type": "Feature", "properties": { "GEMID": "172", "PLANID": "172-D-007", "NR": "40", "IDWIJZIGIN": "172-00044", "TYPE": "B", "TYPE_LABEL": "Verbreding", "DATUM": "1902-02-07T01:00:00", "LINK": "https://geodiensten.oost-vlaanderen.be/Bijlagen/Wijzigingen/172-00044-01.pdf", "CEVI_OID": 8831, "GEMEENTE": "Nukerke" }, "geometry": { "type": "MultiLineString", "coordinates": [ [ [ 96528.098399996757507, 164204.467700000852346 ], [ 96513.015699997544289, 164252.55180000141263 ] ] ] } },
{ "type": "Feature", "properties": { "GEMID": "172", "PLANID": "172-D-007", "NR": "40", "IDWIJZIGIN": "172-00046", "TYPE": "PN", "TYPE_LABEL": "Nieuw deel bij verplaatsing", "DATUM": "1902-10-03T01:00:00", "LINK": "https://geodiensten.oost-vlaanderen.be/Bijlagen/Wijzigingen/172-00046-01.pdf", "CEVI_OID": 8832, "GEMEENTE": "Nukerke" }, "geometry": { "type": "MultiLineString", "coordinates": [ [ [ 96444.6925999969244, 163995.888599999248981 ], [ 96507.988200001418591, 164080.841400001198053 ] ] ] } },
{ "type": "Feature", "properties": { "GEMID": "172", "PLANID": "172-D-007", "NR": "40", "IDWIJZIGIN": "172-00046", "TYPE": "PA", "TYPE_LABEL": "Deels afgeschaft bij verplaatsing", "DATUM": "1902-10-03T01:00:00", "LINK": "https://geodiensten.oost-vlaanderen.be/Bijlagen/Wijzigingen/172-00046-01.pdf", "CEVI_OID": 8833, "GEMEENTE": "Nukerke" }, "geometry": { "type": "MultiLineString", "coordinates": [ [ [ 96444.6925999969244, 163995.888599999248981 ], [ 96493.16330000013113, 164048.484600000083447 ], [ 96500.253499999642372, 164059.570999998599291 ], [ 96507.988200001418591, 164080.841400001198053 ] ] ] } },
{ "type": "Feature", "properties": { "GEMID": "172", "PLANID": "172-D-007", "NR": "40", "IDWIJZIGIN": "172-00044", "TYPE": "B", "TYPE_LABEL": "Verbreding", "DATUM": "1902-02-07T01:00:00", "LINK": "https://geodiensten.oost-vlaanderen.be/Bijlagen/Wijzigingen/172-00044-01.pdf", "CEVI_OID": 8834, "GEMEENTE": "Nukerke" }, "geometry": { "type": "MultiLineString", "coordinates": [ [ [ 96406.148000001907349, 163837.456199999898672 ], [ 96405.116700001060963, 163866.461300000548363 ], [ 96408.726199999451637, 163900.365100000053644 ], [ 96418.394599996507168, 163962.758299998939037 ], [ 96420.07039999961853, 163965.852200001478195 ] ] ] } },
{ "type": "Feature", "properties": { "GEMID": "172", "PLANID": "172-D-007", "NR": "40", "IDWIJZIGIN": "172-00046", "TYPE": "B", "TYPE_LABEL": "Verbreding", "DATUM": "1902-10-03T01:00:00", "LINK": "https://geodiensten.oost-vlaanderen.be/Bijlagen/Wijzigingen/172-00046-01.pdf", "CEVI_OID": 8835, "GEMEENTE": "Nukerke" }, "geometry": { "type": "MultiLineString", "coordinates": [ [ [ 96406.148000001907349, 163837.456199999898672 ], [ 96405.116700001060963, 163866.461300000548363 ], [ 96408.726199999451637, 163900.365100000053644 ], [ 96418.394599996507168, 163962.758299998939037 ], [ 96420.07039999961853, 163965.852200001478195 ], [ 96424.324500001966953, 163973.715799998492002 ], [ 96444.6925999969244, 163995.888599999248981 ], [ 96493.16330000013113, 164048.484600000083447 ], [ 96500.253499999642372, 164059.570999998599291 ], [ 96507.988200001418591, 164080.841400001198053 ], [ 96520.105899997055531, 164100.436000000685453 ], [ 96548.208599999547005, 164140.527499999850988 ], [ 96528.098399996757507, 164204.467700000852346 ], [ 96513.015699997544289, 164252.55180000141263 ] ] ] } },
{ "type": "Feature", "properties": { "GEMID": "172", "PLANID": "172-D-007", "NR": "33", "IDWIJZIGIN": "172-00044", "TYPE": "B", "TYPE_LABEL": "Verbreding", "DATUM": "1902-02-07T01:00:00", "LINK": "https://geodiensten.oost-vlaanderen.be/Bijlagen/Wijzigingen/172-00044-01.pdf", "CEVI_OID": 8836, "GEMEENTE": "Nukerke" }, "geometry": { "type": "MultiLineString", "coordinates": [ [ [ 96406.148000001907349, 163837.456199999898672 ], [ 96420.07039999961853, 163841.581399999558926 ], [ 96434.250699996948242, 163844.417399998754263 ], [ 96445.337099999189377, 163844.804200001060963 ] ] ] } },
{ "type": "Feature", "properties": { "GEMID": "172", "PLANID": "172-D-007", "NR": "12", "IDWIJZIGIN": "172-00055", "TYPE": "S", "TYPE_LABEL": "Versmalling", "DATUM": "1909-05-07T01:00:00", "LINK": "https://geodiensten.oost-vlaanderen.be/Bijlagen/Wijzigingen/172-00055-01.pdf", "CEVI_OID": 8837, "GEMEENTE": "Nukerke" }, "geometry": { "type": "MultiLineString", "coordinates": [ [ [ 96352.391800001263618, 163736.389400001615286 ], [ 96341.305399999022484, 163765.523499999195337 ], [ 96323.257799997925758, 163808.579999998211861 ], [ 96307.917300000786781, 163836.553800001740456 ], [ 96301.987300001084805, 163845.964400000870228 ], [ 96292.447899997234344, 163860.789200000464916 ], [ 96260.864500001072884, 163905.134799998253584 ] ] ] } },
{ "type": "Feature", "properties": { "GEMID": "172", "PLANID": "172-D-007", "NR": "12", "IDWIJZIGIN": "172-00010", "TYPE": "S", "TYPE_LABEL": "Versmalling", "DATUM": "1893-03-03T01:00:00", "LINK": "https://geodiensten.oost-vlaanderen.be/Bijlagen/Wijzigingen/172-00010-01.pdf", "CEVI_OID": 8838, "GEMEENTE": "Nukerke" }, "geometry": { "type": "MultiLineString", "coordinates": [ [ [ 96269.888300001621246, 163608.7668999992311 ], [ 96271.048500001430511, 163614.052299998700619 ], [ 96295.155000001192093, 163641.897199999541044 ], [ 96312.042499996721745, 163655.690699998289347 ], [ 96322.999899998307228, 163668.710799999535084 ] ] ] } },
{ "type": "Feature", "properties": { "GEMID": "172", "PLANID": "172-D-007", "NR": "12", "IDWIJZIGIN": "172-00056", "TYPE": "W", "TYPE_LABEL": "Onbepaalde wijziging", "DATUM": "1910-04-01T01:00:00", "LINK": "https://geodiensten.oost-vlaanderen.be/Bijlagen/Wijzigingen/172-00056-01.pdf", "CEVI_OID": 8839, "GEMEENTE": "Nukerke" }, "geometry": { "type": "MultiLineString", "coordinates": [ [ [ 96250.680500000715256, 163521.10700000077486 ], [ 96253.000900000333786, 163530.64640000090003 ], [ 96269.888300001621246, 163608.7668999992311 ] ] ] } },
{ "type": "Feature", "properties": { "GEMID": "172", "PLANID": "172-D-007", "NR": "19", "IDWIJZIGIN": "172-00045", "TYPE": "PA", "TYPE_LABEL": "Deels afgeschaft bij verplaatsing", "DATUM": "1902-04-29T01:00:00", "LINK": "https://geodiensten.oost-vlaanderen.be/Bijlagen/Wijzigingen/172-00045-01.pdf", "CEVI_OID": 8840, "GEMEENTE": "Nukerke" }, "geometry": { "type": "MultiLineString", "coordinates": [ [ [ 96094.568499997258186, 163938.522900000214577 ], [ 96094.181699998676777, 163893.661699999123812 ], [ 96091.21679999679327, 163886.700399998575449 ], [ 96084.642300002276897, 163879.094700001180172 ], [ 96066.5945999994874, 163862.851799998432398 ] ] ] } },
{ "type": "Feature", "properties": { "GEMID": "172", "PLANID": "172-D-007", "NR": "19", "IDWIJZIGIN": "172-00045", "TYPE": "PA", "TYPE_LABEL": "Deels afgeschaft bij verplaatsing", "DATUM": "1902-04-29T01:00:00", "LINK": "https://geodiensten.oost-vlaanderen.be/Bijlagen/Wijzigingen/172-00045-01.pdf", "CEVI_OID": 8841, "GEMEENTE": "Nukerke" }, "geometry": { "type": "MultiLineString", "coordinates": [ [ [ 96065.563299998641014, 163719.759799998253584 ], [ 96061.567100003361702, 163682.762200001627207 ], [ 96065.563299998641014, 163658.526799999177456 ], [ 96075.489500001072884, 163653.499200001358986 ], [ 96081.677299998700619, 163650.4054000005126 ], [ 96089.0253000035882, 163641.639400001615286 ], [ 96091.603500001132488, 163632.744500000029802 ], [ 96093.150399997830391, 163622.818300001323223 ], [ 96085.028999999165535, 163591.621599998325109 ], [ 96081.032700002193451, 163569.190999999642372 ] ] ] } },
{ "type": "Feature", "properties": { "GEMID": "172", "PLANID": "172-D-007", "NR": "19", "IDWIJZIGIN": "172-00052", "TYPE": "PA", "TYPE_LABEL": "Deels afgeschaft bij verplaatsing", "DATUM": "1908-11-06T01:00:00", "LINK": "https://geodiensten.oost-vlaanderen.be/Bijlagen/Wijzigingen/172-00052-01.pdf", "CEVI_OID": 8842, "GEMEENTE": "Nukerke" }, "geometry": { "type": "MultiLineString", "coordinates": [ [ [ 95978.805799998342991, 163384.331700000911951 ], [ 95972.746899999678135, 163345.52930000051856 ], [ 95969.653099998831749, 163332.767000000923872 ], [ 95958.179899998009205, 163311.109900001436472 ], [ 95947.093500003218651, 163297.960900001227856 ] ] ] } },
{ "type": "Feature", "properties": { "GEMID": "172", "PLANID": "172-D-007", "NR": "19", "IDWIJZIGIN": "172-00044", "TYPE": "PA", "TYPE_LABEL": "Deels afgeschaft bij verplaatsing", "DATUM": "1902-02-07T01:00:00", "LINK": "https://geodiensten.oost-vlaanderen.be/Bijlagen/Wijzigingen/172-00044-01.pdf", "CEVI_OID": 8843, "GEMEENTE": "Nukerke" }, "geometry": { "type": "MultiLineString", "coordinates": [ [ [ 95905.84179999679327, 163201.79280000180006 ], [ 95902.876800000667572, 163195.218299999833107 ], [ 95899.525100000202656, 163178.846500001847744 ], [ 95890.630199998617172, 163168.920299999415874 ], [ 95867.039399996399879, 163144.813799999654293 ], [ 95858.273400001227856, 163137.208000000566244 ], [ 95851.441100001335144, 163125.477099999785423 ] ] ] } },
{ "type": "Feature", "properties": { "GEMID": "172", "PLANID": "172-D-007", "NR": "19", "IDWIJZIGIN": "172-00052", "TYPE": "B", "TYPE_LABEL": "Verbreding", "DATUM": "1908-11-06T01:00:00", "LINK": "https://geodiensten.oost-vlaanderen.be/Bijlagen/Wijzigingen/172-00052-01.pdf", "CEVI_OID": 8844, "GEMEENTE": "Nukerke" }, "geometry": { "type": "MultiLineString", "coordinates": [ [ [ 95997.369099996984005, 163439.634799998253584 ], [ 95990.278899997472763, 163423.520799998193979 ], [ 95978.805799998342991, 163384.331700000911951 ], [ 95972.746899999678135, 163345.52930000051856 ], [ 95969.653099998831749, 163332.767000000923872 ], [ 95958.179899998009205, 163311.109900001436472 ], [ 95947.093500003218651, 163297.960900001227856 ], [ 95925.307499997317791, 163249.747900001704693 ], [ 95907.904399998486042, 163214.683899998664856 ], [ 95905.84179999679327, 163201.79280000180006 ] ] ] } },
{ "type": "Feature", "properties": { "GEMID": "172", "PLANID": "172-D-007", "NR": "19", "IDWIJZIGIN": "172-00044", "TYPE": "B", "TYPE_LABEL": "Verbreding", "DATUM": "1902-02-07T01:00:00", "LINK": "https://geodiensten.oost-vlaanderen.be/Bijlagen/Wijzigingen/172-00044-01.pdf", "CEVI_OID": 8845, "GEMEENTE": "Nukerke" }, "geometry": { "type": "MultiLineString", "coordinates": [ [ [ 95905.84179999679327, 163201.79280000180006 ], [ 95902.876800000667572, 163195.218299999833107 ], [ 95899.525100000202656, 163178.846500001847744 ], [ 95890.630199998617172, 163168.920299999415874 ], [ 95867.039399996399879, 163144.813799999654293 ], [ 95858.273400001227856, 163137.208000000566244 ], [ 95851.441100001335144, 163125.477099999785423 ], [ 95846.542400002479553, 163115.937600001692772 ], [ 95843.319600000977516, 163109.878699999302626 ], [ 95835.971699997782707, 163095.053899999707937 ], [ 95817.408399999141693, 163062.181400001049042 ], [ 95816.377099998295307, 163060.3766999989748 ] ] ] } },
{ "type": "Feature", "properties": { "GEMID": "172", "PLANID": "172-D-007", "NR": "113", "IDWIJZIGIN": "172-00062", "TYPE": "A", "TYPE_LABEL": "Afschaffing", "DATUM": "1914-07-03T01:00:00", "LINK": "https://geodiensten.oost-vlaanderen.be/Bijlagen/Wijzigingen/172-00062-01.pdf", "CEVI_OID": 8846, "GEMEENTE": "Nukerke" }, "geometry": { "type": "MultiLineString", "coordinates": [ [ [ 95704.868500001728535, 163404.957499999552965 ], [ 95899.009499996900558, 163428.290600001811981 ], [ 95997.369099996984005, 163439.634799998253584 ] ] ] } },
{ "type": "Feature", "properties": { "GEMID": "172", "PLANID": "172-D-007", "NR": "19", "IDWIJZIGIN": "172-00045", "TYPE": "B", "TYPE_LABEL": "Verbreding", "DATUM": "1902-04-29T01:00:00", "LINK": "https://geodiensten.oost-vlaanderen.be/Bijlagen/Wijzigingen/172-00045-01.pdf", "CEVI_OID": 8847, "GEMEENTE": "Nukerke" }, "geometry": { "type": "MultiLineString", "coordinates": [ [ [ 96106.041599996387959, 163973.715799998492002 ], [ 96096.373199999332428, 163946.515500001609325 ], [ 96094.568499997258186, 163938.522900000214577 ], [ 96094.181699998676777, 163893.661699999123812 ], [ 96091.21679999679327, 163886.700399998575449 ], [ 96084.642300002276897, 163879.094700001180172 ], [ 96066.5945999994874, 163862.851799998432398 ], [ 96063.371799997985363, 163840.936799999326468 ], [ 96061.567100003361702, 163824.049400001764297 ], [ 96060.922499999403954, 163806.904100000858307 ], [ 96060.406900003552437, 163793.497299998998642 ], [ 96066.5945999994874, 163757.27309999987483 ], [ 96068.786100000143051, 163733.03770000115037 ], [ 96065.563299998641014, 163719.759799998253584 ], [ 96061.567100003361702, 163682.762200001627207 ], [ 96065.563299998641014, 163658.526799999177456 ], [ 96075.489500001072884, 163653.499200001358986 ], [ 96081.677299998700619, 163650.4054000005126 ], [ 96089.0253000035882, 163641.639400001615286 ], [ 96091.603500001132488, 163632.744500000029802 ], [ 96093.150399997830391, 163622.818300001323223 ], [ 96085.028999999165535, 163591.621599998325109 ], [ 96081.032700002193451, 163569.190999999642372 ], [ 96074.716099999845028, 163511.180799998342991 ], [ 96068.141599997878075, 163458.842599999159575 ] ] ] } },
{ "type": "Feature", "properties": { "GEMID": "172", "PLANID": "172-D-007", "NR": "12", "IDWIJZIGIN": "172-00056", "TYPE": "W", "TYPE_LABEL": "Onbepaalde wijziging", "DATUM": "1910-04-01T01:00:00", "LINK": "https://geodiensten.oost-vlaanderen.be/Bijlagen/Wijzigingen/172-00056-01.pdf", "CEVI_OID": 8848, "GEMEENTE": "Nukerke" }, "geometry": { "type": "MultiLineString", "coordinates": [ [ [ 96147.035499997437, 163250.650299999862909 ], [ 96167.790299996733665, 163272.17850000038743 ], [ 96182.744099996984005, 163287.13230000063777 ], [ 96191.1233000010252, 163298.218699999153614 ], [ 96196.15089999884367, 163309.820700000971556 ], [ 96199.631499998271465, 163322.067299999296665 ], [ 96200.533900000154972, 163326.450300000607967 ] ] ] } },
{ "type": "Feature", "properties": { "GEMID": "172", "PLANID": "172-D-007", "NR": "12", "IDWIJZIGIN": "172-00072", "TYPE": "B", "TYPE_LABEL": "Verbreding", "DATUM": "1939-08-30T01:00:00", "LINK": "https://geodiensten.oost-vlaanderen.be/Bijlagen/Wijzigingen/172-00072-01.pdf", "CEVI_OID": 8849, "GEMEENTE": "Nukerke" }, "geometry": { "type": "MultiLineString", "coordinates": [ [ [ 96057.1841000020504, 163097.760999999940395 ], [ 96061.696000002324581, 163106.913800001144409 ], [ 96069.043999999761581, 163129.989000000059605 ], [ 96074.45830000191927, 163153.837600000202656 ], [ 96080.903800003230572, 163169.564800001680851 ], [ 96092.892599999904633, 163190.319600000977516 ], [ 96094.052799999713898, 163191.60869999974966 ], [ 96108.619800001382828, 163207.980500001460314 ], [ 96129.374600000679493, 163231.829199999570847 ], [ 96132.081799998879433, 163234.665199998766184 ], [ 96147.035499997437, 163250.650299999862909 ], [ 96167.790299996733665, 163272.17850000038743 ], [ 96172.431100003421307, 163276.819400001317263 ] ] ] } },
{ "type": "Feature", "properties": { "GEMID": "172", "PLANID": "172-D-007", "NR": "12", "IDWIJZIGIN": "172-00044", "TYPE": "B", "TYPE_LABEL": "Verbreding", "DATUM": "1902-02-07T01:00:00", "LINK": "https://geodiensten.oost-vlaanderen.be/Bijlagen/Wijzigingen/172-00044-01.pdf", "CEVI_OID": 8850, "GEMEENTE": "Nukerke" }, "geometry": { "type": "MultiLineString", "coordinates": [ [ [ 96094.052799999713898, 163191.60869999974966 ], [ 96108.619800001382828, 163207.980500001460314 ], [ 96129.374600000679493, 163231.829199999570847 ], [ 96132.081799998879433, 163234.665199998766184 ] ] ] } },
{ "type": "Feature", "properties": { "GEMID": "172", "PLANID": "172-D-007", "NR": "20", "IDWIJZIGIN": "172-00010", "TYPE": "S", "TYPE_LABEL": "Versmalling", "DATUM": "1893-03-03T01:00:00", "LINK": "https://geodiensten.oost-vlaanderen.be/Bijlagen/Wijzigingen/172-00010-01.pdf", "CEVI_OID": 8851, "GEMEENTE": "Nukerke" }, "geometry": { "type": "MultiLineString", "coordinates": [ [ [ 95992.083700001239777, 163448.787500001490116 ], [ 95971.715700000524521, 163469.80009999871254 ], [ 95966.301399998366833, 163473.022900000214577 ] ] ] } },
{ "type": "Feature", "properties": { "GEMID": "172", "PLANID": "172-D-007", "NR": "94", "IDWIJZIGIN": "172-00062", "TYPE": "A", "TYPE_LABEL": "Afschaffing", "DATUM": "1914-07-03T01:00:00", "LINK": "https://geodiensten.oost-vlaanderen.be/Bijlagen/Wijzigingen/172-00062-01.pdf", "CEVI_OID": 8852, "GEMEENTE": "Nukerke" }, "geometry": { "type": "MultiLineString", "coordinates": [ [ [ 96260.864500001072884, 163905.134799998253584 ], [ 96189.318499997258186, 163904.103500001132488 ], [ 96106.041599996387959, 163973.715799998492002 ] ] ] } },
{ "type": "Feature", "properties": { "GEMID": "172", "PLANID": "172-D-007", "NR": "94", "IDWIJZIGIN": "172-00013", "TYPE": "PA", "TYPE_LABEL": "Deels afgeschaft bij verplaatsing", "DATUM": "1898-01-29T01:00:00", "LINK": "https://geodiensten.oost-vlaanderen.be/Bijlagen/Wijzigingen/172-00013-01.pdf", "CEVI_OID": 8853, "GEMEENTE": "Nukerke" }, "geometry": { "type": "MultiLineString", "coordinates": [ [ [ 96260.864500001072884, 163905.134799998253584 ], [ 96189.318499997258186, 163904.103500001132488 ] ] ] } },
{ "type": "Feature", "properties": { "GEMID": "172", "PLANID": "172-D-007", "NR": "94", "IDWIJZIGIN": "172-00013", "TYPE": "PN", "TYPE_LABEL": "Nieuw deel bij verplaatsing", "DATUM": "1898-01-29T01:00:00", "LINK": "https://geodiensten.oost-vlaanderen.be/Bijlagen/Wijzigingen/172-00013-01.pdf", "CEVI_OID": 8854, "GEMEENTE": "Nukerke" }, "geometry": { "type": "MultiLineString", "coordinates": [ [ [ 96189.318499997258186, 163904.103500001132488 ], [ 96231.472699999809265, 163949.351500000804663 ] ] ] } },
{ "type": "Feature", "properties": { "GEMID": "172", "PLANID": "172-D-007", "NR": "70", "IDWIJZIGIN": "172-00062", "TYPE": "A", "TYPE_LABEL": "Afschaffing", "DATUM": "1914-07-03T01:00:00", "LINK": "https://geodiensten.oost-vlaanderen.be/Bijlagen/Wijzigingen/172-00062-01.pdf", "CEVI_OID": 8855, "GEMEENTE": "Nukerke" }, "geometry": { "type": "MultiLineString", "coordinates": [ [ [ 96420.07039999961853, 163965.852200001478195 ], [ 96412.593599997460842, 163968.559399999678135 ], [ 96301.987300001084805, 163845.964400000870228 ] ] ] } },
{ "type": "Feature", "properties": { "GEMID": "172", "PLANID": "172-D-007", "NR": "12", "IDWIJZIGIN": "172-00073", "TYPE": "B", "TYPE_LABEL": "Verbreding", "DATUM": "1944-08-11T01:00:00", "LINK": "https://geodiensten.oost-vlaanderen.be/Bijlagen/Wijzigingen/172-00073-01.pdf", "CEVI_OID": 8856, "GEMEENTE": "Nukerke" }, "geometry": { "type": "MultiLineString", "coordinates": [ [ [ 96086.962700001895428, 164220.581700000911951 ], [ 96077.810000002384186, 164229.734400000423193 ], [ 96073.169100001454353, 164238.113600000739098 ] ] ] } },
{ "type": "Feature", "properties": { "GEMID": "172", "PLANID": "172-D-007", "NR": "12", "IDWIJZIGIN": "172-00056", "TYPE": "W", "TYPE_LABEL": "Onbepaalde wijziging", "DATUM": "1910-04-01T01:00:00", "LINK": "https://geodiensten.oost-vlaanderen.be/Bijlagen/Wijzigingen/172-00056-01.pdf", "CEVI_OID": 8857, "GEMEENTE": "Nukerke" }, "geometry": { "type": "MultiLineString", "coordinates": [ [ [ 96147.680100001394749, 164075.040399998426437 ], [ 96144.586199998855591, 164084.966600000858307 ], [ 96136.722599998116493, 164119.514899998903275 ], [ 96135.433499999344349, 164125.315900001674891 ], [ 96122.026699997484684, 164162.571400001645088 ], [ 96103.850100003182888, 164199.826900001615286 ], [ 96100.498400002717972, 164206.788100000470877 ] ] ] } },
{ "type": "Feature", "properties": { "GEMID": "172", "PLANID": "172-D-007", "NR": "80", "IDWIJZIGIN": "172-00062", "TYPE": "A", "TYPE_LABEL": "Afschaffing", "DATUM": "1914-07-03T01:00:00", "LINK": "https://geodiensten.oost-vlaanderen.be/Bijlagen/Wijzigingen/172-00062-01.pdf", "CEVI_OID": 8858, "GEMEENTE": "Nukerke" }, "geometry": { "type": "MultiLineString", "coordinates": [ [ [ 96444.6925999969244, 163995.888599999248981 ], [ 96375.338100001215935, 164081.486000001430511 ], [ 96353.809799998998642, 164223.933400001376867 ] ] ] } },
{ "type": "Feature", "properties": { "GEMID": "172", "PLANID": "172-D-007", "NR": "19", "IDWIJZIGIN": "172-00045", "TYPE": "PN", "TYPE_LABEL": "Nieuw deel bij verplaatsing", "DATUM": "1902-04-29T01:00:00", "LINK": "https://geodiensten.oost-vlaanderen.be/Bijlagen/Wijzigingen/172-00045-01.pdf", "CEVI_OID": 8859, "GEMEENTE": "Nukerke" }, "geometry": { "type": "MultiLineString", "coordinates": [ [ [ 96094.568499997258186, 163938.522900000214577 ], [ 96066.5945999994874, 163862.851799998432398 ] ] ] } },
{ "type": "Feature", "properties": { "GEMID": "172", "PLANID": "172-D-008", "NR": "26", "IDWIJZIGIN": "172-00020", "TYPE": "PN", "TYPE_LABEL": "Nieuw deel bij verplaatsing", "DATUM": "1901-05-10T01:00:00", "LINK": "https://geodiensten.oost-vlaanderen.be/Bijlagen/Wijzigingen/172-00020-01.pdf", "CEVI_OID": 8860, "GEMEENTE": "Nukerke" }, "geometry": { "type": "MultiLineString", "coordinates": [ [ [ 97363.317100003361702, 163525.361000001430511 ], [ 97433.445000000298023, 163512.727699998766184 ] ] ] } },
{ "type": "Feature", "properties": { "GEMID": "172", "PLANID": "172-D-008", "NR": "26", "IDWIJZIGIN": "172-00012", "TYPE": "PN", "TYPE_LABEL": "Nieuw deel bij verplaatsing", "DATUM": "1897-11-27T01:00:00", "LINK": "https://geodiensten.oost-vlaanderen.be/Bijlagen/Wijzigingen/172-00012-01.pdf", "CEVI_OID": 8861, "GEMEENTE": "Nukerke" }, "geometry": { "type": "MultiLineString", "coordinates": [ [ [ 97363.317100003361702, 163525.361000001430511 ], [ 97433.445000000298023, 163512.727699998766184 ] ] ] } },
{ "type": "Feature", "properties": { "GEMID": "172", "PLANID": "172-D-008", "NR": "26", "IDWIJZIGIN": "172-00059", "TYPE": "PA", "TYPE_LABEL": "Deels afgeschaft bij verplaatsing", "DATUM": "1911-07-21T01:00:00", "LINK": "https://geodiensten.oost-vlaanderen.be/Bijlagen/Wijzigingen/172-00059-01.pdf", "CEVI_OID": 8862, "GEMEENTE": "Nukerke" }, "geometry": { "type": "MultiLineString", "coordinates": [ [ [ 97492.615500003099442, 163409.598400000482798 ], [ 97501.897100001573563, 163383.687100000679493 ], [ 97516.850900001823902, 163345.142499998211861 ], [ 97526.390299998223782, 163327.610500000417233 ], [ 97535.671999998390675, 163315.879599999636412 ] ] ] } },
{ "type": "Feature", "properties": { "GEMID": "172", "PLANID": "172-D-008", "NR": "26", "IDWIJZIGIN": "172-00059", "TYPE": "B", "TYPE_LABEL": "Verbreding", "DATUM": "1911-07-21T01:00:00", "LINK": "https://geodiensten.oost-vlaanderen.be/Bijlagen/Wijzigingen/172-00059-01.pdf", "CEVI_OID": 8863, "GEMEENTE": "Nukerke" }, "geometry": { "type": "MultiLineString", "coordinates": [ [ [ 97485.525399997830391, 163437.829999998211861 ], [ 97488.10360000282526, 163427.774900000542402 ], [ 97492.615500003099442, 163409.598400000482798 ], [ 97501.897100001573563, 163383.687100000679493 ], [ 97516.850900001823902, 163345.142499998211861 ], [ 97526.390299998223782, 163327.610500000417233 ], [ 97535.671999998390675, 163315.879599999636412 ], [ 97565.321699999272823, 163288.808100000023842 ], [ 97619.206699997186661, 163237.501299999654293 ], [ 97650.403399996459484, 163210.043099999427795 ], [ 97687.401000000536442, 163194.831500001251698 ] ] ] } },
{ "type": "Feature", "properties": { "GEMID": "172", "PLANID": "172-D-008", "NR": "27", "IDWIJZIGIN": "172-00044", "TYPE": "B", "TYPE_LABEL": "Verbreding", "DATUM": "1902-02-07T01:00:00", "LINK": "https://geodiensten.oost-vlaanderen.be/Bijlagen/Wijzigingen/172-00044-01.pdf", "CEVI_OID": 8864, "GEMEENTE": "Nukerke" }, "geometry": { "type": "MultiLineString", "coordinates": [ [ [ 97436.66780000180006, 163397.609600000083447 ], [ 97440.664099998772144, 163405.215399999171495 ], [ 97447.367499999701977, 163415.657200001180172 ], [ 97457.809299997985363, 163425.325599998235703 ], [ 97465.028399996459484, 163429.966400001198053 ], [ 97485.525399997830391, 163437.829999998211861 ] ] ] } },
{ "type": "Feature", "properties": { "GEMID": "172", "PLANID": "172-D-008", "NR": "27", "IDWIJZIGIN": "172-00005", "TYPE": "S", "TYPE_LABEL": "Versmalling", "DATUM": "1879-08-30T01:00:00", "LINK": "https://geodiensten.oost-vlaanderen.be/Bijlagen/Wijzigingen/172-00005-01.pdf", "CEVI_OID": 8865, "GEMEENTE": "Nukerke" }, "geometry": { "type": "MultiLineString", "coordinates": [ [ [ 97465.028399996459484, 163429.966400001198053 ], [ 97485.525399997830391, 163437.829999998211861 ] ] ] } },
{ "type": "Feature", "properties": { "GEMID": "172", "PLANID": "172-D-008", "NR": "26", "IDWIJZIGIN": "172-00005", "TYPE": "S", "TYPE_LABEL": "Versmalling", "DATUM": "1879-08-30T01:00:00", "LINK": "https://geodiensten.oost-vlaanderen.be/Bijlagen/Wijzigingen/172-00005-01.pdf", "CEVI_OID": 8866, "GEMEENTE": "Nukerke" }, "geometry": { "type": "MultiLineString", "coordinates": [ [ [ 97485.525399997830391, 163437.829999998211861 ], [ 97488.10360000282526, 163427.774900000542402 ], [ 97492.615500003099442, 163409.598400000482798 ] ] ] } },
{ "type": "Feature", "properties": { "GEMID": "172", "PLANID": "172-D-008", "NR": "26", "IDWIJZIGIN": "172-00012", "TYPE": "B", "TYPE_LABEL": "Verbreding", "DATUM": "1897-11-27T01:00:00", "LINK": "https://geodiensten.oost-vlaanderen.be/Bijlagen/Wijzigingen/172-00012-01.pdf", "CEVI_OID": 8867, "GEMEENTE": "Nukerke" }, "geometry": { "type": "MultiLineString", "coordinates": [ [ [ 96950.541900001466274, 163685.082600001245737 ], [ 97013.966499999165535, 163653.757100000977516 ], [ 97119.416199997067451, 163605.028499998152256 ], [ 97206.818300001323223, 163579.890700001269579 ], [ 97220.869699999690056, 163575.120900001376867 ], [ 97249.616999998688698, 163558.362399999052286 ], [ 97273.465700000524521, 163544.440000001341105 ], [ 97293.446999996900558, 163537.478700000792742 ], [ 97321.163000002503395, 163531.677700001746416 ], [ 97363.317100003361702, 163525.361000001430511 ], [ 97383.040600001811981, 163530.130800001323223 ], [ 97395.802799999713898, 163533.998100001364946 ], [ 97403.408600002527237, 163533.998100001364946 ], [ 97412.69030000269413, 163532.322299998253584 ], [ 97419.135799996554852, 163527.552499998360872 ], [ 97433.445000000298023, 163512.727699998766184 ], [ 97445.433799996972084, 163500.094399999827147 ], [ 97459.485200002789497, 163486.6875 ], [ 97475.083499997854233, 163464.6435999982059 ], [ 97482.044699996709824, 163450.978999998420477 ], [ 97485.525399997830391, 163437.829999998211861 ] ] ] } },
{ "type": "Feature", "properties": { "GEMID": "172", "PLANID": "172-D-008", "NR": "26", "IDWIJZIGIN": "172-00020", "TYPE": "B", "TYPE_LABEL": "Verbreding", "DATUM": "1901-05-10T01:00:00", "LINK": "https://geodiensten.oost-vlaanderen.be/Bijlagen/Wijzigingen/172-00020-01.pdf", "CEVI_OID": 8868, "GEMEENTE": "Nukerke" }, "geometry": { "type": "MultiLineString", "coordinates": [ [ [ 96950.541900001466274, 163685.082600001245737 ], [ 97013.966499999165535, 163653.757100000977516 ], [ 97119.416199997067451, 163605.028499998152256 ], [ 97206.818300001323223, 163579.890700001269579 ], [ 97220.869699999690056, 163575.120900001376867 ], [ 97249.616999998688698, 163558.362399999052286 ], [ 97273.465700000524521, 163544.440000001341105 ], [ 97293.446999996900558, 163537.478700000792742 ], [ 97321.163000002503395, 163531.677700001746416 ], [ 97363.317100003361702, 163525.361000001430511 ], [ 97383.040600001811981, 163530.130800001323223 ], [ 97395.802799999713898, 163533.998100001364946 ], [ 97403.408600002527237, 163533.998100001364946 ], [ 97412.69030000269413, 163532.322299998253584 ], [ 97419.135799996554852, 163527.552499998360872 ], [ 97433.445000000298023, 163512.727699998766184 ], [ 97445.433799996972084, 163500.094399999827147 ], [ 97459.485200002789497, 163486.6875 ], [ 97475.083499997854233, 163464.6435999982059 ], [ 97482.044699996709824, 163450.978999998420477 ], [ 97485.525399997830391, 163437.829999998211861 ] ] ] } },
{ "type": "Feature", "properties": { "GEMID": "172", "PLANID": "172-D-008", "NR": "26", "IDWIJZIGIN": "172-00020", "TYPE": "PA", "TYPE_LABEL": "Deels afgeschaft bij verplaatsing", "DATUM": "1901-05-10T01:00:00", "LINK": "https://geodiensten.oost-vlaanderen.be/Bijlagen/Wijzigingen/172-00020-01.pdf", "CEVI_OID": 8869, "GEMEENTE": "Nukerke" }, "geometry": { "type": "MultiLineString", "coordinates": [ [ [ 97363.317100003361702, 163525.361000001430511 ], [ 97383.040600001811981, 163530.130800001323223 ], [ 97395.802799999713898, 163533.998100001364946 ], [ 97403.408600002527237, 163533.998100001364946 ], [ 97412.69030000269413, 163532.322299998253584 ], [ 97419.135799996554852, 163527.552499998360872 ], [ 97433.445000000298023, 163512.727699998766184 ] ] ] } },
{ "type": "Feature", "properties": { "GEMID": "172", "PLANID": "172-D-008", "NR": "26", "IDWIJZIGIN": "172-00012", "TYPE": "PA", "TYPE_LABEL": "Deels afgeschaft bij verplaatsing", "DATUM": "1897-11-27T01:00:00", "LINK": "https://geodiensten.oost-vlaanderen.be/Bijlagen/Wijzigingen/172-00012-01.pdf", "CEVI_OID": 8870, "GEMEENTE": "Nukerke" }, "geometry": { "type": "MultiLineString", "coordinates": [ [ [ 97363.317100003361702, 163525.361000001430511 ], [ 97383.040600001811981, 163530.130800001323223 ], [ 97395.802799999713898, 163533.998100001364946 ], [ 97403.408600002527237, 163533.998100001364946 ], [ 97412.69030000269413, 163532.322299998253584 ], [ 97419.135799996554852, 163527.552499998360872 ], [ 97433.445000000298023, 163512.727699998766184 ] ] ] } },
{ "type": "Feature", "properties": { "GEMID": "172", "PLANID": "172-D-008", "NR": "89", "IDWIJZIGIN": "172-00062", "TYPE": "A", "TYPE_LABEL": "Afschaffing", "DATUM": "1914-07-03T01:00:00", "LINK": "https://geodiensten.oost-vlaanderen.be/Bijlagen/Wijzigingen/172-00062-01.pdf", "CEVI_OID": 8871, "GEMEENTE": "Nukerke" }, "geometry": { "type": "MultiLineString", "coordinates": [ [ [ 97266.891199998557568, 163321.422800000756979 ], [ 97300.40820000320673, 163288.163600001484156 ], [ 97346.558600001037121, 163203.984299998730421 ], [ 97414.108300000429153, 163127.281800001859665 ] ] ] } },
{ "type": "Feature", "properties": { "GEMID": "172", "PLANID": "172-D-008", "NR": "87", "IDWIJZIGIN": "172-00062", "TYPE": "A", "TYPE_LABEL": "Afschaffing", "DATUM": "1914-07-03T01:00:00", "LINK": "https://geodiensten.oost-vlaanderen.be/Bijlagen/Wijzigingen/172-00062-01.pdf", "CEVI_OID": 8872, "GEMEENTE": "Nukerke" }, "geometry": { "type": "MultiLineString", "coordinates": [ [ [ 97013.966499999165535, 163653.757100000977516 ], [ 97023.505900003015995, 163636.869600001722574 ], [ 97031.756300002336502, 163627.587999999523163 ], [ 97033.818899996578693, 163626.943399999290705 ], [ 97050.190700002014637, 163597.680500000715256 ], [ 97066.949199996888638, 163540.701499998569489 ], [ 97053.800200000405312, 163481.660000000149012 ], [ 97039.233199998736382, 163417.590900000184774 ], [ 97037.557300001382828, 163409.727299999445677 ], [ 97021.314400002360344, 163334.313999999314547 ], [ 97019.380800001323223, 163287.003400001674891 ], [ 97017.318199999630451, 163210.043099999427795 ], [ 97014.997800000011921, 163115.808699999004602 ] ] ] } },
{ "type": "Feature", "properties": { "GEMID": "172", "PLANID": "172-D-008", "NR": "38", "IDWIJZIGIN": "172-00044", "TYPE": "B", "TYPE_LABEL": "Verbreding", "DATUM": "1902-02-07T01:00:00", "LINK": "https://geodiensten.oost-vlaanderen.be/Bijlagen/Wijzigingen/172-00044-01.pdf", "CEVI_OID": 8873, "GEMEENTE": "Nukerke" }, "geometry": { "type": "MultiLineString", "coordinates": [ [ [ 97054.831500001251698, 163857.4375 ], [ 97034.46339999884367, 163866.332400001585484 ], [ 97014.868900001049042, 163874.45380000025034 ], [ 96978.773599997162819, 163903.974599998444319 ], [ 96961.241599999368191, 163927.436500001698732 ], [ 96936.877300001680851, 163964.563099998980761 ], [ 96917.024899996817112, 163995.501899998635054 ] ] ] } },
{ "type": "Feature", "properties": { "GEMID": "172", "PLANID": "172-D-008", "NR": "38", "IDWIJZIGIN": "172-00046", "TYPE": "B", "TYPE_LABEL": "Verbreding", "DATUM": "1902-10-03T01:00:00", "LINK": "https://geodiensten.oost-vlaanderen.be/Bijlagen/Wijzigingen/172-00046-01.pdf", "CEVI_OID": 8874, "GEMEENTE": "Nukerke" }, "geometry": { "type": "MultiLineString", "coordinates": [ [ [ 97054.831500001251698, 163857.4375 ], [ 97034.46339999884367, 163866.332400001585484 ], [ 97014.868900001049042, 163874.45380000025034 ], [ 96978.773599997162819, 163903.974599998444319 ], [ 96961.241599999368191, 163927.436500001698732 ], [ 96936.877300001680851, 163964.563099998980761 ], [ 96917.024899996817112, 163995.501899998635054 ], [ 96915.478000000119209, 163997.951200000941753 ], [ 96907.614399999380112, 164009.037599999457598 ], [ 96896.270099997520447, 164019.350499998778105 ], [ 96883.25, 164029.018899999558926 ], [ 96873.839500002563, 164035.851199999451637 ] ] ] } },
{ "type": "Feature", "properties": { "GEMID": "172", "PLANID": "172-D-008", "NR": "6", "IDWIJZIGIN": "172-00010", "TYPE": "S", "TYPE_LABEL": "Versmalling", "DATUM": "1893-03-03T01:00:00", "LINK": "https://geodiensten.oost-vlaanderen.be/Bijlagen/Wijzigingen/172-00010-01.pdf", "CEVI_OID": 8875, "GEMEENTE": "Nukerke" }, "geometry": { "type": "MultiLineString", "coordinates": [ [ [ 97054.831500001251698, 163857.4375 ], [ 97066.433499999344349, 163872.39130000025034 ], [ 97075.070600003004074, 163883.477699998766184 ], [ 97078.938000001013279, 163889.2787000015378 ] ] ] } },
{ "type": "Feature", "properties": { "GEMID": "172", "PLANID": "172-D-008", "NR": "26", "IDWIJZIGIN": "172-00059", "TYPE": "PN", "TYPE_LABEL": "Nieuw deel bij verplaatsing", "DATUM": "1911-07-21T01:00:00", "LINK": "https://geodiensten.oost-vlaanderen.be/Bijlagen/Wijzigingen/172-00059-01.pdf", "CEVI_OID": 8876, "GEMEENTE": "Nukerke" }, "geometry": { "type": "MultiLineString", "coordinates": [ [ [ 97492.615500003099442, 163409.598400000482798 ], [ 97535.671999998390675, 163315.879599999636412 ] ] ] } },
{ "type": "Feature", "properties": { "GEMID": "172", "PLANID": "172-D-009", "NR": "0", "IDWIJZIGIN": "172-00063", "TYPE": "N", "TYPE_LABEL": "Nieuwe weg", "DATUM": "1916-12-02T01:00:00", "LINK": "https://geodiensten.oost-vlaanderen.be/Bijlagen/Wijzigingen/172-00063-01.pdf", "CEVI_OID": 8877, "GEMEENTE": "Nukerke" }, "geometry": { "type": "MultiLineString", "coordinates": [ [ [ 98590.169399999082088, 162577.215700000524521 ], [ 98513.467000000178814, 162762.075100000947714 ] ] ] } },
{ "type": "Feature", "properties": { "GEMID": "172", "PLANID": "172-D-009", "NR": "0", "IDWIJZIGIN": "172-00003", "TYPE": "N", "TYPE_LABEL": "Nieuwe weg", "DATUM": "1861-10-04T01:00:00", "LINK": "https://geodiensten.oost-vlaanderen.be/Bijlagen/Wijzigingen/172-00003-01.pdf", "CEVI_OID": 8878, "GEMEENTE": "Nukerke" }, "geometry": { "type": "MultiLineString", "coordinates": [ [ [ 97844.802199997007847, 162146.650800000876188 ], [ 98031.853000000119209, 162350.97580000013113 ] ] ] } },
{ "type": "Feature", "properties": { "GEMID": "172", "PLANID": "172-D-009", "NR": "0", "IDWIJZIGIN": "172-00003", "TYPE": "N", "TYPE_LABEL": "Nieuwe weg", "DATUM": "1861-10-04T01:00:00", "LINK": "https://geodiensten.oost-vlaanderen.be/Bijlagen/Wijzigingen/172-00003-01.pdf", "CEVI_OID": 8879, "GEMEENTE": "Nukerke" }, "geometry": { "type": "MultiLineString", "coordinates": [ [ [ 98063.694200001657009, 162386.684300001710653 ], [ 98181.132700003683567, 162514.693599998950958 ] ] ] } },
{ "type": "Feature", "properties": { "GEMID": "172", "PLANID": "172-D-009", "NR": "41", "IDWIJZIGIN": "172-00090", "TYPE": "PN", "TYPE_LABEL": "Nieuw deel bij verplaatsing", "DATUM": "1961-03-03T01:00:00", "LINK": "https://geodiensten.oost-vlaanderen.be/Bijlagen/Wijzigingen/172-00090-01.pdf", "CEVI_OID": 8880, "GEMEENTE": "Nukerke" }, "geometry": { "type": "MultiLineString", "coordinates": [ [ [ 97734.45380000025034, 163171.627399999648333 ], [ 97761.13849999755621, 163162.345800001174212 ], [ 97779.572899997234344, 163155.900199998170137 ], [ 97830.364100001752377, 163144.169199999421835 ], [ 97925.243000000715256, 163127.410700000822544 ], [ 97984.026799999177456, 163116.968899998813868 ], [ 98037.009499996900558, 163106.913800001144409 ], [ 98066.917000003159046, 163083.967500001192093 ], [ 98136.013599999248981, 162973.876899998635054 ], [ 98201.371799997985363, 162895.369699999690056 ], [ 98280.39469999819994, 162840.453400000929832 ] ] ] } },
{ "type": "Feature", "properties": { "GEMID": "172", "PLANID": "172-D-009", "NR": "41", "IDWIJZIGIN": "172-00090", "TYPE": "PA", "TYPE_LABEL": "Deels afgeschaft bij verplaatsing", "DATUM": "1961-03-03T01:00:00", "LINK": "https://geodiensten.oost-vlaanderen.be/Bijlagen/Wijzigingen/172-00090-01.pdf", "CEVI_OID": 8881, "GEMEENTE": "Nukerke" }, "geometry": { "type": "MultiLineString", "coordinates": [ [ [ 97734.45380000025034, 163171.627399999648333 ], [ 97747.215999998152256, 163162.60359999909997 ], [ 97755.595299996435642, 163157.318199999630451 ], [ 97758.6891999989748, 163156.157999999821186 ], [ 97779.572899997234344, 163155.900199998170137 ], [ 97799.9408999979496, 163155.38459999859333 ], [ 97813.347699999809265, 163154.739999998360872 ], [ 97817.601800002157688, 163153.966499999165535 ], [ 97822.500399999320507, 163151.130499999970198 ], [ 97826.625600002706051, 163147.392000000923872 ], [ 97830.364100001752377, 163144.169199999421835 ], [ 97836.55179999768734, 163138.625999998301268 ], [ 97842.997400000691414, 163135.274300001561642 ], [ 97853.4391999989748, 163128.957699999213219 ], [ 97867.361699998378754, 163121.094099998474121 ], [ 97874.193999998271465, 163117.871300000697374 ], [ 97882.96000000089407, 163114.777399998158216 ], [ 97905.519599996507168, 163109.749800000339746 ], [ 97926.016500003635883, 163105.495700001716614 ], [ 97940.454599998891354, 163102.917500000447035 ], [ 97949.220600001513958, 163102.272999998182058 ], [ 97953.861400000751019, 163102.788600001484156 ], [ 97960.178099997341633, 163103.948800001293421 ], [ 97966.108000002801418, 163107.429400000721216 ], [ 97972.553599998354912, 163111.296799998730421 ], [ 97984.026799999177456, 163116.968899998813868 ], [ 97991.761500000953674, 163120.707299999892712 ], [ 98016.512500002980232, 163132.051600001752377 ], [ 98036.622699998319149, 163137.852600000798702 ], [ 98050.803000003099442, 163139.915199998766184 ], [ 98055.701700001955032, 163139.012800000607967 ], [ 98064.080899998545647, 163136.176699999719858 ], [ 98068.077200002968311, 163133.727400001138449 ], [ 98078.132299996912479, 163123.156599998474121 ], [ 98094.117299996316433, 163108.331799998879433 ], [ 98098.500299997627735, 163103.690999999642372 ], [ 98101.980899997055531, 163091.8310999982059 ], [ 98105.719400003552437, 163075.330400001257658 ], [ 98113.969700001180172, 163038.719500001519918 ], [ 98117.450300000607967, 163022.992300000041723 ], [ 98128.407799996435642, 162996.307599999010563 ], [ 98136.013599999248981, 162973.876899998635054 ], [ 98143.232699997723103, 162956.473900001496077 ], [ 98146.971100002527237, 162946.547699999064207 ], [ 98152.514300003647804, 162935.590199999511242 ], [ 98157.413000002503395, 162929.789099998772144 ], [ 98171.335400000214577, 162919.089499998837709 ], [ 98188.351800002157688, 162905.811599999666214 ], [ 98201.371799997985363, 162895.369699999690056 ], [ 98212.329300001263618, 162884.670099999755621 ], [ 98232.052799999713898, 162864.946600001305342 ], [ 98242.494699999690056, 162853.473400000482798 ], [ 98258.737499997019768, 162847.414599999785423 ], [ 98280.39469999819994, 162840.453400000929832 ] ] ] } },
{ "type": "Feature", "properties": { "GEMID": "172", "PLANID": "172-D-009", "NR": "26", "IDWIJZIGIN": "172-00059", "TYPE": "B", "TYPE_LABEL": "Verbreding", "DATUM": "1911-07-21T01:00:00", "LINK": "https://geodiensten.oost-vlaanderen.be/Bijlagen/Wijzigingen/172-00059-01.pdf", "CEVI_OID": 8882, "GEMEENTE": "Nukerke" }, "geometry": { "type": "MultiLineString", "coordinates": [ [ [ 97672.962899997830391, 163200.116900000721216 ], [ 97660.200699999928474, 163206.949200000613928 ], [ 97641.250600002706051, 163218.938000001013279 ], [ 97618.948899999260902, 163235.825399998575449 ] ] ] } },
{ "type": "Feature", "properties": { "GEMID": "172", "PLANID": "172-D-009", "NR": "41", "IDWIJZIGIN": "172-00090", "TYPE": "B", "TYPE_LABEL": "Verbreding", "DATUM": "1961-03-03T01:00:00", "LINK": "https://geodiensten.oost-vlaanderen.be/Bijlagen/Wijzigingen/172-00090-01.pdf", "CEVI_OID": 8883, "GEMEENTE": "Nukerke" }, "geometry": { "type": "MultiLineString", "coordinates": [ [ [ 97734.45380000025034, 163171.627399999648333 ], [ 97747.215999998152256, 163162.60359999909997 ], [ 97755.595299996435642, 163157.318199999630451 ], [ 97758.6891999989748, 163156.157999999821186 ], [ 97779.572899997234344, 163155.900199998170137 ], [ 97799.9408999979496, 163155.38459999859333 ], [ 97813.347699999809265, 163154.739999998360872 ], [ 97817.601800002157688, 163153.966499999165535 ], [ 97822.500399999320507, 163151.130499999970198 ], [ 97826.625600002706051, 163147.392000000923872 ], [ 97830.364100001752377, 163144.169199999421835 ], [ 97836.55179999768734, 163138.625999998301268 ], [ 97842.997400000691414, 163135.274300001561642 ], [ 97853.4391999989748, 163128.957699999213219 ], [ 97867.361699998378754, 163121.094099998474121 ], [ 97874.193999998271465, 163117.871300000697374 ], [ 97882.96000000089407, 163114.777399998158216 ], [ 97905.519599996507168, 163109.749800000339746 ], [ 97926.016500003635883, 163105.495700001716614 ], [ 97940.454599998891354, 163102.917500000447035 ], [ 97949.220600001513958, 163102.272999998182058 ], [ 97953.861400000751019, 163102.788600001484156 ], [ 97960.178099997341633, 163103.948800001293421 ], [ 97966.108000002801418, 163107.429400000721216 ], [ 97972.553599998354912, 163111.296799998730421 ], [ 97984.026799999177456, 163116.968899998813868 ], [ 97991.761500000953674, 163120.707299999892712 ], [ 98016.512500002980232, 163132.051600001752377 ], [ 98036.622699998319149, 163137.852600000798702 ], [ 98050.803000003099442, 163139.915199998766184 ], [ 98055.701700001955032, 163139.012800000607967 ], [ 98064.080899998545647, 163136.176699999719858 ], [ 98068.077200002968311, 163133.727400001138449 ], [ 98078.132299996912479, 163123.156599998474121 ], [ 98094.117299996316433, 163108.331799998879433 ], [ 98098.500299997627735, 163103.690999999642372 ], [ 98101.980899997055531, 163091.8310999982059 ], [ 98105.719400003552437, 163075.330400001257658 ], [ 98113.969700001180172, 163038.719500001519918 ], [ 98117.450300000607967, 163022.992300000041723 ], [ 98128.407799996435642, 162996.307599999010563 ], [ 98136.013599999248981, 162973.876899998635054 ], [ 98143.232699997723103, 162956.473900001496077 ], [ 98146.971100002527237, 162946.547699999064207 ], [ 98152.514300003647804, 162935.590199999511242 ], [ 98157.413000002503395, 162929.789099998772144 ], [ 98171.335400000214577, 162919.089499998837709 ], [ 98188.351800002157688, 162905.811599999666214 ], [ 98201.371799997985363, 162895.369699999690056 ], [ 98212.329300001263618, 162884.670099999755621 ], [ 98232.052799999713898, 162864.946600001305342 ], [ 98242.494699999690056, 162853.473400000482798 ], [ 98258.737499997019768, 162847.414599999785423 ], [ 98280.39469999819994, 162840.453400000929832 ] ] ] } },
{ "type": "Feature", "properties": { "GEMID": "172", "PLANID": "172-D-009", "NR": "41", "IDWIJZIGIN": "172-00102", "TYPE": "PN", "TYPE_LABEL": "Nieuw deel bij verplaatsing", "DATUM": "1967-12-22T01:00:00", "LINK": "https://geodiensten.oost-vlaanderen.be/Bijlagen/Wijzigingen/172-00102-01.pdf", "CEVI_OID": 8884, "GEMEENTE": "Nukerke" }, "geometry": { "type": "MultiLineString", "coordinates": [ [ [ 97830.364100001752377, 163144.169199999421835 ], [ 97966.108000002801418, 163107.429400000721216 ], [ 98066.917000003159046, 163083.967500001192093 ] ] ] } },
{ "type": "Feature", "properties": { "GEMID": "172", "PLANID": "172-D-009", "NR": "41", "IDWIJZIGIN": "172-00102", "TYPE": "B", "TYPE_LABEL": "Verbreding", "DATUM": "1967-12-22T01:00:00", "LINK": "https://geodiensten.oost-vlaanderen.be/Bijlagen/Wijzigingen/172-00102-01.pdf", "CEVI_OID": 8885, "GEMEENTE": "Nukerke" }, "geometry": { "type": "MultiLineString", "coordinates": [ [ [ 97734.45380000025034, 163171.627399999648333 ], [ 97761.13849999755621, 163162.345800001174212 ], [ 97779.572899997234344, 163155.900199998170137 ], [ 97799.9408999979496, 163155.38459999859333 ], [ 97813.347699999809265, 163154.739999998360872 ], [ 97817.601800002157688, 163153.966499999165535 ], [ 97822.500399999320507, 163151.130499999970198 ], [ 97830.364100001752377, 163144.169199999421835 ], [ 97925.243000000715256, 163127.410700000822544 ], [ 97984.026799999177456, 163116.968899998813868 ], [ 98037.009499996900558, 163106.913800001144409 ], [ 98066.917000003159046, 163083.967500001192093 ], [ 98136.013599999248981, 162973.876899998635054 ] ] ] } },
{ "type": "Feature", "properties": { "GEMID": "172", "PLANID": "172-D-009", "NR": "41", "IDWIJZIGIN": "172-00102", "TYPE": "PA", "TYPE_LABEL": "Deels afgeschaft bij verplaatsing", "DATUM": "1967-12-22T01:00:00", "LINK": "https://geodiensten.oost-vlaanderen.be/Bijlagen/Wijzigingen/172-00102-01.pdf", "CEVI_OID": 8886, "GEMEENTE": "Nukerke" }, "geometry": { "type": "MultiLineString", "coordinates": [ [ [ 97830.364100001752377, 163144.169199999421835 ], [ 97925.243000000715256, 163127.410700000822544 ], [ 97984.026799999177456, 163116.968899998813868 ], [ 98037.009499996900558, 163106.913800001144409 ], [ 98066.917000003159046, 163083.967500001192093 ] ] ] } },
{ "type": "Feature", "properties": { "GEMID": "172", "PLANID": "172-D-009", "NR": "41", "IDWIJZIGIN": "172-00054", "TYPE": "B", "TYPE_LABEL": "Verbreding", "DATUM": "1909-01-22T01:00:00", "LINK": "https://geodiensten.oost-vlaanderen.be/Bijlagen/Wijzigingen/172-00054-01.pdf", "CEVI_OID": 8887, "GEMEENTE": "Nukerke" }, "geometry": { "type": "MultiLineString", "coordinates": [ [ [ 97697.58500000089407, 163189.67509999871254 ], [ 97713.699000000953674, 163184.002999998629093 ], [ 97722.465000003576279, 163180.135600000619888 ], [ 97734.45380000025034, 163171.627399999648333 ], [ 97747.215999998152256, 163162.60359999909997 ], [ 97755.595299996435642, 163157.318199999630451 ], [ 97758.6891999989748, 163156.157999999821186 ] ] ] } },
{ "type": "Feature", "properties": { "GEMID": "172", "PLANID": "172-D-009", "NR": "26", "IDWIJZIGIN": "172-00054", "TYPE": "B", "TYPE_LABEL": "Verbreding", "DATUM": "1909-01-22T01:00:00", "LINK": "https://geodiensten.oost-vlaanderen.be/Bijlagen/Wijzigingen/172-00054-01.pdf", "CEVI_OID": 8888, "GEMEENTE": "Nukerke" }, "geometry": { "type": "MultiLineString", "coordinates": [ [ [ 97697.58500000089407, 163189.67509999871254 ], [ 97675.79900000244379, 163198.570000000298023 ], [ 97672.962899997830391, 163200.116900000721216 ] ] ] } },
{ "type": "Feature", "properties": { "GEMID": "172", "PLANID": "172-D-009", "NR": "5", "IDWIJZIGIN": "172-00003", "TYPE": "W", "TYPE_LABEL": "Onbepaalde wijziging", "DATUM": "1861-10-04T01:00:00", "LINK": "https://geodiensten.oost-vlaanderen.be/Bijlagen/Wijzigingen/172-00003-01.pdf", "CEVI_OID": 8889, "GEMEENTE": "Nukerke" }, "geometry": { "type": "MultiLineString", "coordinates": [ [ [ 98181.132700003683567, 162514.693599998950958 ], [ 98217.743600003421307, 162520.623500000685453 ], [ 98590.169399999082088, 162577.215700000524521 ] ] ] } },
{ "type": "Feature", "properties": { "GEMID": "172", "PLANID": "172-D-009", "NR": "5", "IDWIJZIGIN": "172-00010", "TYPE": "S", "TYPE_LABEL": "Versmalling", "DATUM": "1893-03-03T01:00:00", "LINK": "https://geodiensten.oost-vlaanderen.be/Bijlagen/Wijzigingen/172-00010-01.pdf", "CEVI_OID": 8890, "GEMEENTE": "Nukerke" }, "geometry": { "type": "MultiLineString", "coordinates": [ [ [ 97915.703599996864796, 162477.695900000631809 ], [ 97927.950199998915195, 162475.375500001013279 ], [ 97951.025399997830391, 162477.309200000017881 ], [ 98181.132700003683567, 162514.693599998950958 ] ] ] } },
{ "type": "Feature", "properties": { "GEMID": "172", "PLANID": "172-D-009", "NR": "5", "IDWIJZIGIN": "172-00010", "TYPE": "S", "TYPE_LABEL": "Versmalling", "DATUM": "1893-03-03T01:00:00", "LINK": "https://geodiensten.oost-vlaanderen.be/Bijlagen/Wijzigingen/172-00010-01.pdf", "CEVI_OID": 8891, "GEMEENTE": "Nukerke" }, "geometry": { "type": "MultiLineString", "coordinates": [ [ [ 97616.370700001716614, 162380.238699998706579 ], [ 97644.731299996376038, 162388.875799998641014 ], [ 97687.787799999117851, 162403.056099999696016 ] ] ] } },
{ "type": "Feature", "properties": { "GEMID": "172", "PLANID": "172-D-009", "NR": "5", "IDWIJZIGIN": "172-00010", "TYPE": "S", "TYPE_LABEL": "Versmalling", "DATUM": "1893-03-03T01:00:00", "LINK": "https://geodiensten.oost-vlaanderen.be/Bijlagen/Wijzigingen/172-00010-01.pdf", "CEVI_OID": 8892, "GEMEENTE": "Nukerke" }, "geometry": { "type": "MultiLineString", "coordinates": [ [ [ 97447.496399998664856, 162315.267200000584126 ], [ 97458.840599998831749, 162320.552600000053644 ], [ 97481.271300002932549, 162331.638999998569489 ], [ 97501.768200002610683, 162339.889400001615286 ] ] ] } },
{ "type": "Feature", "properties": { "GEMID": "172", "PLANID": "172-D-009", "NR": "28", "IDWIJZIGIN": "172-00006", "TYPE": "B", "TYPE_LABEL": "Verbreding", "DATUM": "1882-11-11T01:00:00", "LINK": "https://geodiensten.oost-vlaanderen.be/Bijlagen/Wijzigingen/172-00006-01.pdf", "CEVI_OID": 8893, "GEMEENTE": "Nukerke" }, "geometry": { "type": "MultiLineString", "coordinates": [ [ [ 97644.731299996376038, 162388.875799998641014 ], [ 97638.414599999785423, 162401.895899999886751 ], [ 97610.182899996638298, 162446.241500001400709 ], [ 97599.612199999392033, 162456.941199999302626 ], [ 97585.818599998950958, 162466.480599999427795 ], [ 97574.345499999821186, 162473.312899999320507 ], [ 97521.749499998986721, 162497.677200000733137 ], [ 97440.019500002264977, 162541.249400001019239 ], [ 97437.828000001609325, 162546.534800000488758 ], [ 97438.085900001227856, 162555.6875 ] ] ] } },
{ "type": "Feature", "properties": { "GEMID": "172", "PLANID": "172-D-009", "NR": "28", "IDWIJZIGIN": "172-00008", "TYPE": "B", "TYPE_LABEL": "Verbreding", "DATUM": "1889-03-30T01:00:00", "LINK": "https://geodiensten.oost-vlaanderen.be/Bijlagen/Wijzigingen/172-00008-01.pdf", "CEVI_OID": 8894, "GEMEENTE": "Nukerke" }, "geometry": { "type": "MultiLineString", "coordinates": [ [ [ 97438.085900001227856, 162555.6875 ], [ 97381.880400002002716, 162602.224599998444319 ] ] ] } },
{ "type": "Feature", "properties": { "GEMID": "172", "PLANID": "172-D-009", "NR": "29", "IDWIJZIGIN": "172-00017", "TYPE": "S", "TYPE_LABEL": "Versmalling", "DATUM": "1899-10-20T01:00:00", "LINK": "https://geodiensten.oost-vlaanderen.be/Bijlagen/Wijzigingen/172-00017-01.pdf", "CEVI_OID": 8895, "GEMEENTE": "Nukerke" }, "geometry": { "type": "MultiLineString", "coordinates": [ [ [ 97497.385200001299381, 162683.438999999314547 ], [ 97498.158699996769428, 162692.591699998825788 ], [ 97487.072300001978874, 162711.283900000154972 ] ] ] } },
{ "type": "Feature", "properties": { "GEMID": "172", "PLANID": "172-D-009", "NR": "28", "IDWIJZIGIN": "172-00069", "TYPE": "B", "TYPE_LABEL": "Verbreding", "DATUM": "1935-01-25T01:00:00", "LINK": "https://geodiensten.oost-vlaanderen.be/Bijlagen/Wijzigingen/172-00069-01.pdf", "CEVI_OID": 8896, "GEMEENTE": "Nukerke" }, "geometry": { "type": "MultiLineString", "coordinates": [ [ [ 97734.196000002324581, 162194.863699998706579 ], [ 97664.583700001239777, 162352.264899998903275 ], [ 97644.731299996376038, 162388.875799998641014 ] ] ] } },
{ "type": "Feature", "properties": { "GEMID": "172", "PLANID": "172-D-009", "NR": "42", "IDWIJZIGIN": "172-00069", "TYPE": "B", "TYPE_LABEL": "Verbreding", "DATUM": "1935-01-25T01:00:00", "LINK": "https://geodiensten.oost-vlaanderen.be/Bijlagen/Wijzigingen/172-00069-01.pdf", "CEVI_OID": 8897, "GEMEENTE": "Nukerke" }, "geometry": { "type": "MultiLineString", "coordinates": [ [ [ 97734.196000002324581, 162194.863699998706579 ], [ 97742.704099997878075, 162183.390599999576807 ], [ 97768.0996999964118, 162168.565799999982119 ], [ 97785.37389999628067, 162159.799800001084805 ], [ 97812.832099996507168, 162149.744699999690056 ], [ 97820.953500002622604, 162147.553199999034405 ], [ 97844.802199997007847, 162146.650800000876188 ] ] ] } },
{ "type": "Feature", "properties": { "GEMID": "172", "PLANID": "172-D-009", "NR": "25", "IDWIJZIGIN": "172-00083", "TYPE": "B", "TYPE_LABEL": "Verbreding", "DATUM": "1958-05-09T01:00:00", "LINK": "https://geodiensten.oost-vlaanderen.be/Bijlagen/Wijzigingen/172-00083-01.pdf", "CEVI_OID": 8898, "GEMEENTE": "Nukerke" }, "geometry": { "type": "MultiLineString", "coordinates": [ [ [ 98366.636600002646446, 163167.24439999833703 ], [ 98355.679099999368191, 163123.285599999129772 ], [ 98355.421300001442432, 163071.205200001597404 ], [ 98354.261100001633167, 163061.407999999821186 ], [ 98351.03830000013113, 163050.837200000882149 ], [ 98332.217200003564358, 163020.156199999153614 ], [ 98322.419900000095367, 162988.959600001573563 ], [ 98301.793999999761581, 162936.879299998283386 ], [ 98294.96169999986887, 162906.198300000280142 ], [ 98280.39469999819994, 162840.453400000929832 ], [ 98253.58110000193119, 162770.583200000226498 ], [ 98254.870200000703335, 162759.754700001329184 ], [ 98252.807599999010563, 162738.226399999111891 ], [ 98246.10419999808073, 162719.534200001507998 ], [ 98231.5371999964118, 162691.302600000053644 ], [ 98147.228900000452995, 162636.386199999600649 ] ] ] } },
{ "type": "Feature", "properties": { "GEMID": "172", "PLANID": "172-D-009", "NR": "44", "IDWIJZIGIN": "172-00083", "TYPE": "B", "TYPE_LABEL": "Verbreding", "DATUM": "1958-05-09T01:00:00", "LINK": "https://geodiensten.oost-vlaanderen.be/Bijlagen/Wijzigingen/172-00083-01.pdf", "CEVI_OID": 8899, "GEMEENTE": "Nukerke" }, "geometry": { "type": "MultiLineString", "coordinates": [ [ [ 98280.39469999819994, 162840.453400000929832 ], [ 98447.335299998521805, 162848.574799999594688 ] ] ] } },
{ "type": "Feature", "properties": { "GEMID": "172", "PLANID": "172-D-009", "NR": "0", "IDWIJZIGIN": "172-00063", "TYPE": "N", "TYPE_LABEL": "Nieuwe weg", "DATUM": "1916-12-02T01:00:00", "LINK": "https://geodiensten.oost-vlaanderen.be/Bijlagen/Wijzigingen/172-00063-01.pdf", "CEVI_OID": 8900, "GEMEENTE": "Nukerke" }, "geometry": { "type": "MultiLineString", "coordinates": [ [ [ 98334.408699996769428, 163215.457400001585484 ], [ 98366.636600002646446, 163167.24439999833703 ], [ 98402.602899998426437, 163146.489700000733137 ], [ 98431.737000003457069, 163108.847500000149012 ] ] ] } },
{ "type": "Feature", "properties": { "GEMID": "172", "PLANID": "172-D-010", "NR": "142", "IDWIJZIGIN": "172-00062", "TYPE": "A", "TYPE_LABEL": "Afschaffing", "DATUM": "1914-07-03T01:00:00", "LINK": "https://geodiensten.oost-vlaanderen.be/Bijlagen/Wijzigingen/172-00062-01.pdf", "CEVI_OID": 8901, "GEMEENTE": "Nukerke" }, "geometry": { "type": "MultiLineString", "coordinates": [ [ [ 97072.750200003385544, 163005.073600001633167 ], [ 97150.870700001716614, 162982.642900001257658 ], [ 97178.973399996757507, 162974.263700000941753 ], [ 97190.962200000882149, 162966.657900001853704 ], [ 97195.731899999082088, 162960.470100000500679 ], [ 97201.532999999821186, 162951.317400000989437 ], [ 97209.525499999523163, 162934.043200001120567 ], [ 97213.134999997913837, 162922.312300000339746 ], [ 97214.553000003099442, 162909.16330000013113 ] ] ] } },
{ "type": "Feature", "properties": { "GEMID": "172", "PLANID": "172-D-010", "NR": "28", "IDWIJZIGIN": "172-00008", "TYPE": "B", "TYPE_LABEL": "Verbreding", "DATUM": "1889-03-30T01:00:00", "LINK": "https://geodiensten.oost-vlaanderen.be/Bijlagen/Wijzigingen/172-00008-01.pdf", "CEVI_OID": 8902, "GEMEENTE": "Nukerke" }, "geometry": { "type": "MultiLineString", "coordinates": [ [ [ 97207.72070000320673, 162674.801899999380112 ], [ 97219.451700001955032, 162671.450199998915195 ], [ 97267.922499999403954, 162651.855599999427795 ], [ 97313.041500002145767, 162633.679000001400709 ], [ 97370.793999999761581, 162609.959300000220537 ], [ 97434.734200000762939, 162559.683800000697374 ] ] ] } },
{ "type": "Feature", "properties": { "GEMID": "172", "PLANID": "172-D-010", "NR": "28", "IDWIJZIGIN": "172-00006", "TYPE": "B", "TYPE_LABEL": "Verbreding", "DATUM": "1882-11-11T01:00:00", "LINK": "https://geodiensten.oost-vlaanderen.be/Bijlagen/Wijzigingen/172-00006-01.pdf", "CEVI_OID": 8903, "GEMEENTE": "Nukerke" }, "geometry": { "type": "MultiLineString", "coordinates": [ [ [ 97434.734200000762939, 162559.683800000697374 ], [ 97436.023299999535084, 162547.823899999260902 ], [ 97438.472599998116493, 162542.925200000405312 ], [ 97441.308600001037121, 162539.831399999558926 ], [ 97448.269900001585484, 162535.964000001549721 ], [ 97524.585600003600121, 162498.837400000542402 ] ] ] } },
{ "type": "Feature", "properties": { "GEMID": "172", "PLANID": "172-D-010", "NR": "27", "IDWIJZIGIN": "172-00046", "TYPE": "B", "TYPE_LABEL": "Verbreding", "DATUM": "1902-10-03T01:00:00", "LINK": "https://geodiensten.oost-vlaanderen.be/Bijlagen/Wijzigingen/172-00046-01.pdf", "CEVI_OID": 8904, "GEMEENTE": "Nukerke" }, "geometry": { "type": "MultiLineString", "coordinates": [ [ [ 97056.636200003325939, 162075.36259999871254 ], [ 97064.886600002646446, 162091.605500001460314 ], [ 97079.711400002241135, 162140.205200001597404 ], [ 97094.923000000417233, 162179.523200001567602 ], [ 97105.751599997282028, 162205.176699999719858 ], [ 97124.443800002336502, 162241.01410000026226 ], [ 97150.483900003135204, 162302.118200000375509 ], [ 97168.015900000929832, 162346.077100001275539 ], [ 97180.133599996566772, 162380.238699998706579 ], [ 97188.255000002682209, 162408.728199999779463 ], [ 97197.92339999973774, 162449.464299999177456 ], [ 97203.079899996519089, 162471.379299998283386 ], [ 97207.72070000320673, 162498.708500001579523 ], [ 97209.267700001597404, 162516.4983000010252 ], [ 97208.107400000095367, 162540.604800000786781 ], [ 97206.173799999058247, 162563.551100000739098 ], [ 97207.72070000320673, 162674.801899999380112 ] ] ] } },
{ "type": "Feature", "properties": { "GEMID": "172", "PLANID": "172-D-010", "NR": "5", "IDWIJZIGIN": "172-00012", "TYPE": "B", "TYPE_LABEL": "Verbreding", "DATUM": "1897-11-27T01:00:00", "LINK": "https://geodiensten.oost-vlaanderen.be/Bijlagen/Wijzigingen/172-00012-01.pdf", "CEVI_OID": 8905, "GEMEENTE": "Nukerke" }, "geometry": { "type": "MultiLineString", "coordinates": [ [ [ 96202.983199998736382, 162019.5439000017941 ], [ 96247.844400003552437, 162014.38740000128746 ], [ 96305.854699999094009, 162004.203400000929832 ], [ 96358.708499997854233, 162000.335999999195337 ], [ 96413.495899997651577, 162001.367300000041723 ], [ 96424.066699996590614, 162004.719000000506639 ], [ 96470.217100001871586, 162021.993200000375509 ], [ 96522.039599999785423, 162035.399999998509884 ], [ 96632.001199997961521, 162055.63910000026226 ], [ 96699.293099999427795, 162057.572799999266863 ], [ 96772.257100000977516, 162065.694200001657009 ], [ 96813.637699998915195, 162069.561599999666214 ], [ 96826.786700002849102, 162069.948300000280142 ] ] ] } },
{ "type": "Feature", "properties": { "GEMID": "172", "PLANID": "172-D-010", "NR": "5", "IDWIJZIGIN": "172-00020", "TYPE": "B", "TYPE_LABEL": "Verbreding", "DATUM": "1901-05-10T01:00:00", "LINK": "https://geodiensten.oost-vlaanderen.be/Bijlagen/Wijzigingen/172-00020-01.pdf", "CEVI_OID": 8906, "GEMEENTE": "Nukerke" }, "geometry": { "type": "MultiLineString", "coordinates": [ [ [ 96202.983199998736382, 162019.5439000017941 ], [ 96247.844400003552437, 162014.38740000128746 ], [ 96305.854699999094009, 162004.203400000929832 ], [ 96358.708499997854233, 162000.335999999195337 ], [ 96413.495899997651577, 162001.367300000041723 ], [ 96424.066699996590614, 162004.719000000506639 ], [ 96470.217100001871586, 162021.993200000375509 ], [ 96522.039599999785423, 162035.399999998509884 ], [ 96632.001199997961521, 162055.63910000026226 ], [ 96699.293099999427795, 162057.572799999266863 ], [ 96772.257100000977516, 162065.694200001657009 ], [ 96813.637699998915195, 162069.561599999666214 ], [ 96826.786700002849102, 162069.948300000280142 ] ] ] } },
{ "type": "Feature", "properties": { "GEMID": "172", "PLANID": "172-D-010", "NR": "45", "IDWIJZIGIN": "172-00044", "TYPE": "B", "TYPE_LABEL": "Verbreding", "DATUM": "1902-02-07T01:00:00", "LINK": "https://geodiensten.oost-vlaanderen.be/Bijlagen/Wijzigingen/172-00044-01.pdf", "CEVI_OID": 8907, "GEMEENTE": "Nukerke" }, "geometry": { "type": "MultiLineString", "coordinates": [ [ [ 96202.983199998736382, 162019.5439000017941 ], [ 96240.367600001394749, 162116.227600000798702 ], [ 96256.094800002872944, 162164.182799998670816 ], [ 96265.376400001347065, 162187.000100001692772 ], [ 96293.092399999499321, 162232.377000000327826 ], [ 96306.885999999940395, 162255.9679000005126 ], [ 96319.390399999916553, 162276.593699999153614 ], [ 96328.543099999427795, 162294.383499998599291 ], [ 96330.347900003194809, 162306.243400000035763 ], [ 96333.055100001394749, 162326.224700000137091 ], [ 96332.023800000548363, 162339.631499998271465 ], [ 96330.347900003194809, 162354.843100000172853 ], [ 96325.578199997544289, 162384.234999999403954 ], [ 96323.902300000190735, 162388.489100001752377 ] ] ] } },
{ "type": "Feature", "properties": { "GEMID": "172", "PLANID": "172-D-010", "NR": "90", "IDWIJZIGIN": "172-00078", "TYPE": "A", "TYPE_LABEL": "Afschaffing", "DATUM": "1954-04-02T01:00:00", "LINK": "https://geodiensten.oost-vlaanderen.be/Bijlagen/Wijzigingen/172-00078-01.pdf", "CEVI_OID": 8908, "GEMEENTE": "Nukerke" }, "geometry": { "type": "MultiLineString", "coordinates": [ [ [ 96323.902300000190735, 162388.489100001752377 ], [ 96356.645900003612041, 162415.689399998635054 ], [ 96352.778499998152256, 162418.783300001174212 ], [ 96385.522100001573563, 162490.200399998575449 ] ] ] } },
{ "type": "Feature", "properties": { "GEMID": "172", "PLANID": "172-D-010", "NR": "45", "IDWIJZIGIN": "172-00046", "TYPE": "B", "TYPE_LABEL": "Verbreding", "DATUM": "1902-10-03T01:00:00", "LINK": "https://geodiensten.oost-vlaanderen.be/Bijlagen/Wijzigingen/172-00046-01.pdf", "CEVI_OID": 8909, "GEMEENTE": "Nukerke" }, "geometry": { "type": "MultiLineString", "coordinates": [ [ [ 96459.25959999859333, 162539.831399999558926 ], [ 96464.673900000751019, 162542.280699998140335 ], [ 96489.940600000321865, 162556.718800000846386 ], [ 96507.859300002455711, 162566.000399999320507 ], [ 96516.367399998009205, 162570.512299999594688 ], [ 96531.707900002598763, 162581.212000001221895 ], [ 96538.540299996733665, 162586.626299999654293 ], [ 96563.291299998760223, 162609.701499998569489 ], [ 96600.031099997460842, 162645.281100001186132 ], [ 96625.813400000333786, 162669.516499999910593 ], [ 96639.220299996435642, 162683.181099999696016 ], [ 96642.829800002276897, 162687.950899999588728 ] ] ] } },
{ "type": "Feature", "properties": { "GEMID": "172", "PLANID": "172-D-010", "NR": "28", "IDWIJZIGIN": "172-00046", "TYPE": "B", "TYPE_LABEL": "Verbreding", "DATUM": "1902-10-03T01:00:00", "LINK": "https://geodiensten.oost-vlaanderen.be/Bijlagen/Wijzigingen/172-00046-01.pdf", "CEVI_OID": 8910, "GEMEENTE": "Nukerke" }, "geometry": { "type": "MultiLineString", "coordinates": [ [ [ 96809.125799998641014, 162506.185400001704693 ], [ 96736.677500002086163, 162578.633799999952316 ], [ 96721.208099998533726, 162611.377300001680851 ], [ 96715.793799996376038, 162624.139600001275539 ], [ 96707.027800001204014, 162644.636500000953674 ], [ 96697.488300003111362, 162658.687899999320507 ], [ 96688.464500002563, 162667.840599998831749 ], [ 96676.604599997401237, 162676.090999998152256 ], [ 96667.967600002884865, 162680.602899998426437 ], [ 96642.829800002276897, 162687.950899999588728 ], [ 96629.680799998342991, 162697.490299999713898 ], [ 96584.561700001358986, 162721.596799999475479 ], [ 96559.939599998295307, 162735.390399999916553 ], [ 96543.052199997007847, 162744.800900001078844 ], [ 96527.196000002324581, 162751.633200000971556 ], [ 96520.36370000243187, 162753.051300000399351 ], [ 96513.015699997544289, 162753.051300000399351 ], [ 96494.839199997484684, 162747.508099999278784 ], [ 96484.397399999201298, 162742.996100001037121 ], [ 96475.244599997997284, 162736.163800001144409 ], [ 96467.896700002253056, 162723.014800000935793 ], [ 96456.552400000393391, 162700.584199998527765 ], [ 96450.622500002384186, 162691.560400001704693 ], [ 96443.403399996459484, 162686.017200000584126 ], [ 96434.766400001943111, 162682.923300001770258 ], [ 96429.738799996674061, 162681.505300000309944 ], [ 96422.390799999237061, 162684.212400000542402 ], [ 96400.089100003242493, 162698.392700001597404 ], [ 96367.732299998402596, 162722.885899998247623 ], [ 96348.911200001835823, 162737.066199999302626 ], [ 96283.553000003099442, 162781.669599998742342 ], [ 96251.454000003635883, 162802.940099999308586 ] ] ] } },
{ "type": "Feature", "properties": { "GEMID": "172", "PLANID": "172-D-010", "NR": "28", "IDWIJZIGIN": "172-00044", "TYPE": "B", "TYPE_LABEL": "Verbreding", "DATUM": "1902-02-07T01:00:00", "LINK": "https://geodiensten.oost-vlaanderen.be/Bijlagen/Wijzigingen/172-00044-01.pdf", "CEVI_OID": 8911, "GEMEENTE": "Nukerke" }, "geometry": { "type": "MultiLineString", "coordinates": [ [ [ 96367.732299998402596, 162722.885899998247623 ], [ 96348.911200001835823, 162737.066199999302626 ], [ 96283.553000003099442, 162781.669599998742342 ], [ 96251.454000003635883, 162802.940099999308586 ] ] ] } },
{ "type": "Feature", "properties": { "GEMID": "172", "PLANID": "172-D-010", "NR": "28", "IDWIJZIGIN": "172-00085", "TYPE": "B", "TYPE_LABEL": "Verbreding", "DATUM": "1958-05-02T01:00:00", "LINK": "https://geodiensten.oost-vlaanderen.be/Bijlagen/Wijzigingen/172-00085-01.pdf", "CEVI_OID": 8912, "GEMEENTE": "Nukerke" }, "geometry": { "type": "MultiLineString", "coordinates": [ [ [ 96928.755900003015995, 162517.142900001257658 ], [ 96923.857199996709824, 162515.724899999797344 ], [ 96897.946000002324581, 162508.892599999904633 ], [ 96883.379000000655651, 162506.701099999248981 ], [ 96852.440200001001358, 162508.505800001323223 ], [ 96837.744199998676777, 162507.216699998825788 ] ] ] } },
{ "type": "Feature", "properties": { "GEMID": "172", "PLANID": "172-D-010", "NR": "27", "IDWIJZIGIN": "172-00008", "TYPE": "B", "TYPE_LABEL": "Verbreding", "DATUM": "1889-03-30T01:00:00", "LINK": "https://geodiensten.oost-vlaanderen.be/Bijlagen/Wijzigingen/172-00008-01.pdf", "CEVI_OID": 8913, "GEMEENTE": "Nukerke" }, "geometry": { "type": "MultiLineString", "coordinates": [ [ [ 97207.72070000320673, 162674.801899999380112 ], [ 97208.365299999713898, 162713.99100000038743 ], [ 97207.205099999904633, 162728.815900001674891 ], [ 97206.818300001323223, 162758.723400000482798 ], [ 97191.606799997389317, 162793.658399999141693 ] ] ] } },
{ "type": "Feature", "properties": { "GEMID": "172", "PLANID": "172-D-010", "NR": "105", "IDWIJZIGIN": "172-00079", "TYPE": "PA", "TYPE_LABEL": "Deels afgeschaft bij verplaatsing", "DATUM": "1954-04-16T01:00:00", "LINK": "https://geodiensten.oost-vlaanderen.be/Bijlagen/Wijzigingen/172-00079-01.pdf", "CEVI_OID": 8914, "GEMEENTE": "Nukerke" }, "geometry": { "type": "MultiLineString", "coordinates": [ [ [ 96179.005599997937679, 162731.651900000870228 ], [ 96274.915899999439716, 162634.194699998944998 ], [ 96308.432899996638298, 162509.40819999948144 ] ] ] } },
{ "type": "Feature", "properties": { "GEMID": "172", "PLANID": "172-D-010", "NR": "105", "IDWIJZIGIN": "172-00079", "TYPE": "PN", "TYPE_LABEL": "Nieuw deel bij verplaatsing", "DATUM": "1954-04-16T01:00:00", "LINK": "https://geodiensten.oost-vlaanderen.be/Bijlagen/Wijzigingen/172-00079-01.pdf", "CEVI_OID": 8915, "GEMEENTE": "Nukerke" }, "geometry": { "type": "MultiLineString", "coordinates": [ [ [ 96117.256899997591972, 162674.673000000417233 ], [ 96253.129799999296665, 162511.986400000751019 ], [ 96308.432899996638298, 162509.40819999948144 ] ] ] } },
{ "type": "Feature", "properties": { "GEMID": "172", "PLANID": "172-D-010", "NR": "105", "IDWIJZIGIN": "172-00111", "TYPE": "A", "TYPE_LABEL": "Afschaffing", "DATUM": "1978-05-26T02:00:00", "LINK": "https://geodiensten.oost-vlaanderen.be/Bijlagen/Wijzigingen/172-00111-01.pdf", "CEVI_OID": 8916, "GEMEENTE": "Nukerke" }, "geometry": { "type": "MultiLineString", "coordinates": [ [ [ 96117.256899997591972, 162674.673000000417233 ], [ 96253.129799999296665, 162511.986400000751019 ], [ 96308.432899996638298, 162509.40819999948144 ] ] ] } },
{ "type": "Feature", "properties": { "GEMID": "172", "PLANID": "172-D-010", "NR": "39", "IDWIJZIGIN": "172-00062", "TYPE": "A", "TYPE_LABEL": "Afschaffing", "DATUM": "1914-07-03T01:00:00", "LINK": "https://geodiensten.oost-vlaanderen.be/Bijlagen/Wijzigingen/172-00062-01.pdf", "CEVI_OID": 8917, "GEMEENTE": "Nukerke" }, "geometry": { "type": "MultiLineString", "coordinates": [ [ [ 97416.428700000047684, 163131.793699998408556 ], [ 97349.265699997544289, 163206.820300001651049 ] ] ] } },
{ "type": "Feature", "properties": { "GEMID": "172", "PLANID": "172-D-011", "NR": "135", "IDWIJZIGIN": "172-00104", "TYPE": "A", "TYPE_LABEL": "Afschaffing", "DATUM": "1972-09-01T02:00:00", "LINK": "https://geodiensten.oost-vlaanderen.be/Bijlagen/Wijzigingen/172-00104-01.pdf", "CEVI_OID": 8918, "GEMEENTE": "Nukerke" }, "geometry": { "type": "MultiLineString", "coordinates": [ [ [ 94975.228500001132488, 161890.632199998944998 ], [ 94916.186899997293949, 161969.268300000578165 ] ] ] } },
{ "type": "Feature", "properties": { "GEMID": "172", "PLANID": "172-D-011", "NR": "133", "IDWIJZIGIN": "172-00100", "TYPE": "A", "TYPE_LABEL": "Afschaffing", "DATUM": "1967-03-10T01:00:00", "LINK": "https://geodiensten.oost-vlaanderen.be/Bijlagen/Wijzigingen/172-00100-01.pdf", "CEVI_OID": 8919, "GEMEENTE": "Nukerke" }, "geometry": { "type": "MultiLineString", "coordinates": [ [ [ 95077.842200003564358, 162297.090700000524521 ], [ 95157.122800000011921, 162314.880499999970198 ] ] ] } },
{ "type": "Feature", "properties": { "GEMID": "172", "PLANID": "172-D-011", "NR": "1", "IDWIJZIGIN": "172-00001", "TYPE": "S", "TYPE_LABEL": "Versmalling", "DATUM": "1850-07-16T01:00:00", "LINK": "https://geodiensten.oost-vlaanderen.be/Bijlagen/Wijzigingen/172-00001-03.pdf", "CEVI_OID": 8920, "GEMEENTE": "Nukerke" }, "geometry": { "type": "MultiLineString", "coordinates": [ [ [ 94944.676399998366833, 162017.094500001519918 ], [ 94974.841700002551079, 162046.099700000137091 ], [ 95153.899999998509884, 162308.177099999040365 ], [ 95157.122800000011921, 162314.880499999970198 ], [ 95107.749700002372265, 162397.899599999189377 ] ] ] } },
{ "type": "Feature", "properties": { "GEMID": "172", "PLANID": "172-D-011", "NR": "19", "IDWIJZIGIN": "172-00044", "TYPE": "B", "TYPE_LABEL": "Verbreding", "DATUM": "1902-02-07T01:00:00", "LINK": "https://geodiensten.oost-vlaanderen.be/Bijlagen/Wijzigingen/172-00044-01.pdf", "CEVI_OID": 8921, "GEMEENTE": "Nukerke" }, "geometry": { "type": "MultiLineString", "coordinates": [ [ [ 95159.314300000667572, 162322.872999999672174 ], [ 95195.796300001442432, 162372.890700001269579 ], [ 95251.872900001704693, 162444.823499999940395 ], [ 95300.214800000190735, 162507.861299999058247 ], [ 95330.89580000191927, 162554.914000000804663 ], [ 95350.232500001788139, 162588.431099999696016 ], [ 95356.678099997341633, 162598.743999999016523 ], [ 95364.026100002229214, 162608.670200001448393 ], [ 95369.827100001275539, 162613.182100001722574 ], [ 95374.983599998056889, 162615.502500001341105 ], [ 95387.616899996995926, 162618.725299999117851 ], [ 95407.340400002896786, 162622.592599999159575 ], [ 95415.7195999994874, 162624.526299998164177 ], [ 95426.290399998426437, 162630.327300000935793 ], [ 95436.990099996328354, 162638.964400000870228 ], [ 95432.478200003504753, 162652.242300000041723 ], [ 95420.231499999761581, 162680.345100000500679 ], [ 95410.176399998366833, 162698.134899999946356 ], [ 95404.246500000357628, 162707.158700000494719 ] ] ] } },
{ "type": "Feature", "properties": { "GEMID": "172", "PLANID": "172-D-011", "NR": "143", "IDWIJZIGIN": "172-00091", "TYPE": "A", "TYPE_LABEL": "Afschaffing", "DATUM": "1961-05-26T01:00:00", "LINK": "https://geodiensten.oost-vlaanderen.be/Bijlagen/Wijzigingen/172-00091-01.pdf", "CEVI_OID": 8922, "GEMEENTE": "Nukerke" }, "geometry": { "type": "MultiLineString", "coordinates": [ [ [ 95175.041599996387959, 162930.562600001692772 ], [ 95068.302699998021126, 162812.221700001507998 ] ] ] } },
{ "type": "Feature", "properties": { "GEMID": "172", "PLANID": "172-D-011", "NR": "144", "IDWIJZIGIN": "172-00062", "TYPE": "A", "TYPE_LABEL": "Afschaffing", "DATUM": "1914-07-03T01:00:00", "LINK": "https://geodiensten.oost-vlaanderen.be/Bijlagen/Wijzigingen/172-00062-01.pdf", "CEVI_OID": 8923, "GEMEENTE": "Nukerke" }, "geometry": { "type": "MultiLineString", "coordinates": [ [ [ 95942.194899998605251, 162999.27250000089407 ], [ 95956.246299996972084, 162998.112300001084805 ], [ 95962.949699997901917, 163004.815699998289347 ], [ 95971.58669999986887, 163010.230000000447035 ], [ 95981.77080000191927, 163014.226300001144409 ], [ 95988.474200002849102, 163016.160000000149012 ], [ 95999.044900000095367, 163017.449099998921156 ], [ 96009.486800000071526, 163017.449099998921156 ], [ 96015.41669999808073, 163017.706900000572205 ], [ 96020.18639999628067, 163019.898400001227856 ], [ 96027.276600003242493, 163026.601799998432398 ], [ 96032.819799996912479, 163034.981100000441074 ], [ 96037.202799998223782, 163045.422899998724461 ], [ 96040.683399997651577, 163059.732099998742342 ], [ 96046.355499997735023, 163075.072599999606609 ], [ 96054.73480000346899, 163081.776000000536442 ], [ 96061.696000002324581, 163084.998799998313189 ], [ 96066.85249999910593, 163087.319200001657009 ] ] ] } },
{ "type": "Feature", "properties": { "GEMID": "172", "PLANID": "172-D-011", "NR": "12", "IDWIJZIGIN": "172-00072", "TYPE": "B", "TYPE_LABEL": "Verbreding", "DATUM": "1939-08-30T01:00:00", "LINK": "https://geodiensten.oost-vlaanderen.be/Bijlagen/Wijzigingen/172-00072-01.pdf", "CEVI_OID": 8924, "GEMEENTE": "Nukerke" }, "geometry": { "type": "MultiLineString", "coordinates": [ [ [ 96078.454499997198582, 163154.997800000011921 ], [ 96071.106499999761581, 163134.629799999296665 ], [ 96066.207900002598763, 163115.808699999004602 ], [ 96065.434399999678135, 163104.980099998414516 ], [ 96065.692299999296665, 163093.764800000935793 ], [ 96066.85249999910593, 163087.319200001657009 ], [ 96068.657200001180172, 163081.131400000303984 ], [ 96069.559600003063679, 163079.584499999880791 ] ] ] } },
{ "type": "Feature", "properties": { "GEMID": "172", "PLANID": "172-D-011", "NR": "109", "IDWIJZIGIN": "172-00110", "TYPE": "A", "TYPE_LABEL": "Afschaffing", "DATUM": "1979-11-30T01:00:00", "LINK": "https://geodiensten.oost-vlaanderen.be/Bijlagen/Wijzigingen/172-00110-02.pdf", "CEVI_OID": 8925, "GEMEENTE": "Nukerke" }, "geometry": { "type": "MultiLineString", "coordinates": [ [ [ 95719.693300001323223, 162343.62779999896884 ], [ 95747.151500001549721, 162306.114500001072884 ] ] ] } },
{ "type": "Feature", "properties": { "GEMID": "172", "PLANID": "172-D-011", "NR": "19", "IDWIJZIGIN": "172-00044", "TYPE": "B", "TYPE_LABEL": "Verbreding", "DATUM": "1902-02-07T01:00:00", "LINK": "https://geodiensten.oost-vlaanderen.be/Bijlagen/Wijzigingen/172-00044-01.pdf", "CEVI_OID": 8926, "GEMEENTE": "Nukerke" }, "geometry": { "type": "MultiLineString", "coordinates": [ [ [ 95779.637299999594688, 163022.992300000041723 ], [ 95789.950199998915195, 163033.691899999976158 ], [ 95811.607400000095367, 163055.864799998700619 ], [ 95819.471000000834465, 163069.529399998486042 ], [ 95839.323399998247623, 163104.335499998182058 ], [ 95853.503700003027916, 163127.668600000441074 ], [ 95861.88289999961853, 163141.462099999189377 ], [ 95866.137000001966953, 163146.618599999696016 ], [ 95872.711499996483326, 163153.19310000166297 ], [ 95882.379900000989437, 163161.701200000941753 ] ] ] } },
{ "type": "Feature", "properties": { "GEMID": "172", "PLANID": "172-D-011", "NR": "24", "IDWIJZIGIN": "172-00044", "TYPE": "B", "TYPE_LABEL": "Verbreding", "DATUM": "1902-02-07T01:00:00", "LINK": "https://geodiensten.oost-vlaanderen.be/Bijlagen/Wijzigingen/172-00044-01.pdf", "CEVI_OID": 8927, "GEMEENTE": "Nukerke" }, "geometry": { "type": "MultiLineString", "coordinates": [ [ [ 95729.619499996304512, 162868.813900001347065 ], [ 95734.518200002610683, 162880.931600000709295 ], [ 95743.284199997782707, 162905.682700000703335 ], [ 95761.202899999916553, 162938.555100001394749 ], [ 95770.355599999427795, 162952.348700001835823 ], [ 95776.156700000166893, 162959.567699998617172 ], [ 95777.574699997901917, 163003.526599999517202 ], [ 95779.637299999594688, 163022.992300000041723 ] ] ] } },
{ "type": "Feature", "properties": { "GEMID": "172", "PLANID": "172-D-011", "NR": "24", "IDWIJZIGIN": "172-00050", "TYPE": "PN", "TYPE_LABEL": "Nieuw deel bij verplaatsing", "DATUM": "1907-02-15T01:00:00", "LINK": "https://geodiensten.oost-vlaanderen.be/Bijlagen/Wijzigingen/172-00050-01.pdf", "CEVI_OID": 8928, "GEMEENTE": "Nukerke" }, "geometry": { "type": "MultiLineString", "coordinates": [ [ [ 95721.498099997639656, 162840.711199998855591 ], [ 95720.59570000320673, 162793.013900000602007 ] ] ] } },
{ "type": "Feature", "properties": { "GEMID": "172", "PLANID": "172-D-011", "NR": "24", "IDWIJZIGIN": "172-00050", "TYPE": "PA", "TYPE_LABEL": "Deels afgeschaft bij verplaatsing", "DATUM": "1907-02-15T01:00:00", "LINK": "https://geodiensten.oost-vlaanderen.be/Bijlagen/Wijzigingen/172-00050-01.pdf", "CEVI_OID": 8929, "GEMEENTE": "Nukerke" }, "geometry": { "type": "MultiLineString", "coordinates": [ [ [ 95720.59570000320673, 162793.013900000602007 ], [ 95718.017499998211861, 162808.612199999392033 ], [ 95717.630800001323223, 162821.24549999833107 ], [ 95721.498099997639656, 162840.711199998855591 ] ] ] } },
{ "type": "Feature", "properties": { "GEMID": "172", "PLANID": "172-D-011", "NR": "24", "IDWIJZIGIN": "172-00050", "TYPE": "B", "TYPE_LABEL": "Verbreding", "DATUM": "1907-02-15T01:00:00", "LINK": "https://geodiensten.oost-vlaanderen.be/Bijlagen/Wijzigingen/172-00050-01.pdf", "CEVI_OID": 8930, "GEMEENTE": "Nukerke" }, "geometry": { "type": "MultiLineString", "coordinates": [ [ [ 95776.414499998092651, 162628.651500001549721 ], [ 95763.136600002646446, 162657.012099999934435 ], [ 95732.971199996769428, 162717.729499999433756 ], [ 95724.592000000178814, 162732.683200001716614 ], [ 95720.724600002169609, 162744.543099999427795 ], [ 95721.111400000751019, 162779.99379999935627 ], [ 95720.59570000320673, 162793.013900000602007 ], [ 95718.017499998211861, 162808.612199999392033 ], [ 95717.630800001323223, 162821.24549999833107 ], [ 95721.498099997639656, 162840.711199998855591 ], [ 95729.619499996304512, 162868.813900001347065 ] ] ] } },
{ "type": "Feature", "properties": { "GEMID": "172", "PLANID": "172-D-011", "NR": "131", "IDWIJZIGIN": "172-00115", "TYPE": "PN", "TYPE_LABEL": "Nieuw deel bij verplaatsing", "DATUM": "1995-02-23T01:00:00", "LINK": "https://geodiensten.oost-vlaanderen.be/Bijlagen/Wijzigingen/172-00115-01.pdf", "CEVI_OID": 8931, "GEMEENTE": "Nukerke" }, "geometry": { "type": "MultiLineString", "coordinates": [ [ [ 94816.667099997401237, 162938.684099998325109 ], [ 94830.331799998879433, 162911.870400000363588 ], [ 94838.066500000655651, 162866.751299999654293 ] ] ] } },
{ "type": "Feature", "properties": { "GEMID": "172", "PLANID": "172-D-011", "NR": "131", "IDWIJZIGIN": "172-00058", "TYPE": "PN", "TYPE_LABEL": "Nieuw deel bij verplaatsing", "DATUM": "1910-01-14T01:00:00", "LINK": "https://geodiensten.oost-vlaanderen.be/Bijlagen/Wijzigingen/172-00058-01.pdf", "CEVI_OID": 8932, "GEMEENTE": "Nukerke" }, "geometry": { "type": "MultiLineString", "coordinates": [ [ [ 94846.316799998283386, 162848.832600001245737 ], [ 94847.476999998092651, 162825.370700001716614 ] ] ] } },
{ "type": "Feature", "properties": { "GEMID": "172", "PLANID": "172-D-011", "NR": "131", "IDWIJZIGIN": "172-00115", "TYPE": "B", "TYPE_LABEL": "Verbreding", "DATUM": "1995-02-23T01:00:00", "LINK": "https://geodiensten.oost-vlaanderen.be/Bijlagen/Wijzigingen/172-00115-01.pdf", "CEVI_OID": 8933, "GEMEENTE": "Nukerke" }, "geometry": { "type": "MultiLineString", "coordinates": [ [ [ 94837.679700002074242, 162790.951299998909235 ], [ 94847.476999998092651, 162825.370700001716614 ], [ 94848.508299998939037, 162829.109099999070168 ], [ 94849.152900002896786, 162840.84010000154376 ], [ 94846.316799998283386, 162848.832600001245737 ], [ 94845.285499997437, 162852.055399999022484 ], [ 94838.066500000655651, 162866.751299999654293 ], [ 94832.523299999535084, 162876.548599999397993 ], [ 94827.495700001716614, 162885.314599998295307 ], [ 94823.757299996912479, 162896.143199998885393 ], [ 94821.694700002670288, 162907.229600001126528 ], [ 94816.667099997401237, 162938.684099998325109 ] ] ] } },
{ "type": "Feature", "properties": { "GEMID": "172", "PLANID": "172-D-011", "NR": "131", "IDWIJZIGIN": "172-00115", "TYPE": "PA", "TYPE_LABEL": "Deels afgeschaft bij verplaatsing", "DATUM": "1995-02-23T01:00:00", "LINK": "https://geodiensten.oost-vlaanderen.be/Bijlagen/Wijzigingen/172-00115-01.pdf", "CEVI_OID": 8934, "GEMEENTE": "Nukerke" }, "geometry": { "type": "MultiLineString", "coordinates": [ [ [ 94838.066500000655651, 162866.751299999654293 ], [ 94832.523299999535084, 162876.548599999397993 ], [ 94827.495700001716614, 162885.314599998295307 ], [ 94823.757299996912479, 162896.143199998885393 ], [ 94821.694700002670288, 162907.229600001126528 ], [ 94816.667099997401237, 162938.684099998325109 ] ] ] } },
{ "type": "Feature", "properties": { "GEMID": "172", "PLANID": "172-D-011", "NR": "131", "IDWIJZIGIN": "172-00058", "TYPE": "PA", "TYPE_LABEL": "Deels afgeschaft bij verplaatsing", "DATUM": "1910-01-14T01:00:00", "LINK": "https://geodiensten.oost-vlaanderen.be/Bijlagen/Wijzigingen/172-00058-01.pdf", "CEVI_OID": 8935, "GEMEENTE": "Nukerke" }, "geometry": { "type": "MultiLineString", "coordinates": [ [ [ 94847.476999998092651, 162825.370700001716614 ], [ 94848.508299998939037, 162829.109099999070168 ], [ 94849.152900002896786, 162840.84010000154376 ], [ 94846.316799998283386, 162848.832600001245737 ] ] ] } },
{ "type": "Feature", "properties": { "GEMID": "172", "PLANID": "172-D-011", "NR": "4", "IDWIJZIGIN": "172-00068", "TYPE": "B", "TYPE_LABEL": "Verbreding", "DATUM": "1934-03-30T01:00:00", "LINK": "https://geodiensten.oost-vlaanderen.be/Bijlagen/Wijzigingen/172-00068-01.pdf", "CEVI_OID": 8936, "GEMEENTE": "Nukerke" }, "geometry": { "type": "MultiLineString", "coordinates": [ [ [ 94910.256999999284744, 161959.986699998378754 ], [ 94886.5371999964118, 162046.099700000137091 ], [ 94877.1266999989748, 162078.327599998563528 ], [ 94862.946400001645088, 162101.660599999129772 ], [ 94849.410700000822544, 162118.934799998998642 ], [ 94829.945000000298023, 162139.431699998676777 ], [ 94808.030000001192093, 162158.510600000619888 ], [ 94761.492899999022484, 162190.094000000506639 ], [ 94745.894599996507168, 162207.110300000756979 ], [ 94733.776900000870228, 162223.095400001853704 ], [ 94726.686800003051758, 162235.728700000792742 ], [ 94710.443899996578693, 162274.531100001186132 ], [ 94690.075900003314018, 162337.440000001341105 ], [ 94685.950699999928474, 162364.253699999302626 ], [ 94684.790500000119209, 162396.99720000103116 ], [ 94684.790500000119209, 162415.818300001323223 ], [ 94688.271099999547005, 162468.156500000506639 ], [ 94680.665299996733665, 162523.97520000115037 ], [ 94683.372500002384186, 162580.567400000989437 ], [ 94684.790500000119209, 162605.576299998909235 ], [ 94686.724200002849102, 162641.155900001525879 ], [ 94685.177199997007847, 162648.375 ], [ 94681.052100002765656, 162657.012099999934435 ], [ 94675.379900000989437, 162669.129799999296665 ], [ 94664.164599999785423, 162715.795800000429153 ], [ 94661.070699997246265, 162738.097500000149012 ], [ 94658.879199996590614, 162801.393100000917912 ], [ 94651.660199999809265, 162845.86769999936223 ], [ 94647.148299999535084, 162861.981600001454353 ], [ 94641.862899996340275, 162873.325800001621246 ], [ 94631.678900003433228, 162888.408500000834465 ], [ 94620.721400000154972, 162900.526200000196695 ], [ 94598.548600003123283, 162924.245900001376867 ] ] ] } },
{ "type": "Feature", "properties": { "GEMID": "210", "PLANID": "210-D-001", "NR": "0", "IDWIJZIGIN": "210-00031", "TYPE": "N", "TYPE_LABEL": "Nieuwe weg", "DATUM": "1930-02-07T01:00:00", "LINK": "https://geodiensten.oost-vlaanderen.be/Bijlagen/Wijzigingen/210-00031-01.pdf", "CEVI_OID": 10877, "GEMEENTE": "Schorisse" }, "geometry": { "type": "MultiLineString", "coordinates": [ [ [ 102676.411399997770786, 166787.857500001788139 ], [ 102640.960699997842312, 166799.330600000917912 ], [ 102602.673900000751019, 166813.253100000321865 ], [ 102562.840199999511242, 166831.42960000038147 ], [ 102500.833700001239777, 166868.29839999973774 ] ] ] } },
{ "type": "Feature", "properties": { "GEMID": "210", "PLANID": "210-D-001", "NR": "11", "IDWIJZIGIN": "210-00030", "TYPE": "B", "TYPE_LABEL": "Verbreding", "DATUM": "1928-08-10T01:00:00", "LINK": "https://geodiensten.oost-vlaanderen.be/Bijlagen/Wijzigingen/210-00030-01.pdf", "CEVI_OID": 10878, "GEMEENTE": "Schorisse" }, "geometry": { "type": "MultiLineString", "coordinates": [ [ [ 102481.625900000333786, 166828.464699998497963 ], [ 102476.211599998176098, 166815.831300001591444 ], [ 102465.254100002348423, 166788.631000000983477 ], [ 102450.042499996721745, 166748.023800000548363 ], [ 102441.4054000005126, 166723.788400001823902 ], [ 102426.580600000917912, 166688.079900000244379 ], [ 102407.243900001049042, 166643.734299998730421 ], [ 102399.251299999654293, 166625.299899999052286 ] ] ] } },
{ "type": "Feature", "properties": { "GEMID": "210", "PLANID": "210-D-001", "NR": "19", "IDWIJZIGIN": "210-00023", "TYPE": "B", "TYPE_LABEL": "Verbreding", "DATUM": "1914-10-02T01:00:00", "LINK": "https://geodiensten.oost-vlaanderen.be/Bijlagen/Wijzigingen/210-00023-01.pdf", "CEVI_OID": 10879, "GEMEENTE": "Schorisse" }, "geometry": { "type": "MultiLineString", "coordinates": [ [ [ 102328.092100001871586, 166446.628299999982119 ], [ 102340.467600002884865, 166452.300400000065565 ], [ 102370.761900000274181, 166456.425599999725819 ], [ 102437.924800001084805, 166462.097699999809265 ], [ 102484.848700001835823, 166454.749699998646975 ], [ 102497.997699998319149, 166450.237799998372793 ], [ 102523.522200003266335, 166429.611999999731779 ], [ 102559.488499999046326, 166399.059900000691414 ], [ 102589.138199999928474, 166385.52419999986887 ], [ 102631.034500002861023, 166369.796999998390675 ], [ 102667.258699998259544, 166341.4364 ], [ 102687.111100003123283, 166326.224800001829863 ], [ 102697.42400000244379, 166322.873100001364946 ], [ 102708.768200002610683, 166320.552700001746416 ], [ 102717.663099996745586, 166316.169700000435114 ], [ 102722.046099998056889, 166294.512499999254942 ], [ 102726.171300001442432, 166278.656399998813868 ], [ 102742.543099999427795, 166258.417300000786781 ], [ 102747.054999999701977, 166247.459800001233816 ] ] ] } },
{ "type": "Feature", "properties": { "GEMID": "210", "PLANID": "210-D-001", "NR": "81", "IDWIJZIGIN": "210-00071", "TYPE": "A", "TYPE_LABEL": "Afschaffing", "DATUM": "1980-05-09T02:00:00", "LINK": "https://geodiensten.oost-vlaanderen.be/Bijlagen/Wijzigingen/210-00071-01.pdf", "CEVI_OID": 10880, "GEMEENTE": "Schorisse" }, "geometry": { "type": "MultiLineString", "coordinates": [ [ [ 102809.963899999856949, 166989.217500001192093 ], [ 102801.197899997234344, 166966.400199998170137 ], [ 102788.435699999332428, 166934.043299999088049 ], [ 102771.935000002384186, 166892.791600000113249 ], [ 102735.839699998497963, 166834.523499999195337 ], [ 102721.014899998903275, 166810.288100000470877 ], [ 102713.280199997127056, 166798.686099998652935 ], [ 102702.967200003564358, 166787.212900001555681 ], [ 102698.584200002253056, 166786.568399999290705 ], [ 102688.529100000858307, 166786.310600001364946 ], [ 102676.411399997770786, 166787.857500001788139 ] ] ] } },
{ "type": "Feature", "properties": { "GEMID": "210", "PLANID": "210-D-002", "NR": "87", "IDWIJZIGIN": "210-00063", "TYPE": "A", "TYPE_LABEL": "Afschaffing", "DATUM": "1969-10-31T01:00:00", "LINK": "https://geodiensten.oost-vlaanderen.be/Bijlagen/Wijzigingen/210-00063-01.pdf", "CEVI_OID": 10881, "GEMEENTE": "Schorisse" }, "geometry": { "type": "MultiLineString", "coordinates": [ [ [ 101102.786700002849102, 166427.549400001764297 ], [ 101031.627499997615814, 166433.092599999159575 ], [ 100940.100199997425079, 166423.810899998992682 ], [ 100890.98480000346899, 166440.827300000935793 ], [ 100845.350100003182888, 166431.80350000038743 ], [ 100820.3412000015378, 166420.588199999183416 ], [ 100807.192299999296665, 166411.177600000053644 ], [ 100788.500100001692772, 166391.067400000989437 ], [ 100778.573899999260902, 166373.019799999892712 ], [ 100760.268399998545647, 166375.984700001776218 ], [ 100755.756499998271465, 166381.656800001859665 ], [ 100724.559900000691414, 166400.606800001114607 ], [ 100709.863899998366833, 166403.185100000351667 ] ] ] } },
{ "type": "Feature", "properties": { "GEMID": "210", "PLANID": "210-D-002", "NR": "87", "IDWIJZIGIN": "210-00005", "TYPE": "A", "TYPE_LABEL": "Afschaffing", "DATUM": "1886-06-12T01:00:00", "LINK": "https://geodiensten.oost-vlaanderen.be/Bijlagen/Wijzigingen/210-00005-01.pdf", "CEVI_OID": 10882, "GEMEENTE": "Schorisse" }, "geometry": { "type": "MultiLineString", "coordinates": [ [ [ 101284.938900001347065, 166413.884700000286102 ], [ 101222.80349999666214, 166436.315400000661612 ], [ 101201.017399996519089, 166389.907200001180172 ], [ 101102.786700002849102, 166427.549400001764297 ] ] ] } },
{ "type": "Feature", "properties": { "GEMID": "210", "PLANID": "210-D-002", "NR": "77", "IDWIJZIGIN": "210-00001", "TYPE": "A", "TYPE_LABEL": "Afschaffing", "DATUM": "1857-01-27T01:00:00", "LINK": "https://geodiensten.oost-vlaanderen.be/Bijlagen/Wijzigingen/210-00001-01.pdf", "CEVI_OID": 10883, "GEMEENTE": "Schorisse" }, "geometry": { "type": "MultiLineString", "coordinates": [ [ [ 101474.568000003695488, 166584.306000001728535 ], [ 101527.808499999344349, 166554.527399998158216 ], [ 101560.809900000691414, 166591.009399998933077 ], [ 101595.61599999666214, 166630.971999999135733 ] ] ] } },
{ "type": "Feature", "properties": { "GEMID": "210", "PLANID": "210-D-002", "NR": "76", "IDWIJZIGIN": "210-00001", "TYPE": "A", "TYPE_LABEL": "Afschaffing", "DATUM": "1857-01-27T01:00:00", "LINK": "https://geodiensten.oost-vlaanderen.be/Bijlagen/Wijzigingen/210-00001-01.pdf", "CEVI_OID": 10884, "GEMEENTE": "Schorisse" }, "geometry": { "type": "MultiLineString", "coordinates": [ [ [ 101595.61599999666214, 166630.971999999135733 ], [ 101566.22410000115633, 166648.117199998348951 ], [ 101517.49549999833107, 166658.688000001013279 ], [ 101495.45160000026226, 166654.691700000315905 ], [ 101492.486699998378754, 166652.629200000315905 ] ] ] } },
{ "type": "Feature", "properties": { "GEMID": "210", "PLANID": "210-D-002", "NR": "74", "IDWIJZIGIN": "210-00051", "TYPE": "PA", "TYPE_LABEL": "Deels afgeschaft bij verplaatsing", "DATUM": "1950-12-15T01:00:00", "LINK": "https://geodiensten.oost-vlaanderen.be/Bijlagen/Wijzigingen/210-00051-01.pdf", "CEVI_OID": 10885, "GEMEENTE": "Schorisse" }, "geometry": { "type": "MultiLineString", "coordinates": [ [ [ 101184.387800000607967, 166698.392799999564886 ], [ 101178.715700000524521, 166682.407800000160933 ], [ 101174.332699999213219, 166665.64919999986887 ], [ 101167.113600000739098, 166642.960799999535084 ], [ 101161.312600001692772, 166625.042100001126528 ], [ 101155.382700003683567, 166606.349899999797344 ] ] ] } },
{ "type": "Feature", "properties": { "GEMID": "210", "PLANID": "210-D-002", "NR": "74", "IDWIJZIGIN": "210-00061", "TYPE": "PA", "TYPE_LABEL": "Deels afgeschaft bij verplaatsing", "DATUM": "1968-02-16T01:00:00", "LINK": "https://geodiensten.oost-vlaanderen.be/Bijlagen/Wijzigingen/210-00061-01.pdf", "CEVI_OID": 10886, "GEMEENTE": "Schorisse" }, "geometry": { "type": "MultiLineString", "coordinates": [ [ [ 101223.319099999964237, 166631.74549999833107 ], [ 101155.382700003683567, 166606.349899999797344 ], [ 101151.902099996805191, 166592.427400000393391 ], [ 101146.616700001060963, 166571.801500000059605 ], [ 101140.944600000977516, 166552.722600001841784 ], [ 101134.627899996936321, 166532.354600001126528 ] ] ] } },
{ "type": "Feature", "properties": { "GEMID": "210", "PLANID": "210-D-002", "NR": "74", "IDWIJZIGIN": "210-00051", "TYPE": "PN", "TYPE_LABEL": "Nieuw deel bij verplaatsing", "DATUM": "1950-12-15T01:00:00", "LINK": "https://geodiensten.oost-vlaanderen.be/Bijlagen/Wijzigingen/210-00051-01.pdf", "CEVI_OID": 10887, "GEMEENTE": "Schorisse" }, "geometry": { "type": "MultiLineString", "coordinates": [ [ [ 101155.382700003683567, 166606.349899999797344 ], [ 101223.319099999964237, 166631.74549999833107 ] ] ] } },
{ "type": "Feature", "properties": { "GEMID": "210", "PLANID": "210-D-002", "NR": "74", "IDWIJZIGIN": "210-00061", "TYPE": "PN", "TYPE_LABEL": "Nieuw deel bij verplaatsing", "DATUM": "1968-02-16T01:00:00", "LINK": "https://geodiensten.oost-vlaanderen.be/Bijlagen/Wijzigingen/210-00061-01.pdf", "CEVI_OID": 10888, "GEMEENTE": "Schorisse" }, "geometry": { "type": "MultiLineString", "coordinates": [ [ [ 101151.902099996805191, 166592.427400000393391 ], [ 101231.440499998629093, 166616.533900000154972 ] ] ] } },
{ "type": "Feature", "properties": { "GEMID": "210", "PLANID": "210-D-002", "NR": "86", "IDWIJZIGIN": "210-00075", "TYPE": "A", "TYPE_LABEL": "Afschaffing", "DATUM": "1996-04-18T02:00:00", "LINK": "https://geodiensten.oost-vlaanderen.be/Bijlagen/Wijzigingen/210-00075-01.pdf", "CEVI_OID": 10889, "GEMEENTE": "Schorisse" }, "geometry": { "type": "MultiLineString", "coordinates": [ [ [ 101134.627899996936321, 166532.354600001126528 ], [ 101207.8496999964118, 166508.634799998253584 ], [ 101263.926299996674061, 166486.848799999803305 ] ] ] } },
{ "type": "Feature", "properties": { "GEMID": "210", "PLANID": "210-D-002", "NR": "86", "IDWIJZIGIN": "210-00048", "TYPE": "PN", "TYPE_LABEL": "Nieuw deel bij verplaatsing", "DATUM": "1949-08-09T01:00:00", "LINK": "https://geodiensten.oost-vlaanderen.be/Bijlagen/Wijzigingen/210-00048-01.pdf", "CEVI_OID": 10890, "GEMEENTE": "Schorisse" }, "geometry": { "type": "MultiLineString", "coordinates": [ [ [ 101134.627899996936321, 166532.354600001126528 ], [ 101207.8496999964118, 166508.634799998253584 ] ] ] } },
{ "type": "Feature", "properties": { "GEMID": "210", "PLANID": "210-D-002", "NR": "86", "IDWIJZIGIN": "210-00020", "TYPE": "PN", "TYPE_LABEL": "Nieuw deel bij verplaatsing", "DATUM": "1910-12-23T01:00:00", "LINK": "https://geodiensten.oost-vlaanderen.be/Bijlagen/Wijzigingen/210-00020-01.pdf", "CEVI_OID": 10891, "GEMEENTE": "Schorisse" }, "geometry": { "type": "MultiLineString", "coordinates": [ [ [ 101207.8496999964118, 166508.634799998253584 ], [ 101263.926299996674061, 166486.848799999803305 ] ] ] } },
{ "type": "Feature", "properties": { "GEMID": "210", "PLANID": "210-D-002", "NR": "86", "IDWIJZIGIN": "210-00048", "TYPE": "PA", "TYPE_LABEL": "Deels afgeschaft bij verplaatsing", "DATUM": "1949-08-09T01:00:00", "LINK": "https://geodiensten.oost-vlaanderen.be/Bijlagen/Wijzigingen/210-00048-01.pdf", "CEVI_OID": 10892, "GEMEENTE": "Schorisse" }, "geometry": { "type": "MultiLineString", "coordinates": [ [ [ 101117.61150000244379, 166474.988899998366833 ], [ 101136.561599999666214, 166482.723600000143051 ], [ 101207.8496999964118, 166508.634799998253584 ] ] ] } },
{ "type": "Feature", "properties": { "GEMID": "210", "PLANID": "210-D-002", "NR": "86", "IDWIJZIGIN": "210-00020", "TYPE": "PA", "TYPE_LABEL": "Deels afgeschaft bij verplaatsing", "DATUM": "1910-12-23T01:00:00", "LINK": "https://geodiensten.oost-vlaanderen.be/Bijlagen/Wijzigingen/210-00020-01.pdf", "CEVI_OID": 10893, "GEMEENTE": "Schorisse" }, "geometry": { "type": "MultiLineString", "coordinates": [ [ [ 101207.8496999964118, 166508.634799998253584 ], [ 101254.000100001692772, 166525.135499998927116 ] ] ] } },
{ "type": "Feature", "properties": { "GEMID": "210", "PLANID": "210-D-002", "NR": "22", "IDWIJZIGIN": "210-00022", "TYPE": "B", "TYPE_LABEL": "Verbreding", "DATUM": "1912-06-14T01:00:00", "LINK": "https://geodiensten.oost-vlaanderen.be/Bijlagen/Wijzigingen/210-00022-01.pdf", "CEVI_OID": 10894, "GEMEENTE": "Schorisse" }, "geometry": { "type": "MultiLineString", "coordinates": [ [ [ 101244.073899999260902, 166239.209399998188019 ], [ 101281.07150000333786, 166220.388300001621246 ] ] ] } },
{ "type": "Feature", "properties": { "GEMID": "210", "PLANID": "210-D-003", "NR": "4", "IDWIJZIGIN": "210-00017", "TYPE": "B", "TYPE_LABEL": "Verbreding", "DATUM": "1902-03-28T01:00:00", "LINK": "https://geodiensten.oost-vlaanderen.be/Bijlagen/Wijzigingen/210-00017-02.pdf", "CEVI_OID": 10895, "GEMEENTE": "Schorisse" }, "geometry": { "type": "MultiLineString", "coordinates": [ [ [ 100264.47410000115633, 165259.996399998664856 ], [ 100170.497500002384186, 165207.271600000560284 ], [ 100023.538199998438358, 165162.539200000464916 ], [ 99996.982400000095367, 165152.999699998646975 ] ] ] } },
{ "type": "Feature", "properties": { "GEMID": "210", "PLANID": "210-D-004", "NR": "22", "IDWIJZIGIN": "210-00022", "TYPE": "B", "TYPE_LABEL": "Verbreding", "DATUM": "1912-06-14T01:00:00", "LINK": "https://geodiensten.oost-vlaanderen.be/Bijlagen/Wijzigingen/210-00022-01.pdf", "CEVI_OID": 10896, "GEMEENTE": "Schorisse" }, "geometry": { "type": "MultiLineString", "coordinates": [ [ [ 101729.6841000020504, 165708.609000001102686 ], [ 101714.988200001418591, 165724.207299999892712 ], [ 101698.487499997019768, 165739.161100000143051 ], [ 101673.220799997448921, 165757.208700001239777 ], [ 101662.778999999165535, 165776.029800001531839 ], [ 101626.683700002729893, 165846.157800000160933 ], [ 101614.694899998605251, 165866.525800000876188 ], [ 101588.783699996769428, 165906.617300000041723 ], [ 101569.060199998319149, 165934.977899998426437 ], [ 101543.148999996483326, 165968.75279999896884 ], [ 101537.476800002157688, 165976.100699998438358 ], [ 101526.777199998497963, 165988.089499998837709 ], [ 101502.670699998736382, 166002.52760000154376 ], [ 101459.485299997031689, 166027.923200000077486 ], [ 101446.336300000548363, 166047.131099998950958 ], [ 101415.526399999856949, 166093.281399998813868 ], [ 101398.1233000010252, 166118.805900000035763 ], [ 101381.10700000077486, 166135.306600000709295 ], [ 101344.625, 166165.600900001823902 ], [ 101315.23309999704361, 166188.418200001120567 ], [ 101265.859999999403954, 166221.548500001430511 ] ] ] } },
{ "type": "Feature", "properties": { "GEMID": "210", "PLANID": "210-D-004", "NR": "4", "IDWIJZIGIN": "210-00022", "TYPE": "B", "TYPE_LABEL": "Verbreding", "DATUM": "1912-06-14T01:00:00", "LINK": "https://geodiensten.oost-vlaanderen.be/Bijlagen/Wijzigingen/210-00022-01.pdf", "CEVI_OID": 10897, "GEMEENTE": "Schorisse" }, "geometry": { "type": "MultiLineString", "coordinates": [ [ [ 102008.520099997520447, 165549.403099998831749 ], [ 101982.737700000405312, 165546.695999998599291 ], [ 101975.002999998629093, 165548.242899999022484 ], [ 101948.318300001323223, 165563.71229999884963 ], [ 101919.313199996948242, 165581.11540000140667 ], [ 101863.752300001680851, 165614.761300001293421 ], [ 101804.968599997460842, 165652.661400001496077 ], [ 101729.6841000020504, 165708.609000001102686 ], [ 101711.507600001990795, 165719.566500000655651 ], [ 101699.003200002014637, 165727.043400000780821 ] ] ] } },
{ "type": "Feature", "properties": { "GEMID": "210", "PLANID": "210-D-004", "NR": "175", "IDWIJZIGIN": "210-00059", "TYPE": "A", "TYPE_LABEL": "Afschaffing", "DATUM": "1965-08-13T01:00:00", "LINK": "https://geodiensten.oost-vlaanderen.be/Bijlagen/Wijzigingen/210-00059-01.pdf", "CEVI_OID": 10898, "GEMEENTE": "Schorisse" }, "geometry": { "type": "MultiLineString", "coordinates": [ [ [ 101673.220799997448921, 165757.208700001239777 ], [ 101659.814000003039837, 165721.113499999046326 ] ] ] } },
{ "type": "Feature", "properties": { "GEMID": "210", "PLANID": "210-D-004", "NR": "22", "IDWIJZIGIN": "210-00022", "TYPE": "PA", "TYPE_LABEL": "Deels afgeschaft bij verplaatsing", "DATUM": "1912-06-14T01:00:00", "LINK": "https://geodiensten.oost-vlaanderen.be/Bijlagen/Wijzigingen/210-00022-01.pdf", "CEVI_OID": 10899, "GEMEENTE": "Schorisse" }, "geometry": { "type": "MultiLineString", "coordinates": [ [ [ 101714.988200001418591, 165724.207299999892712 ], [ 101698.487499997019768, 165739.161100000143051 ], [ 101673.220799997448921, 165757.208700001239777 ], [ 101662.778999999165535, 165776.029800001531839 ], [ 101650.532399997115135, 165799.749600000679493 ] ] ] } },
{ "type": "Feature", "properties": { "GEMID": "210", "PLANID": "210-D-004", "NR": "22", "IDWIJZIGIN": "210-00022", "TYPE": "PN", "TYPE_LABEL": "Nieuw deel bij verplaatsing", "DATUM": "1912-06-14T01:00:00", "LINK": "https://geodiensten.oost-vlaanderen.be/Bijlagen/Wijzigingen/210-00022-01.pdf", "CEVI_OID": 10900, "GEMEENTE": "Schorisse" }, "geometry": { "type": "MultiLineString", "coordinates": [ [ [ 101650.532399997115135, 165799.749600000679493 ], [ 101714.988200001418591, 165724.207299999892712 ] ] ] } },
{ "type": "Feature", "properties": { "GEMID": "210", "PLANID": "210-D-004", "NR": "100", "IDWIJZIGIN": "210-00034", "TYPE": "A", "TYPE_LABEL": "Afschaffing", "DATUM": "1938-04-06T01:00:00", "LINK": "https://geodiensten.oost-vlaanderen.be/Bijlagen/Wijzigingen/210-00034-01.pdf", "CEVI_OID": 10901, "GEMEENTE": "Schorisse" }, "geometry": { "type": "MultiLineString", "coordinates": [ [ [ 101638.285800002515316, 165515.11259999871254 ], [ 101655.688799999654293, 165515.886100001633167 ], [ 101676.701399996876717, 165509.182700000703335 ], [ 101690.62389999628067, 165578.795000001788139 ], [ 101696.424900002777576, 165608.057900000363588 ], [ 101698.358599998056889, 165616.179400000721216 ], [ 101712.538900002837181, 165644.024300001561642 ], [ 101721.433799996972084, 165676.896800000220537 ], [ 101729.94200000166893, 165704.612799998372793 ], [ 101729.6841000020504, 165708.609000001102686 ] ] ] } },
{ "type": "Feature", "properties": { "GEMID": "210", "PLANID": "210-D-004", "NR": "95", "IDWIJZIGIN": "210-00052", "TYPE": "PA", "TYPE_LABEL": "Deels afgeschaft bij verplaatsing", "DATUM": "1951-10-30T01:00:00", "LINK": "https://geodiensten.oost-vlaanderen.be/Bijlagen/Wijzigingen/210-00052-01.pdf", "CEVI_OID": 10902, "GEMEENTE": "Schorisse" }, "geometry": { "type": "MultiLineString", "coordinates": [ [ [ 101540.570699997246265, 165362.094500001519918 ], [ 101497.901000000536442, 165316.201900001615286 ] ] ] } },
{ "type": "Feature", "properties": { "GEMID": "210", "PLANID": "210-D-004", "NR": "95", "IDWIJZIGIN": "210-00052", "TYPE": "PN", "TYPE_LABEL": "Nieuw deel bij verplaatsing", "DATUM": "1951-10-30T01:00:00", "LINK": "https://geodiensten.oost-vlaanderen.be/Bijlagen/Wijzigingen/210-00052-01.pdf", "CEVI_OID": 10903, "GEMEENTE": "Schorisse" }, "geometry": { "type": "MultiLineString", "coordinates": [ [ [ 101540.570699997246265, 165362.094500001519918 ], [ 101532.449299998581409, 165299.958999998867512 ] ] ] } },
{ "type": "Feature", "properties": { "GEMID": "210", "PLANID": "210-D-004", "NR": "7", "IDWIJZIGIN": "210-00010", "TYPE": "B", "TYPE_LABEL": "Verbreding", "DATUM": "1893-09-08T01:00:00", "LINK": "https://geodiensten.oost-vlaanderen.be/Bijlagen/Wijzigingen/210-00010-01.pdf", "CEVI_OID": 10904, "GEMEENTE": "Schorisse" }, "geometry": { "type": "MultiLineString", "coordinates": [ [ [ 100489.167199999094009, 165295.318199999630451 ], [ 100492.905599996447563, 165336.312100000679493 ], [ 100498.190999999642372, 165382.591400001198053 ], [ 100498.706600002944469, 165390.58390000090003 ] ] ] } },
{ "type": "Feature", "properties": { "GEMID": "210", "PLANID": "210-D-004", "NR": "4", "IDWIJZIGIN": "210-00017", "TYPE": "B", "TYPE_LABEL": "Verbreding", "DATUM": "1902-03-28T01:00:00", "LINK": "https://geodiensten.oost-vlaanderen.be/Bijlagen/Wijzigingen/210-00017-02.pdf", "CEVI_OID": 10905, "GEMEENTE": "Schorisse" }, "geometry": { "type": "MultiLineString", "coordinates": [ [ [ 100413.882799997925758, 165304.471000000834465 ], [ 100347.880000002682209, 165309.627399999648333 ], [ 100331.250399999320507, 165303.05290000140667 ], [ 100263.571800000965595, 165260.512099999934435 ] ] ] } },
{ "type": "Feature", "properties": { "GEMID": "210", "PLANID": "210-D-004", "NR": "4", "IDWIJZIGIN": "210-00010", "TYPE": "B", "TYPE_LABEL": "Verbreding", "DATUM": "1893-09-08T01:00:00", "LINK": "https://geodiensten.oost-vlaanderen.be/Bijlagen/Wijzigingen/210-00010-01.pdf", "CEVI_OID": 10906, "GEMEENTE": "Schorisse" }, "geometry": { "type": "MultiLineString", "coordinates": [ [ [ 100413.882799997925758, 165304.471000000834465 ], [ 100347.880000002682209, 165309.627399999648333 ] ] ] } },
{ "type": "Feature", "properties": { "GEMID": "210", "PLANID": "210-D-004", "NR": "4", "IDWIJZIGIN": "210-00021", "TYPE": "B", "TYPE_LABEL": "Verbreding", "DATUM": "1911-09-22T01:00:00", "LINK": "https://geodiensten.oost-vlaanderen.be/Bijlagen/Wijzigingen/210-00021-01.pdf", "CEVI_OID": 10907, "GEMEENTE": "Schorisse" }, "geometry": { "type": "MultiLineString", "coordinates": [ [ [ 100924.115099996328354, 165384.396200001239777 ], [ 100906.583099998533726, 165355.777800001204014 ], [ 100886.21509999781847, 165332.186999998986721 ], [ 100877.449100002646446, 165323.936599999666214 ], [ 100866.362700000405312, 165318.780099999159575 ], [ 100830.783100001513958, 165316.459699999541044 ], [ 100786.050700001418591, 165318.780099999159575 ], [ 100721.465999998152256, 165325.741399999707937 ], [ 100695.039099998772144, 165306.791400000452995 ], [ 100675.702399998903275, 165284.231800001114607 ], [ 100664.61599999666214, 165256.515799999237061 ], [ 100660.490800000727177, 165246.331799998879433 ] ] ] } },
{ "type": "Feature", "properties": { "GEMID": "210", "PLANID": "210-D-004", "NR": "13", "IDWIJZIGIN": "210-00010", "TYPE": "B", "TYPE_LABEL": "Verbreding", "DATUM": "1893-09-08T01:00:00", "LINK": "https://geodiensten.oost-vlaanderen.be/Bijlagen/Wijzigingen/210-00010-01.pdf", "CEVI_OID": 10908, "GEMEENTE": "Schorisse" }, "geometry": { "type": "MultiLineString", "coordinates": [ [ [ 100679.698600001633167, 165197.216400001198053 ], [ 100689.882600001990795, 165180.844700001180172 ], [ 100718.501000002026558, 165165.890900000929832 ], [ 100734.486100003123283, 165149.261300001293421 ], [ 100748.537399999797344, 165124.768100000917912 ], [ 100768.260899998247623, 165086.610199999064207 ], [ 100780.120800003409386, 165067.144600000232458 ], [ 100808.0945999994874, 165020.607500001788139 ], [ 100820.083400003612041, 165014.935300000011921 ], [ 100841.740599997341633, 165004.622400000691414 ], [ 100886.601800002157688, 164983.867600001394749 ], [ 100909.677000001072884, 164978.195500001311302 ], [ 100966.011399999260902, 164964.144200000911951 ] ] ] } },
{ "type": "Feature", "properties": { "GEMID": "210", "PLANID": "210-D-004", "NR": "138", "IDWIJZIGIN": "210-00044", "TYPE": "A", "TYPE_LABEL": "Afschaffing", "DATUM": "1946-04-30T01:00:00", "LINK": "https://geodiensten.oost-vlaanderen.be/Bijlagen/Wijzigingen/210-00044-02.pdf", "CEVI_OID": 10909, "GEMEENTE": "Schorisse" }, "geometry": { "type": "MultiLineString", "coordinates": [ [ [ 100909.677000001072884, 164978.195500001311302 ], [ 100907.356600001454353, 164958.987700000405312 ] ] ] } },
{ "type": "Feature", "properties": { "GEMID": "210", "PLANID": "210-D-004", "NR": "91", "IDWIJZIGIN": "210-00015", "TYPE": "S", "TYPE_LABEL": "Versmalling", "DATUM": "1900-03-03T01:00:00", "LINK": "https://geodiensten.oost-vlaanderen.be/Bijlagen/Wijzigingen/210-00015-01.pdf", "CEVI_OID": 10910, "GEMEENTE": "Schorisse" }, "geometry": { "type": "MultiLineString", "coordinates": [ [ [ 100820.083400003612041, 165014.935300000011921 ], [ 100829.365099996328354, 165028.986699998378754 ], [ 100855.276299998164177, 165076.555100001394749 ], [ 100862.366400003433228, 165094.989500001072884 ], [ 100878.480400003492832, 165110.201099999248981 ], [ 100887.375299997627735, 165153.128699999302626 ], [ 100900.266500003635883, 165152.355200000107288 ], [ 100907.872299998998642, 165164.344000000506639 ], [ 100918.571900002658367, 165197.732099998742342 ], [ 100922.82599999755621, 165226.350499998778105 ], [ 100926.951200000941753, 165263.477000001817942 ], [ 100928.498099997639656, 165300.60359999909997 ], [ 100926.951200000941753, 165342.628800000995398 ], [ 100926.435500003397465, 165376.0168999992311 ], [ 100924.115099996328354, 165384.396200001239777 ] ] ] } },
{ "type": "Feature", "properties": { "GEMID": "210", "PLANID": "210-D-004", "NR": "90", "IDWIJZIGIN": "210-00065", "TYPE": "PA", "TYPE_LABEL": "Deels afgeschaft bij verplaatsing", "DATUM": "1974-11-08T01:00:00", "LINK": "https://geodiensten.oost-vlaanderen.be/Bijlagen/Wijzigingen/210-00065-01.pdf", "CEVI_OID": 10911, "GEMEENTE": "Schorisse" }, "geometry": { "type": "MultiLineString", "coordinates": [ [ [ 100565.482900001108646, 165215.650800000876188 ], [ 100570.768299996852875, 165226.866099998354912 ], [ 100583.917199999094009, 165255.355599999427795 ], [ 100588.558100000023842, 165264.121599998325109 ] ] ] } },
{ "type": "Feature", "properties": { "GEMID": "210", "PLANID": "210-D-004", "NR": "90", "IDWIJZIGIN": "210-00065", "TYPE": "PN", "TYPE_LABEL": "Nieuw deel bij verplaatsing", "DATUM": "1974-11-08T01:00:00", "LINK": "https://geodiensten.oost-vlaanderen.be/Bijlagen/Wijzigingen/210-00065-01.pdf", "CEVI_OID": 10912, "GEMEENTE": "Schorisse" }, "geometry": { "type": "MultiLineString", "coordinates": [ [ [ 100565.482900001108646, 165215.650800000876188 ], [ 100581.72580000013113, 165203.919900000095367 ], [ 100605.187700003385544, 165259.996399998664856 ] ] ] } },
{ "type": "Feature", "properties": { "GEMID": "210", "PLANID": "210-D-004", "NR": "16", "IDWIJZIGIN": "210-00043", "TYPE": "B", "TYPE_LABEL": "Verbreding", "DATUM": "1943-04-30T01:00:00", "LINK": "https://geodiensten.oost-vlaanderen.be/Bijlagen/Wijzigingen/210-00043-01.pdf", "CEVI_OID": 10913, "GEMEENTE": "Schorisse" }, "geometry": { "type": "MultiLineString", "coordinates": [ [ [ 101450.590400002896786, 165209.978700000792742 ], [ 101416.299900002777576, 165230.475699998438358 ], [ 101392.193400003015995, 165247.491999998688698 ], [ 101377.755300000309944, 165255.613400001078844 ], [ 101371.696400001645088, 165259.996399998664856 ], [ 101330.831399999558926, 165271.340700000524521 ], [ 101285.712399996817112, 165281.782499998807907 ], [ 101247.941200003027916, 165282.684900000691414 ], [ 101186.1925999969244, 165273.274300001561642 ], [ 101103.689099997282028, 165258.96510000154376 ], [ 101096.469999998807907, 165258.062800001353025 ] ] ] } },
{ "type": "Feature", "properties": { "GEMID": "210", "PLANID": "210-D-004", "NR": "16", "IDWIJZIGIN": "210-00021", "TYPE": "B", "TYPE_LABEL": "Verbreding", "DATUM": "1911-09-22T01:00:00", "LINK": "https://geodiensten.oost-vlaanderen.be/Bijlagen/Wijzigingen/210-00021-02.pdf", "CEVI_OID": 10914, "GEMEENTE": "Schorisse" }, "geometry": { "type": "MultiLineString", "coordinates": [ [ [ 101763.330099999904633, 164974.714899998158216 ], [ 101731.488899998366833, 165006.556099999696016 ], [ 101709.702799998223782, 165036.334699999541044 ], [ 101692.299800001084805, 165061.085700001567602 ], [ 101686.112000003457069, 165069.851700000464916 ], [ 101654.528599999845028, 165099.243599999696016 ], [ 101622.816399998962879, 165111.747999999672174 ], [ 101586.592200003564358, 165139.85080000013113 ], [ 101580.404399998486042, 165144.62049999833107 ], [ 101532.836000002920628, 165174.012299999594688 ], [ 101488.49040000140667, 165196.571899998933077 ], [ 101483.849600002169609, 165198.892299998551607 ], [ 101450.590400002896786, 165209.978700000792742 ], [ 101416.299900002777576, 165230.475699998438358 ], [ 101392.193400003015995, 165247.491999998688698 ], [ 101377.755300000309944, 165255.613400001078844 ] ] ] } },
{ "type": "Feature", "properties": { "GEMID": "210", "PLANID": "210-D-004", "NR": "16", "IDWIJZIGIN": "210-00027", "TYPE": "B", "TYPE_LABEL": "Verbreding", "DATUM": "1915-06-11T01:00:00", "LINK": "https://geodiensten.oost-vlaanderen.be/Bijlagen/Wijzigingen/210-00027-01.pdf", "CEVI_OID": 10915, "GEMEENTE": "Schorisse" }, "geometry": { "type": "MultiLineString", "coordinates": [ [ [ 101763.330099999904633, 164974.714899998158216 ], [ 101731.488899998366833, 165006.556099999696016 ], [ 101709.702799998223782, 165036.334699999541044 ], [ 101692.299800001084805, 165061.085700001567602 ], [ 101686.112000003457069, 165069.851700000464916 ], [ 101654.528599999845028, 165099.243599999696016 ], [ 101622.816399998962879, 165111.747999999672174 ], [ 101586.592200003564358, 165139.85080000013113 ], [ 101580.404399998486042, 165144.62049999833107 ], [ 101532.836000002920628, 165174.012299999594688 ], [ 101488.49040000140667, 165196.571899998933077 ], [ 101483.849600002169609, 165198.892299998551607 ], [ 101450.590400002896786, 165209.978700000792742 ], [ 101416.299900002777576, 165230.475699998438358 ], [ 101392.193400003015995, 165247.491999998688698 ], [ 101377.755300000309944, 165255.613400001078844 ] ] ] } },
{ "type": "Feature", "properties": { "GEMID": "210", "PLANID": "210-D-004", "NR": "54", "IDWIJZIGIN": "210-00008", "TYPE": "PA", "TYPE_LABEL": "Deels afgeschaft bij verplaatsing", "DATUM": "1891-07-17T01:00:00", "LINK": "https://geodiensten.oost-vlaanderen.be/Bijlagen/Wijzigingen/210-00008-01.pdf", "CEVI_OID": 10916, "GEMEENTE": "Schorisse" }, "geometry": { "type": "MultiLineString", "coordinates": [ [ [ 101593.940200001001358, 165065.855500001460314 ], [ 101576.666000001132488, 165044.198300000280142 ], [ 101547.145199999213219, 165005.911499999463558 ], [ 101533.093800000846386, 165014.806400001049042 ], [ 101509.245200000703335, 164970.074099998921156 ] ] ] } },
{ "type": "Feature", "properties": { "GEMID": "210", "PLANID": "210-D-004", "NR": "54", "IDWIJZIGIN": "210-00025", "TYPE": "A", "TYPE_LABEL": "Afschaffing", "DATUM": "1914-10-09T01:00:00", "LINK": "https://geodiensten.oost-vlaanderen.be/Bijlagen/Wijzigingen/210-00025-01.pdf", "CEVI_OID": 10917, "GEMEENTE": "Schorisse" }, "geometry": { "type": "MultiLineString", "coordinates": [ [ [ 101622.816399998962879, 165111.747999999672174 ], [ 101608.378300003707409, 165083.903099998831749 ], [ 101593.940200001001358, 165065.855500001460314 ] ] ] } },
{ "type": "Feature", "properties": { "GEMID": "210", "PLANID": "210-D-004", "NR": "93", "IDWIJZIGIN": "210-00049", "TYPE": "A", "TYPE_LABEL": "Afschaffing", "DATUM": "1949-10-19T01:00:00", "LINK": "https://geodiensten.oost-vlaanderen.be/Bijlagen/Wijzigingen/210-00049-01.pdf", "CEVI_OID": 10918, "GEMEENTE": "Schorisse" }, "geometry": { "type": "MultiLineString", "coordinates": [ [ [ 101147.390100002288818, 164962.726100001484156 ], [ 101148.421400003135204, 164976.390799999237061 ], [ 101149.45269999653101, 164990.957800000905991 ], [ 101153.706799998879433, 165016.224500000476837 ], [ 101157.058499999344349, 165040.201999999582767 ], [ 101162.988499999046326, 165079.004399999976158 ], [ 101107.556400001049042, 165101.435100000351667 ] ] ] } },
{ "type": "Feature", "properties": { "GEMID": "210", "PLANID": "210-D-004", "NR": "54", "IDWIJZIGIN": "210-00008", "TYPE": "PN", "TYPE_LABEL": "Nieuw deel bij verplaatsing", "DATUM": "1891-07-17T01:00:00", "LINK": "https://geodiensten.oost-vlaanderen.be/Bijlagen/Wijzigingen/210-00008-01.pdf", "CEVI_OID": 10919, "GEMEENTE": "Schorisse" }, "geometry": { "type": "MultiLineString", "coordinates": [ [ [ 101654.528599999845028, 165099.243599999696016 ], [ 101547.145199999213219, 164971.49210000038147 ] ] ] } },
{ "type": "Feature", "properties": { "GEMID": "210", "PLANID": "210-D-004", "NR": "98", "IDWIJZIGIN": "210-00053", "TYPE": "A", "TYPE_LABEL": "Afschaffing", "DATUM": "1951-10-16T01:00:00", "LINK": "https://geodiensten.oost-vlaanderen.be/Bijlagen/Wijzigingen/210-00053-01.pdf", "CEVI_OID": 10920, "GEMEENTE": "Schorisse" }, "geometry": { "type": "MultiLineString", "coordinates": [ [ [ 101303.631099998950958, 165599.807599999010563 ], [ 101309.818800002336502, 165591.170499999076128 ], [ 101314.975299999117851, 165579.697399999946356 ], [ 101325.932800002396107, 165573.122900001704693 ], [ 101332.765100002288818, 165569.900100000202656 ], [ 101337.663800001144409, 165565.259300000965595 ], [ 101345.656300000846386, 165555.719799999147654 ], [ 101353.519900001585484, 165541.410599999129772 ], [ 101356.355999998748302, 165535.351700000464916 ], [ 101357.902900002896786, 165529.9375 ], [ 101358.547499999403954, 165520.011300001293421 ], [ 101359.965499997138977, 165510.085099998861551 ], [ 101360.609999999403954, 165503.639499999582767 ], [ 101360.223300002515316, 165497.967399999499321 ], [ 101358.418499998748302, 165490.103700000792742 ], [ 101357.000500001013279, 165485.97859999909997 ], [ 101357.902900002896786, 165476.825800001621246 ], [ 101359.063100002706051, 165471.540500000119209 ], [ 101358.160700000822544, 165467.157499998807907 ], [ 101359.063100002706051, 165461.61430000141263 ], [ 101362.285899996757507, 165455.684300001710653 ], [ 101367.442400000989437, 165446.78940000012517 ], [ 101373.114500001072884, 165434.54280000180006 ], [ 101378.528800003230572, 165427.581599999219179 ], [ 101388.841700002551079, 165414.174800001084805 ], [ 101399.412399999797344, 165402.572700001299381 ], [ 101411.916900001466274, 165389.037000000476837 ], [ 101431.253600001335144, 165367.637699998915195 ], [ 101450.848200000822544, 165345.851599998772144 ], [ 101471.2162000015378, 165326.514800000935793 ], [ 101478.693099997937679, 165318.651200000196695 ], [ 101482.302699998021126, 165315.815200001001358 ], [ 101488.36150000244379, 165314.010400000959635 ], [ 101491.584299996495247, 165313.623700000345707 ], [ 101495.45160000026226, 165313.494800001382828 ] ] ] } },
{ "type": "Feature", "properties": { "GEMID": "210", "PLANID": "210-D-004", "NR": "170", "IDWIJZIGIN": "210-00076", "TYPE": "A", "TYPE_LABEL": "Afschaffing", "DATUM": "2005-04-21T02:00:00", "LINK": "https://geodiensten.oost-vlaanderen.be/Bijlagen/Wijzigingen/210-00076-01.pdf", "CEVI_OID": 10921, "GEMEENTE": "Schorisse" }, "geometry": { "type": "MultiLineString", "coordinates": [ [ [ 101131.147299997508526, 165881.479600001126528 ], [ 101032.143100000917912, 165886.378199998289347 ] ] ] } },
{ "type": "Feature", "properties": { "GEMID": "210", "PLANID": "210-D-005", "NR": "32", "IDWIJZIGIN": "210-00023", "TYPE": "B", "TYPE_LABEL": "Verbreding", "DATUM": "1914-10-02T01:00:00", "LINK": "https://geodiensten.oost-vlaanderen.be/Bijlagen/Wijzigingen/210-00023-01.pdf", "CEVI_OID": 10922, "GEMEENTE": "Schorisse" }, "geometry": { "type": "MultiLineString", "coordinates": [ [ [ 102493.098999999463558, 165589.752500001341105 ], [ 102497.353100001811981, 165596.971500001847744 ], [ 102551.882700003683567, 165643.379700001329184 ], [ 102611.955600000917912, 165695.975699998438358 ] ] ] } },
{ "type": "Feature", "properties": { "GEMID": "210", "PLANID": "210-D-005", "NR": "4", "IDWIJZIGIN": "210-00022", "TYPE": "B", "TYPE_LABEL": "Verbreding", "DATUM": "1912-06-14T01:00:00", "LINK": "https://geodiensten.oost-vlaanderen.be/Bijlagen/Wijzigingen/210-00022-01.pdf", "CEVI_OID": 10923, "GEMEENTE": "Schorisse" }, "geometry": { "type": "MultiLineString", "coordinates": [ [ [ 102012.645199999213219, 165550.176600001752377 ], [ 102120.286499999463558, 165570.544599998742342 ], [ 102161.022600002586842, 165579.697399999946356 ], [ 102220.064099997282028, 165597.229299999773502 ], [ 102262.862800002098083, 165605.866399999707937 ], [ 102288.773999996483326, 165607.026599999517202 ] ] ] } },
{ "type": "Feature", "properties": { "GEMID": "210", "PLANID": "210-D-005", "NR": "4", "IDWIJZIGIN": "210-00017", "TYPE": "B", "TYPE_LABEL": "Verbreding", "DATUM": "1902-03-28T01:00:00", "LINK": "https://geodiensten.oost-vlaanderen.be/Bijlagen/Wijzigingen/210-00017-02.pdf", "CEVI_OID": 10924, "GEMEENTE": "Schorisse" }, "geometry": { "type": "MultiLineString", "coordinates": [ [ [ 102988.893299996852875, 165637.063000001013279 ], [ 102969.943300001323223, 165639.383499998599291 ], [ 102876.482299998402596, 165646.473600000143051 ], [ 102854.180600002408028, 165603.417100001126528 ], [ 102831.75, 165562.681000001728535 ], [ 102816.409500002861023, 165542.699700001627207 ], [ 102801.842500001192093, 165537.285399999469519 ], [ 102751.695799998939037, 165536.511900000274181 ], [ 102738.933600001037121, 165537.285399999469519 ] ] ] } },
{ "type": "Feature", "properties": { "GEMID": "210", "PLANID": "210-D-005", "NR": "107", "IDWIJZIGIN": "210-00060", "TYPE": "A", "TYPE_LABEL": "Afschaffing", "DATUM": "1967-07-07T01:00:00", "LINK": "https://geodiensten.oost-vlaanderen.be/Bijlagen/Wijzigingen/210-00060-01.pdf", "CEVI_OID": 10925, "GEMEENTE": "Schorisse" }, "geometry": { "type": "MultiLineString", "coordinates": [ [ [ 103008.229999996721745, 165455.039799999445677 ], [ 102868.489799998700619, 165463.161200001835823 ] ] ] } },
{ "type": "Feature", "properties": { "GEMID": "210", "PLANID": "210-D-005", "NR": "108", "IDWIJZIGIN": "210-00058", "TYPE": "PA", "TYPE_LABEL": "Deels afgeschaft bij verplaatsing", "DATUM": "1961-03-10T01:00:00", "LINK": "https://geodiensten.oost-vlaanderen.be/Bijlagen/Wijzigingen/210-00058-01.pdf", "CEVI_OID": 10926, "GEMEENTE": "Schorisse" }, "geometry": { "type": "MultiLineString", "coordinates": [ [ [ 102811.639799997210503, 165536.769799999892712 ], [ 102818.343199998140335, 165536.383000001311302 ], [ 102885.377199999988079, 165545.277899999171495 ], [ 102935.652800001204014, 165552.754799999296665 ] ] ] } },
{ "type": "Feature", "properties": { "GEMID": "210", "PLANID": "210-D-005", "NR": "108", "IDWIJZIGIN": "210-00058", "TYPE": "PN", "TYPE_LABEL": "Nieuw deel bij verplaatsing", "DATUM": "1961-03-10T01:00:00", "LINK": "https://geodiensten.oost-vlaanderen.be/Bijlagen/Wijzigingen/210-00058-01.pdf", "CEVI_OID": 10927, "GEMEENTE": "Schorisse" }, "geometry": { "type": "MultiLineString", "coordinates": [ [ [ 102811.639799997210503, 165536.769799999892712 ], [ 102822.339400000870228, 165530.195300001651049 ], [ 102935.652800001204014, 165552.754799999296665 ] ] ] } },
{ "type": "Feature", "properties": { "GEMID": "210", "PLANID": "210-D-005", "NR": "22bis", "IDWIJZIGIN": "210-00042", "TYPE": "B", "TYPE_LABEL": "Verbreding", "DATUM": "1939-06-14T01:00:00", "LINK": "https://geodiensten.oost-vlaanderen.be/Bijlagen/Wijzigingen/210-00042-01.pdf", "CEVI_OID": 10928, "GEMEENTE": "Schorisse" }, "geometry": { "type": "MultiLineString", "coordinates": [ [ [ 102528.678599998354912, 164976.51969999819994 ], [ 102501.220499999821186, 165006.427200000733137 ], [ 102490.778599999845028, 165018.544900000095367 ], [ 102481.497000001370907, 165028.986699998378754 ], [ 102465.898699998855591, 165046.776500001549721 ], [ 102413.560500003397465, 165109.040899999439716 ], [ 102376.820699997246265, 165148.101100001484156 ], [ 102365.605400003492832, 165163.183800000697374 ], [ 102358.257399998605251, 165175.945999998599291 ], [ 102348.846900001168251, 165196.056200001388788 ] ] ] } },
{ "type": "Feature", "properties": { "GEMID": "210", "PLANID": "210-D-005", "NR": "113", "IDWIJZIGIN": "210-00055", "TYPE": "PA", "TYPE_LABEL": "Deels afgeschaft bij verplaatsing", "DATUM": "1951-05-28T01:00:00", "LINK": "https://geodiensten.oost-vlaanderen.be/Bijlagen/Wijzigingen/210-00055-01.pdf", "CEVI_OID": 10929, "GEMEENTE": "Schorisse" }, "geometry": { "type": "MultiLineString", "coordinates": [ [ [ 102465.898699998855591, 165046.776500001549721 ], [ 102403.505400002002716, 165008.876499999314547 ] ] ] } },
{ "type": "Feature", "properties": { "GEMID": "210", "PLANID": "210-D-005", "NR": "113", "IDWIJZIGIN": "210-00055", "TYPE": "PN", "TYPE_LABEL": "Nieuw deel bij verplaatsing", "DATUM": "1951-05-28T01:00:00", "LINK": "https://geodiensten.oost-vlaanderen.be/Bijlagen/Wijzigingen/210-00055-01.pdf", "CEVI_OID": 10930, "GEMEENTE": "Schorisse" }, "geometry": { "type": "MultiLineString", "coordinates": [ [ [ 102403.505400002002716, 165008.876499999314547 ], [ 102425.162600003182888, 164973.8125 ], [ 102481.497000001370907, 165028.986699998378754 ] ] ] } },
{ "type": "Feature", "properties": { "GEMID": "210", "PLANID": "210-D-005", "NR": "114", "IDWIJZIGIN": "210-00028", "TYPE": "PA", "TYPE_LABEL": "Deels afgeschaft bij verplaatsing", "DATUM": "1923-04-27T01:00:00", "LINK": "https://geodiensten.oost-vlaanderen.be/Bijlagen/Wijzigingen/210-00028-01.pdf", "CEVI_OID": 10931, "GEMEENTE": "Schorisse" }, "geometry": { "type": "MultiLineString", "coordinates": [ [ [ 103392.000100001692772, 165012.228199999779463 ], [ 103344.302799999713898, 164985.027800001204014 ] ] ] } },
{ "type": "Feature", "properties": { "GEMID": "210", "PLANID": "210-D-005", "NR": "114", "IDWIJZIGIN": "210-00028", "TYPE": "PN", "TYPE_LABEL": "Nieuw deel bij verplaatsing", "DATUM": "1923-04-27T01:00:00", "LINK": "https://geodiensten.oost-vlaanderen.be/Bijlagen/Wijzigingen/210-00028-01.pdf", "CEVI_OID": 10932, "GEMEENTE": "Schorisse" }, "geometry": { "type": "MultiLineString", "coordinates": [ [ [ 103392.000100001692772, 165012.228199999779463 ], [ 103280.491499997675419, 164982.836300000548363 ] ] ] } },
{ "type": "Feature", "properties": { "GEMID": "210", "PLANID": "210-D-005", "NR": "19", "IDWIJZIGIN": "210-00023", "TYPE": "B", "TYPE_LABEL": "Verbreding", "DATUM": "1914-10-02T01:00:00", "LINK": "https://geodiensten.oost-vlaanderen.be/Bijlagen/Wijzigingen/210-00023-01.pdf", "CEVI_OID": 10933, "GEMEENTE": "Schorisse" }, "geometry": { "type": "MultiLineString", "coordinates": [ [ [ 102741.511799998581409, 166238.95160000026226 ], [ 102744.218999996781349, 166227.736299999058247 ], [ 102747.699600003659725, 166219.614900000393391 ], [ 102759.817299999296665, 166208.270599998533726 ], [ 102768.325400002300739, 166193.832499999552965 ], [ 102778.122699998319149, 166167.792399998754263 ], [ 102787.79110000282526, 166144.459399998188019 ], [ 102796.428199999034405, 166127.314100001007318 ], [ 102813.186700001358986, 166112.618200000375509 ], [ 102828.269400000572205, 166097.019900001585484 ], [ 102844.125500001013279, 166055.897100001573563 ], [ 102868.618699997663498, 165985.769099999219179 ], [ 102870.68129999935627, 165971.331000000238419 ], [ 102868.747599996626377, 165932.528599999845028 ], [ 102866.813900001347065, 165911.902699999511242 ], [ 102865.266999997198582, 165904.039099998772144 ], [ 102863.5912000015378, 165898.753699999302626 ], [ 102819.761200003325939, 165871.811200000345707 ], [ 102790.627199999988079, 165852.732299998402596 ], [ 102770.64580000191927, 165838.938700001686811 ], [ 102737.257700003683567, 165821.277800001204014 ], [ 102723.593099996447563, 165810.707100000232458 ], [ 102718.565499998629093, 165806.453000001609325 ], [ 102708.123700000345707, 165792.014899998903275 ], [ 102693.298799999058247, 165769.842099998146296 ], [ 102676.540299996733665, 165755.146099999547005 ], [ 102658.6216000020504, 165738.000900000333786 ], [ 102647.664099998772144, 165728.590300001204014 ], [ 102611.955600000917912, 165695.975699998438358 ] ] ] } },
{ "type": "Feature", "properties": { "GEMID": "210", "PLANID": "210-D-006", "NR": "114", "IDWIJZIGIN": "210-00028", "TYPE": "PN", "TYPE_LABEL": "Nieuw deel bij verplaatsing", "DATUM": "1923-04-27T01:00:00", "LINK": "https://geodiensten.oost-vlaanderen.be/Bijlagen/Wijzigingen/210-00028-01.pdf", "CEVI_OID": 10934, "GEMEENTE": "Schorisse" }, "geometry": { "type": "MultiLineString", "coordinates": [ [ [ 102957.052100002765656, 164733.134399998933077 ], [ 103060.568199999630451, 164870.812100000679493 ], [ 103295.445200003683567, 164982.449599999934435 ] ] ] } },
{ "type": "Feature", "properties": { "GEMID": "210", "PLANID": "210-D-006", "NR": "22bis", "IDWIJZIGIN": "210-00042", "TYPE": "B", "TYPE_LABEL": "Verbreding", "DATUM": "1939-06-14T01:00:00", "LINK": "https://geodiensten.oost-vlaanderen.be/Bijlagen/Wijzigingen/210-00042-01.pdf", "CEVI_OID": 10935, "GEMEENTE": "Schorisse" }, "geometry": { "type": "MultiLineString", "coordinates": [ [ [ 102526.229299999773502, 164974.972699999809265 ], [ 102603.447400003671646, 164889.375399999320507 ], [ 102685.693099997937679, 164799.652899999171495 ], [ 102725.397799998521805, 164755.178300000727177 ], [ 102787.6621999964118, 164688.402100000530481 ] ] ] } },
{ "type": "Feature", "properties": { "GEMID": "210", "PLANID": "210-D-006", "NR": "12", "IDWIJZIGIN": "210-00019", "TYPE": "B", "TYPE_LABEL": "Verbreding", "DATUM": "1906-03-23T01:00:00", "LINK": "https://geodiensten.oost-vlaanderen.be/Bijlagen/Wijzigingen/210-00019-01.pdf", "CEVI_OID": 10936, "GEMEENTE": "Schorisse" }, "geometry": { "type": "MultiLineString", "coordinates": [ [ [ 102420.908500000834465, 164456.747800000011921 ], [ 102479.305500000715256, 164388.8114 ], [ 102549.949100002646446, 164304.889899998903275 ] ] ] } },
{ "type": "Feature", "properties": { "GEMID": "210", "PLANID": "210-D-006", "NR": "116", "IDWIJZIGIN": "210-00069", "TYPE": "A", "TYPE_LABEL": "Afschaffing", "DATUM": "1977-04-15T02:00:00", "LINK": "https://geodiensten.oost-vlaanderen.be/Bijlagen/Wijzigingen/210-00069-01.pdf", "CEVI_OID": 10937, "GEMEENTE": "Schorisse" }, "geometry": { "type": "MultiLineString", "coordinates": [ [ [ 102644.570200003683567, 163873.938200000673532 ], [ 102682.083499997854233, 163923.569200001657009 ], [ 102740.867200002074242, 164003.752199999988079 ], [ 102774.513199999928474, 164048.742400001734495 ] ] ] } },
{ "type": "Feature", "properties": { "GEMID": "210", "PLANID": "210-D-006", "NR": "114", "IDWIJZIGIN": "210-00028", "TYPE": "PA", "TYPE_LABEL": "Deels afgeschaft bij verplaatsing", "DATUM": "1923-04-27T01:00:00", "LINK": "https://geodiensten.oost-vlaanderen.be/Bijlagen/Wijzigingen/210-00028-01.pdf", "CEVI_OID": 10938, "GEMEENTE": "Schorisse" }, "geometry": { "type": "MultiLineString", "coordinates": [ [ [ 102998.174900002777576, 164701.808899998664856 ], [ 103061.470600001513958, 164790.758000001311302 ], [ 103101.562100000679493, 164847.35020000115037 ], [ 103196.956699997186661, 164898.785900000482798 ], [ 103277.268700003623962, 164943.389400001615286 ], [ 103318.133699998259544, 164965.948899999260902 ], [ 103350.103799998760223, 164983.996500000357628 ] ] ] } },
{ "type": "Feature", "properties": { "GEMID": "210", "PLANID": "210-D-007", "NR": "52", "IDWIJZIGIN": "210-00044", "TYPE": "A", "TYPE_LABEL": "Afschaffing", "DATUM": "1946-04-30T01:00:00", "LINK": "https://geodiensten.oost-vlaanderen.be/Bijlagen/Wijzigingen/210-00044-02.pdf", "CEVI_OID": 10939, "GEMEENTE": "Schorisse" }, "geometry": { "type": "MultiLineString", "coordinates": [ [ [ 101033.045500002801418, 164634.388099998235703 ], [ 100991.278099998831749, 164644.314300000667572 ], [ 100946.159000001847744, 164655.658500000834465 ], [ 100918.185199998319149, 164662.232999999076128 ], [ 100893.820900000631809, 164668.549699999392033 ], [ 100858.627999998629093, 164684.534699998795986 ], [ 100831.169799998402596, 164651.791200000792742 ], [ 100807.192299999296665, 164623.172800000756979 ], [ 100740.931699998676777, 164660.170400001108646 ], [ 100738.869099996984005, 164663.393199998885393 ] ] ] } },
{ "type": "Feature", "properties": { "GEMID": "210", "PLANID": "210-D-007", "NR": "138", "IDWIJZIGIN": "210-00044", "TYPE": "A", "TYPE_LABEL": "Afschaffing", "DATUM": "1946-04-30T01:00:00", "LINK": "https://geodiensten.oost-vlaanderen.be/Bijlagen/Wijzigingen/210-00044-02.pdf", "CEVI_OID": 10940, "GEMEENTE": "Schorisse" }, "geometry": { "type": "MultiLineString", "coordinates": [ [ [ 100991.278099998831749, 164644.314300000667572 ], [ 100977.226700000464916, 164676.542199999094009 ], [ 100966.011399999260902, 164705.289500001817942 ], [ 100954.409400001168251, 164735.06810000166297 ], [ 100952.733499996364117, 164739.579999998211861 ], [ 100935.459399998188019, 164766.651500001549721 ], [ 100906.969899997115135, 164814.348799999803305 ], [ 100901.942299999296665, 164877.902199998497963 ], [ 100901.039899997413158, 164886.797200001776218 ], [ 100901.297799997031689, 164931.529500000178814 ], [ 100901.039899997413158, 164960.792399998754263 ] ] ] } },
{ "type": "Feature", "properties": { "GEMID": "210", "PLANID": "210-D-007", "NR": "93", "IDWIJZIGIN": "210-00049", "TYPE": "A", "TYPE_LABEL": "Afschaffing", "DATUM": "1949-10-19T01:00:00", "LINK": "https://geodiensten.oost-vlaanderen.be/Bijlagen/Wijzigingen/210-00049-01.pdf", "CEVI_OID": 10941, "GEMEENTE": "Schorisse" }, "geometry": { "type": "MultiLineString", "coordinates": [ [ [ 101134.498999997973442, 164890.019900001585484 ], [ 101146.487800002098083, 164963.886300001293421 ] ] ] } },
{ "type": "Feature", "properties": { "GEMID": "210", "PLANID": "210-D-007", "NR": "54", "IDWIJZIGIN": "210-00008", "TYPE": "PA", "TYPE_LABEL": "Deels afgeschaft bij verplaatsing", "DATUM": "1891-07-17T01:00:00", "LINK": "https://geodiensten.oost-vlaanderen.be/Bijlagen/Wijzigingen/210-00008-01.pdf", "CEVI_OID": 10942, "GEMEENTE": "Schorisse" }, "geometry": { "type": "MultiLineString", "coordinates": [ [ [ 101448.527800001204014, 164852.893399998545647 ], [ 101463.481499999761581, 164867.460400000214577 ], [ 101475.857100002467632, 164878.160100001841784 ], [ 101491.455399997532368, 164888.086300000548363 ], [ 101515.17509999871254, 164900.203999999910593 ], [ 101495.322700001299381, 164913.997499998658895 ], [ 101496.225100003182888, 164925.341699998825788 ], [ 101513.241499997675419, 164968.398200001567602 ] ] ] } },
{ "type": "Feature", "properties": { "GEMID": "210", "PLANID": "210-D-007", "NR": "54", "IDWIJZIGIN": "210-00008", "TYPE": "PN", "TYPE_LABEL": "Nieuw deel bij verplaatsing", "DATUM": "1891-07-17T01:00:00", "LINK": "https://geodiensten.oost-vlaanderen.be/Bijlagen/Wijzigingen/210-00008-01.pdf", "CEVI_OID": 10943, "GEMEENTE": "Schorisse" }, "geometry": { "type": "MultiLineString", "coordinates": [ [ [ 101545.856100000441074, 164967.882599998265505 ], [ 101520.589400000870228, 164898.270300000905991 ], [ 101508.987400002777576, 164880.351599998772144 ], [ 101498.545500002801418, 164872.616900000721216 ], [ 101448.527800001204014, 164852.893399998545647 ] ] ] } },
{ "type": "Feature", "properties": { "GEMID": "210", "PLANID": "210-D-007", "NR": "16", "IDWIJZIGIN": "210-00021", "TYPE": "B", "TYPE_LABEL": "Verbreding", "DATUM": "1911-09-22T01:00:00", "LINK": "https://geodiensten.oost-vlaanderen.be/Bijlagen/Wijzigingen/210-00021-02.pdf", "CEVI_OID": 10944, "GEMEENTE": "Schorisse" }, "geometry": { "type": "MultiLineString", "coordinates": [ [ [ 101955.279600001871586, 164452.751600001007318 ], [ 101945.740099996328354, 164485.881900001317263 ], [ 101949.349600002169609, 164492.971999999135733 ], [ 101948.833999998867512, 164538.477800000458956 ], [ 101945.224399998784065, 164571.479200001806021 ], [ 101932.462200000882149, 164612.730900000780821 ], [ 101907.324400000274181, 164657.20549999922514 ], [ 101892.499600000679493, 164685.565999999642372 ], [ 101883.346799999475479, 164695.492199998348951 ], [ 101859.369300000369549, 164708.512299999594688 ], [ 101819.406700000166893, 164726.688900001347065 ], [ 101797.8783999979496, 164746.154500000178814 ], [ 101789.241300001740456, 164757.885499998927116 ], [ 101781.506599999964237, 164772.194699998944998 ], [ 101772.353900000452995, 164797.332499999552965 ], [ 101766.16610000282526, 164820.794399999082088 ], [ 101766.16610000282526, 164835.619199998676777 ], [ 101769.259999997913837, 164853.022300001233816 ], [ 101771.322599999606609, 164861.272599998861551 ], [ 101786.663099996745586, 164891.438000001013279 ], [ 101802.390299998223782, 164922.376800000667572 ], [ 101793.10869999974966, 164942.486999999731779 ], [ 101778.928400002419949, 164960.405699998140335 ], [ 101767.197400003671646, 164971.878899998962879 ] ] ] } },
{ "type": "Feature", "properties": { "GEMID": "210", "PLANID": "210-D-007", "NR": "16", "IDWIJZIGIN": "210-00027", "TYPE": "B", "TYPE_LABEL": "Verbreding", "DATUM": "1915-06-11T01:00:00", "LINK": "https://geodiensten.oost-vlaanderen.be/Bijlagen/Wijzigingen/210-00027-01.pdf", "CEVI_OID": 10945, "GEMEENTE": "Schorisse" }, "geometry": { "type": "MultiLineString", "coordinates": [ [ [ 101766.16610000282526, 164820.794399999082088 ], [ 101766.16610000282526, 164835.619199998676777 ], [ 101769.259999997913837, 164853.022300001233816 ], [ 101771.322599999606609, 164861.272599998861551 ], [ 101786.663099996745586, 164891.438000001013279 ], [ 101802.390299998223782, 164922.376800000667572 ], [ 101793.10869999974966, 164942.486999999731779 ], [ 101778.928400002419949, 164960.405699998140335 ], [ 101767.197400003671646, 164971.878899998962879 ] ] ] } },
{ "type": "Feature", "properties": { "GEMID": "210", "PLANID": "210-D-007", "NR": "56", "IDWIJZIGIN": "210-00009", "TYPE": "PA", "TYPE_LABEL": "Deels afgeschaft bij verplaatsing", "DATUM": "1892-06-04T01:00:00", "LINK": "https://geodiensten.oost-vlaanderen.be/Bijlagen/Wijzigingen/210-00009-01.pdf", "CEVI_OID": 10946, "GEMEENTE": "Schorisse" }, "geometry": { "type": "MultiLineString", "coordinates": [ [ [ 102062.534100003540516, 164609.121399998664856 ], [ 102073.749399997293949, 164583.854699999094009 ], [ 102048.611599996685982, 164555.365299999713898 ] ] ] } },
{ "type": "Feature", "properties": { "GEMID": "210", "PLANID": "210-D-007", "NR": "123", "IDWIJZIGIN": "210-00009", "TYPE": "PA", "TYPE_LABEL": "Deels afgeschaft bij verplaatsing", "DATUM": "1892-06-04T01:00:00", "LINK": "https://geodiensten.oost-vlaanderen.be/Bijlagen/Wijzigingen/210-00009-01.pdf", "CEVI_OID": 10947, "GEMEENTE": "Schorisse" }, "geometry": { "type": "MultiLineString", "coordinates": [ [ [ 102048.611599996685982, 164555.365299999713898 ], [ 102055.314999997615814, 164550.595499999821186 ] ] ] } },
{ "type": "Feature", "properties": { "GEMID": "210", "PLANID": "210-D-007", "NR": "56", "IDWIJZIGIN": "210-00009", "TYPE": "PA", "TYPE_LABEL": "Deels afgeschaft bij verplaatsing", "DATUM": "1892-06-04T01:00:00", "LINK": "https://geodiensten.oost-vlaanderen.be/Bijlagen/Wijzigingen/210-00009-01.pdf", "CEVI_OID": 10948, "GEMEENTE": "Schorisse" }, "geometry": { "type": "MultiLineString", "coordinates": [ [ [ 102038.040799997746944, 164515.660500001162291 ], [ 102055.314999997615814, 164550.595499999821186 ] ] ] } },
{ "type": "Feature", "properties": { "GEMID": "210", "PLANID": "210-D-007", "NR": "123", "IDWIJZIGIN": "210-00032", "TYPE": "A", "TYPE_LABEL": "Afschaffing", "DATUM": "1937-03-26T01:00:00", "LINK": "https://geodiensten.oost-vlaanderen.be/Bijlagen/Wijzigingen/210-00032-01.pdf", "CEVI_OID": 10949, "GEMEENTE": "Schorisse" }, "geometry": { "type": "MultiLineString", "coordinates": [ [ [ 101945.224399998784065, 164571.479200001806021 ], [ 101992.406099997460842, 164579.987399999052286 ], [ 102027.598999999463558, 164565.678199999034405 ] ] ] } },
{ "type": "Feature", "properties": { "GEMID": "210", "PLANID": "210-D-007", "NR": "123", "IDWIJZIGIN": "210-00009", "TYPE": "A", "TYPE_LABEL": "Afschaffing", "DATUM": "1892-06-04T01:00:00", "LINK": "https://geodiensten.oost-vlaanderen.be/Bijlagen/Wijzigingen/210-00009-01.pdf", "CEVI_OID": 10950, "GEMEENTE": "Schorisse" }, "geometry": { "type": "MultiLineString", "coordinates": [ [ [ 102027.598999999463558, 164565.678199999034405 ], [ 102036.7516999989748, 164561.939800001680851 ], [ 102048.611599996685982, 164555.365299999713898 ] ] ] } },
{ "type": "Feature", "properties": { "GEMID": "210", "PLANID": "210-D-007", "NR": "56", "IDWIJZIGIN": "210-00054", "TYPE": "A", "TYPE_LABEL": "Afschaffing", "DATUM": "1951-09-19T01:00:00", "LINK": "https://geodiensten.oost-vlaanderen.be/Bijlagen/Wijzigingen/210-00054-01.pdf", "CEVI_OID": 10951, "GEMEENTE": "Schorisse" }, "geometry": { "type": "MultiLineString", "coordinates": [ [ [ 102013.805500000715256, 164698.328299999237061 ], [ 102015.610200002789497, 164693.945300001651049 ], [ 102033.271099999547005, 164659.13910000026226 ], [ 102039.20099999755621, 164648.310600001364946 ], [ 102044.486400000751019, 164639.415699999779463 ], [ 102056.990900002419949, 164622.141499999910593 ], [ 102062.534100003540516, 164609.121399998664856 ], [ 102027.598999999463558, 164565.678199999034405 ], [ 102038.040799997746944, 164515.660500001162291 ] ] ] } },
{ "type": "Feature", "properties": { "GEMID": "210", "PLANID": "210-D-007", "NR": "56", "IDWIJZIGIN": "210-00009", "TYPE": "PN", "TYPE_LABEL": "Nieuw deel bij verplaatsing", "DATUM": "1892-06-04T01:00:00", "LINK": "https://geodiensten.oost-vlaanderen.be/Bijlagen/Wijzigingen/210-00009-01.pdf", "CEVI_OID": 10952, "GEMEENTE": "Schorisse" }, "geometry": { "type": "MultiLineString", "coordinates": [ [ [ 102062.534100003540516, 164609.121399998664856 ], [ 102027.598999999463558, 164565.678199999034405 ], [ 102038.040799997746944, 164515.660500001162291 ] ] ] } },
{ "type": "Feature", "properties": { "GEMID": "210", "PLANID": "210-D-007", "NR": "12", "IDWIJZIGIN": "210-00019", "TYPE": "B", "TYPE_LABEL": "Verbreding", "DATUM": "1906-03-23T01:00:00", "LINK": "https://geodiensten.oost-vlaanderen.be/Bijlagen/Wijzigingen/210-00019-01.pdf", "CEVI_OID": 10953, "GEMEENTE": "Schorisse" }, "geometry": { "type": "MultiLineString", "coordinates": [ [ [ 102014.192199997603893, 164420.39469999819994 ], [ 102017.41499999910593, 164421.941700000315905 ], [ 102045.904500000178814, 164431.996800001710653 ], [ 102086.124899998307228, 164440.762800000607967 ], [ 102096.051100000739098, 164442.4386 ], [ 102101.594300001859665, 164443.469900000840425 ], [ 102126.732100002467632, 164459.58390000090003 ], [ 102160.377999998629093, 164485.237300001084805 ], [ 102186.675999999046326, 164513.726799998432398 ], [ 102209.106600001454353, 164532.161200001835823 ], [ 102242.752599999308586, 164555.623100001364946 ], [ 102291.094400003552437, 164587.077500000596046 ], [ 102301.149599999189377, 164592.878600001335144 ], [ 102312.10700000077486, 164585.659499999135733 ], [ 102335.955700002610683, 164562.713199999183416 ], [ 102393.965999998152256, 164490.264899998903275 ], [ 102405.825800001621246, 164475.440000001341105 ], [ 102424.646899998188019, 164452.493700001388788 ] ] ] } },
{ "type": "Feature", "properties": { "GEMID": "210", "PLANID": "210-D-007", "NR": "16", "IDWIJZIGIN": "210-00010", "TYPE": "B", "TYPE_LABEL": "Verbreding", "DATUM": "1893-09-08T01:00:00", "LINK": "https://geodiensten.oost-vlaanderen.be/Bijlagen/Wijzigingen/210-00010-01.pdf", "CEVI_OID": 10954, "GEMEENTE": "Schorisse" }, "geometry": { "type": "MultiLineString", "coordinates": [ [ [ 102153.287900000810623, 164236.566700000315905 ], [ 102121.188900001347065, 164268.021200001239777 ], [ 101979.772799998521805, 164403.50730000063777 ], [ 101965.721400000154972, 164416.914099998772144 ] ] ] } },
{ "type": "Feature", "properties": { "GEMID": "210", "PLANID": "210-D-007", "NR": "16", "IDWIJZIGIN": "210-00011", "TYPE": "B", "TYPE_LABEL": "Verbreding", "DATUM": "1895-03-23T01:00:00", "LINK": "https://geodiensten.oost-vlaanderen.be/Bijlagen/Wijzigingen/210-00011-01.pdf", "CEVI_OID": 10955, "GEMEENTE": "Schorisse" }, "geometry": { "type": "MultiLineString", "coordinates": [ [ [ 102153.287900000810623, 164236.566700000315905 ], [ 102121.188900001347065, 164268.021200001239777 ], [ 101979.772799998521805, 164403.50730000063777 ], [ 101965.721400000154972, 164416.914099998772144 ] ] ] } },
{ "type": "Feature", "properties": { "GEMID": "210", "PLANID": "210-D-007", "NR": "122", "IDWIJZIGIN": "210-00016", "TYPE": "PA", "TYPE_LABEL": "Deels afgeschaft bij verplaatsing", "DATUM": "1901-11-16T01:00:00", "LINK": "https://geodiensten.oost-vlaanderen.be/Bijlagen/Wijzigingen/210-00016-01.pdf", "CEVI_OID": 10956, "GEMEENTE": "Schorisse" }, "geometry": { "type": "MultiLineString", "coordinates": [ [ [ 101716.277300000190735, 164174.43129999935627 ], [ 101722.980700001120567, 164169.66160000115633 ], [ 101730.586499996483326, 164163.731600001454353 ], [ 101736.387500002980232, 164158.446199998259544 ], [ 101742.704199999570847, 164149.551300000399351 ], [ 101747.216099999845028, 164141.816599998623133 ], [ 101750.825699999928474, 164136.531300000846386 ], [ 101758.302500002086163, 164123.38230000063777 ], [ 101762.041000001132488, 164116.807799998670816 ], [ 101766.55290000140667, 164097.084300000220537 ], [ 101781.764499999582767, 164075.427099999040365 ], [ 101800.843400001525879, 164049.386999998241663 ], [ 101824.047499999403954, 164016.514499999582767 ], [ 101849.571999996900558, 163982.739599999040365 ], [ 101874.065200001001358, 163950.125 ], [ 101905.13289999961853, 163908.744300000369549 ], [ 101920.08669999986887, 163879.997000001370907 ], [ 101949.607400000095367, 163812.705099999904633 ], [ 101960.822800002992153, 163784.860199999064207 ], [ 101975.002999998629093, 163751.214299999177456 ], [ 101990.343500003218651, 163716.666000001132488 ] ] ] } },
{ "type": "Feature", "properties": { "GEMID": "210", "PLANID": "210-D-007", "NR": "122", "IDWIJZIGIN": "210-00016", "TYPE": "PN", "TYPE_LABEL": "Nieuw deel bij verplaatsing", "DATUM": "1901-11-16T01:00:00", "LINK": "https://geodiensten.oost-vlaanderen.be/Bijlagen/Wijzigingen/210-00016-01.pdf", "CEVI_OID": 10957, "GEMEENTE": "Schorisse" }, "geometry": { "type": "MultiLineString", "coordinates": [ [ [ 102022.958200000226498, 164182.681600000709295 ], [ 101988.538800001144409, 164153.031899999827147 ], [ 101968.299599997699261, 164131.374800000339746 ], [ 101958.115599997341633, 164099.533599998801947 ], [ 102026.825499996542931, 163717.697299998253584 ] ] ] } },
{ "type": "Feature", "properties": { "GEMID": "210", "PLANID": "210-D-007", "NR": "51", "IDWIJZIGIN": "210-00072", "TYPE": "V", "TYPE_LABEL": "Verklaring/erkenning", "DATUM": "1982-11-26T01:00:00", "LINK": "https://geodiensten.oost-vlaanderen.be/Bijlagen/Wijzigingen/210-00072-01.pdf", "CEVI_OID": 10958, "GEMEENTE": "Schorisse" }, "geometry": { "type": "MultiLineString", "coordinates": [ [ [ 100857.21000000089407, 164267.247699998319149 ], [ 100799.199699997901917, 164305.792300000786781 ], [ 100794.558899998664856, 164300.506900001317263 ], [ 100786.566399998962879, 164290.709600001573563 ], [ 100774.577600002288818, 164274.982400000095367 ], [ 100756.658900000154972, 164259.770799998193979 ], [ 100732.036799997091293, 164239.144900001585484 ], [ 100712.313299998641014, 164228.960900001227856 ], [ 100702.902699999511242, 164220.581700000911951 ], [ 100690.913900002837181, 164212.846999999135733 ], [ 100676.47580000013113, 164200.342500001192093 ] ] ] } },
{ "type": "Feature", "properties": { "GEMID": "210", "PLANID": "210-D-008", "NR": "47", "IDWIJZIGIN": "210-00046", "TYPE": "A", "TYPE_LABEL": "Afschaffing", "DATUM": "1947-10-15T01:00:00", "LINK": "https://geodiensten.oost-vlaanderen.be/Bijlagen/Wijzigingen/210-00046-01.pdf", "CEVI_OID": 10959, "GEMEENTE": "Schorisse" }, "geometry": { "type": "MultiLineString", "coordinates": [ [ [ 99947.86710000038147, 164256.290199998766184 ], [ 99939.229999996721745, 164239.144900001585484 ], [ 99926.467799998819828, 164213.104800000786781 ], [ 99915.381300002336502, 164189.642900001257658 ], [ 99913.447700001299381, 164183.583999998867512 ], [ 99901.201099999248981, 164162.18470000103116 ], [ 99891.145999997854233, 164145.03940000012517 ], [ 99886.762999996542931, 164138.722800001502037 ], [ 99870.004399999976158, 164117.710200000554323 ], [ 99857.113300003111362, 164103.143100000917912 ] ] ] } },
{ "type": "Feature", "properties": { "GEMID": "210", "PLANID": "210-D-008", "NR": "33bis", "IDWIJZIGIN": "210-00074", "TYPE": "A", "TYPE_LABEL": "Afschaffing", "DATUM": "1991-08-29T02:00:00", "LINK": "https://geodiensten.oost-vlaanderen.be/Bijlagen/Wijzigingen/210-00074-01.pdf", "CEVI_OID": 10960, "GEMEENTE": "Schorisse" }, "geometry": { "type": "MultiLineString", "coordinates": [ [ [ 99983.575599998235703, 164305.147700000554323 ], [ 99966.688199996948242, 164292.385499998927116 ], [ 99947.86710000038147, 164256.290199998766184 ] ] ] } },
{ "type": "Feature", "properties": { "GEMID": "210", "PLANID": "210-D-008", "NR": "51", "IDWIJZIGIN": "210-00072", "TYPE": "V", "TYPE_LABEL": "Verklaring/erkenning", "DATUM": "1982-11-26T01:00:00", "LINK": "https://geodiensten.oost-vlaanderen.be/Bijlagen/Wijzigingen/210-00072-01.pdf", "CEVI_OID": 10961, "GEMEENTE": "Schorisse" }, "geometry": { "type": "MultiLineString", "coordinates": [ [ [ 100665.131599999964237, 164177.525199998170137 ], [ 100669.127899996936321, 164183.068399999290705 ], [ 100678.79619999974966, 164197.119699999690056 ] ] ] } },
{ "type": "Feature", "properties": { "GEMID": "210", "PLANID": "210-D-008", "NR": "5", "IDWIJZIGIN": "210-00010", "TYPE": "B", "TYPE_LABEL": "Verbreding", "DATUM": "1893-09-08T01:00:00", "LINK": "https://geodiensten.oost-vlaanderen.be/Bijlagen/Wijzigingen/210-00010-01.pdf", "CEVI_OID": 10962, "GEMEENTE": "Schorisse" }, "geometry": { "type": "MultiLineString", "coordinates": [ [ [ 100329.574500001966953, 164935.396800000220537 ], [ 100326.222800001502037, 164932.43189999833703 ], [ 100293.350400000810623, 164900.461800001561642 ], [ 100269.5016999989748, 164870.940999999642372 ], [ 100252.485399998724461, 164854.698100000619888 ], [ 100217.421400003135204, 164827.111099999397993 ], [ 100181.97070000320673, 164798.750500001013279 ], [ 100151.934299997985363, 164779.929400000721216 ], [ 100104.365900002419949, 164753.244699999690056 ], [ 100053.059000000357628, 164721.145700000226498 ], [ 100004.588200002908707, 164690.206900000572205 ], [ 99962.047399997711182, 164660.686099998652935 ], [ 99940.776900000870228, 164645.603399999439716 ], [ 99867.941899999976158, 164588.88230000063777 ], [ 99849.894199997186661, 164575.475499998778105 ], [ 99828.752700001001358, 164558.072399999946356 ] ] ] } },
{ "type": "Feature", "properties": { "GEMID": "210", "PLANID": "210-D-009", "NR": "52", "IDWIJZIGIN": "210-00044", "TYPE": "A", "TYPE_LABEL": "Afschaffing", "DATUM": "1946-04-30T01:00:00", "LINK": "https://geodiensten.oost-vlaanderen.be/Bijlagen/Wijzigingen/210-00044-01.pdf", "CEVI_OID": 10963, "GEMEENTE": "Schorisse" }, "geometry": { "type": "MultiLineString", "coordinates": [ [ [ 100288.193899996578693, 163174.85020000115037 ], [ 100368.376900002360344, 163117.742400001734495 ] ] ] } },
{ "type": "Feature", "properties": { "GEMID": "210", "PLANID": "210-D-009", "NR": "145", "IDWIJZIGIN": "210-00026", "TYPE": "PN", "TYPE_LABEL": "Nieuw deel bij verplaatsing", "DATUM": "1914-11-06T01:00:00", "LINK": "https://geodiensten.oost-vlaanderen.be/Bijlagen/Wijzigingen/210-00026-01.pdf", "CEVI_OID": 10964, "GEMEENTE": "Schorisse" }, "geometry": { "type": "MultiLineString", "coordinates": [ [ [ 100308.561899997293949, 163041.813400000333786 ], [ 100368.376900002360344, 163117.742400001734495 ] ] ] } },
{ "type": "Feature", "properties": { "GEMID": "210", "PLANID": "210-D-009", "NR": "145", "IDWIJZIGIN": "210-00026", "TYPE": "PA", "TYPE_LABEL": "Deels afgeschaft bij verplaatsing", "DATUM": "1914-11-06T01:00:00", "LINK": "https://geodiensten.oost-vlaanderen.be/Bijlagen/Wijzigingen/210-00026-01.pdf", "CEVI_OID": 10965, "GEMEENTE": "Schorisse" }, "geometry": { "type": "MultiLineString", "coordinates": [ [ [ 100346.461999997496605, 163001.077300000935793 ], [ 100366.185400001704693, 163026.344000000506639 ], [ 100361.028999999165535, 163062.439300000667572 ], [ 100358.708599999547005, 163077.650800000876188 ], [ 100368.376900002360344, 163117.742400001734495 ] ] ] } },
{ "type": "Feature", "properties": { "GEMID": "210", "PLANID": "210-D-009", "NR": "1", "IDWIJZIGIN": "210-00036", "TYPE": "B", "TYPE_LABEL": "Verbreding", "DATUM": "1939-04-26T01:00:00", "LINK": "https://geodiensten.oost-vlaanderen.be/Bijlagen/Wijzigingen/210-00036-01.pdf", "CEVI_OID": 10966, "GEMEENTE": "Schorisse" }, "geometry": { "type": "MultiLineString", "coordinates": [ [ [ 100285.486699998378754, 163065.791000001132488 ], [ 100308.561899997293949, 163041.813400000333786 ] ] ] } },
{ "type": "Feature", "properties": { "GEMID": "210", "PLANID": "210-D-009", "NR": "1", "IDWIJZIGIN": "210-00036", "TYPE": "B", "TYPE_LABEL": "Verbreding", "DATUM": "1939-04-26T01:00:00", "LINK": "https://geodiensten.oost-vlaanderen.be/Bijlagen/Wijzigingen/210-00036-01.pdf", "CEVI_OID": 10967, "GEMEENTE": "Schorisse" }, "geometry": { "type": "MultiLineString", "coordinates": [ [ [ 100346.461999997496605, 163001.077300000935793 ], [ 100410.788900002837181, 162930.562600001692772 ], [ 100415.300800003111362, 162923.859200000762939 ] ] ] } },
{ "type": "Feature", "properties": { "GEMID": "210", "PLANID": "210-D-009", "NR": "1", "IDWIJZIGIN": "210-00036", "TYPE": "B", "TYPE_LABEL": "Verbreding", "DATUM": "1939-04-26T01:00:00", "LINK": "https://geodiensten.oost-vlaanderen.be/Bijlagen/Wijzigingen/210-00036-01.pdf", "CEVI_OID": 10968, "GEMEENTE": "Schorisse" }, "geometry": { "type": "MultiLineString", "coordinates": [ [ [ 100536.477799996733665, 162751.633200000971556 ], [ 100595.132600001990795, 162705.482799999415874 ] ] ] } },
{ "type": "Feature", "properties": { "GEMID": "210", "PLANID": "210-D-009", "NR": "132", "IDWIJZIGIN": "210-00029", "TYPE": "A", "TYPE_LABEL": "Afschaffing", "DATUM": "1924-06-06T01:00:00", "LINK": "https://geodiensten.oost-vlaanderen.be/Bijlagen/Wijzigingen/210-00029-01.pdf", "CEVI_OID": 10969, "GEMEENTE": "Schorisse" }, "geometry": { "type": "MultiLineString", "coordinates": [ [ [ 100638.318000003695488, 163452.654899999499321 ], [ 100610.473099999129772, 163509.118200000375509 ], [ 100649.533299997448921, 163558.233500000089407 ], [ 100661.9087999984622, 163575.378800000995398 ] ] ] } },
{ "type": "Feature", "properties": { "GEMID": "210", "PLANID": "210-D-010", "NR": "122", "IDWIJZIGIN": "210-00016", "TYPE": "PN", "TYPE_LABEL": "Nieuw deel bij verplaatsing", "DATUM": "1901-11-16T01:00:00", "LINK": "https://geodiensten.oost-vlaanderen.be/Bijlagen/Wijzigingen/210-00016-01.pdf", "CEVI_OID": 10970, "GEMEENTE": "Schorisse" }, "geometry": { "type": "MultiLineString", "coordinates": [ [ [ 102047.838100001215935, 163627.201299998909235 ], [ 102061.2449000030756, 163689.207800000905991 ], [ 102027.985699996352196, 163714.603399999439716 ] ] ] } },
{ "type": "Feature", "properties": { "GEMID": "210", "PLANID": "210-D-010", "NR": "121", "IDWIJZIGIN": "210-00024", "TYPE": "PA", "TYPE_LABEL": "Deels afgeschaft bij verplaatsing", "DATUM": "1914-10-02T01:00:00", "LINK": "https://geodiensten.oost-vlaanderen.be/Bijlagen/Wijzigingen/210-00024-01.pdf", "CEVI_OID": 10971, "GEMEENTE": "Schorisse" }, "geometry": { "type": "MultiLineString", "coordinates": [ [ [ 101840.419299997389317, 163474.698800001293421 ], [ 101834.87610000371933, 163485.011700000613928 ], [ 101738.707999996840954, 163441.955200001597404 ] ] ] } },
{ "type": "Feature", "properties": { "GEMID": "210", "PLANID": "210-D-010", "NR": "121", "IDWIJZIGIN": "210-00024", "TYPE": "PN", "TYPE_LABEL": "Nieuw deel bij verplaatsing", "DATUM": "1914-10-02T01:00:00", "LINK": "https://geodiensten.oost-vlaanderen.be/Bijlagen/Wijzigingen/210-00024-01.pdf", "CEVI_OID": 10972, "GEMEENTE": "Schorisse" }, "geometry": { "type": "MultiLineString", "coordinates": [ [ [ 101840.419299997389317, 163474.698800001293421 ], [ 101747.473899997770786, 163420.684799998998642 ] ] ] } },
{ "type": "Feature", "properties": { "GEMID": "210", "PLANID": "210-D-010", "NR": "13", "IDWIJZIGIN": "210-00017", "TYPE": "B", "TYPE_LABEL": "Verbreding", "DATUM": "1902-03-28T01:00:00", "LINK": "https://geodiensten.oost-vlaanderen.be/Bijlagen/Wijzigingen/210-00017-01.pdf", "CEVI_OID": 10973, "GEMEENTE": "Schorisse" }, "geometry": { "type": "MultiLineString", "coordinates": [ [ [ 101477.532899998128414, 163473.409600000828505 ], [ 101476.759400002658367, 163427.517099998891354 ], [ 101476.114900000393391, 163384.976199999451637 ], [ 101478.950900003314018, 163346.947299998253584 ], [ 101486.427799999713898, 163288.550299998372793 ], [ 101489.650600001215935, 163264.572700001299381 ], [ 101489.006099998950958, 163253.486299999058247 ], [ 101481.142399996519089, 163203.339699998497963 ], [ 101475.341399997472763, 163172.143100000917912 ], [ 101461.032200001180172, 163139.528400000184774 ], [ 101438.343800000846386, 163070.30290000140667 ], [ 101434.476400002837181, 163062.181400001049042 ], [ 101414.237300001084805, 162986.381400000303984 ], [ 101400.959399998188019, 162920.249699998646975 ] ] ] } },
{ "type": "Feature", "properties": { "GEMID": "210", "PLANID": "210-D-010", "NR": "1", "IDWIJZIGIN": "210-00036", "TYPE": "B", "TYPE_LABEL": "Verbreding", "DATUM": "1939-04-26T01:00:00", "LINK": "https://geodiensten.oost-vlaanderen.be/Bijlagen/Wijzigingen/210-00036-01.pdf", "CEVI_OID": 10974, "GEMEENTE": "Schorisse" }, "geometry": { "type": "MultiLineString", "coordinates": [ [ [ 100757.819099999964237, 162564.324599999934435 ], [ 100780.765399999916553, 162539.702399998903275 ], [ 100865.202500000596046, 162465.578200001269579 ] ] ] } },
{ "type": "Feature", "properties": { "GEMID": "210", "PLANID": "210-D-010", "NR": "13", "IDWIJZIGIN": "210-00003", "TYPE": "B", "TYPE_LABEL": "Verbreding", "DATUM": "1884-04-26T01:00:00", "LINK": "https://geodiensten.oost-vlaanderen.be/Bijlagen/Wijzigingen/210-00003-01.pdf", "CEVI_OID": 10975, "GEMEENTE": "Schorisse" }, "geometry": { "type": "MultiLineString", "coordinates": [ [ [ 100762.846600003540516, 162604.545000001788139 ], [ 100750.213299997150898, 162604.41609999909997 ], [ 100728.298299998044968, 162601.064399998635054 ] ] ] } },
{ "type": "Feature", "properties": { "GEMID": "210", "PLANID": "210-D-010", "NR": "13", "IDWIJZIGIN": "210-00003", "TYPE": "B", "TYPE_LABEL": "Verbreding", "DATUM": "1884-04-26T01:00:00", "LINK": "https://geodiensten.oost-vlaanderen.be/Bijlagen/Wijzigingen/210-00003-01.pdf", "CEVI_OID": 10976, "GEMEENTE": "Schorisse" }, "geometry": { "type": "MultiLineString", "coordinates": [ [ [ 100872.808300003409386, 162604.802799999713898 ], [ 100862.753200002014637, 162601.837900001555681 ], [ 100852.569200001657009, 162601.451099999248981 ], [ 100847.541599996387959, 162601.451099999248981 ] ] ] } },
{ "type": "Feature", "properties": { "GEMID": "210", "PLANID": "210-D-010", "NR": "13", "IDWIJZIGIN": "210-00003", "TYPE": "B", "TYPE_LABEL": "Verbreding", "DATUM": "1884-04-26T01:00:00", "LINK": "https://geodiensten.oost-vlaanderen.be/Bijlagen/Wijzigingen/210-00003-01.pdf", "CEVI_OID": 10977, "GEMEENTE": "Schorisse" }, "geometry": { "type": "MultiLineString", "coordinates": [ [ [ 100996.17679999768734, 162673.899500001221895 ], [ 100989.989000000059605, 162667.582800000905991 ], [ 100978.129100002348423, 162655.722899999469519 ], [ 100968.202899999916553, 162648.503899998962879 ], [ 100935.717200003564358, 162625.557599999010563 ], [ 100914.704599998891354, 162618.080699998885393 ], [ 100885.183799996972084, 162608.541299998760223 ] ] ] } },
{ "type": "Feature", "properties": { "GEMID": "210", "PLANID": "210-D-010", "NR": "13", "IDWIJZIGIN": "210-00003", "TYPE": "B", "TYPE_LABEL": "Verbreding", "DATUM": "1884-04-26T01:00:00", "LINK": "https://geodiensten.oost-vlaanderen.be/Bijlagen/Wijzigingen/210-00003-01.pdf", "CEVI_OID": 10978, "GEMEENTE": "Schorisse" }, "geometry": { "type": "MultiLineString", "coordinates": [ [ [ 101140.299999997019768, 162717.729499999433756 ], [ 101129.858199998736382, 162721.725699998438358 ], [ 101077.391099996864796, 162725.979800000786781 ], [ 101022.60360000282526, 162739.644400000572205 ], [ 101013.708700001239777, 162743.254000000655651 ] ] ] } },
{ "type": "Feature", "properties": { "GEMID": "210", "PLANID": "210-D-010", "NR": "163", "IDWIJZIGIN": "210-00070", "TYPE": "A", "TYPE_LABEL": "Afschaffing", "DATUM": "1978-11-03T01:00:00", "LINK": "https://geodiensten.oost-vlaanderen.be/Bijlagen/Wijzigingen/210-00070-01.pdf", "CEVI_OID": 10979, "GEMEENTE": "Schorisse" }, "geometry": { "type": "MultiLineString", "coordinates": [ [ [ 100924.501900002360344, 162496.645899999886751 ], [ 100898.590599998831749, 162539.960299998521805 ], [ 100875.773299999535084, 162578.891600001603365 ], [ 100862.753200002014637, 162601.837900001555681 ] ] ] } },
{ "type": "Feature", "properties": { "GEMID": "210", "PLANID": "210-D-010", "NR": "164", "IDWIJZIGIN": "210-00018", "TYPE": "PA", "TYPE_LABEL": "Deels afgeschaft bij verplaatsing", "DATUM": "1902-08-22T01:00:00", "LINK": "https://geodiensten.oost-vlaanderen.be/Bijlagen/Wijzigingen/210-00018-01.pdf", "CEVI_OID": 10980, "GEMEENTE": "Schorisse" }, "geometry": { "type": "MultiLineString", "coordinates": [ [ [ 100942.678400002419949, 162753.824700001627207 ], [ 100944.225400000810623, 162759.110100001096725 ], [ 100968.589699998497963, 162757.305300001055002 ] ] ] } },
{ "type": "Feature", "properties": { "GEMID": "210", "PLANID": "210-D-010", "NR": "164", "IDWIJZIGIN": "210-00018", "TYPE": "PN", "TYPE_LABEL": "Nieuw deel bij verplaatsing", "DATUM": "1902-08-22T01:00:00", "LINK": "https://geodiensten.oost-vlaanderen.be/Bijlagen/Wijzigingen/210-00018-01.pdf", "CEVI_OID": 10981, "GEMEENTE": "Schorisse" }, "geometry": { "type": "MultiLineString", "coordinates": [ [ [ 100942.678400002419949, 162753.824700001627207 ], [ 100948.092699997127056, 162751.762099999934435 ], [ 100956.214100003242493, 162751.117600001394749 ], [ 100961.370600000023842, 162753.824700001627207 ], [ 100968.589699998497963, 162757.305300001055002 ] ] ] } },
{ "type": "Feature", "properties": { "GEMID": "210", "PLANID": "210-D-010", "NR": "39", "IDWIJZIGIN": "210-00068", "TYPE": "A", "TYPE_LABEL": "Afschaffing", "DATUM": "1977-12-09T01:00:00", "LINK": "https://geodiensten.oost-vlaanderen.be/Bijlagen/Wijzigingen/210-00068-01.pdf", "CEVI_OID": 10982, "GEMEENTE": "Schorisse" }, "geometry": { "type": "MultiLineString", "coordinates": [ [ [ 101077.391099996864796, 162725.979800000786781 ], [ 101088.993199996650219, 162797.26799999922514 ], [ 101136.690499998629093, 162841.613600000739098 ] ] ] } },
{ "type": "Feature", "properties": { "GEMID": "210", "PLANID": "210-D-010", "NR": "161", "IDWIJZIGIN": "210-00004", "TYPE": "A", "TYPE_LABEL": "Afschaffing", "DATUM": "1884-09-20T01:00:00", "LINK": "https://geodiensten.oost-vlaanderen.be/Bijlagen/Wijzigingen/210-00004-01.pdf", "CEVI_OID": 10983, "GEMEENTE": "Schorisse" }, "geometry": { "type": "MultiLineString", "coordinates": [ [ [ 101180.004799999296665, 162702.517900001257658 ], [ 101221.514399997889996, 162760.785999998450279 ], [ 101245.362999998033047, 162795.592099998146296 ] ] ] } },
{ "type": "Feature", "properties": { "GEMID": "210", "PLANID": "210-D-010", "NR": "162", "IDWIJZIGIN": "210-00004", "TYPE": "A", "TYPE_LABEL": "Afschaffing", "DATUM": "1884-09-20T01:00:00", "LINK": "https://geodiensten.oost-vlaanderen.be/Bijlagen/Wijzigingen/210-00004-01.pdf", "CEVI_OID": 10984, "GEMEENTE": "Schorisse" }, "geometry": { "type": "MultiLineString", "coordinates": [ [ [ 101271.789899997413158, 162728.042399998754263 ], [ 101221.514399997889996, 162760.785999998450279 ] ] ] } },
{ "type": "Feature", "properties": { "GEMID": "210", "PLANID": "210-D-010", "NR": "152", "IDWIJZIGIN": "210-00047", "TYPE": "PA", "TYPE_LABEL": "Deels afgeschaft bij verplaatsing", "DATUM": "1949-02-07T01:00:00", "LINK": "https://geodiensten.oost-vlaanderen.be/Bijlagen/Wijzigingen/210-00047-01.pdf", "CEVI_OID": 10985, "GEMEENTE": "Schorisse" }, "geometry": { "type": "MultiLineString", "coordinates": [ [ [ 101381.880500003695488, 162733.714499998837709 ], [ 101398.38120000064373, 162756.660799998790026 ], [ 101474.825800001621246, 162770.454300001263618 ] ] ] } },
{ "type": "Feature", "properties": { "GEMID": "210", "PLANID": "210-D-010", "NR": "152", "IDWIJZIGIN": "210-00062", "TYPE": "PA", "TYPE_LABEL": "Deels afgeschaft bij verplaatsing", "DATUM": "1969-10-24T01:00:00", "LINK": "https://geodiensten.oost-vlaanderen.be/Bijlagen/Wijzigingen/210-00062-01.pdf", "CEVI_OID": 10986, "GEMEENTE": "Schorisse" }, "geometry": { "type": "MultiLineString", "coordinates": [ [ [ 101373.501199997961521, 162722.241399999707937 ], [ 101381.880500003695488, 162733.714499998837709 ], [ 101474.181199997663498, 162750.988699998706579 ] ] ] } },
{ "type": "Feature", "properties": { "GEMID": "210", "PLANID": "210-D-010", "NR": "152", "IDWIJZIGIN": "210-00047", "TYPE": "PN", "TYPE_LABEL": "Nieuw deel bij verplaatsing", "DATUM": "1949-02-07T01:00:00", "LINK": "https://geodiensten.oost-vlaanderen.be/Bijlagen/Wijzigingen/210-00047-01.pdf", "CEVI_OID": 10987, "GEMEENTE": "Schorisse" }, "geometry": { "type": "MultiLineString", "coordinates": [ [ [ 101373.501199997961521, 162722.241399999707937 ], [ 101381.880500003695488, 162733.714499998837709 ], [ 101474.181199997663498, 162750.988699998706579 ] ] ] } },
{ "type": "Feature", "properties": { "GEMID": "210", "PLANID": "210-D-010", "NR": "152", "IDWIJZIGIN": "210-00062", "TYPE": "PN", "TYPE_LABEL": "Nieuw deel bij verplaatsing", "DATUM": "1969-10-24T01:00:00", "LINK": "https://geodiensten.oost-vlaanderen.be/Bijlagen/Wijzigingen/210-00062-01.pdf", "CEVI_OID": 10988, "GEMEENTE": "Schorisse" }, "geometry": { "type": "MultiLineString", "coordinates": [ [ [ 101373.501199997961521, 162722.241399999707937 ], [ 101369.891699999570847, 162716.827100001275539 ], [ 101473.536700002849102, 162733.843400001525879 ] ] ] } },
{ "type": "Feature", "properties": { "GEMID": "210", "PLANID": "210-D-010", "NR": "152", "IDWIJZIGIN": "210-00064", "TYPE": "A", "TYPE_LABEL": "Afschaffing", "DATUM": "1974-11-08T01:00:00", "LINK": "https://geodiensten.oost-vlaanderen.be/Bijlagen/Wijzigingen/210-00064-01.pdf", "CEVI_OID": 10989, "GEMEENTE": "Schorisse" }, "geometry": { "type": "MultiLineString", "coordinates": [ [ [ 101373.501199997961521, 162722.241399999707937 ], [ 101369.891699999570847, 162716.827100001275539 ], [ 101473.536700002849102, 162733.843400001525879 ] ] ] } },
{ "type": "Feature", "properties": { "GEMID": "210", "PLANID": "210-D-010", "NR": "120", "IDWIJZIGIN": "210-00016", "TYPE": "A", "TYPE_LABEL": "Afschaffing", "DATUM": "1901-11-16T01:00:00", "LINK": "https://geodiensten.oost-vlaanderen.be/Bijlagen/Wijzigingen/210-00016-01.pdf", "CEVI_OID": 10990, "GEMEENTE": "Schorisse" }, "geometry": { "type": "MultiLineString", "coordinates": [ [ [ 101558.102700002491474, 163695.395500000566244 ], [ 101567.771099999547005, 163708.802299998700619 ] ] ] } },
{ "type": "Feature", "properties": { "GEMID": "210", "PLANID": "210-D-010", "NR": "14", "IDWIJZIGIN": "210-00019", "TYPE": "B", "TYPE_LABEL": "Verbreding", "DATUM": "1906-03-23T01:00:00", "LINK": "https://geodiensten.oost-vlaanderen.be/Bijlagen/Wijzigingen/210-00019-02.pdf", "CEVI_OID": 10991, "GEMEENTE": "Schorisse" }, "geometry": { "type": "MultiLineString", "coordinates": [ [ [ 101810.253899998962879, 163309.820700000971556 ], [ 101785.889600001275539, 163325.032299999147654 ], [ 101758.689300000667572, 163393.226599998772144 ], [ 101747.473899997770786, 163420.684799998998642 ], [ 101738.707999996840954, 163441.955200001597404 ], [ 101718.468800000846386, 163488.363400001078844 ], [ 101684.049400001764297, 163538.252199999988079 ], [ 101655.044299997389317, 163576.410100001841784 ], [ 101632.355800002813339, 163606.05970000103116 ] ] ] } },
{ "type": "Feature", "properties": { "GEMID": "210", "PLANID": "210-D-010", "NR": "122", "IDWIJZIGIN": "210-00016", "TYPE": "PA", "TYPE_LABEL": "Deels afgeschaft bij verplaatsing", "DATUM": "1901-11-16T01:00:00", "LINK": "https://geodiensten.oost-vlaanderen.be/Bijlagen/Wijzigingen/210-00016-01.pdf", "CEVI_OID": 10992, "GEMEENTE": "Schorisse" }, "geometry": { "type": "MultiLineString", "coordinates": [ [ [ 102047.838100001215935, 163627.201299998909235 ], [ 102042.939499996602535, 163635.709399998188019 ], [ 102008.004399999976158, 163684.051300000399351 ], [ 101982.866700001060963, 163713.829900000244379 ] ] ] } },
{ "type": "Feature", "properties": { "GEMID": "210", "PLANID": "210-D-011", "NR": "168", "IDWIJZIGIN": "210-00056", "TYPE": "A", "TYPE_LABEL": "Afschaffing", "DATUM": "1957-11-27T01:00:00", "LINK": "https://geodiensten.oost-vlaanderen.be/Bijlagen/Wijzigingen/210-00056-01.pdf", "CEVI_OID": 10993, "GEMEENTE": "Schorisse" }, "geometry": { "type": "MultiLineString", "coordinates": [ [ [ 102628.971900001168251, 163030.082400001585484 ], [ 102540.409599997103214, 163128.055300001055002 ], [ 102532.030299998819828, 163137.336899999529123 ], [ 102526.487099997699261, 163138.754999998956919 ] ] ] } },
{ "type": "Feature", "properties": { "GEMID": "066", "PLANID": "066-D-009", "NR": "141", "IDWIJZIGIN": "066-00001", "TYPE": "A", "TYPE_LABEL": "Afschaffing", "DATUM": "1858-11-03T01:00:00", "LINK": "https://geodiensten.oost-vlaanderen.be/Bijlagen/Wijzigingen/066-00001-01.pdf", "CEVI_OID": 14726, "GEMEENTE": "Etikhove" }, "geometry": { "type": "MultiLineString", "coordinates": [ [ [ 98175.073899999260902, 164230.894600000232458 ], [ 98213.231700003147125, 164222.257500000298023 ], [ 98226.122900001704693, 164270.083700001239777 ], [ 98252.678700000047684, 164285.295299999415874 ], [ 98286.066799998283386, 164305.147700000554323 ] ] ] } },
{ "type": "Feature", "properties": { "GEMID": "066", "PLANID": "066-D-008", "NR": "141", "IDWIJZIGIN": "066-00001", "TYPE": "A", "TYPE_LABEL": "Afschaffing", "DATUM": "1858-11-03T01:00:00", "LINK": "https://geodiensten.oost-vlaanderen.be/Bijlagen/Wijzigingen/066-00001-01.pdf", "CEVI_OID": 14727, "GEMEENTE": "Etikhove" }, "geometry": { "type": "MultiLineString", "coordinates": [ [ [ 97907.968900002539158, 164335.44200000166893 ], [ 97940.970299996435642, 164319.585799999535084 ], [ 97985.831500001251698, 164287.744600001722574 ], [ 98028.759099997580051, 164257.837099999189377 ], [ 98067.303700000047684, 164195.186099998652935 ], [ 98102.238799996674061, 164179.716699998825788 ], [ 98151.869800001382828, 164181.263599999248981 ], [ 98159.217699997127056, 164197.635400000959635 ], [ 98170.6908999979496, 164222.386399999260902 ], [ 98172.366700001060963, 164231.796999998390675 ], [ 98173.526900000870228, 164231.668099999427795 ] ] ] } },
{ "type": "Feature", "properties": { "GEMID": "066", "PLANID": "066-D-001", "NR": "109", "IDWIJZIGIN": "066-00005", "TYPE": "A", "TYPE_LABEL": "Afschaffing", "DATUM": "1870-02-12T01:00:00", "LINK": "https://geodiensten.oost-vlaanderen.be/Bijlagen/Wijzigingen/066-00005-01.pdf", "CEVI_OID": 14729, "GEMEENTE": "Etikhove" }, "geometry": { "type": "MultiLineString", "coordinates": [ [ [ 97973.456000000238419, 167386.136500000953674 ], [ 97975.64750000089407, 167399.156599998474121 ], [ 97980.417199999094009, 167422.231800001114607 ], [ 97984.800200000405312, 167455.619899999350309 ], [ 97987.249600000679493, 167478.566199999302626 ], [ 97991.632600001990795, 167498.418600000441074 ], [ 97996.402300000190735, 167524.974399998784065 ], [ 98008.133199997246265, 167545.8581000007689 ], [ 98011.355999998748302, 167551.787999998778105 ], [ 98019.47749999910593, 167583.113600000739098 ] ] ] } },
{ "type": "Feature", "properties": { "GEMID": "066", "PLANID": "066-D-004", "NR": "81", "IDWIJZIGIN": "066-00009", "TYPE": "A", "TYPE_LABEL": "Afschaffing", "DATUM": "1848-11-30T01:00:00", "LINK": "https://geodiensten.oost-vlaanderen.be/Bijlagen/Wijzigingen/066-00009-01.pdf", "CEVI_OID": 14730, "GEMEENTE": "Etikhove" }, "geometry": { "type": "MultiLineString", "coordinates": [ [ [ 97629.13289999961853, 166811.061599999666214 ], [ 97644.473399996757507, 166829.36710000038147 ], [ 97650.661200001835823, 166841.22690000012517 ], [ 97658.009199999272823, 166852.055500000715256 ], [ 97661.876500003039837, 166856.696299999952316 ], [ 97663.29450000077486, 166863.1418999992311 ], [ 97662.392200000584126, 166866.622499998658895 ], [ 97660.329599998891354, 166871.263300001621246 ], [ 97656.20440000295639, 166876.935499999672174 ], [ 97653.7550999969244, 166880.41609999909997 ], [ 97653.88400000333786, 166883.381000000983477 ], [ 97655.688799999654293, 166887.248399998992682 ], [ 97662.778899997472763, 166897.30350000038743 ], [ 97670.642499998211861, 166906.069499999284744 ], [ 97678.2483000010252, 166916.382399998605251 ], [ 97683.146899998188019, 166923.085799999535084 ], [ 97688.174500003457069, 166932.109600000083447 ], [ 97692.170800000429153, 166943.453899998217821 ], [ 97695.264600001275539, 166956.602899998426437 ], [ 97698.358499996364117, 166960.98589999973774 ] ] ] } },
{ "type": "Feature", "properties": { "GEMID": "066", "PLANID": "066-D-001", "NR": "12", "IDWIJZIGIN": "066-00009", "TYPE": "A", "TYPE_LABEL": "Afschaffing", "DATUM": "1848-11-30T01:00:00", "LINK": "https://geodiensten.oost-vlaanderen.be/Bijlagen/Wijzigingen/066-00009-01.pdf", "CEVI_OID": 14731, "GEMEENTE": "Etikhove" }, "geometry": { "type": "MultiLineString", "coordinates": [ [ [ 97751.985799998044968, 167524.716600000858307 ], [ 97727.234700001776218, 167537.478799998760223 ], [ 97697.327200002968311, 167546.373700000345707 ], [ 97659.427199997007847, 167555.913199998438358 ], [ 97629.261900000274181, 167568.675500001758337 ], [ 97614.95269999653101, 167574.476500000804663 ], [ 97595.100299999117851, 167586.207400001585484 ], [ 97573.958800002932549, 167598.196199998259544 ], [ 97559.005000002682209, 167608.251299999654293 ], [ 97551.141400001943111, 167613.536699999123812 ], [ 97516.206299997866154, 167635.709499999880791 ], [ 97488.877099998295307, 167656.077599998563528 ], [ 97466.962099999189377, 167673.609600000083447 ], [ 97449.17230000346899, 167687.789799999445677 ] ] ] } },
{ "type": "Feature", "properties": { "GEMID": "066", "PLANID": "066-D-004", "NR": "88", "IDWIJZIGIN": "066-00009", "TYPE": "A", "TYPE_LABEL": "Afschaffing", "DATUM": "1848-11-30T01:00:00", "LINK": "https://geodiensten.oost-vlaanderen.be/Bijlagen/Wijzigingen/066-00009-01.pdf", "CEVI_OID": 14732, "GEMEENTE": "Etikhove" }, "geometry": { "type": "MultiLineString", "coordinates": [ [ [ 97287.516999997198582, 166290.51630000025034 ], [ 97279.266699999570847, 166316.427499998360872 ], [ 97264.957500003278255, 166361.675500001758337 ], [ 97255.546899996697903, 166397.6418999992311 ], [ 97249.23030000180006, 166419.170099999755621 ] ] ] } },
{ "type": "Feature", "properties": { "GEMID": "066", "PLANID": "066-D-006", "NR": "88", "IDWIJZIGIN": "066-00009", "TYPE": "A", "TYPE_LABEL": "Afschaffing", "DATUM": "1848-11-30T01:00:00", "LINK": "https://geodiensten.oost-vlaanderen.be/Bijlagen/Wijzigingen/066-00009-01.pdf", "CEVI_OID": 14733, "GEMEENTE": "Etikhove" }, "geometry": { "type": "MultiLineString", "coordinates": [ [ [ 97278.106499999761581, 166290.903000000864267 ], [ 97285.196599997580051, 166265.507399998605251 ], [ 97297.57209999859333, 166228.380899999290705 ] ] ] } },
{ "type": "Feature", "properties": { "GEMID": "066", "PLANID": "066-D-004", "NR": "10", "IDWIJZIGIN": "066-00009", "TYPE": "W", "TYPE_LABEL": "Onbepaalde wijziging", "DATUM": "1848-11-30T01:00:00", "LINK": "https://geodiensten.oost-vlaanderen.be/Bijlagen/Wijzigingen/066-00009-01.pdf", "CEVI_OID": 14734, "GEMEENTE": "Etikhove" }, "geometry": { "type": "MultiLineString", "coordinates": [ [ [ 97216.228900000452995, 166731.394200000911951 ], [ 97224.60809999704361, 166720.050000000745058 ], [ 97284.938799999654293, 166668.098600000143051 ], [ 97324.77250000089407, 166631.48759999871254 ], [ 97348.363300003111362, 166610.475000001490116 ], [ 97359.320799998939037, 166601.580099999904633 ], [ 97426.999499998986721, 166561.230799999088049 ] ] ] } },
{ "type": "Feature", "properties": { "GEMID": "066", "PLANID": "066-D-006", "NR": "10", "IDWIJZIGIN": "066-00009", "TYPE": "B", "TYPE_LABEL": "Verbreding", "DATUM": "1848-11-30T01:00:00", "LINK": "https://geodiensten.oost-vlaanderen.be/Bijlagen/Wijzigingen/066-00009-01.pdf", "CEVI_OID": 14735, "GEMEENTE": "Etikhove" }, "geometry": { "type": "MultiLineString", "coordinates": [ [ [ 97371.309600003063679, 166048.420200001448393 ], [ 97380.075599998235703, 166074.589200001209974 ], [ 97383.16950000077486, 166085.546700000762939 ] ] ] } },
{ "type": "Feature", "properties": { "GEMID": "127", "PLANID": "127-D-006", "NR": "14", "IDWIJZIGIN": "127-00023", "TYPE": "B", "TYPE_LABEL": "Verbreding", "DATUM": "1910-06-05T01:00:00", "LINK": "https://geodiensten.oost-vlaanderen.be/Bijlagen/Wijzigingen/127-00023-01.pdf", "CEVI_OID": 14742, "GEMEENTE": "Maarke-Kerkem" }, "geometry": { "type": "MultiLineString", "coordinates": [ [ [ 99508.793999999761581, 165901.331999998539686 ], [ 99482.495999999344349, 165915.512200001627207 ], [ 99471.796300001442432, 165925.051699999719858 ], [ 99464.448299996554852, 165936.91160000115633 ], [ 99459.163000002503395, 165946.966699998825788 ], [ 99457.100400000810623, 165950.447299998253584 ], [ 99447.560900002717972, 165973.651399999856949 ], [ 99438.40820000320673, 165998.918099999427795 ], [ 99430.028899997472763, 166029.985800001770258 ], [ 99403.473099999129772, 166071.237500000745058 ], [ 99333.087399996817112, 166115.196400001645088 ], [ 99297.507700003683567, 166159.799899999052286 ], [ 99269.276100002229214, 166188.031500000506639 ], [ 99255.2246999964118, 166205.434599999338388 ], [ 99247.8766999989748, 166215.103000000119209 ], [ 99235.243400000035763, 166252.616300001740456 ], [ 99224.930500000715256, 166263.186999998986721 ], [ 99208.429799996316433, 166274.531199999153614 ], [ 99183.678700000047684, 166283.812899999320507 ], [ 99168.338200002908707, 166286.262200001627207 ], [ 99153.513400003314018, 166286.262200001627207 ], [ 99143.587200000882149, 166285.488699998706579 ], [ 99136.368100002408028, 166280.719000000506639 ], [ 99133.016400001943111, 166276.851599998772144 ] ] ] } },
{ "type": "Feature", "properties": { "GEMID": "127", "PLANID": "127-D-007", "NR": "14", "IDWIJZIGIN": "127-00023", "TYPE": "B", "TYPE_LABEL": "Verbreding", "DATUM": "1910-06-05T01:00:00", "LINK": "https://geodiensten.oost-vlaanderen.be/Bijlagen/Wijzigingen/127-00023-01.pdf", "CEVI_OID": 14743, "GEMEENTE": "Maarke-Kerkem" }, "geometry": { "type": "MultiLineString", "coordinates": [ [ [ 99458.905100002884865, 165945.548700001090765 ], [ 99459.93639999628067, 165943.357200000435114 ], [ 99469.347000002861023, 165927.372099999338388 ], [ 99482.495999999344349, 165915.512200001627207 ], [ 99506.086800001561642, 165904.296900000423193 ], [ 99524.907899998128414, 165889.729899998754263 ], [ 99538.1858000010252, 165876.194200001657009 ], [ 99546.693999998271465, 165864.721099998801947 ], [ 99550.561300002038479, 165854.02140000090003 ], [ 99551.721500001847744, 165847.317999999970198 ], [ 99556.620200000703335, 165828.110100001096725 ], [ 99561.647699996829033, 165816.636999998241663 ] ] ] } },
{ "type": "Feature", "properties": { "GEMID": "127", "PLANID": "127-D-008", "NR": "14", "IDWIJZIGIN": "127-00023", "TYPE": "B", "TYPE_LABEL": "Verbreding", "DATUM": "1910-06-05T01:00:00", "LINK": "https://geodiensten.oost-vlaanderen.be/Bijlagen/Wijzigingen/127-00023-01.pdf", "CEVI_OID": 14744, "GEMEENTE": "Maarke-Kerkem" }, "geometry": { "type": "MultiLineString", "coordinates": [ [ [ 99551.721500001847744, 165847.317999999970198 ], [ 99555.202200002968311, 165827.207800000905991 ], [ 99559.327299997210503, 165818.699599999934435 ], [ 99580.597800001502037, 165792.143800001591444 ], [ 99602.383799999952316, 165766.748199999332428 ], [ 99627.908299997448921, 165743.544100001454353 ], [ 99673.543099999427795, 165708.351199999451637 ], [ 99706.67339999973774, 165681.021899998188019 ] ] ] } },
{ "type": "Feature", "properties": { "GEMID": "127", "PLANID": "127-D-003", "NR": "20", "IDWIJZIGIN": "127-00023", "TYPE": "B", "TYPE_LABEL": "Verbreding", "DATUM": "1910-06-05T01:00:00", "LINK": "https://geodiensten.oost-vlaanderen.be/Bijlagen/Wijzigingen/127-00023-01.pdf", "CEVI_OID": 14745, "GEMEENTE": "Maarke-Kerkem" }, "geometry": { "type": "MultiLineString", "coordinates": [ [ [ 99871.809199996292591, 167979.645799998193979 ], [ 99846.542499996721745, 167985.446899998933077 ], [ 99823.725199997425079, 167992.665899999439716 ], [ 99807.353399999439716, 168000.658399999141693 ], [ 99792.786399997770786, 168012.131599999964237 ], [ 99780.668700002133846, 168031.855099998414516 ], [ 99767.777500003576279, 168058.282000001519918 ], [ 99756.433300003409386, 168078.134399998933077 ], [ 99742.124099999666214, 168095.666299998760223 ], [ 99716.728500001132488, 168122.480000000447035 ], [ 99705.126400001347065, 168140.914299998432398 ], [ 99696.87610000371933, 168155.739199999719858 ], [ 99688.110100001096725, 168177.396299999207258 ], [ 99681.664499998092651, 168192.607900001108646 ], [ 99672.898500002920628, 168206.014699999243021 ], [ 99662.714500002563, 168215.683100000023842 ], [ 99652.530500002205372, 168235.148800000548363 ] ] ] } },
{ "type": "Feature", "properties": { "GEMID": "127", "PLANID": "127-D-003", "NR": "8", "IDWIJZIGIN": "127-00023", "TYPE": "B", "TYPE_LABEL": "Verbreding", "DATUM": "1910-06-05T01:00:00", "LINK": "https://geodiensten.oost-vlaanderen.be/Bijlagen/Wijzigingen/127-00023-01.pdf", "CEVI_OID": 14746, "GEMEENTE": "Maarke-Kerkem" }, "geometry": { "type": "MultiLineString", "coordinates": [ [ [ 100330.090199999511242, 168269.69709999859333 ], [ 100325.32039999961853, 168313.140299998223782 ], [ 100320.937399998307228, 168329.512099999934435 ], [ 100287.420400001108646, 168416.527499999850988 ], [ 100261.509199999272823, 168485.237399999052286 ], [ 100239.594200000166893, 168527.262600000947714 ], [ 100223.866999998688698, 168549.435400001704693 ] ] ] } },
{ "type": "Feature", "properties": { "GEMID": "066", "PLANID": "066-D-004", "NR": "7", "IDWIJZIGIN": "066-00009", "TYPE": "B", "TYPE_LABEL": "Verbreding", "DATUM": "1848-11-30T01:00:00", "LINK": "https://geodiensten.oost-vlaanderen.be/Bijlagen/Wijzigingen/066-00009-01.pdf", "CEVI_OID": 14759, "GEMEENTE": "Etikhove" }, "geometry": { "type": "MultiLineString", "coordinates": [ [ [ 97260.832299999892712, 166782.443199999630451 ], [ 97216.228900000452995, 166731.394200000911951 ], [ 97198.439099997282028, 166717.858500000089407 ], [ 97164.277500003576279, 166692.076099999248981 ], [ 97129.85809999704361, 166666.293800000101328 ] ] ] } },
{ "type": "Feature", "properties": { "GEMID": "172", "PLANID": "172-D-003", "NR": "1", "IDWIJZIGIN": "172-00001", "TYPE": "S", "TYPE_LABEL": "Versmalling", "DATUM": "1850-07-16T01:00:00", "LINK": "https://geodiensten.oost-vlaanderen.be/Bijlagen/Wijzigingen/172-00001-01.pdf", "CEVI_OID": 14841, "GEMEENTE": "Nukerke" }, "geometry": { "type": "MultiLineString", "coordinates": [ [ [ 95206.753799997270107, 165481.982299998402596 ], [ 95245.040600001811981, 165442.922100000083447 ], [ 95265.924300000071526, 165420.491399999707937 ], [ 95288.097099997103214, 165391.099599998444319 ], [ 95302.535199999809265, 165369.700300000607967 ], [ 95312.074699997901917, 165358.227099999785423 ], [ 95328.446400001645088, 165336.956700000911951 ], [ 95339.146099999547005, 165321.358399998396635 ], [ 95343.529100000858307, 165315.041700001806021 ], [ 95351.908399999141693, 165300.60359999909997 ], [ 95360.932199999690056, 165285.134199999272823 ], [ 95369.182499997317791, 165269.535900000482798 ], [ 95370.729500003159046, 165264.637200001627207 ], [ 95373.049900002777576, 165256.129099998623133 ], [ 95376.014799997210503, 165227.252900000661612 ], [ 95377.046099998056889, 165213.846000000834465 ], [ 95376.014799997210503, 165199.278999999165535 ], [ 95374.725699998438358, 165189.352800000458956 ], [ 95371.760799996554852, 165174.785799998790026 ], [ 95366.99099999666214, 165157.898400001227856 ], [ 95359.90089999884367, 165126.701799999922514 ], [ 95355.388999998569489, 165108.525199998170137 ], [ 95353.326399996876717, 165099.759199999272823 ], [ 95351.650499999523163, 165084.160900000482798 ], [ 95342.240000002086163, 165023.959199998527765 ] ] ] } },
{ "type": "Feature", "properties": { "GEMID": "172", "PLANID": "172-D-005", "NR": "124", "IDWIJZIGIN": "172-00106", "TYPE": "A", "TYPE_LABEL": "Afschaffing", "DATUM": "1975-09-26T02:00:00", "LINK": "https://geodiensten.oost-vlaanderen.be/Bijlagen/Wijzigingen/172-00106-01.pdf", "CEVI_OID": 14842, "GEMEENTE": "Nukerke" }, "geometry": { "type": "MultiLineString", "coordinates": [ [ [ 94713.280000001192093, 164559.619300000369549 ], [ 94747.95719999819994, 164567.353999998420477 ], [ 94748.988499999046326, 164558.330200001597404 ], [ 94748.086099997162819, 164551.368999999016523 ], [ 94748.859600000083447, 164544.278900001198053 ], [ 94761.364000000059605, 164544.021000001579523 ], [ 94782.892300002276897, 164538.993500001728535 ], [ 94796.428000003099442, 164535.641800001263618 ], [ 94820.018799997866154, 164534.352699998766184 ], [ 94825.6908999979496, 164532.418999999761581 ], [ 94842.707299999892712, 164519.656700000166893 ], [ 94863.462099999189377, 164500.964499998837709 ], [ 94896.46339999884367, 164469.510099999606609 ], [ 94912.319600000977516, 164450.431200001388788 ], [ 94917.604999996721745, 164450.431200001388788 ], [ 94983.092100001871586, 164505.99210000038147 ], [ 95036.332599997520447, 164447.595100000500679 ] ] ] } },
{ "type": "Feature", "properties": { "GEMID": "172", "PLANID": "172-D-005", "NR": "65", "IDWIJZIGIN": "172-00004", "TYPE": "B", "TYPE_LABEL": "Verbreding", "DATUM": "1862-09-18T01:00:00", "LINK": "https://geodiensten.oost-vlaanderen.be/Bijlagen/Wijzigingen/172-00004-01.pdf", "CEVI_OID": 14843, "GEMEENTE": "Nukerke" }, "geometry": { "type": "MultiLineString", "coordinates": [ [ [ 95591.941899999976158, 164941.713500000536442 ], [ 95735.936200000345707, 164699.359600000083447 ], [ 95739.030100002884865, 164694.718800000846386 ] ] ] } },
{ "type": "Feature", "properties": { "GEMID": "210", "PLANID": "210-D-005", "NR": "108", "IDWIJZIGIN": "210-00066", "TYPE": "A", "TYPE_LABEL": "Afschaffing", "DATUM": "1977-03-04T01:00:00", "LINK": "https://geodiensten.oost-vlaanderen.be/Bijlagen/Wijzigingen/210-00066-01.pdf", "CEVI_OID": 14855, "GEMEENTE": "Schorisse" }, "geometry": { "type": "MultiLineString", "coordinates": [ [ [ 102811.639799997210503, 165536.769799999892712 ], [ 102822.339400000870228, 165530.195300001651049 ], [ 102935.652800001204014, 165552.754799999296665 ], [ 102938.746699996292591, 165553.270500000566244 ], [ 102960.790600001811981, 165557.137800000607967 ], [ 102982.57660000026226, 165562.165399998426437 ] ] ] } },
{ "type": "Feature", "properties": { "GEMID": "210", "PLANID": "210-D-007", "NR": "120", "IDWIJZIGIN": "210-00016", "TYPE": "A", "TYPE_LABEL": "Afschaffing", "DATUM": "1901-11-16T01:00:00", "LINK": "https://geodiensten.oost-vlaanderen.be/Bijlagen/Wijzigingen/210-00016-01.pdf", "CEVI_OID": 14856, "GEMEENTE": "Schorisse" }, "geometry": { "type": "MultiLineString", "coordinates": [ [ [ 101565.450699999928474, 163712.282999999821186 ], [ 101603.995300002396107, 163786.7939000017941 ], [ 101608.249300003051758, 163794.399700000882149 ], [ 101646.66499999910593, 163861.820500001311302 ], [ 101584.529600001871586, 163899.849399998784065 ], [ 101605.284400001168251, 163936.718199998140335 ], [ 101621.656199999153614, 163990.216499999165535 ], [ 101637.125600002706051, 164043.843800000846386 ], [ 101654.27080000191927, 164100.693799998611212 ], [ 101664.841600000858307, 164141.043200001120567 ], [ 101666.517399996519089, 164144.136999998241663 ], [ 101672.060599997639656, 164149.293499998748302 ], [ 101686.240900002419949, 164157.801699999719858 ], [ 101710.862999998033047, 164171.337400000542402 ], [ 101716.277300000190735, 164174.43129999935627 ] ] ] } },
{ "type": "Feature", "properties": { "GEMID": "066", "PLANID": "066-D-009", "NR": "26", "IDWIJZIGIN": "066-00033", "TYPE": "B", "TYPE_LABEL": "Verbreding", "DATUM": "1958-12-30T01:00:00", "LINK": "https://geodiensten.oost-vlaanderen.be/Bijlagen/Wijzigingen/066-00033-03.pdf", "CEVI_OID": 14955, "GEMEENTE": "Etikhove" }, "geometry": { "type": "MultiLineString", "coordinates": [ [ [ 99008.616700001060963, 163955.539299998432398 ], [ 99079.389200001955032, 163977.583200000226498 ], [ 99100.659599997103214, 163984.415500000119209 ], [ 99112.648400001227856, 163989.05629999935627 ], [ 99119.996399998664856, 163995.244100000709295 ], [ 99125.281700000166893, 164005.170299999415874 ], [ 99143.716099999845028, 164044.488299999386072 ], [ 99158.0253000035882, 164074.6537000015378 ], [ 99171.689900003373623, 164099.791400000452995 ], [ 99174.139300003647804, 164103.143100000917912 ], [ 99191.929099999368191, 164131.632599998265505 ], [ 99216.035599999129772, 164164.63399999961257 ], [ 99221.063100002706051, 164169.145899999886751 ], [ 99248.521300002932549, 164184.486400000751019 ], [ 99292.22240000218153, 164209.237399999052286 ], [ 99339.661799997091293, 164238.887099999934435 ], [ 99391.355400003492832, 164271.243900001049042 ], [ 99446.013999998569489, 164305.792300000786781 ], [ 99460.838799998164177, 164315.331700000911951 ] ] ] } },
{ "type": "Feature", "properties": { "GEMID": "066", "PLANID": "066-D-009", "NR": "26", "IDWIJZIGIN": "066-00033", "TYPE": "B", "TYPE_LABEL": "Verbreding", "DATUM": "1958-12-30T01:00:00", "LINK": "https://geodiensten.oost-vlaanderen.be/Bijlagen/Wijzigingen/066-00033-03.pdf", "CEVI_OID": 14956, "GEMEENTE": "Etikhove" }, "geometry": { "type": "MultiLineString", "coordinates": [ [ [ 98642.765399999916553, 163974.875999998301268 ], [ 98641.605200000107288, 163975.262800000607967 ], [ 98622.139499999582767, 163981.708299998193979 ] ] ] } },
{ "type": "Feature", "properties": { "GEMID": "172", "PLANID": "172-D-005", "NR": "1", "IDWIJZIGIN": "172-00001", "TYPE": "S", "TYPE_LABEL": "Versmalling", "DATUM": "1850-07-16T01:00:00", "LINK": "https://geodiensten.oost-vlaanderen.be/Bijlagen/Wijzigingen/172-00001-02.pdf", "CEVI_OID": 14999, "GEMEENTE": "Nukerke" }, "geometry": { "type": "MultiLineString", "coordinates": [ [ [ 95342.884499996900558, 165053.222100000828505 ], [ 95332.313799999654293, 165002.173099998384714 ], [ 95321.743000000715256, 164978.195500001311302 ], [ 95289.772900000214577, 164943.647199999541044 ], [ 95263.732799999415874, 164919.540699999779463 ], [ 95301.632799997925758, 164802.875700000673532 ], [ 95304.984499998390675, 164784.312399998307228 ], [ 95302.019500002264977, 164773.999400001019239 ], [ 95285.647799998521805, 164746.927999999374151 ], [ 95245.16950000077486, 164671.385800000280142 ], [ 95221.707599997520447, 164633.743599999696016 ], [ 95185.225599996745586, 164584.757100000977516 ], [ 95147.454499997198582, 164543.247600000351667 ], [ 95113.421800002455711, 164527.9070999994874 ] ] ] } },
{ "type": "Feature", "properties": { "GEMID": "172", "PLANID": "172-D-005", "NR": "1", "IDWIJZIGIN": "172-00001", "TYPE": "S", "TYPE_LABEL": "Versmalling", "DATUM": "1850-07-16T01:00:00", "LINK": "https://geodiensten.oost-vlaanderen.be/Bijlagen/Wijzigingen/172-00001-02.pdf", "CEVI_OID": 15000, "GEMEENTE": "Nukerke" }, "geometry": { "type": "MultiLineString", "coordinates": [ [ [ 95147.712300002574921, 164062.664900001138449 ], [ 95151.579599998891354, 164084.579900000244379 ], [ 95160.0878000035882, 164125.7027000002563 ], [ 95172.721100002527237, 164167.212200000882149 ], [ 95181.744999997317791, 164198.279899999499321 ], [ 95201.210600003600121, 164247.008600000292063 ], [ 95223.512299999594688, 164298.444299999624491 ], [ 95231.762699998915195, 164320.488200001418591 ], [ 95238.594999998807907, 164328.609600000083447 ], [ 95254.322200000286102, 164343.563400000333786 ], [ 95226.864000000059605, 164408.921599999070168 ], [ 95211.523599997162819, 164440.891699999570847 ], [ 95192.573499999940395, 164475.182199999690056 ], [ 95177.748700000345707, 164497.741700001060963 ], [ 95159.185400001704693, 164519.398899998515844 ], [ 95152.86879999935627, 164532.032200001180172 ], [ 95147.454499997198582, 164543.247600000351667 ] ] ] } },
{ "type": "Feature", "properties": { "GEMID": "172", "PLANID": "172-D-007", "NR": "93", "IDWIJZIGIN": "172-00062", "TYPE": "A", "TYPE_LABEL": "Afschaffing", "DATUM": "1914-07-03T01:00:00", "LINK": "https://geodiensten.oost-vlaanderen.be/Bijlagen/Wijzigingen/172-00062-01.pdf", "CEVI_OID": 15001, "GEMEENTE": "Nukerke" }, "geometry": { "type": "MultiLineString", "coordinates": [ [ [ 96534.028300002217293, 163585.562800001353025 ], [ 96526.293600000441074, 163603.868200000375509 ], [ 96506.956900000572205, 163651.049899999052286 ], [ 96487.233400002121925, 163709.060199998319149 ], [ 96487.233400002121925, 163735.873799998313189 ], [ 96489.167099997401237, 163744.510899998247623 ], [ 96503.991899996995926, 163774.031599998474121 ], [ 96529.129699997603893, 163805.743900001049042 ] ] ] } },
{ "type": "Feature", "properties": { "GEMID": "172", "PLANID": "172-D-007", "NR": "93", "IDWIJZIGIN": "172-00062", "TYPE": "A", "TYPE_LABEL": "Afschaffing", "DATUM": "1914-07-03T01:00:00", "LINK": "https://geodiensten.oost-vlaanderen.be/Bijlagen/Wijzigingen/172-00062-01.pdf", "CEVI_OID": 15002, "GEMEENTE": "Nukerke" }, "geometry": { "type": "MultiLineString", "coordinates": [ [ [ 96639.478100001811981, 163490.168200001120567 ], [ 96710.37950000166893, 163403.7972999997437 ] ] ] } },
{ "type": "Feature", "properties": { "GEMID": "127", "PLANID": "127-D-004", "NR": "24", "IDWIJZIGIN": "127-00026", "TYPE": "B", "TYPE_LABEL": "Verbreding", "DATUM": "1911-06-30T01:00:00", "LINK": "https://geodiensten.oost-vlaanderen.be/Bijlagen/Wijzigingen/127-00026-01.pdf", "CEVI_OID": 15176, "GEMEENTE": "Maarke-Kerkem" }, "geometry": { "type": "MultiLineString", "coordinates": [ [ [ 98621.881700001657009, 168423.230900000780821 ], [ 98614.27589999884367, 168401.186999998986721 ], [ 98608.217100001871586, 168370.377099998295307 ], [ 98601.513599999248981, 168359.032900001853704 ], [ 98595.841499999165535, 168353.360800001770258 ], [ 98584.626199997961521, 168347.817600000649691 ], [ 98571.477200001478195, 168342.9189000017941 ], [ 98537.960199996829033, 168336.860100001096725 ], [ 98507.1503000035882, 168298.8310999982059 ], [ 98501.091499999165535, 168307.855000000447035 ], [ 98494.388099998235703, 168337.246800001710653 ] ] ] } },
{ "type": "Feature", "properties": { "GEMID": "066", "PLANID": "066-D-005", "NR": "21", "IDWIJZIGIN": "066-00012", "TYPE": "B", "TYPE_LABEL": "Verbreding", "DATUM": "1912-11-15T01:00:00", "LINK": "https://geodiensten.oost-vlaanderen.be/Bijlagen/Wijzigingen/066-00012-01.pdf", "CEVI_OID": 15227, "GEMEENTE": "Etikhove" }, "geometry": { "type": "MultiLineString", "coordinates": [ [ [ 97960.95160000026226, 165847.833599999547005 ], [ 97943.677400000393391, 165851.3141999989748 ], [ 97922.278099998831749, 165855.568300001323223 ], [ 97909.258000001311302, 165850.282900001853704 ], [ 97901.652199998497963, 165844.095199998468161 ], [ 97889.405599996447563, 165834.555700000375509 ], [ 97871.100100003182888, 165822.695799998939037 ], [ 97859.369199998676777, 165815.863499999046326 ], [ 97853.310300000011921, 165811.351599998772144 ], [ 97845.962399996817112, 165804.390399999916553 ], [ 97834.23139999806881, 165792.272700000554323 ], [ 97819.664399996399879, 165773.967199999839067 ], [ 97800.585500001907349, 165747.282499998807907 ], [ 97787.694300003349781, 165730.395100001245737 ], [ 97770.420100003480911, 165702.163400001823902 ], [ 97759.075900003314018, 165682.053199999034405 ], [ 97745.282399997115135, 165652.274599999189377 ], [ 97730.070799998939037, 165617.210700001567602 ], [ 97715.890500001609325, 165581.373199999332428 ], [ 97695.393500000238419, 165531.742199998348951 ], [ 97691.784000001847744, 165520.397999998182058 ], [ 97692.041799999773502, 165514.339099999517202 ], [ 97691.912900000810623, 165499.256499998271465 ], [ 97696.553700000047684, 165481.724500000476837 ], [ 97706.093199998140335, 165462.258799999952316 ], [ 97711.765299998223782, 165452.332600001245737 ], [ 97717.824199996888638, 165430.288699999451637 ], [ 97721.691500000655651, 165405.021999999880791 ], [ 97729.813000001013279, 165364.1570999994874 ], [ 97734.969400003552437, 165333.605000000447035 ], [ 97740.383699998259544, 165299.830099999904633 ], [ 97744.895599998533726, 165285.263099998235703 ], [ 97753.274899996817112, 165266.184200000017881 ], [ 97765.90820000320673, 165242.206599999219179 ], [ 97774.416400000452995, 165225.448100000619888 ] ] ] } },
{ "type": "Feature", "properties": { "GEMID": "066", "PLANID": "066-D-005", "NR": "8", "IDWIJZIGIN": "066-00012", "TYPE": "B", "TYPE_LABEL": "Verbreding", "DATUM": "1912-11-15T01:00:00", "LINK": "https://geodiensten.oost-vlaanderen.be/Bijlagen/Wijzigingen/066-00012-01.pdf", "CEVI_OID": 15228, "GEMEENTE": "Etikhove" }, "geometry": { "type": "MultiLineString", "coordinates": [ [ [ 97669.611199997365475, 165167.695700000971556 ], [ 97682.373499996960163, 165172.207600001245737 ], [ 97736.129600003361702, 165203.017499998211861 ], [ 97774.416400000452995, 165225.448100000619888 ] ] ] } },
{ "type": "Feature", "properties": { "GEMID": "066", "PLANID": "066-D-005", "NR": "20", "IDWIJZIGIN": "066-00012", "TYPE": "B", "TYPE_LABEL": "Verbreding", "DATUM": "1912-11-15T01:00:00", "LINK": "https://geodiensten.oost-vlaanderen.be/Bijlagen/Wijzigingen/066-00012-01.pdf", "CEVI_OID": 15229, "GEMEENTE": "Etikhove" }, "geometry": { "type": "MultiLineString", "coordinates": [ [ [ 98286.840300001204014, 165270.438299998641014 ], [ 98282.586199998855591, 165285.134199999272823 ], [ 98278.074299998581409, 165294.286899998784065 ], [ 98261.573600001633167, 165324.065499998629093 ], [ 98242.107900001108646, 165349.976799998432398 ], [ 98221.095299996435642, 165376.661499999463558 ], [ 98203.563299998641014, 165400.76799999922514 ], [ 98186.031300000846386, 165430.159800000488758 ], [ 98162.311599999666214, 165461.743200000375509 ], [ 98144.779600001871586, 165485.462900001555681 ], [ 98128.536700002849102, 165508.924899999052286 ], [ 98108.168700002133846, 165535.351700000464916 ], [ 98087.156099997460842, 165562.809900000691414 ], [ 98066.272399999201298, 165592.201799999922514 ], [ 98045.646499998867512, 165619.273200001567602 ], [ 98026.954300001263618, 165641.059300001710653 ], [ 98012.000600002706051, 165657.044399999082088 ], [ 97993.308399997651577, 165676.896800000220537 ], [ 97981.190700002014637, 165690.948100000619888 ], [ 97966.623700000345707, 165710.413800001144409 ], [ 97963.529799997806549, 165718.793000001460314 ], [ 97960.564800001680851, 165730.652899999171495 ], [ 97959.791400000452995, 165742.1261 ], [ 97961.725000001490116, 165763.138700000941753 ], [ 97965.850199997425079, 165811.609400000423193 ], [ 97966.623700000345707, 165834.42680000141263 ], [ 97960.95160000026226, 165847.833599999547005 ], [ 97969.201899997889996, 165876.451999999582767 ], [ 97976.420999996364117, 165898.624800000339746 ], [ 97985.573700003325939, 165918.348299998790026 ], [ 97997.433600001037121, 165939.747600000351667 ], [ 98017.285999998450279, 165974.811599999666214 ], [ 98037.396200001239777, 166009.230999998748302 ], [ 98054.283600002527237, 166036.431400001049042 ], [ 98055.314900003373623, 166043.134799998253584 ], [ 98035.849299997091293, 166054.994699999690056 ], [ 98003.105700001120567, 166072.913400001823902 ], [ 97982.479800000786781, 166080.905900001525879 ] ] ] } },
{ "type": "Feature", "properties": { "GEMID": "066", "PLANID": "066-D-005", "NR": "8", "IDWIJZIGIN": "066-00012", "TYPE": "B", "TYPE_LABEL": "Verbreding", "DATUM": "1912-11-15T01:00:00", "LINK": "https://geodiensten.oost-vlaanderen.be/Bijlagen/Wijzigingen/066-00012-01.pdf", "CEVI_OID": 15230, "GEMEENTE": "Etikhove" }, "geometry": { "type": "MultiLineString", "coordinates": [ [ [ 98286.840300001204014, 165270.438299998641014 ], [ 98297.153200000524521, 165262.445700000971556 ], [ 98312.622599996626377, 165256.258000001311302 ], [ 98325.513800002634525, 165252.519499998539686 ], [ 98335.568899996578693, 165251.230399999767542 ], [ 98348.7179000005126, 165255.226700000464916 ], [ 98366.249899998307228, 165262.445700000971556 ], [ 98392.934600003063679, 165274.563400000333786 ], [ 98407.501599997282028, 165280.364500001072884 ], [ 98416.65429999679327, 165280.751200001686811 ], [ 98425.033600002527237, 165277.528400000184774 ], [ 98442.436599999666214, 165264.637200001627207 ], [ 98453.26519999653101, 165258.707299999892712 ], [ 98465.38289999961853, 165258.707299999892712 ], [ 98515.787399999797344, 165263.734900001436472 ], [ 98531.514600001275539, 165260.898800000548363 ], [ 98568.641199998557568, 165252.519499998539686 ], [ 98587.462300002574921, 165254.968899998813868 ] ] ] } },
{ "type": "Feature", "properties": { "GEMID": "066", "PLANID": "066-D-007", "NR": "10", "IDWIJZIGIN": "066-00012", "TYPE": "B", "TYPE_LABEL": "Verbreding", "DATUM": "1912-11-15T01:00:00", "LINK": "https://geodiensten.oost-vlaanderen.be/Bijlagen/Wijzigingen/066-00012-01.pdf", "CEVI_OID": 15231, "GEMEENTE": "Etikhove" }, "geometry": { "type": "MultiLineString", "coordinates": [ [ [ 97367.313400000333786, 165306.146800000220537 ], [ 97347.332000002264977, 165320.069299999624491 ], [ 97329.80009999871254, 165342.757699999958277 ], [ 97302.084100000560284, 165380.142099998891354 ], [ 97293.575900003314018, 165390.84180000051856 ], [ 97282.489500001072884, 165407.600299999117851 ], [ 97279.008900001645088, 165411.983300000429153 ], [ 97284.552100002765656, 165420.878199998289347 ], [ 97286.485699996352196, 165427.839400000870228 ], [ 97291.255500003695488, 165444.726799998432398 ], [ 97289.579599998891354, 165483.52930000051856 ], [ 97287.645900003612041, 165512.534400001168251 ], [ 97285.583400003612041, 165542.570799998939037 ], [ 97285.583400003612041, 165565.646000001579523 ], [ 97286.485699996352196, 165592.201799999922514 ], [ 97286.614699997007847, 165607.284499999135733 ], [ 97286.872500002384186, 165608.573600001633167 ], [ 97290.48200000077486, 165624.171900000423193 ], [ 97291.513300001621246, 165628.425999999046326 ], [ 97294.736100003123283, 165642.090599998831749 ], [ 97297.829999998211861, 165657.044399999082088 ], [ 97294.478299997746944, 165684.373599998652935 ], [ 97290.353100001811981, 165720.597800001502037 ], [ 97288.290500000119209, 165737.485199999064207 ], [ 97289.837399996817112, 165765.201200000941753 ], [ 97292.802400000393391, 165781.959800001233816 ], [ 97298.990199998021126, 165806.581900000572205 ], [ 97307.75620000064373, 165830.817299999296665 ] ] ] } },
{ "type": "Feature", "properties": { "GEMID": "066", "PLANID": "066-D-003", "NR": "68", "IDWIJZIGIN": "066-00057", "TYPE": "PN", "TYPE_LABEL": "Nieuw deel bij verplaatsing", "DATUM": "2010-07-15T02:00:00", "LINK": "https://geodiensten.oost-vlaanderen.be/Bijlagen/Wijzigingen/066-00057-01.pdf", "CEVI_OID": 15393, "GEMEENTE": "Etikhove" }, "geometry": { "type": "MultiLineString", "coordinates": [ [ [ 95812.924999997019768, 167216.568399999290705 ], [ 95796.749899998307228, 167202.159699998795986 ], [ 95784.35249999910593, 167215.141100000590086 ] ] ] } },
{ "type": "Feature", "properties": { "GEMID": "066", "PLANID": "066-D-003", "NR": "68", "IDWIJZIGIN": "066-00057", "TYPE": "PA", "TYPE_LABEL": "Deels afgeschaft bij verplaatsing", "DATUM": "2010-07-15T02:00:00", "LINK": "https://geodiensten.oost-vlaanderen.be/Bijlagen/Wijzigingen/066-00057-01.pdf", "CEVI_OID": 15394, "GEMEENTE": "Etikhove" }, "geometry": { "type": "MultiLineString", "coordinates": [ [ [ 95784.35249999910593, 167215.141100000590086 ], [ 95800.778800003230572, 167229.508900001645088 ] ] ] } },
{ "type": "Feature", "properties": { "GEMID": "066", "PLANID": "066-D-007", "NR": "139", "IDWIJZIGIN": "066-00001", "TYPE": "A", "TYPE_LABEL": "Afschaffing", "DATUM": "1858-11-03T01:00:00", "LINK": "https://geodiensten.oost-vlaanderen.be/Bijlagen/Wijzigingen/066-00001-06.pdf", "CEVI_OID": 15457, "GEMEENTE": "Etikhove" }, "geometry": { "type": "MultiLineString", "coordinates": [ [ [ 97366.539899997413158, 165619.531100001186132 ], [ 97360.352099999785423, 165609.604899998754263 ], [ 97356.742600001394749, 165601.612300001084805 ], [ 97356.48480000346899, 165594.780000001192093 ], [ 97357.773900002241135, 165580.728700000792742 ], [ 97360.609899997711182, 165566.677299998700619 ], [ 97363.446000002324581, 165560.489500001072884 ], [ 97366.797700002789497, 165557.008900001645088 ], [ 97372.598700001835823, 165552.754799999296665 ], [ 97376.852799996733665, 165548.371800001710653 ], [ 97377.755199998617172, 165545.149000000208616 ], [ 97375.950400002300739, 165536.511900000274181 ], [ 97372.211999997496605, 165525.812300000339746 ], [ 97371.825300000607967, 165521.429299999028444 ], [ 97374.016800001263618, 165513.178899999707937 ], [ 97375.048100002110004, 165511.374200001358986 ], [ 97377.626299999654293, 165508.151399999856949 ], [ 97340.886500000953674, 165475.536699999123812 ], [ 97286.485699996352196, 165427.839400000870228 ] ] ] } },
{ "type": "Feature", "properties": { "GEMID": "066", "PLANID": "066-D-005", "NR": "81", "IDWIJZIGIN": "066-00056", "TYPE": "V", "TYPE_LABEL": "Verklaring/erkenning", "DATUM": "2006-08-24T02:00:00", "LINK": "https://geodiensten.oost-vlaanderen.be/Bijlagen/Wijzigingen/066-00056-02.pdf", "CEVI_OID": 15458, "GEMEENTE": "Etikhove" }, "geometry": { "type": "MultiLineString", "coordinates": [ [ [ 97548.821000002324581, 165186.903499998152256 ], [ 97547.273999996483326, 165191.0287000015378 ], [ 97534.38289999961853, 165203.404199998825788 ], [ 97520.202600002288818, 165232.925000000745058 ], [ 97512.210100002586842, 165249.941300000995398 ], [ 97513.112400002777576, 165260.254200000315905 ], [ 97511.694399997591972, 165268.246800001710653 ], [ 97506.666900001466274, 165278.301899999380112 ], [ 97505.1199000030756, 165293.642400000244379 ], [ 97500.092399999499321, 165310.658700000494719 ], [ 97497.385200001299381, 165318.651200000196695 ], [ 97495.967200003564358, 165328.706300001591444 ], [ 97492.357699997723103, 165337.214499998837709 ], [ 97481.786899998784065, 165352.554999999701977 ], [ 97476.759400002658367, 165359.903000000864267 ], [ 97472.376400001347065, 165371.762800000607967 ], [ 97469.798100002110004, 165376.145799998193979 ], [ 97461.547799997031689, 165382.075800001621246 ], [ 97454.715499997138977, 165388.2635000012815 ], [ 97448.269900001585484, 165397.674100000411272 ], [ 97440.792999997735023, 165410.049600001424551 ], [ 97435.249799996614456, 165421.909499999135733 ], [ 97434.605200000107288, 165431.964600000530481 ], [ 97431.769199997186661, 165439.312600001692772 ], [ 97428.417499996721745, 165447.562899999320507 ], [ 97421.714100003242493, 165453.106100000441074 ], [ 97411.401100002229214, 165459.938400000333786 ], [ 97405.471199996769428, 165468.188799999654293 ], [ 97396.962999999523163, 165483.787099998444319 ], [ 97390.130699999630451, 165499.385400000959635 ], [ 97387.552500002086163, 165514.468100000172853 ], [ 97381.880400002002716, 165532.515700001269579 ], [ 97381.235799998044968, 165541.668400000780821 ], [ 97379.560000002384186, 165547.856199998408556 ], [ 97374.274599999189377, 165553.399399999529123 ], [ 97365.637500002980232, 165559.844999998807907 ], [ 97363.317100003361702, 165567.192899998277426 ], [ 97359.836499996483326, 165588.978999998420477 ], [ 97360.352099999785423, 165591.943999998271465 ], [ 97363.317100003361702, 165602.256900001317263 ], [ 97369.762699998915195, 165611.667500000447035 ], [ 97382.138199999928474, 165624.6875 ], [ 97391.677699998021126, 165640.028000000864267 ], [ 97399.928000003099442, 165658.591299999505281 ], [ 97404.310999996960163, 165675.7364999987185 ], [ 97410.498800002038479, 165683.986900001764297 ], [ 97417.588899999856949, 165694.299800001084805 ], [ 97423.776699997484684, 165705.772999998182058 ], [ 97428.417499996721745, 165723.820599999278784 ], [ 97430.866800002753735, 165740.579100001603365 ], [ 97433.831799998879433, 165749.473999999463558 ], [ 97442.855599999427795, 165772.420299999415874 ], [ 97454.715499997138977, 165796.655699998140335 ], [ 97460.903200000524521, 165812.898600000888109 ], [ 97470.571599997580051, 165836.489399999380112 ], [ 97475.083499997854233, 165844.997600000351667 ], [ 97499.318899996578693, 165866.13910000026226 ], [ 97556.942400000989437, 165914.480999998748302 ], [ 97577.954999998211861, 165934.848999999463558 ] ] ] } },
{ "type": "Feature", "properties": { "GEMID": "066", "PLANID": "066-D-005", "NR": "81", "IDWIJZIGIN": "066-00001", "TYPE": "PA", "TYPE_LABEL": "Deels afgeschaft bij verplaatsing", "DATUM": "1858-11-03T01:00:00", "LINK": "https://geodiensten.oost-vlaanderen.be/Bijlagen/Wijzigingen/066-00001-07.pdf", "CEVI_OID": 15459, "GEMEENTE": "Etikhove" }, "geometry": { "type": "MultiLineString", "coordinates": [ [ [ 97581.564499996602535, 165127.604100000113249 ], [ 97577.052599996328354, 165136.756900001317263 ], [ 97567.642099998891354, 165150.034800000488758 ], [ 97558.231499999761581, 165160.863400001078844 ], [ 97552.301600001752377, 165170.660599999129772 ], [ 97548.821000002324581, 165186.903499998152256 ], [ 97547.273999996483326, 165191.0287000015378 ], [ 97534.38289999961853, 165203.404199998825788 ], [ 97520.202600002288818, 165232.925000000745058 ], [ 97512.210100002586842, 165249.941300000995398 ], [ 97513.112400002777576, 165260.254200000315905 ], [ 97511.694399997591972, 165268.246800001710653 ], [ 97506.666900001466274, 165278.301899999380112 ], [ 97505.1199000030756, 165293.642400000244379 ], [ 97500.092399999499321, 165310.658700000494719 ], [ 97497.385200001299381, 165318.651200000196695 ], [ 97495.967200003564358, 165328.706300001591444 ], [ 97492.357699997723103, 165337.214499998837709 ], [ 97481.786899998784065, 165352.554999999701977 ], [ 97476.759400002658367, 165359.903000000864267 ], [ 97472.376400001347065, 165371.762800000607967 ], [ 97469.798100002110004, 165376.145799998193979 ], [ 97461.547799997031689, 165382.075800001621246 ], [ 97454.715499997138977, 165388.2635000012815 ], [ 97448.269900001585484, 165397.674100000411272 ], [ 97440.792999997735023, 165410.049600001424551 ], [ 97435.249799996614456, 165421.909499999135733 ], [ 97434.605200000107288, 165431.964600000530481 ], [ 97431.769199997186661, 165439.312600001692772 ], [ 97428.417499996721745, 165447.562899999320507 ], [ 97421.714100003242493, 165453.106100000441074 ], [ 97411.401100002229214, 165459.938400000333786 ], [ 97405.471199996769428, 165468.188799999654293 ], [ 97396.962999999523163, 165483.787099998444319 ], [ 97390.130699999630451, 165499.385400000959635 ], [ 97387.552500002086163, 165514.468100000172853 ], [ 97381.880400002002716, 165532.515700001269579 ], [ 97381.235799998044968, 165541.668400000780821 ], [ 97379.560000002384186, 165547.856199998408556 ], [ 97374.274599999189377, 165553.399399999529123 ], [ 97365.637500002980232, 165559.844999998807907 ], [ 97363.317100003361702, 165567.192899998277426 ], [ 97359.836499996483326, 165588.978999998420477 ], [ 97360.352099999785423, 165591.943999998271465 ], [ 97363.317100003361702, 165602.256900001317263 ], [ 97369.762699998915195, 165611.667500000447035 ], [ 97382.138199999928474, 165624.6875 ], [ 97391.677699998021126, 165640.028000000864267 ], [ 97399.928000003099442, 165658.591299999505281 ], [ 97404.310999996960163, 165675.7364999987185 ], [ 97410.498800002038479, 165683.986900001764297 ], [ 97417.588899999856949, 165694.299800001084805 ], [ 97423.776699997484684, 165705.772999998182058 ], [ 97428.417499996721745, 165723.820599999278784 ], [ 97430.866800002753735, 165740.579100001603365 ], [ 97433.831799998879433, 165749.473999999463558 ], [ 97442.855599999427795, 165772.420299999415874 ], [ 97454.715499997138977, 165796.655699998140335 ], [ 97460.903200000524521, 165812.898600000888109 ], [ 97470.571599997580051, 165836.489399999380112 ], [ 97475.083499997854233, 165844.997600000351667 ], [ 97499.318899996578693, 165866.13910000026226 ], [ 97556.942400000989437, 165914.480999998748302 ], [ 97577.954999998211861, 165934.848999999463558 ] ] ] } },
{ "type": "Feature", "properties": { "GEMID": "127", "PLANID": "127-D-007", "NR": "36", "IDWIJZIGIN": "127-00064", "TYPE": "PA", "TYPE_LABEL": "Deels afgeschaft bij verplaatsing", "DATUM": "2010-12-23T01:00:00", "LINK": "https://geodiensten.oost-vlaanderen.be/Bijlagen/Wijzigingen/127-00064-01.pdf", "CEVI_OID": 15460, "GEMEENTE": "Maarke-Kerkem" }, "geometry": { "type": "MultiLineString", "coordinates": [ [ [ 99292.480200000107288, 165504.284000001847744 ], [ 99285.518899999558926, 165548.887499999254942 ], [ 99242.720299996435642, 165599.291900001466274 ], [ 99214.875399999320507, 165656.270899999886751 ] ] ] } },
{ "type": "Feature", "properties": { "GEMID": "127", "PLANID": "127-D-007", "NR": "30", "IDWIJZIGIN": "127-00064", "TYPE": "PA", "TYPE_LABEL": "Deels afgeschaft bij verplaatsing", "DATUM": "2010-12-23T01:00:00", "LINK": "https://geodiensten.oost-vlaanderen.be/Bijlagen/Wijzigingen/127-00064-01.pdf", "CEVI_OID": 15461, "GEMEENTE": "Maarke-Kerkem" }, "geometry": { "type": "MultiLineString", "coordinates": [ [ [ 99214.875399999320507, 165656.270899999886751 ], [ 99247.618900001049042, 165691.076999999582767 ], [ 99287.968299999833107, 165723.691700000315905 ], [ 99328.17509999871254, 165759.91609999909997 ], [ 99351.392800003290176, 165783.2489 ], [ 99422.294200003147125, 165869.877500001341105 ], [ 99459.93639999628067, 165943.357200000435114 ] ] ] } },
{ "type": "Feature", "properties": { "GEMID": "127", "PLANID": "127-D-006", "NR": "30", "IDWIJZIGIN": "127-00064", "TYPE": "PA", "TYPE_LABEL": "Deels afgeschaft bij verplaatsing", "DATUM": "2010-12-23T01:00:00", "LINK": "https://geodiensten.oost-vlaanderen.be/Bijlagen/Wijzigingen/127-00064-01.pdf", "CEVI_OID": 15462, "GEMEENTE": "Maarke-Kerkem" }, "geometry": { "type": "MultiLineString", "coordinates": [ [ [ 99403.473099999129772, 166071.237500000745058 ], [ 99438.40820000320673, 166095.601799998432398 ], [ 99436.0878000035882, 166098.824599999934435 ], [ 99463.159199997782707, 166118.419199999421835 ], [ 99478.886399999260902, 166194.477099999785423 ], [ 99512.145700000226498, 166355.358899999409914 ], [ 99515.239500001072884, 166369.281300000846386 ], [ 99518.204499997198582, 166398.673200000077486 ], [ 99479.788800001144409, 166462.742300000041723 ], [ 99485.460900001227856, 166468.02760000154376 ], [ 99478.112999998033047, 166526.8114 ], [ 99493.840199999511242, 166537.768899999558926 ], [ 99493.840199999511242, 166561.617499999701977 ], [ 99495.645000003278255, 166570.770199999213219 ], [ 99497.320799998939037, 166578.762800000607967 ], [ 99509.825199998915195, 166618.338700000196695 ], [ 99523.747699998319149, 166661.653000000864267 ], [ 99535.478699997067451, 166670.418999999761581 ], [ 99555.975599996745586, 166715.924800001084805 ], [ 99583.304899998009205, 166775.224199999123812 ], [ 99590.910700000822544, 166791.467000000178814 ] ], [ [ 99432.349299997091293, 165894.757500000298023 ], [ 99459.163000002503395, 165946.966699998825788 ] ] ] } },
{ "type": "Feature", "properties": { "GEMID": "172", "PLANID": "172-D-004", "NR": "56", "IDWIJZIGIN": "172-00116", "TYPE": "PA", "TYPE_LABEL": "Deels afgeschaft bij verplaatsing", "DATUM": "2008-01-31T01:00:00", "LINK": "https://geodiensten.oost-vlaanderen.be/Bijlagen/Wijzigingen/172-00116-01.pdf", "CEVI_OID": 15488, "GEMEENTE": "Nukerke" }, "geometry": { "type": "MultiLineString", "coordinates": [ [ [ 96961.779899999499321, 165031.524599999189377 ], [ 96984.574600003659725, 165035.303399998694658 ], [ 96997.98139999806881, 165037.752700001001358 ], [ 97017.962700001895428, 165043.424800001084805 ], [ 97037.553300000727177, 165047.537799999117851 ] ] ] } },
{ "type": "Feature", "properties": { "GEMID": "172", "PLANID": "066-D-007", "NR": "56", "IDWIJZIGIN": "172-00116", "TYPE": "PN", "TYPE_LABEL": "Nieuw deel bij verplaatsing", "DATUM": "2008-01-31T01:00:00", "LINK": "https://geodiensten.oost-vlaanderen.be/Bijlagen/Wijzigingen/172-00116-01.pdf", "CEVI_OID": 15489, "GEMEENTE": "Nukerke" }, "geometry": { "type": "MultiLineString", "coordinates": [ [ [ 96945.840000003576279, 165067.174100000411272 ], [ 96977.997100003063679, 165092.405000001192093 ], [ 96982.820600003004074, 165096.362799998372793 ], [ 96993.828199997544289, 165103.041600000113249 ], [ 97014.977700002491474, 165119.120099999010563 ], [ 97024.87219999730587, 165123.20160000026226 ], [ 97033.818899996578693, 165122.212099999189377 ] ] ] } }
]
}
